sample_id,ground_truth,prediction,anomaly_score,reconstruction_error,classification
0,0,0,0.47462883591651917,0.47462883591651917,TN
1,0,0,0.47403326630592346,0.47403326630592346,TN
2,0,0,0.46674901247024536,0.46674901247024536,TN
3,0,0,0.4759427607059479,0.4759427607059479,TN
4,0,0,0.45945000648498535,0.45945000648498535,TN
5,0,0,0.4768598675727844,0.4768598675727844,TN
6,0,0,0.48016592860221863,0.48016592860221863,TN
7,0,0,0.5064194202423096,0.5064194202423096,TN
8,0,0,0.4953829050064087,0.4953829050064087,TN
9,0,0,0.513296902179718,0.513296902179718,TN
10,0,0,0.48261094093322754,0.48261094093322754,TN
11,0,0,0.4914383292198181,0.4914383292198181,TN
12,0,0,0.49124830961227417,0.49124830961227417,TN
13,0,0,0.4900974929332733,0.4900974929332733,TN
14,0,0,0.49888885021209717,0.49888885021209717,TN
15,0,0,0.49100548028945923,0.49100548028945923,TN
16,0,0,0.4976276457309723,0.4976276457309723,TN
17,0,0,0.4971042573451996,0.4971042573451996,TN
18,0,0,0.5064336657524109,0.5064336657524109,TN
19,0,0,0.5164995193481445,0.5164995193481445,TN
20,0,0,0.5152652263641357,0.5152652263641357,TN
21,0,0,0.5122780799865723,0.5122780799865723,TN
22,0,0,0.5235129594802856,0.5235129594802856,TN
23,0,0,0.5266771912574768,0.5266771912574768,TN
24,0,0,0.5269404053688049,0.5269404053688049,TN
25,0,0,0.5343703627586365,0.5343703627586365,TN
26,0,0,0.5327164530754089,0.5327164530754089,TN
27,0,0,0.5330347418785095,0.5330347418785095,TN
28,0,0,0.5414665341377258,0.5414665341377258,TN
29,0,0,0.5309181213378906,0.5309181213378906,TN
30,0,0,0.5438092947006226,0.5438092947006226,TN
31,0,0,0.5292530059814453,0.5292530059814453,TN
32,0,0,0.5430314540863037,0.5430314540863037,TN
33,0,0,0.510134756565094,0.510134756565094,TN
34,0,0,0.5221582651138306,0.5221582651138306,TN
35,0,0,0.5049031376838684,0.5049031376838684,TN
36,0,0,0.5132043361663818,0.5132043361663818,TN
37,0,0,0.5214343070983887,0.5214343070983887,TN
38,0,0,0.513671875,0.513671875,TN
39,0,0,0.5106903314590454,0.5106903314590454,TN
40,0,0,0.5298678874969482,0.5298678874969482,TN
41,0,0,0.5093718767166138,0.5093718767166138,TN
42,0,0,0.5165767073631287,0.5165767073631287,TN
43,0,0,0.5419683456420898,0.5419683456420898,TN
44,0,0,0.5277324914932251,0.5277324914932251,TN
45,0,0,0.5359259247779846,0.5359259247779846,TN
46,0,0,0.5254032015800476,0.5254032015800476,TN
47,0,0,0.5646671056747437,0.5646671056747437,TN
48,0,0,0.5242597460746765,0.5242597460746765,TN
49,0,0,0.543842077255249,0.543842077255249,TN
50,0,0,0.5418055057525635,0.5418055057525635,TN
51,0,0,0.5341528058052063,0.5341528058052063,TN
52,0,0,0.5608842372894287,0.5608842372894287,TN
53,0,0,0.5656481385231018,0.5656481385231018,TN
54,0,0,0.5599226951599121,0.5599226951599121,TN
55,0,0,0.5434067249298096,0.5434067249298096,TN
56,0,0,0.5542235374450684,0.5542235374450684,TN
57,0,0,0.5341619849205017,0.5341619849205017,TN
58,0,0,0.5335211753845215,0.5335211753845215,TN
59,0,0,0.5569821000099182,0.5569821000099182,TN
60,0,0,0.5441343188285828,0.5441343188285828,TN
61,0,0,0.5536404252052307,0.5536404252052307,TN
62,0,0,0.5587512254714966,0.5587512254714966,TN
63,0,0,0.5522216558456421,0.5522216558456421,TN
64,0,0,0.542192280292511,0.542192280292511,TN
65,0,0,0.540725827217102,0.540725827217102,TN
66,0,0,0.5324538350105286,0.5324538350105286,TN
67,0,0,0.551363468170166,0.551363468170166,TN
68,0,0,0.5418549180030823,0.5418549180030823,TN
69,0,0,0.5414071083068848,0.5414071083068848,TN
70,0,0,0.5536476969718933,0.5536476969718933,TN
71,0,0,0.5546983480453491,0.5546983480453491,TN
72,0,0,0.5494863390922546,0.5494863390922546,TN
73,0,0,0.5415274500846863,0.5415274500846863,TN
74,0,0,0.5514219403266907,0.5514219403266907,TN
75,0,0,0.5587999820709229,0.5587999820709229,TN
76,0,0,0.5564415454864502,0.5564415454864502,TN
77,0,0,0.5117784738540649,0.5117784738540649,TN
78,0,0,0.5222057104110718,0.5222057104110718,TN
79,0,0,0.5407984256744385,0.5407984256744385,TN
80,0,0,0.5172264575958252,0.5172264575958252,TN
81,0,0,0.5212600827217102,0.5212600827217102,TN
82,0,0,0.5279790759086609,0.5279790759086609,TN
83,0,0,0.5298129320144653,0.5298129320144653,TN
84,0,0,0.5222660899162292,0.5222660899162292,TN
85,0,0,0.5279865860939026,0.5279865860939026,TN
86,0,0,0.5196452736854553,0.5196452736854553,TN
87,0,0,0.5187961459159851,0.5187961459159851,TN
88,0,0,0.5242123603820801,0.5242123603820801,TN
89,0,0,0.5210986137390137,0.5210986137390137,TN
90,0,0,0.5178739428520203,0.5178739428520203,TN
91,0,0,0.5199147462844849,0.5199147462844849,TN
92,0,0,0.5165687799453735,0.5165687799453735,TN
93,0,0,0.5278036594390869,0.5278036594390869,TN
94,0,0,0.5175113081932068,0.5175113081932068,TN
95,0,0,0.5161991715431213,0.5161991715431213,TN
96,0,0,0.5193415284156799,0.5193415284156799,TN
97,0,0,0.5240768194198608,0.5240768194198608,TN
98,0,0,0.5179637670516968,0.5179637670516968,TN
99,0,0,0.5138433575630188,0.5138433575630188,TN
100,0,0,0.5186339616775513,0.5186339616775513,TN
101,0,0,0.5162855982780457,0.5162855982780457,TN
102,0,0,0.5130478143692017,0.5130478143692017,TN
103,0,0,0.5193428993225098,0.5193428993225098,TN
104,0,0,0.5132578015327454,0.5132578015327454,TN
105,0,0,0.5137518048286438,0.5137518048286438,TN
106,0,0,0.5113677382469177,0.5113677382469177,TN
107,0,0,0.5081557631492615,0.5081557631492615,TN
108,0,0,0.5145650506019592,0.5145650506019592,TN
109,0,0,0.5078789591789246,0.5078789591789246,TN
110,0,0,0.5066237449645996,0.5066237449645996,TN
111,0,0,0.4991644620895386,0.4991644620895386,TN
112,0,0,0.4987718164920807,0.4987718164920807,TN
113,0,0,0.49336081743240356,0.49336081743240356,TN
114,0,0,0.49714601039886475,0.49714601039886475,TN
115,0,0,0.49108532071113586,0.49108532071113586,TN
116,0,0,0.4817025363445282,0.4817025363445282,TN
117,0,0,0.4812846779823303,0.4812846779823303,TN
118,0,0,0.4801293909549713,0.4801293909549713,TN
119,0,0,0.5095060467720032,0.5095060467720032,TN
120,0,0,0.49762818217277527,0.49762818217277527,TN
121,0,0,0.5070676207542419,0.5070676207542419,TN
122,0,0,0.5042971968650818,0.5042971968650818,TN
123,0,0,0.5041142702102661,0.5041142702102661,TN
124,0,0,0.5806828737258911,0.5806828737258911,TN
125,0,0,0.49264419078826904,0.49264419078826904,TN
126,0,0,0.4929254949092865,0.4929254949092865,TN
127,0,0,0.4895573854446411,0.4895573854446411,TN
128,0,0,0.4897710680961609,0.4897710680961609,TN
129,0,0,0.49122750759124756,0.49122750759124756,TN
130,0,0,0.49703314900398254,0.49703314900398254,TN
131,0,0,0.492818146944046,0.492818146944046,TN
132,0,0,0.5005859136581421,0.5005859136581421,TN
133,0,0,0.5104848146438599,0.5104848146438599,TN
134,0,0,0.5047820806503296,0.5047820806503296,TN
135,0,0,0.4967100918292999,0.4967100918292999,TN
136,0,0,0.5027105212211609,0.5027105212211609,TN
137,0,0,0.48921898007392883,0.48921898007392883,TN
138,0,0,0.5065659880638123,0.5065659880638123,TN
139,0,0,0.4827955663204193,0.4827955663204193,TN
140,0,0,0.48346763849258423,0.48346763849258423,TN
141,0,0,0.47083213925361633,0.47083213925361633,TN
142,0,0,0.4715941548347473,0.4715941548347473,TN
143,0,0,0.4705020487308502,0.4705020487308502,TN
144,0,0,0.4657841622829437,0.4657841622829437,TN
145,0,0,0.46803736686706543,0.46803736686706543,TN
146,0,0,0.4605621099472046,0.4605621099472046,TN
147,0,0,0.4674362242221832,0.4674362242221832,TN
148,0,0,0.4736091196537018,0.4736091196537018,TN
149,0,0,0.4650465250015259,0.4650465250015259,TN
150,0,0,0.4643096923828125,0.4643096923828125,TN
151,0,0,0.47559767961502075,0.47559767961502075,TN
152,0,0,0.4787270426750183,0.4787270426750183,TN
153,0,0,0.47901734709739685,0.47901734709739685,TN
154,0,0,0.4830612540245056,0.4830612540245056,TN
155,0,0,0.4903499484062195,0.4903499484062195,TN
156,0,0,0.486388236284256,0.486388236284256,TN
157,0,0,0.49843063950538635,0.49843063950538635,TN
158,0,0,0.49190396070480347,0.49190396070480347,TN
159,0,0,0.4935420751571655,0.4935420751571655,TN
160,0,0,0.494119256734848,0.494119256734848,TN
161,0,0,0.5112915635108948,0.5112915635108948,TN
162,0,0,0.5371379852294922,0.5371379852294922,TN
163,0,0,0.4985887408256531,0.4985887408256531,TN
164,0,0,0.5152302980422974,0.5152302980422974,TN
165,0,0,0.5177431702613831,0.5177431702613831,TN
166,0,0,0.5159225463867188,0.5159225463867188,TN
167,0,0,0.5072134733200073,0.5072134733200073,TN
168,0,0,0.5068212747573853,0.5068212747573853,TN
169,0,0,0.5103558897972107,0.5103558897972107,TN
170,0,0,0.506658673286438,0.506658673286438,TN
171,0,0,0.5078564882278442,0.5078564882278442,TN
172,0,0,0.5118846297264099,0.5118846297264099,TN
173,0,0,0.5114508271217346,0.5114508271217346,TN
174,0,0,0.5106363296508789,0.5106363296508789,TN
175,0,0,0.507315993309021,0.507315993309021,TN
176,0,0,0.4943183958530426,0.4943183958530426,TN
177,0,0,0.5012720823287964,0.5012720823287964,TN
178,0,0,0.5069596171379089,0.5069596171379089,TN
179,0,0,0.5044121742248535,0.5044121742248535,TN
180,0,0,0.5114141702651978,0.5114141702651978,TN
181,0,0,0.5037847757339478,0.5037847757339478,TN
182,0,0,0.4930809438228607,0.4930809438228607,TN
183,0,0,0.49834349751472473,0.49834349751472473,TN
184,0,0,0.5071982145309448,0.5071982145309448,TN
185,0,0,0.4978002905845642,0.4978002905845642,TN
186,0,0,0.5020578503608704,0.5020578503608704,TN
187,0,0,0.4932670593261719,0.4932670593261719,TN
188,0,0,0.5011117458343506,0.5011117458343506,TN
189,0,0,0.49477165937423706,0.49477165937423706,TN
190,0,0,0.49814483523368835,0.49814483523368835,TN
191,0,0,0.5076195597648621,0.5076195597648621,TN
192,0,0,0.5171045064926147,0.5171045064926147,TN
193,0,0,0.5062388777732849,0.5062388777732849,TN
194,0,0,0.5059106945991516,0.5059106945991516,TN
195,0,0,0.5082094669342041,0.5082094669342041,TN
196,0,0,0.523235559463501,0.523235559463501,TN
197,0,0,0.5092163681983948,0.5092163681983948,TN
198,0,0,0.5009332299232483,0.5009332299232483,TN
199,0,0,0.5011672377586365,0.5011672377586365,TN
200,0,0,0.4952073395252228,0.4952073395252228,TN
201,0,0,0.49449923634529114,0.49449923634529114,TN
202,0,0,0.49925631284713745,0.49925631284713745,TN
203,0,0,0.4911786913871765,0.4911786913871765,TN
204,0,0,0.5038048624992371,0.5038048624992371,TN
205,0,0,0.5066495537757874,0.5066495537757874,TN
206,0,0,0.5023999214172363,0.5023999214172363,TN
207,0,0,0.5057862997055054,0.5057862997055054,TN
208,0,0,0.5286442041397095,0.5286442041397095,TN
209,0,0,0.5102466940879822,0.5102466940879822,TN
210,0,0,0.5001437664031982,0.5001437664031982,TN
211,0,0,0.5302647352218628,0.5302647352218628,TN
212,0,0,0.5092179775238037,0.5092179775238037,TN
213,0,0,0.506834864616394,0.506834864616394,TN
214,0,0,0.5045789480209351,0.5045789480209351,TN
215,0,0,0.49848368763923645,0.49848368763923645,TN
216,0,0,0.5009356141090393,0.5009356141090393,TN
217,0,0,0.5039911270141602,0.5039911270141602,TN
218,0,0,0.5077512264251709,0.5077512264251709,TN
219,0,0,0.5016857385635376,0.5016857385635376,TN
220,0,0,0.5094530582427979,0.5094530582427979,TN
221,0,0,0.5236257314682007,0.5236257314682007,TN
222,0,0,0.5000659227371216,0.5000659227371216,TN
223,0,0,0.5030196309089661,0.5030196309089661,TN
224,0,0,0.4925747811794281,0.4925747811794281,TN
225,0,0,0.5618956089019775,0.5618956089019775,TN
226,0,0,0.4903600215911865,0.4903600215911865,TN
227,0,0,0.49343085289001465,0.49343085289001465,TN
228,0,0,0.5169855356216431,0.5169855356216431,TN
229,0,0,0.4981399476528168,0.4981399476528168,TN
230,0,0,0.5027696490287781,0.5027696490287781,TN
231,0,0,0.5102881789207458,0.5102881789207458,TN
232,0,0,0.5150031447410583,0.5150031447410583,TN
233,0,0,0.5112852454185486,0.5112852454185486,TN
234,0,0,0.5113259553909302,0.5113259553909302,TN
235,0,0,0.516166090965271,0.516166090965271,TN
236,0,0,0.5106269717216492,0.5106269717216492,TN
237,0,0,0.511599063873291,0.511599063873291,TN
238,0,0,0.524846613407135,0.524846613407135,TN
239,0,0,0.5690339803695679,0.5690339803695679,TN
240,0,0,0.5484240651130676,0.5484240651130676,TN
241,0,0,0.6088626980781555,0.6088626980781555,TN
242,0,0,0.5591452121734619,0.5591452121734619,TN
243,0,0,0.5635307431221008,0.5635307431221008,TN
244,0,0,0.5813478231430054,0.5813478231430054,TN
245,0,0,0.572074294090271,0.572074294090271,TN
246,0,0,0.5665868520736694,0.5665868520736694,TN
247,0,0,0.5445311665534973,0.5445311665534973,TN
248,0,0,0.609524667263031,0.609524667263031,TN
249,0,0,0.5608451962471008,0.5608451962471008,TN
250,0,0,0.5919654965400696,0.5919654965400696,TN
251,0,0,0.55913907289505,0.55913907289505,TN
252,0,0,0.5556841492652893,0.5556841492652893,TN
253,0,0,0.53470778465271,0.53470778465271,TN
254,0,0,0.536104142665863,0.536104142665863,TN
255,0,0,0.5220053791999817,0.5220053791999817,TN
256,0,0,0.5223312377929688,0.5223312377929688,TN
257,0,0,0.5355234742164612,0.5355234742164612,TN
258,0,0,0.5200680494308472,0.5200680494308472,TN
259,0,0,0.5261515974998474,0.5261515974998474,TN
260,0,0,0.5318394303321838,0.5318394303321838,TN
261,0,0,0.5283209681510925,0.5283209681510925,TN
262,0,0,0.4841858148574829,0.4841858148574829,TN
263,0,0,0.4911891222000122,0.4911891222000122,TN
264,0,0,0.49365121126174927,0.49365121126174927,TN
265,0,0,0.5019749999046326,0.5019749999046326,TN
266,0,0,0.5060268640518188,0.5060268640518188,TN
267,0,0,0.514853298664093,0.514853298664093,TN
268,0,0,0.5139722228050232,0.5139722228050232,TN
269,0,0,0.5252491235733032,0.5252491235733032,TN
270,0,0,0.4955117702484131,0.4955117702484131,TN
271,0,0,0.5021260976791382,0.5021260976791382,TN
272,0,0,0.4969882667064667,0.4969882667064667,TN
273,0,0,0.5186507701873779,0.5186507701873779,TN
274,0,0,0.5315442681312561,0.5315442681312561,TN
275,0,0,0.5223720073699951,0.5223720073699951,TN
276,0,0,0.5067452192306519,0.5067452192306519,TN
277,0,0,0.4937726557254791,0.4937726557254791,TN
278,0,0,0.5310990214347839,0.5310990214347839,TN
279,0,0,0.5234674215316772,0.5234674215316772,TN
280,0,0,0.5148702263832092,0.5148702263832092,TN
281,0,0,0.49441996216773987,0.49441996216773987,TN
282,0,0,0.5163182616233826,0.5163182616233826,TN
283,0,0,0.5316762328147888,0.5316762328147888,TN
284,0,0,0.5087006092071533,0.5087006092071533,TN
285,0,0,0.5544978380203247,0.5544978380203247,TN
286,0,0,0.4862004518508911,0.4862004518508911,TN
287,0,0,0.5002911686897278,0.5002911686897278,TN
288,0,0,0.48695576190948486,0.48695576190948486,TN
289,0,0,0.49626851081848145,0.49626851081848145,TN
290,0,0,0.5046030282974243,0.5046030282974243,TN
291,0,0,0.4747927784919739,0.4747927784919739,TN
292,0,0,0.4981365203857422,0.4981365203857422,TN
293,0,0,0.4812120795249939,0.4812120795249939,TN
294,0,0,0.49552932381629944,0.49552932381629944,TN
295,0,0,0.47780436277389526,0.47780436277389526,TN
296,0,0,0.5194638967514038,0.5194638967514038,TN
297,0,0,0.4679768681526184,0.4679768681526184,TN
298,0,0,0.4872872531414032,0.4872872531414032,TN
299,0,0,0.5072143077850342,0.5072143077850342,TN
300,0,0,0.5244705677032471,0.5244705677032471,TN
301,0,0,0.5158032178878784,0.5158032178878784,TN
302,0,0,0.5075778365135193,0.5075778365135193,TN
303,0,0,0.4915946125984192,0.4915946125984192,TN
304,0,0,0.5069156885147095,0.5069156885147095,TN
305,0,0,0.5040243864059448,0.5040243864059448,TN
306,0,0,0.4884239435195923,0.4884239435195923,TN
307,0,0,0.526412308216095,0.526412308216095,TN
308,0,0,0.5195815563201904,0.5195815563201904,TN
309,0,0,0.49961844086647034,0.49961844086647034,TN
310,0,0,0.49676522612571716,0.49676522612571716,TN
311,0,0,0.5117586255073547,0.5117586255073547,TN
312,0,0,0.5086166262626648,0.5086166262626648,TN
313,0,0,0.5117177367210388,0.5117177367210388,TN
314,0,0,0.5180145502090454,0.5180145502090454,TN
315,0,0,0.5034287571907043,0.5034287571907043,TN
316,0,0,0.5093275308609009,0.5093275308609009,TN
317,0,0,0.5099206566810608,0.5099206566810608,TN
318,0,0,0.5189599394798279,0.5189599394798279,TN
319,0,0,0.5167904496192932,0.5167904496192932,TN
320,0,0,0.5097366571426392,0.5097366571426392,TN
321,0,0,0.5555161237716675,0.5555161237716675,TN
322,0,0,0.5192160606384277,0.5192160606384277,TN
323,0,0,0.5130733847618103,0.5130733847618103,TN
324,0,0,0.5180732011795044,0.5180732011795044,TN
325,0,0,0.5934311151504517,0.5934311151504517,TN
326,0,0,0.5283050537109375,0.5283050537109375,TN
327,0,0,0.5512771010398865,0.5512771010398865,TN
328,0,0,0.5074204802513123,0.5074204802513123,TN
329,0,0,0.5117822885513306,0.5117822885513306,TN
330,0,0,0.5651968121528625,0.5651968121528625,TN
331,0,0,0.5381754040718079,0.5381754040718079,TN
332,0,0,0.5159580111503601,0.5159580111503601,TN
333,0,0,0.513481080532074,0.513481080532074,TN
334,0,0,0.572762131690979,0.572762131690979,TN
335,0,0,0.521934449672699,0.521934449672699,TN
336,0,0,0.6010361313819885,0.6010361313819885,TN
337,0,0,0.5260180234909058,0.5260180234909058,TN
338,0,0,0.5484735369682312,0.5484735369682312,TN
339,0,0,0.5936725735664368,0.5936725735664368,TN
340,0,0,0.5306805372238159,0.5306805372238159,TN
341,0,0,0.5483124256134033,0.5483124256134033,TN
342,0,0,0.5642836689949036,0.5642836689949036,TN
343,0,1,0.6169191002845764,0.6169191002845764,FP
344,0,0,0.5951745510101318,0.5951745510101318,TN
345,0,0,0.5454115867614746,0.5454115867614746,TN
346,0,0,0.5565527677536011,0.5565527677536011,TN
347,0,0,0.593879222869873,0.593879222869873,TN
348,0,0,0.5959826111793518,0.5959826111793518,TN
349,0,0,0.5900293588638306,0.5900293588638306,TN
350,0,0,0.5152913928031921,0.5152913928031921,TN
351,0,0,0.5297463536262512,0.5297463536262512,TN
352,0,0,0.5080183744430542,0.5080183744430542,TN
353,0,0,0.5141972899436951,0.5141972899436951,TN
354,0,0,0.5187128186225891,0.5187128186225891,TN
355,0,0,0.5078728199005127,0.5078728199005127,TN
356,0,0,0.5086959600448608,0.5086959600448608,TN
357,0,0,0.5074447393417358,0.5074447393417358,TN
358,0,0,0.5084129571914673,0.5084129571914673,TN
359,0,0,0.5129199624061584,0.5129199624061584,TN
360,0,0,0.5130783319473267,0.5130783319473267,TN
361,0,0,0.5135223865509033,0.5135223865509033,TN
362,0,0,0.5100400447845459,0.5100400447845459,TN
363,0,0,0.522087037563324,0.522087037563324,TN
364,0,0,0.5013760924339294,0.5013760924339294,TN
365,0,0,0.5004928112030029,0.5004928112030029,TN
366,0,0,0.5104359984397888,0.5104359984397888,TN
367,0,0,0.5082951188087463,0.5082951188087463,TN
368,0,0,0.5013551712036133,0.5013551712036133,TN
369,0,0,0.5262861847877502,0.5262861847877502,TN
370,0,0,0.5274634957313538,0.5274634957313538,TN
371,0,0,0.5412243008613586,0.5412243008613586,TN
372,0,0,0.5330682992935181,0.5330682992935181,TN
373,0,0,0.5339910984039307,0.5339910984039307,TN
374,0,0,0.5216389298439026,0.5216389298439026,TN
375,0,0,0.5238714814186096,0.5238714814186096,TN
376,0,0,0.5412352085113525,0.5412352085113525,TN
377,0,0,0.5347490906715393,0.5347490906715393,TN
378,0,0,0.541118860244751,0.541118860244751,TN
379,0,0,0.5457695126533508,0.5457695126533508,TN
380,0,0,0.5498290061950684,0.5498290061950684,TN
381,0,0,0.5286523103713989,0.5286523103713989,TN
382,0,0,0.542237401008606,0.542237401008606,TN
383,0,0,0.5464628338813782,0.5464628338813782,TN
384,0,0,0.5486806631088257,0.5486806631088257,TN
385,0,0,0.5457719564437866,0.5457719564437866,TN
386,0,0,0.5215857028961182,0.5215857028961182,TN
387,0,0,0.5297675132751465,0.5297675132751465,TN
388,0,0,0.5286712050437927,0.5286712050437927,TN
389,0,0,0.5391466617584229,0.5391466617584229,TN
390,0,0,0.5397062301635742,0.5397062301635742,TN
391,0,0,0.5353087782859802,0.5353087782859802,TN
392,0,0,0.5352025032043457,0.5352025032043457,TN
393,0,0,0.5374411940574646,0.5374411940574646,TN
394,0,0,0.5549287796020508,0.5549287796020508,TN
395,0,0,0.5668526887893677,0.5668526887893677,TN
396,0,0,0.5454863905906677,0.5454863905906677,TN
397,0,0,0.5349109768867493,0.5349109768867493,TN
398,0,0,0.5801942944526672,0.5801942944526672,TN
399,0,0,0.5443112850189209,0.5443112850189209,TN
400,0,0,0.5307826995849609,0.5307826995849609,TN
401,0,0,0.5341673493385315,0.5341673493385315,TN
402,0,0,0.5202949643135071,0.5202949643135071,TN
403,0,0,0.5278416275978088,0.5278416275978088,TN
404,0,0,0.5238832831382751,0.5238832831382751,TN
405,0,0,0.5264987945556641,0.5264987945556641,TN
406,0,0,0.5253387689590454,0.5253387689590454,TN
407,0,0,0.5297682881355286,0.5297682881355286,TN
408,0,0,0.5378491282463074,0.5378491282463074,TN
409,0,0,0.5422486662864685,0.5422486662864685,TN
410,0,0,0.5237957239151001,0.5237957239151001,TN
411,0,0,0.5279299020767212,0.5279299020767212,TN
412,0,0,0.5584641695022583,0.5584641695022583,TN
413,0,0,0.5295022130012512,0.5295022130012512,TN
414,0,0,0.5624011754989624,0.5624011754989624,TN
415,0,0,0.5521659255027771,0.5521659255027771,TN
416,0,0,0.5311481356620789,0.5311481356620789,TN
417,0,0,0.5508606433868408,0.5508606433868408,TN
418,0,0,0.5435237288475037,0.5435237288475037,TN
419,0,0,0.5903095006942749,0.5903095006942749,TN
420,0,0,0.5366702079772949,0.5366702079772949,TN
421,0,0,0.5380857586860657,0.5380857586860657,TN
422,0,0,0.5312421321868896,0.5312421321868896,TN
423,0,0,0.52774977684021,0.52774977684021,TN
424,0,0,0.5375437140464783,0.5375437140464783,TN
425,0,0,0.5252548456192017,0.5252548456192017,TN
426,0,0,0.5335474014282227,0.5335474014282227,TN
427,0,0,0.5273405909538269,0.5273405909538269,TN
428,0,0,0.5450553894042969,0.5450553894042969,TN
429,0,0,0.5272209048271179,0.5272209048271179,TN
430,0,0,0.5285890698432922,0.5285890698432922,TN
431,0,0,0.5291475057601929,0.5291475057601929,TN
432,0,0,0.5429812669754028,0.5429812669754028,TN
433,0,0,0.5334099531173706,0.5334099531173706,TN
434,0,0,0.5143246650695801,0.5143246650695801,TN
435,0,0,0.5457248091697693,0.5457248091697693,TN
436,0,0,0.5361619591712952,0.5361619591712952,TN
437,0,0,0.509302020072937,0.509302020072937,TN
438,0,0,0.5112605094909668,0.5112605094909668,TN
439,0,0,0.5174041390419006,0.5174041390419006,TN
440,0,0,0.5088645219802856,0.5088645219802856,TN
441,0,0,0.5043919086456299,0.5043919086456299,TN
442,0,0,0.5144946575164795,0.5144946575164795,TN
443,0,0,0.5210960507392883,0.5210960507392883,TN
444,0,0,0.5161584615707397,0.5161584615707397,TN
445,0,0,0.512285590171814,0.512285590171814,TN
446,0,0,0.526357889175415,0.526357889175415,TN
447,0,0,0.5273678302764893,0.5273678302764893,TN
448,0,0,0.5225602984428406,0.5225602984428406,TN
449,0,0,0.5312677025794983,0.5312677025794983,TN
450,0,0,0.5387890338897705,0.5387890338897705,TN
451,0,0,0.5360791087150574,0.5360791087150574,TN
452,0,0,0.5333104729652405,0.5333104729652405,TN
453,0,0,0.5280827283859253,0.5280827283859253,TN
454,0,0,0.55696040391922,0.55696040391922,TN
455,0,0,0.5389492511749268,0.5389492511749268,TN
456,0,0,0.5291905403137207,0.5291905403137207,TN
457,0,0,0.5293011665344238,0.5293011665344238,TN
458,0,0,0.5446951389312744,0.5446951389312744,TN
459,0,0,0.5348866581916809,0.5348866581916809,TN
460,0,0,0.5321556925773621,0.5321556925773621,TN
461,0,0,0.5322755575180054,0.5322755575180054,TN
462,0,0,0.5261167287826538,0.5261167287826538,TN
463,0,0,0.533931314945221,0.533931314945221,TN
464,0,0,0.5097655653953552,0.5097655653953552,TN
465,0,0,0.5076015591621399,0.5076015591621399,TN
466,0,0,0.5239751935005188,0.5239751935005188,TN
467,0,0,0.5076496005058289,0.5076496005058289,TN
468,0,0,0.5083363652229309,0.5083363652229309,TN
469,0,0,0.4990515112876892,0.4990515112876892,TN
470,0,0,0.5003278851509094,0.5003278851509094,TN
471,0,0,0.4970315098762512,0.4970315098762512,TN
472,0,0,0.49453476071357727,0.49453476071357727,TN
473,0,0,0.5685393214225769,0.5685393214225769,TN
474,0,1,0.6331923604011536,0.6331923604011536,FP
475,0,0,0.5617206692695618,0.5617206692695618,TN
476,0,0,0.5408313274383545,0.5408313274383545,TN
477,0,0,0.5608786940574646,0.5608786940574646,TN
478,0,0,0.5314916372299194,0.5314916372299194,TN
479,0,0,0.5679493546485901,0.5679493546485901,TN
480,0,0,0.5652817487716675,0.5652817487716675,TN
481,0,0,0.5622093677520752,0.5622093677520752,TN
482,0,0,0.5653173923492432,0.5653173923492432,TN
483,0,0,0.5470700860023499,0.5470700860023499,TN
484,0,0,0.5646172165870667,0.5646172165870667,TN
485,0,0,0.5844042897224426,0.5844042897224426,TN
486,0,0,0.5844718217849731,0.5844718217849731,TN
487,0,0,0.5976047515869141,0.5976047515869141,TN
488,0,0,0.5954756140708923,0.5954756140708923,TN
489,0,0,0.5719820857048035,0.5719820857048035,TN
490,0,0,0.5989071726799011,0.5989071726799011,TN
491,0,0,0.5871994495391846,0.5871994495391846,TN
492,0,0,0.591881513595581,0.591881513595581,TN
493,0,0,0.5630688071250916,0.5630688071250916,TN
494,0,0,0.5614864230155945,0.5614864230155945,TN
495,0,0,0.5641099810600281,0.5641099810600281,TN
496,0,0,0.5772072672843933,0.5772072672843933,TN
497,0,0,0.552915632724762,0.552915632724762,TN
498,0,0,0.594010591506958,0.594010591506958,TN
499,0,0,0.6035757064819336,0.6035757064819336,TN
500,0,0,0.5548422932624817,0.5548422932624817,TN
501,0,0,0.5693227648735046,0.5693227648735046,TN
502,0,0,0.5920815467834473,0.5920815467834473,TN
503,0,0,0.5718831419944763,0.5718831419944763,TN
504,0,0,0.5987149477005005,0.5987149477005005,TN
505,0,0,0.5917244553565979,0.5917244553565979,TN
506,0,0,0.5950689911842346,0.5950689911842346,TN
507,0,1,0.613866925239563,0.613866925239563,FP
508,0,0,0.6003015041351318,0.6003015041351318,TN
509,0,0,0.5997298955917358,0.5997298955917358,TN
510,0,0,0.6081623435020447,0.6081623435020447,TN
511,0,1,0.6368578672409058,0.6368578672409058,FP
512,0,0,0.5731271505355835,0.5731271505355835,TN
513,0,1,0.6158550977706909,0.6158550977706909,FP
514,0,0,0.5732726454734802,0.5732726454734802,TN
515,0,0,0.569500207901001,0.569500207901001,TN
516,0,0,0.5855903029441833,0.5855903029441833,TN
517,0,0,0.5839998126029968,0.5839998126029968,TN
518,0,0,0.5536763668060303,0.5536763668060303,TN
519,0,0,0.5871335864067078,0.5871335864067078,TN
520,0,0,0.5567513108253479,0.5567513108253479,TN
521,0,0,0.5572810769081116,0.5572810769081116,TN
522,0,0,0.5958396792411804,0.5958396792411804,TN
523,0,0,0.5727485418319702,0.5727485418319702,TN
524,0,0,0.5541884899139404,0.5541884899139404,TN
525,0,0,0.5550574660301208,0.5550574660301208,TN
526,0,0,0.5968997478485107,0.5968997478485107,TN
527,0,0,0.5634755492210388,0.5634755492210388,TN
528,0,0,0.6018584370613098,0.6018584370613098,TN
529,0,0,0.5749943256378174,0.5749943256378174,TN
530,0,0,0.5713174343109131,0.5713174343109131,TN
531,0,0,0.611447811126709,0.611447811126709,TN
532,0,0,0.5686550140380859,0.5686550140380859,TN
533,0,0,0.5785901546478271,0.5785901546478271,TN
534,0,0,0.5747979283332825,0.5747979283332825,TN
535,0,0,0.5654329657554626,0.5654329657554626,TN
536,0,0,0.5327913761138916,0.5327913761138916,TN
537,0,0,0.5483138561248779,0.5483138561248779,TN
538,0,0,0.5325616002082825,0.5325616002082825,TN
539,0,0,0.5336644649505615,0.5336644649505615,TN
540,0,0,0.545103132724762,0.545103132724762,TN
541,0,0,0.5646917223930359,0.5646917223930359,TN
542,0,0,0.5307625532150269,0.5307625532150269,TN
543,0,0,0.5510748028755188,0.5510748028755188,TN
544,0,0,0.561349093914032,0.561349093914032,TN
545,0,0,0.5730324387550354,0.5730324387550354,TN
546,0,0,0.5456453561782837,0.5456453561782837,TN
547,0,0,0.6015235781669617,0.6015235781669617,TN
548,0,0,0.5692400336265564,0.5692400336265564,TN
549,0,0,0.5537520051002502,0.5537520051002502,TN
550,0,0,0.5773028135299683,0.5773028135299683,TN
551,0,0,0.5933657288551331,0.5933657288551331,TN
552,0,0,0.5741283297538757,0.5741283297538757,TN
553,0,0,0.5766656994819641,0.5766656994819641,TN
554,0,0,0.5853479504585266,0.5853479504585266,TN
555,0,0,0.5394759178161621,0.5394759178161621,TN
556,0,0,0.5434871912002563,0.5434871912002563,TN
557,0,0,0.605314314365387,0.605314314365387,TN
558,0,0,0.5504245162010193,0.5504245162010193,TN
559,0,0,0.5900105834007263,0.5900105834007263,TN
560,0,0,0.5294640064239502,0.5294640064239502,TN
561,0,0,0.5329098105430603,0.5329098105430603,TN
562,0,0,0.5951167345046997,0.5951167345046997,TN
563,0,0,0.5479490160942078,0.5479490160942078,TN
564,0,0,0.5975778698921204,0.5975778698921204,TN
565,0,0,0.5438644886016846,0.5438644886016846,TN
566,0,0,0.5674901008605957,0.5674901008605957,TN
567,0,0,0.5434393882751465,0.5434393882751465,TN
568,0,0,0.5966498851776123,0.5966498851776123,TN
569,0,0,0.5492086410522461,0.5492086410522461,TN
570,0,0,0.5567220449447632,0.5567220449447632,TN
571,0,0,0.5406481027603149,0.5406481027603149,TN
572,0,0,0.5781108140945435,0.5781108140945435,TN
573,0,0,0.5555437207221985,0.5555437207221985,TN
574,0,1,0.635388195514679,0.635388195514679,FP
575,0,0,0.6066392660140991,0.6066392660140991,TN
576,0,1,0.6826072931289673,0.6826072931289673,FP
577,0,0,0.555712878704071,0.555712878704071,TN
578,0,0,0.545134425163269,0.545134425163269,TN
579,0,0,0.6055322289466858,0.6055322289466858,TN
580,0,0,0.5525971055030823,0.5525971055030823,TN
581,0,0,0.56987065076828,0.56987065076828,TN
582,0,0,0.5362669825553894,0.5362669825553894,TN
583,0,0,0.5364894270896912,0.5364894270896912,TN
584,0,0,0.5362164378166199,0.5362164378166199,TN
585,0,0,0.555107593536377,0.555107593536377,TN
586,0,0,0.5504234433174133,0.5504234433174133,TN
587,0,0,0.5979950428009033,0.5979950428009033,TN
588,0,0,0.55805903673172,0.55805903673172,TN
589,0,0,0.5408098101615906,0.5408098101615906,TN
590,0,0,0.5835149884223938,0.5835149884223938,TN
591,0,0,0.5919463038444519,0.5919463038444519,TN
592,0,0,0.5595955848693848,0.5595955848693848,TN
593,0,0,0.5738505721092224,0.5738505721092224,TN
594,0,0,0.5409583449363708,0.5409583449363708,TN
595,0,0,0.5209117531776428,0.5209117531776428,TN
596,0,0,0.5473095774650574,0.5473095774650574,TN
597,0,0,0.5155313611030579,0.5155313611030579,TN
598,0,0,0.5218672156333923,0.5218672156333923,TN
599,0,0,0.5345569849014282,0.5345569849014282,TN
600,0,0,0.5289446115493774,0.5289446115493774,TN
601,0,0,0.5373415946960449,0.5373415946960449,TN
602,0,0,0.5240337252616882,0.5240337252616882,TN
603,0,0,0.526623010635376,0.526623010635376,TN
604,0,0,0.5230295658111572,0.5230295658111572,TN
605,0,0,0.5450196266174316,0.5450196266174316,TN
606,0,0,0.5419858694076538,0.5419858694076538,TN
607,0,0,0.5260958671569824,0.5260958671569824,TN
608,0,0,0.5296643376350403,0.5296643376350403,TN
609,0,0,0.5275206565856934,0.5275206565856934,TN
610,0,0,0.5511730313301086,0.5511730313301086,TN
611,0,0,0.5314375162124634,0.5314375162124634,TN
612,0,0,0.5313349366188049,0.5313349366188049,TN
613,0,0,0.547950267791748,0.547950267791748,TN
614,0,0,0.5327540636062622,0.5327540636062622,TN
615,0,0,0.5306341052055359,0.5306341052055359,TN
616,0,0,0.5650531649589539,0.5650531649589539,TN
617,0,0,0.5658642649650574,0.5658642649650574,TN
618,0,0,0.5539908409118652,0.5539908409118652,TN
619,0,0,0.5614460110664368,0.5614460110664368,TN
620,0,0,0.5669634342193604,0.5669634342193604,TN
621,0,0,0.5602622628211975,0.5602622628211975,TN
622,0,0,0.5759360790252686,0.5759360790252686,TN
623,0,0,0.5610294938087463,0.5610294938087463,TN
624,0,0,0.5579218864440918,0.5579218864440918,TN
625,0,0,0.5642586350440979,0.5642586350440979,TN
626,0,0,0.5662515163421631,0.5662515163421631,TN
627,0,0,0.5532076954841614,0.5532076954841614,TN
628,0,0,0.5522112250328064,0.5522112250328064,TN
629,0,0,0.5471940040588379,0.5471940040588379,TN
630,0,0,0.5391130447387695,0.5391130447387695,TN
631,0,0,0.5631486773490906,0.5631486773490906,TN
632,0,0,0.5634021759033203,0.5634021759033203,TN
633,0,0,0.5743668079376221,0.5743668079376221,TN
634,0,0,0.570539653301239,0.570539653301239,TN
635,0,0,0.5823169946670532,0.5823169946670532,TN
636,0,0,0.5762597918510437,0.5762597918510437,TN
637,0,0,0.5754494667053223,0.5754494667053223,TN
638,0,0,0.5609501004219055,0.5609501004219055,TN
639,0,0,0.5563912391662598,0.5563912391662598,TN
640,0,0,0.5507757067680359,0.5507757067680359,TN
641,0,0,0.560677170753479,0.560677170753479,TN
642,0,0,0.5702776312828064,0.5702776312828064,TN
643,0,0,0.5380050539970398,0.5380050539970398,TN
644,0,0,0.5353304147720337,0.5353304147720337,TN
645,0,0,0.5361981391906738,0.5361981391906738,TN
646,0,0,0.5494340658187866,0.5494340658187866,TN
647,0,0,0.5654569268226624,0.5654569268226624,TN
648,0,0,0.5594382286071777,0.5594382286071777,TN
649,0,0,0.570190966129303,0.570190966129303,TN
650,0,0,0.5470797419548035,0.5470797419548035,TN
651,0,0,0.578766942024231,0.578766942024231,TN
652,0,0,0.553610622882843,0.553610622882843,TN
653,0,0,0.5965807437896729,0.5965807437896729,TN
654,0,0,0.560594916343689,0.560594916343689,TN
655,0,0,0.5829870700836182,0.5829870700836182,TN
656,0,0,0.5773770809173584,0.5773770809173584,TN
657,0,0,0.5235906839370728,0.5235906839370728,TN
658,0,0,0.5761493444442749,0.5761493444442749,TN
659,0,0,0.6048088669776917,0.6048088669776917,TN
660,0,0,0.5683868527412415,0.5683868527412415,TN
661,0,0,0.5769540667533875,0.5769540667533875,TN
662,0,0,0.6078305244445801,0.6078305244445801,TN
663,0,0,0.6073471903800964,0.6073471903800964,TN
664,0,0,0.6004601716995239,0.6004601716995239,TN
665,0,0,0.5737372636795044,0.5737372636795044,TN
666,0,0,0.5595853924751282,0.5595853924751282,TN
667,0,0,0.5684217810630798,0.5684217810630798,TN
668,0,0,0.5786649584770203,0.5786649584770203,TN
669,0,1,0.6198976635932922,0.6198976635932922,FP
670,0,0,0.5724233388900757,0.5724233388900757,TN
671,0,0,0.5907694697380066,0.5907694697380066,TN
672,0,0,0.5973532199859619,0.5973532199859619,TN
673,0,1,0.6168420314788818,0.6168420314788818,FP
674,0,0,0.5738555788993835,0.5738555788993835,TN
675,0,0,0.5547177791595459,0.5547177791595459,TN
676,0,0,0.5664948225021362,0.5664948225021362,TN
677,0,0,0.582802951335907,0.582802951335907,TN
678,0,0,0.5756780505180359,0.5756780505180359,TN
679,0,0,0.5786819458007812,0.5786819458007812,TN
680,0,0,0.5509580373764038,0.5509580373764038,TN
681,0,0,0.5566566586494446,0.5566566586494446,TN
682,0,0,0.5678697228431702,0.5678697228431702,TN
683,0,0,0.5843478441238403,0.5843478441238403,TN
684,0,0,0.5576485395431519,0.5576485395431519,TN
685,0,0,0.5278987288475037,0.5278987288475037,TN
686,0,0,0.527082085609436,0.527082085609436,TN
687,0,0,0.5197558403015137,0.5197558403015137,TN
688,0,0,0.5702468752861023,0.5702468752861023,TN
689,0,0,0.5684911608695984,0.5684911608695984,TN
690,0,0,0.5423398613929749,0.5423398613929749,TN
691,0,0,0.5821859240531921,0.5821859240531921,TN
692,0,0,0.562168300151825,0.562168300151825,TN
693,0,0,0.5551263093948364,0.5551263093948364,TN
694,0,0,0.5557430386543274,0.5557430386543274,TN
695,0,0,0.5537834167480469,0.5537834167480469,TN
696,0,0,0.5380293726921082,0.5380293726921082,TN
697,0,0,0.5373262763023376,0.5373262763023376,TN
698,0,0,0.5952449440956116,0.5952449440956116,TN
699,0,0,0.5986437201499939,0.5986437201499939,TN
700,0,0,0.5310420393943787,0.5310420393943787,TN
701,0,0,0.5655698180198669,0.5655698180198669,TN
702,0,0,0.546190083026886,0.546190083026886,TN
703,0,0,0.5421920418739319,0.5421920418739319,TN
704,0,0,0.557650625705719,0.557650625705719,TN
705,0,0,0.5447290539741516,0.5447290539741516,TN
706,0,0,0.5614004731178284,0.5614004731178284,TN
707,0,0,0.5544058084487915,0.5544058084487915,TN
708,0,0,0.5529891848564148,0.5529891848564148,TN
709,0,0,0.5359084606170654,0.5359084606170654,TN
710,0,0,0.5614409446716309,0.5614409446716309,TN
711,0,0,0.5296281576156616,0.5296281576156616,TN
712,0,0,0.5316006541252136,0.5316006541252136,TN
713,0,0,0.5264756679534912,0.5264756679534912,TN
714,0,0,0.5172255635261536,0.5172255635261536,TN
715,0,0,0.5282358527183533,0.5282358527183533,TN
716,0,0,0.5171555876731873,0.5171555876731873,TN
717,0,0,0.5481054186820984,0.5481054186820984,TN
718,0,0,0.5605452060699463,0.5605452060699463,TN
719,0,0,0.5264109969139099,0.5264109969139099,TN
720,0,0,0.5525892376899719,0.5525892376899719,TN
721,0,0,0.5169379711151123,0.5169379711151123,TN
722,0,0,0.5357034802436829,0.5357034802436829,TN
723,0,0,0.5234622359275818,0.5234622359275818,TN
724,0,0,0.510012149810791,0.510012149810791,TN
725,0,0,0.5033156871795654,0.5033156871795654,TN
726,0,0,0.49914565682411194,0.49914565682411194,TN
727,0,0,0.5296491384506226,0.5296491384506226,TN
728,0,0,0.5059589743614197,0.5059589743614197,TN
729,0,0,0.5161418318748474,0.5161418318748474,TN
730,0,0,0.5341354012489319,0.5341354012489319,TN
731,0,0,0.516126811504364,0.516126811504364,TN
732,0,0,0.5142768621444702,0.5142768621444702,TN
733,0,0,0.5194594860076904,0.5194594860076904,TN
734,0,0,0.5080938339233398,0.5080938339233398,TN
735,0,0,0.49622398614883423,0.49622398614883423,TN
736,0,0,0.49696871638298035,0.49696871638298035,TN
737,0,0,0.4930950105190277,0.4930950105190277,TN
738,0,0,0.5060727596282959,0.5060727596282959,TN
739,0,0,0.49369797110557556,0.49369797110557556,TN
740,0,0,0.49361664056777954,0.49361664056777954,TN
741,0,0,0.5114780068397522,0.5114780068397522,TN
742,0,0,0.4790596067905426,0.4790596067905426,TN
743,0,0,0.5100974440574646,0.5100974440574646,TN
744,0,0,0.5084909200668335,0.5084909200668335,TN
745,0,0,0.5109565258026123,0.5109565258026123,TN
746,0,0,0.4885009527206421,0.4885009527206421,TN
747,0,0,0.4860271215438843,0.4860271215438843,TN
748,0,0,0.4961649179458618,0.4961649179458618,TN
749,0,0,0.47341597080230713,0.47341597080230713,TN
750,0,0,0.47462502121925354,0.47462502121925354,TN
751,0,0,0.4921582043170929,0.4921582043170929,TN
752,0,0,0.4708687663078308,0.4708687663078308,TN
753,0,0,0.48430678248405457,0.48430678248405457,TN
754,0,0,0.4832865595817566,0.4832865595817566,TN
755,0,0,0.489578515291214,0.489578515291214,TN
756,0,0,0.5061200857162476,0.5061200857162476,TN
757,0,0,0.48977676033973694,0.48977676033973694,TN
758,0,0,0.5154373645782471,0.5154373645782471,TN
759,0,0,0.5024510025978088,0.5024510025978088,TN
760,0,0,0.5146580934524536,0.5146580934524536,TN
761,0,0,0.5034473538398743,0.5034473538398743,TN
762,0,0,0.5286870002746582,0.5286870002746582,TN
763,0,0,0.504413902759552,0.504413902759552,TN
764,0,0,0.5071384310722351,0.5071384310722351,TN
765,0,0,0.5645919442176819,0.5645919442176819,TN
766,0,0,0.5289788246154785,0.5289788246154785,TN
767,0,0,0.5237858295440674,0.5237858295440674,TN
768,0,0,0.5415520668029785,0.5415520668029785,TN
769,0,0,0.573599636554718,0.573599636554718,TN
770,0,0,0.5675519108772278,0.5675519108772278,TN
771,0,0,0.5138133764266968,0.5138133764266968,TN
772,0,0,0.4947267770767212,0.4947267770767212,TN
773,0,0,0.516953706741333,0.516953706741333,TN
774,0,0,0.5608282685279846,0.5608282685279846,TN
775,0,0,0.510474681854248,0.510474681854248,TN
776,0,0,0.515228807926178,0.515228807926178,TN
777,0,0,0.52071213722229,0.52071213722229,TN
778,0,0,0.513277530670166,0.513277530670166,TN
779,0,0,0.5537750124931335,0.5537750124931335,TN
780,0,0,0.5597876310348511,0.5597876310348511,TN
781,0,0,0.5631701350212097,0.5631701350212097,TN
782,0,0,0.5300018787384033,0.5300018787384033,TN
783,0,0,0.5447975397109985,0.5447975397109985,TN
784,0,1,0.6319417357444763,0.6319417357444763,FP
785,0,1,0.6145400404930115,0.6145400404930115,FP
786,0,0,0.5936747193336487,0.5936747193336487,TN
787,0,1,0.652992308139801,0.652992308139801,FP
788,0,0,0.5703399777412415,0.5703399777412415,TN
789,0,0,0.5649656057357788,0.5649656057357788,TN
790,0,0,0.5706456899642944,0.5706456899642944,TN
791,0,0,0.606574535369873,0.606574535369873,TN
792,0,0,0.6011974215507507,0.6011974215507507,TN
793,0,0,0.5932132601737976,0.5932132601737976,TN
794,0,1,0.6340233683586121,0.6340233683586121,FP
795,0,0,0.5774868130683899,0.5774868130683899,TN
796,0,0,0.5926579236984253,0.5926579236984253,TN
797,0,1,0.6349653601646423,0.6349653601646423,FP
798,0,1,0.6156513094902039,0.6156513094902039,FP
799,0,0,0.5810510516166687,0.5810510516166687,TN
800,0,0,0.6100565195083618,0.6100565195083618,TN
801,0,1,0.6457498073577881,0.6457498073577881,FP
802,0,0,0.6112584471702576,0.6112584471702576,TN
803,0,1,0.6247228384017944,0.6247228384017944,FP
804,0,1,0.624919593334198,0.624919593334198,FP
805,0,1,0.6196225881576538,0.6196225881576538,FP
806,0,1,0.6559879183769226,0.6559879183769226,FP
807,0,0,0.5989094376564026,0.5989094376564026,TN
808,0,1,0.6161393523216248,0.6161393523216248,FP
809,0,0,0.5964419841766357,0.5964419841766357,TN
810,0,1,0.6135963797569275,0.6135963797569275,FP
811,0,1,0.6190298199653625,0.6190298199653625,FP
812,0,1,0.6700407266616821,0.6700407266616821,FP
813,0,0,0.5864939093589783,0.5864939093589783,TN
814,0,0,0.5799224972724915,0.5799224972724915,TN
815,0,1,0.6321220993995667,0.6321220993995667,FP
816,0,0,0.5843167304992676,0.5843167304992676,TN
817,0,0,0.597788393497467,0.597788393497467,TN
818,0,0,0.5596534609794617,0.5596534609794617,TN
819,0,0,0.5292102694511414,0.5292102694511414,TN
820,0,0,0.5192255973815918,0.5192255973815918,TN
821,0,0,0.5190601348876953,0.5190601348876953,TN
822,0,0,0.5240857005119324,0.5240857005119324,TN
823,0,0,0.5309797525405884,0.5309797525405884,TN
824,0,0,0.5235702991485596,0.5235702991485596,TN
825,0,0,0.5469618439674377,0.5469618439674377,TN
826,0,0,0.5367042422294617,0.5367042422294617,TN
827,0,0,0.5135114192962646,0.5135114192962646,TN
828,0,0,0.5257667899131775,0.5257667899131775,TN
829,0,0,0.5620880126953125,0.5620880126953125,TN
830,0,0,0.520198404788971,0.520198404788971,TN
831,0,0,0.5160604119300842,0.5160604119300842,TN
832,0,0,0.5050716996192932,0.5050716996192932,TN
833,0,0,0.5371623039245605,0.5371623039245605,TN
834,0,0,0.5387301445007324,0.5387301445007324,TN
835,0,0,0.5157464146614075,0.5157464146614075,TN
836,0,0,0.5309489965438843,0.5309489965438843,TN
837,0,0,0.5142561197280884,0.5142561197280884,TN
838,0,0,0.5107858777046204,0.5107858777046204,TN
839,0,0,0.555271327495575,0.555271327495575,TN
840,0,0,0.4905177056789398,0.4905177056789398,TN
841,0,0,0.5164808034896851,0.5164808034896851,TN
842,0,0,0.5231053829193115,0.5231053829193115,TN
843,0,0,0.49341949820518494,0.49341949820518494,TN
844,0,0,0.5286337733268738,0.5286337733268738,TN
845,0,0,0.5248219966888428,0.5248219966888428,TN
846,0,0,0.5203216075897217,0.5203216075897217,TN
847,0,0,0.5350472927093506,0.5350472927093506,TN
848,0,0,0.5063068270683289,0.5063068270683289,TN
849,0,0,0.505730926990509,0.505730926990509,TN
850,0,0,0.5035141110420227,0.5035141110420227,TN
851,0,0,0.5070297718048096,0.5070297718048096,TN
852,0,0,0.5035650134086609,0.5035650134086609,TN
853,0,0,0.49949607253074646,0.49949607253074646,TN
854,0,0,0.4934610426425934,0.4934610426425934,TN
855,0,0,0.5181148648262024,0.5181148648262024,TN
856,0,0,0.4853379726409912,0.4853379726409912,TN
857,0,0,0.5102454423904419,0.5102454423904419,TN
858,0,0,0.5138121247291565,0.5138121247291565,TN
859,0,0,0.4842512607574463,0.4842512607574463,TN
860,0,0,0.4837375283241272,0.4837375283241272,TN
861,0,0,0.48421016335487366,0.48421016335487366,TN
862,0,0,0.48556146025657654,0.48556146025657654,TN
863,0,0,0.5012020468711853,0.5012020468711853,TN
864,0,0,0.5136141777038574,0.5136141777038574,TN
865,0,0,0.49402880668640137,0.49402880668640137,TN
866,0,0,0.5149527192115784,0.5149527192115784,TN
867,0,0,0.5096654295921326,0.5096654295921326,TN
868,0,0,0.4994569718837738,0.4994569718837738,TN
869,0,0,0.49867919087409973,0.49867919087409973,TN
870,0,0,0.5194307565689087,0.5194307565689087,TN
871,0,0,0.5200127959251404,0.5200127959251404,TN
872,0,0,0.49384453892707825,0.49384453892707825,TN
873,0,0,0.4901263117790222,0.4901263117790222,TN
874,0,0,0.4953341782093048,0.4953341782093048,TN
875,0,0,0.5117582082748413,0.5117582082748413,TN
876,0,0,0.5149677991867065,0.5149677991867065,TN
877,0,0,0.48746463656425476,0.48746463656425476,TN
878,0,0,0.5279695987701416,0.5279695987701416,TN
879,0,0,0.5074436068534851,0.5074436068534851,TN
880,0,0,0.49705398082733154,0.49705398082733154,TN
881,0,0,0.49070149660110474,0.49070149660110474,TN
882,0,0,0.5155776739120483,0.5155776739120483,TN
883,0,0,0.4909228980541229,0.4909228980541229,TN
884,0,0,0.50990229845047,0.50990229845047,TN
885,0,0,0.4800645112991333,0.4800645112991333,TN
886,0,0,0.47526466846466064,0.47526466846466064,TN
887,0,0,0.46435701847076416,0.46435701847076416,TN
888,0,0,0.4678196310997009,0.4678196310997009,TN
889,0,0,0.4927307367324829,0.4927307367324829,TN
890,0,0,0.48197272419929504,0.48197272419929504,TN
891,0,0,0.47410905361175537,0.47410905361175537,TN
892,0,0,0.5116117000579834,0.5116117000579834,TN
893,0,0,0.45441192388534546,0.45441192388534546,TN
894,0,0,0.46966269612312317,0.46966269612312317,TN
895,0,0,0.5048360824584961,0.5048360824584961,TN
896,0,0,0.4717738628387451,0.4717738628387451,TN
897,0,0,0.5045969486236572,0.5045969486236572,TN
898,0,0,0.47609466314315796,0.47609466314315796,TN
899,0,0,0.4761096239089966,0.4761096239089966,TN
900,0,0,0.47266098856925964,0.47266098856925964,TN
901,0,0,0.5414840579032898,0.5414840579032898,TN
902,0,0,0.5058596730232239,0.5058596730232239,TN
903,0,0,0.5020098090171814,0.5020098090171814,TN
904,0,0,0.5187224745750427,0.5187224745750427,TN
905,0,0,0.4842822551727295,0.4842822551727295,TN
906,0,0,0.5214367508888245,0.5214367508888245,TN
907,0,0,0.4969147741794586,0.4969147741794586,TN
908,0,0,0.5664964318275452,0.5664964318275452,TN
909,0,0,0.5074306726455688,0.5074306726455688,TN
910,0,0,0.4874686002731323,0.4874686002731323,TN
911,0,0,0.5145022869110107,0.5145022869110107,TN
912,0,0,0.5130618214607239,0.5130618214607239,TN
913,0,0,0.52418452501297,0.52418452501297,TN
914,0,0,0.5762011408805847,0.5762011408805847,TN
915,0,0,0.5253557562828064,0.5253557562828064,TN
916,0,0,0.5532386898994446,0.5532386898994446,TN
917,0,0,0.5036799907684326,0.5036799907684326,TN
918,0,0,0.5002017021179199,0.5002017021179199,TN
919,0,0,0.5040290951728821,0.5040290951728821,TN
920,0,0,0.5013657212257385,0.5013657212257385,TN
921,0,0,0.498652845621109,0.498652845621109,TN
922,0,0,0.49601006507873535,0.49601006507873535,TN
923,0,0,0.4979500472545624,0.4979500472545624,TN
924,0,0,0.5226597785949707,0.5226597785949707,TN
925,0,0,0.5200176239013672,0.5200176239013672,TN
926,0,0,0.5176095366477966,0.5176095366477966,TN
927,0,0,0.5513750314712524,0.5513750314712524,TN
928,0,0,0.5342319011688232,0.5342319011688232,TN
929,0,0,0.5257791876792908,0.5257791876792908,TN
930,0,0,0.5505760908126831,0.5505760908126831,TN
931,0,0,0.5436549782752991,0.5436549782752991,TN
932,0,0,0.563218355178833,0.563218355178833,TN
933,0,0,0.5543462634086609,0.5543462634086609,TN
934,0,0,0.5448560118675232,0.5448560118675232,TN
935,0,0,0.5413996577262878,0.5413996577262878,TN
936,0,0,0.5565171837806702,0.5565171837806702,TN
937,0,0,0.5525097846984863,0.5525097846984863,TN
938,0,0,0.5647763013839722,0.5647763013839722,TN
939,0,0,0.5631846189498901,0.5631846189498901,TN
940,0,0,0.5805884003639221,0.5805884003639221,TN
941,0,0,0.5671001672744751,0.5671001672744751,TN
942,0,0,0.5692136883735657,0.5692136883735657,TN
943,0,0,0.54694002866745,0.54694002866745,TN
944,0,0,0.5430566072463989,0.5430566072463989,TN
945,0,0,0.5222854018211365,0.5222854018211365,TN
946,0,0,0.5603465437889099,0.5603465437889099,TN
947,0,0,0.5408061742782593,0.5408061742782593,TN
948,0,0,0.529274582862854,0.529274582862854,TN
949,0,0,0.5279122591018677,0.5279122591018677,TN
950,0,0,0.5263298749923706,0.5263298749923706,TN
951,0,0,0.5285483598709106,0.5285483598709106,TN
952,0,0,0.5256174802780151,0.5256174802780151,TN
953,0,0,0.5112535357475281,0.5112535357475281,TN
954,0,0,0.5056100487709045,0.5056100487709045,TN
955,0,0,0.4950599670410156,0.4950599670410156,TN
956,0,0,0.4966953992843628,0.4966953992843628,TN
957,0,0,0.4961676001548767,0.4961676001548767,TN
958,0,0,0.5212537050247192,0.5212537050247192,TN
959,0,0,0.5365123748779297,0.5365123748779297,TN
960,0,0,0.5308747887611389,0.5308747887611389,TN
961,0,0,0.541801393032074,0.541801393032074,TN
962,0,0,0.5014335513114929,0.5014335513114929,TN
963,0,0,0.5395338535308838,0.5395338535308838,TN
964,0,0,0.5313564538955688,0.5313564538955688,TN
965,0,0,0.5397953987121582,0.5397953987121582,TN
966,0,0,0.5392105579376221,0.5392105579376221,TN
967,0,0,0.5501143932342529,0.5501143932342529,TN
968,0,0,0.5459448099136353,0.5459448099136353,TN
969,0,0,0.5300540924072266,0.5300540924072266,TN
970,0,0,0.5483600497245789,0.5483600497245789,TN
971,0,0,0.5628740787506104,0.5628740787506104,TN
972,0,0,0.5332583785057068,0.5332583785057068,TN
973,0,0,0.5243946313858032,0.5243946313858032,TN
974,0,0,0.5323834419250488,0.5323834419250488,TN
975,0,0,0.5424177646636963,0.5424177646636963,TN
976,0,0,0.549196183681488,0.549196183681488,TN
977,0,0,0.5636155605316162,0.5636155605316162,TN
978,0,0,0.5315296053886414,0.5315296053886414,TN
979,0,0,0.5743123292922974,0.5743123292922974,TN
980,0,0,0.5373286604881287,0.5373286604881287,TN
981,0,0,0.5389599800109863,0.5389599800109863,TN
982,0,0,0.5507633090019226,0.5507633090019226,TN
983,0,0,0.5896233916282654,0.5896233916282654,TN
984,0,0,0.548896849155426,0.548896849155426,TN
985,0,0,0.5942031741142273,0.5942031741142273,TN
986,0,0,0.551242470741272,0.551242470741272,TN
987,0,0,0.5520750284194946,0.5520750284194946,TN
988,0,0,0.5669359564781189,0.5669359564781189,TN
989,0,0,0.5610389113426208,0.5610389113426208,TN
990,0,0,0.5884863138198853,0.5884863138198853,TN
991,0,0,0.589083194732666,0.589083194732666,TN
992,0,0,0.6029906272888184,0.6029906272888184,TN
993,0,0,0.5675153136253357,0.5675153136253357,TN
994,0,0,0.5973194241523743,0.5973194241523743,TN
995,0,0,0.5931670665740967,0.5931670665740967,TN
996,0,0,0.5903364419937134,0.5903364419937134,TN
997,0,0,0.6115612983703613,0.6115612983703613,TN
998,0,0,0.5804567933082581,0.5804567933082581,TN
999,0,1,0.621854305267334,0.621854305267334,FP
1000,0,0,0.6105083227157593,0.6105083227157593,TN
1001,0,0,0.5740562081336975,0.5740562081336975,TN
1002,0,0,0.5891258716583252,0.5891258716583252,TN
1003,0,0,0.5825809240341187,0.5825809240341187,TN
1004,0,0,0.5774624943733215,0.5774624943733215,TN
1005,0,1,0.6197451949119568,0.6197451949119568,FP
1006,0,0,0.5967470407485962,0.5967470407485962,TN
1007,0,0,0.5747026205062866,0.5747026205062866,TN
1008,0,0,0.5843268632888794,0.5843268632888794,TN
1009,0,1,0.6210817098617554,0.6210817098617554,FP
1010,0,0,0.5676064491271973,0.5676064491271973,TN
1011,0,0,0.5533359050750732,0.5533359050750732,TN
1012,0,0,0.5743592977523804,0.5743592977523804,TN
1013,0,0,0.5881962776184082,0.5881962776184082,TN
1014,0,1,0.6170809268951416,0.6170809268951416,FP
1015,0,0,0.5852677822113037,0.5852677822113037,TN
1016,0,0,0.6010922789573669,0.6010922789573669,TN
1017,0,0,0.552406907081604,0.552406907081604,TN
1018,0,0,0.553913414478302,0.553913414478302,TN
1019,0,0,0.6033244132995605,0.6033244132995605,TN
1020,0,0,0.5692669749259949,0.5692669749259949,TN
1021,0,0,0.59979248046875,0.59979248046875,TN
1022,0,0,0.5668413639068604,0.5668413639068604,TN
1023,0,0,0.5700544714927673,0.5700544714927673,TN
1024,0,0,0.5676023960113525,0.5676023960113525,TN
1025,0,0,0.5703733563423157,0.5703733563423157,TN
1026,0,0,0.5539536476135254,0.5539536476135254,TN
1027,0,0,0.5829191207885742,0.5829191207885742,TN
1028,0,0,0.5742677450180054,0.5742677450180054,TN
1029,0,0,0.5503131151199341,0.5503131151199341,TN
1030,0,0,0.5602632761001587,0.5602632761001587,TN
1031,0,0,0.5835310220718384,0.5835310220718384,TN
1032,0,0,0.575975775718689,0.575975775718689,TN
1033,0,0,0.5762837529182434,0.5762837529182434,TN
1034,0,0,0.5957534313201904,0.5957534313201904,TN
1035,0,0,0.5696967840194702,0.5696967840194702,TN
1036,0,0,0.57123202085495,0.57123202085495,TN
1037,0,0,0.5720173120498657,0.5720173120498657,TN
1038,0,0,0.5761839151382446,0.5761839151382446,TN
1039,0,0,0.557593584060669,0.557593584060669,TN
1040,0,0,0.5521394610404968,0.5521394610404968,TN
1041,0,0,0.5471636056900024,0.5471636056900024,TN
1042,0,0,0.5624716281890869,0.5624716281890869,TN
1043,0,0,0.5732947587966919,0.5732947587966919,TN
1044,0,0,0.5664499402046204,0.5664499402046204,TN
1045,0,0,0.5425485968589783,0.5425485968589783,TN
1046,0,0,0.575228750705719,0.575228750705719,TN
1047,0,0,0.5703860521316528,0.5703860521316528,TN
1048,0,0,0.5845484137535095,0.5845484137535095,TN
1049,0,0,0.5655990839004517,0.5655990839004517,TN
1050,0,0,0.5762359499931335,0.5762359499931335,TN
1051,0,0,0.5574095845222473,0.5574095845222473,TN
1052,0,0,0.5786098837852478,0.5786098837852478,TN
1053,0,0,0.5663288235664368,0.5663288235664368,TN
1054,0,0,0.5769975781440735,0.5769975781440735,TN
1055,0,0,0.5438979864120483,0.5438979864120483,TN
1056,0,0,0.5336099863052368,0.5336099863052368,TN
1057,0,0,0.5610888004302979,0.5610888004302979,TN
1058,0,0,0.5162268280982971,0.5162268280982971,TN
1059,0,0,0.5121505856513977,0.5121505856513977,TN
1060,0,0,0.5122417211532593,0.5122417211532593,TN
1061,0,0,0.5371010303497314,0.5371010303497314,TN
1062,0,0,0.501767098903656,0.501767098903656,TN
1063,0,0,0.5030009150505066,0.5030009150505066,TN
1064,0,0,0.5165585875511169,0.5165585875511169,TN
1065,0,0,0.5107288360595703,0.5107288360595703,TN
1066,0,0,0.49560546875,0.49560546875,TN
1067,0,0,0.5072643756866455,0.5072643756866455,TN
1068,0,0,0.5189632177352905,0.5189632177352905,TN
1069,0,0,0.5241706967353821,0.5241706967353821,TN
1070,0,0,0.4883604943752289,0.4883604943752289,TN
1071,0,0,0.4927173852920532,0.4927173852920532,TN
1072,0,0,0.5166623592376709,0.5166623592376709,TN
1073,0,0,0.5131099820137024,0.5131099820137024,TN
1074,0,0,0.5021802186965942,0.5021802186965942,TN
1075,0,0,0.49245747923851013,0.49245747923851013,TN
1076,0,0,0.48817071318626404,0.48817071318626404,TN
1077,0,0,0.49019309878349304,0.49019309878349304,TN
1078,0,0,0.5023618340492249,0.5023618340492249,TN
1079,0,0,0.5011117458343506,0.5011117458343506,TN
1080,0,0,0.5147218704223633,0.5147218704223633,TN
1081,0,0,0.5087978839874268,0.5087978839874268,TN
1082,0,0,0.5180194973945618,0.5180194973945618,TN
1083,0,0,0.5295628905296326,0.5295628905296326,TN
1084,0,0,0.5207778811454773,0.5207778811454773,TN
1085,0,0,0.5439952611923218,0.5439952611923218,TN
1086,0,0,0.5326160788536072,0.5326160788536072,TN
1087,0,0,0.5206857323646545,0.5206857323646545,TN
1088,0,0,0.5165908336639404,0.5165908336639404,TN
1089,0,0,0.5165392756462097,0.5165392756462097,TN
1090,0,0,0.5315570831298828,0.5315570831298828,TN
1091,0,0,0.5135336518287659,0.5135336518287659,TN
1092,0,0,0.5179291367530823,0.5179291367530823,TN
1093,0,0,0.5040439963340759,0.5040439963340759,TN
1094,0,0,0.5087113380432129,0.5087113380432129,TN
1095,0,0,0.49982836842536926,0.49982836842536926,TN
1096,0,0,0.5280455350875854,0.5280455350875854,TN
1097,0,0,0.5234982371330261,0.5234982371330261,TN
1098,0,0,0.5385410785675049,0.5385410785675049,TN
1099,0,0,0.5135319232940674,0.5135319232940674,TN
1100,0,0,0.5173739790916443,0.5173739790916443,TN
1101,0,0,0.5323899388313293,0.5323899388313293,TN
1102,0,0,0.5342886447906494,0.5342886447906494,TN
1103,0,0,0.5293619632720947,0.5293619632720947,TN
1104,0,0,0.5244347453117371,0.5244347453117371,TN
1105,0,0,0.525130033493042,0.525130033493042,TN
1106,0,0,0.5241352915763855,0.5241352915763855,TN
1107,0,0,0.5453213453292847,0.5453213453292847,TN
1108,0,0,0.5247387886047363,0.5247387886047363,TN
1109,0,0,0.5272026658058167,0.5272026658058167,TN
1110,0,0,0.5266727209091187,0.5266727209091187,TN
1111,0,0,0.5325170755386353,0.5325170755386353,TN
1112,0,0,0.5381470918655396,0.5381470918655396,TN
1113,0,0,0.5468149185180664,0.5468149185180664,TN
1114,0,0,0.5379025936126709,0.5379025936126709,TN
1115,0,0,0.5433208346366882,0.5433208346366882,TN
1116,0,0,0.5742517709732056,0.5742517709732056,TN
1117,0,0,0.5482804775238037,0.5482804775238037,TN
1118,0,0,0.5753241777420044,0.5753241777420044,TN
1119,0,0,0.5413270592689514,0.5413270592689514,TN
1120,0,0,0.5575397610664368,0.5575397610664368,TN
1121,0,0,0.5658652782440186,0.5658652782440186,TN
1122,0,0,0.5429617166519165,0.5429617166519165,TN
1123,0,0,0.5700483918190002,0.5700483918190002,TN
1124,0,0,0.5758854746818542,0.5758854746818542,TN
1125,0,0,0.5901446342468262,0.5901446342468262,TN
1126,0,0,0.6077584028244019,0.6077584028244019,TN
1127,0,0,0.5921990871429443,0.5921990871429443,TN
1128,0,0,0.5970475673675537,0.5970475673675537,TN
1129,0,1,0.6139147877693176,0.6139147877693176,FP
1130,0,0,0.581789493560791,0.581789493560791,TN
1131,0,0,0.586859941482544,0.586859941482544,TN
1132,0,0,0.5830290913581848,0.5830290913581848,TN
1133,0,0,0.5833736658096313,0.5833736658096313,TN
1134,0,0,0.5917441248893738,0.5917441248893738,TN
1135,0,0,0.5936338305473328,0.5936338305473328,TN
1136,0,0,0.5801888108253479,0.5801888108253479,TN
1137,0,0,0.574421763420105,0.574421763420105,TN
1138,0,0,0.5719552040100098,0.5719552040100098,TN
1139,0,0,0.590179443359375,0.590179443359375,TN
1140,0,0,0.585623025894165,0.585623025894165,TN
1141,0,0,0.5645620226860046,0.5645620226860046,TN
1142,0,0,0.5837656259536743,0.5837656259536743,TN
1143,0,0,0.5778209567070007,0.5778209567070007,TN
1144,0,0,0.5473105907440186,0.5473105907440186,TN
1145,0,0,0.5699921250343323,0.5699921250343323,TN
1146,0,0,0.5277564525604248,0.5277564525604248,TN
1147,0,0,0.5420924425125122,0.5420924425125122,TN
1148,0,0,0.5500578880310059,0.5500578880310059,TN
1149,0,0,0.5565367937088013,0.5565367937088013,TN
1150,0,0,0.5448126196861267,0.5448126196861267,TN
1151,0,0,0.5327519774436951,0.5327519774436951,TN
1152,0,0,0.5312614440917969,0.5312614440917969,TN
1153,0,0,0.5315127968788147,0.5315127968788147,TN
1154,0,0,0.5514427423477173,0.5514427423477173,TN
1155,0,0,0.5435805320739746,0.5435805320739746,TN
1156,0,0,0.5503795742988586,0.5503795742988586,TN
1157,0,0,0.5392212867736816,0.5392212867736816,TN
1158,0,0,0.5336515307426453,0.5336515307426453,TN
1159,0,0,0.5477117896080017,0.5477117896080017,TN
1160,0,0,0.5505212545394897,0.5505212545394897,TN
1161,0,0,0.5258591771125793,0.5258591771125793,TN
1162,0,0,0.5237630605697632,0.5237630605697632,TN
1163,0,0,0.5482645034790039,0.5482645034790039,TN
1164,0,0,0.5237834453582764,0.5237834453582764,TN
1165,0,0,0.518991231918335,0.518991231918335,TN
1166,0,0,0.5218105316162109,0.5218105316162109,TN
1167,0,0,0.5174694061279297,0.5174694061279297,TN
1168,0,0,0.5364875197410583,0.5364875197410583,TN
1169,0,0,0.5295266509056091,0.5295266509056091,TN
1170,0,0,0.5299612283706665,0.5299612283706665,TN
1171,0,0,0.5678030252456665,0.5678030252456665,TN
1172,0,0,0.551398515701294,0.551398515701294,TN
1173,0,0,0.5423341989517212,0.5423341989517212,TN
1174,0,0,0.5807545781135559,0.5807545781135559,TN
1175,0,0,0.5710389018058777,0.5710389018058777,TN
1176,0,0,0.5630738735198975,0.5630738735198975,TN
1177,0,0,0.546392023563385,0.546392023563385,TN
1178,0,0,0.5401281118392944,0.5401281118392944,TN
1179,0,0,0.5574761033058167,0.5574761033058167,TN
1180,0,0,0.5526815056800842,0.5526815056800842,TN
1181,0,0,0.5781911015510559,0.5781911015510559,TN
1182,0,0,0.5426322817802429,0.5426322817802429,TN
1183,0,0,0.5781696438789368,0.5781696438789368,TN
1184,0,0,0.5674313902854919,0.5674313902854919,TN
1185,0,0,0.5933845639228821,0.5933845639228821,TN
1186,0,0,0.5561214089393616,0.5561214089393616,TN
1187,0,0,0.5897943377494812,0.5897943377494812,TN
1188,0,0,0.5714260935783386,0.5714260935783386,TN
1189,0,0,0.560104489326477,0.560104489326477,TN
1190,0,0,0.5512861013412476,0.5512861013412476,TN
1191,0,0,0.59991055727005,0.59991055727005,TN
1192,0,0,0.5775980949401855,0.5775980949401855,TN
1193,0,0,0.5961155295372009,0.5961155295372009,TN
1194,0,0,0.5931371450424194,0.5931371450424194,TN
1195,0,0,0.5878085494041443,0.5878085494041443,TN
1196,0,0,0.572268009185791,0.572268009185791,TN
1197,0,0,0.589571475982666,0.589571475982666,TN
1198,0,0,0.5642504692077637,0.5642504692077637,TN
1199,0,0,0.5745595693588257,0.5745595693588257,TN
1200,0,0,0.5870307087898254,0.5870307087898254,TN
1201,0,0,0.5687850713729858,0.5687850713729858,TN
1202,0,0,0.5567663311958313,0.5567663311958313,TN
1203,0,0,0.5922827124595642,0.5922827124595642,TN
1204,0,1,0.6138418912887573,0.6138418912887573,FP
1205,0,0,0.5687583684921265,0.5687583684921265,TN
1206,0,0,0.5978066921234131,0.5978066921234131,TN
1207,0,0,0.5898709893226624,0.5898709893226624,TN
1208,0,0,0.5638113617897034,0.5638113617897034,TN
1209,0,1,0.6182281970977783,0.6182281970977783,FP
1210,0,0,0.598195493221283,0.598195493221283,TN
1211,0,1,0.6202457547187805,0.6202457547187805,FP
1212,0,0,0.5893131494522095,0.5893131494522095,TN
1213,0,0,0.6018127202987671,0.6018127202987671,TN
1214,0,1,0.6172053813934326,0.6172053813934326,FP
1215,0,0,0.606725811958313,0.606725811958313,TN
1216,0,0,0.6111606955528259,0.6111606955528259,TN
1217,0,0,0.5705809593200684,0.5705809593200684,TN
1218,0,0,0.5374292731285095,0.5374292731285095,TN
1219,0,1,0.6149637699127197,0.6149637699127197,FP
1220,0,0,0.5915924310684204,0.5915924310684204,TN
1221,0,0,0.5266034603118896,0.5266034603118896,TN
1222,0,0,0.6002088189125061,0.6002088189125061,TN
1223,0,0,0.5720566511154175,0.5720566511154175,TN
1224,0,1,0.6209699511528015,0.6209699511528015,FP
1225,0,0,0.5714520215988159,0.5714520215988159,TN
1226,0,0,0.5487300157546997,0.5487300157546997,TN
1227,0,0,0.5528308749198914,0.5528308749198914,TN
1228,0,0,0.5442289113998413,0.5442289113998413,TN
1229,0,0,0.56104576587677,0.56104576587677,TN
1230,0,0,0.5658707022666931,0.5658707022666931,TN
1231,0,0,0.5689256191253662,0.5689256191253662,TN
1232,0,0,0.5603786110877991,0.5603786110877991,TN
1233,0,0,0.5708191394805908,0.5708191394805908,TN
1234,0,0,0.5808785557746887,0.5808785557746887,TN
1235,0,0,0.5947566032409668,0.5947566032409668,TN
1236,0,0,0.5794821977615356,0.5794821977615356,TN
1237,0,0,0.5776925086975098,0.5776925086975098,TN
1238,0,0,0.6100414991378784,0.6100414991378784,TN
1239,0,0,0.5823479294776917,0.5823479294776917,TN
1240,0,0,0.5781799554824829,0.5781799554824829,TN
1241,0,0,0.5911203622817993,0.5911203622817993,TN
1242,0,0,0.5792704224586487,0.5792704224586487,TN
1243,0,0,0.5943538546562195,0.5943538546562195,TN
1244,0,0,0.5760682821273804,0.5760682821273804,TN
1245,0,0,0.5848237872123718,0.5848237872123718,TN
1246,0,0,0.6020615100860596,0.6020615100860596,TN
1247,0,1,0.6235365271568298,0.6235365271568298,FP
1248,0,1,0.6328426599502563,0.6328426599502563,FP
1249,0,1,0.6342073678970337,0.6342073678970337,FP
1250,0,1,0.644412636756897,0.644412636756897,FP
1251,0,1,0.648710310459137,0.648710310459137,FP
1252,1,1,0.664440929889679,0.664440929889679,TP
1253,1,1,0.6752049922943115,0.6752049922943115,TP
1254,1,1,0.6777204871177673,0.6777204871177673,TP
1255,0,1,0.6133158802986145,0.6133158802986145,FP
1256,0,0,0.5714759826660156,0.5714759826660156,TN
1257,0,0,0.584699809551239,0.584699809551239,TN
1258,0,0,0.5853829383850098,0.5853829383850098,TN
1259,0,0,0.5834464430809021,0.5834464430809021,TN
1260,0,0,0.5894901752471924,0.5894901752471924,TN
1261,0,0,0.5848098397254944,0.5848098397254944,TN
1262,0,0,0.5825396180152893,0.5825396180152893,TN
1263,0,0,0.5597156286239624,0.5597156286239624,TN
1264,0,0,0.5391965508460999,0.5391965508460999,TN
1265,0,0,0.5502225756645203,0.5502225756645203,TN
1266,0,0,0.5476893782615662,0.5476893782615662,TN
1267,0,0,0.5533990263938904,0.5533990263938904,TN
1268,0,0,0.546040952205658,0.546040952205658,TN
1269,0,0,0.5727421045303345,0.5727421045303345,TN
1270,0,0,0.5473934412002563,0.5473934412002563,TN
1271,0,0,0.5441208481788635,0.5441208481788635,TN
1272,0,0,0.5392967462539673,0.5392967462539673,TN
1273,0,0,0.5580653548240662,0.5580653548240662,TN
1274,0,0,0.5861173868179321,0.5861173868179321,TN
1275,0,0,0.5361148118972778,0.5361148118972778,TN
1276,0,0,0.553215742111206,0.553215742111206,TN
1277,0,0,0.5705757141113281,0.5705757141113281,TN
1278,0,0,0.5699477195739746,0.5699477195739746,TN
1279,0,0,0.541097104549408,0.541097104549408,TN
1280,0,0,0.5611393451690674,0.5611393451690674,TN
1281,0,0,0.5874448418617249,0.5874448418617249,TN
1282,0,0,0.557283341884613,0.557283341884613,TN
1283,0,0,0.5573256015777588,0.5573256015777588,TN
1284,0,0,0.5660592317581177,0.5660592317581177,TN
1285,0,0,0.5818470120429993,0.5818470120429993,TN
1286,0,0,0.551570475101471,0.551570475101471,TN
1287,0,0,0.5617393255233765,0.5617393255233765,TN
1288,0,0,0.5400665998458862,0.5400665998458862,TN
1289,0,0,0.5482922196388245,0.5482922196388245,TN
1290,0,0,0.6125357747077942,0.6125357747077942,TN
1291,0,0,0.5998321771621704,0.5998321771621704,TN
1292,0,0,0.605827808380127,0.605827808380127,TN
1293,0,0,0.5991954207420349,0.5991954207420349,TN
1294,0,0,0.5690901875495911,0.5690901875495911,TN
1295,0,0,0.5764381289482117,0.5764381289482117,TN
1296,0,0,0.6077895164489746,0.6077895164489746,TN
1297,0,0,0.5903775691986084,0.5903775691986084,TN
1298,0,0,0.5802679061889648,0.5802679061889648,TN
1299,0,0,0.587320864200592,0.587320864200592,TN
1300,0,0,0.6129122376441956,0.6129122376441956,TN
1301,0,0,0.6023988127708435,0.6023988127708435,TN
1302,0,0,0.5918691158294678,0.5918691158294678,TN
1303,0,0,0.5770459771156311,0.5770459771156311,TN
1304,0,0,0.565345048904419,0.565345048904419,TN
1305,0,0,0.5731215476989746,0.5731215476989746,TN
1306,0,0,0.5713586807250977,0.5713586807250977,TN
1307,0,0,0.5834107995033264,0.5834107995033264,TN
1308,0,0,0.6099438667297363,0.6099438667297363,TN
1309,0,0,0.597963273525238,0.597963273525238,TN
1310,0,0,0.5987790822982788,0.5987790822982788,TN
1311,0,0,0.5992708802223206,0.5992708802223206,TN
1312,0,0,0.6111871600151062,0.6111871600151062,TN
1313,0,0,0.6057407259941101,0.6057407259941101,TN
1314,0,1,0.6146464943885803,0.6146464943885803,FP
1315,0,1,0.6469601988792419,0.6469601988792419,FP
1316,0,1,0.6199922561645508,0.6199922561645508,FP
1317,0,1,0.6331862807273865,0.6331862807273865,FP
1318,0,1,0.6356823444366455,0.6356823444366455,FP
1319,0,1,0.636214554309845,0.636214554309845,FP
1320,0,1,0.6575121879577637,0.6575121879577637,FP
1321,0,1,0.6254692077636719,0.6254692077636719,FP
1322,0,1,0.6335880160331726,0.6335880160331726,FP
1323,0,1,0.6266390085220337,0.6266390085220337,FP
1324,0,1,0.6151527166366577,0.6151527166366577,FP
1325,0,0,0.6005164980888367,0.6005164980888367,TN
1326,0,1,0.6427323222160339,0.6427323222160339,FP
1327,0,1,0.6208527088165283,0.6208527088165283,FP
1328,0,0,0.6093528270721436,0.6093528270721436,TN
1329,0,0,0.6089841723442078,0.6089841723442078,TN
1330,0,1,0.6158363819122314,0.6158363819122314,FP
1331,0,0,0.5877536535263062,0.5877536535263062,TN
1332,0,0,0.6003642082214355,0.6003642082214355,TN
1333,0,0,0.5752437710762024,0.5752437710762024,TN
1334,0,0,0.6078821420669556,0.6078821420669556,TN
1335,0,0,0.6110197305679321,0.6110197305679321,TN
1336,0,0,0.5985431671142578,0.5985431671142578,TN
1337,0,0,0.5941917300224304,0.5941917300224304,TN
1338,0,0,0.6113051772117615,0.6113051772117615,TN
1339,0,0,0.6034213304519653,0.6034213304519653,TN
1340,0,0,0.5786557793617249,0.5786557793617249,TN
1341,0,1,0.6421966552734375,0.6421966552734375,FP
1342,0,0,0.5815227031707764,0.5815227031707764,TN
1343,0,0,0.5858542919158936,0.5858542919158936,TN
1344,0,1,0.6177754998207092,0.6177754998207092,FP
1345,0,0,0.6089335083961487,0.6089335083961487,TN
1346,0,1,0.6545068621635437,0.6545068621635437,FP
1347,0,1,0.6251984238624573,0.6251984238624573,FP
1348,0,0,0.5819492340087891,0.5819492340087891,TN
1349,0,1,0.6156442761421204,0.6156442761421204,FP
1350,0,1,0.6159785389900208,0.6159785389900208,FP
1351,0,1,0.6446574330329895,0.6446574330329895,FP
1352,0,0,0.597844660282135,0.597844660282135,TN
1353,0,0,0.5706756711006165,0.5706756711006165,TN
1354,0,1,0.6204487085342407,0.6204487085342407,FP
1355,0,0,0.5817995071411133,0.5817995071411133,TN
1356,0,0,0.5862770676612854,0.5862770676612854,TN
1357,0,0,0.5677684545516968,0.5677684545516968,TN
1358,0,1,0.6312302947044373,0.6312302947044373,FP
1359,0,0,0.5893552899360657,0.5893552899360657,TN
1360,0,0,0.5969327092170715,0.5969327092170715,TN
1361,0,0,0.5964992046356201,0.5964992046356201,TN
1362,0,1,0.6139598488807678,0.6139598488807678,FP
1363,0,1,0.6146408319473267,0.6146408319473267,FP
1364,0,0,0.5750724673271179,0.5750724673271179,TN
1365,0,0,0.5938332080841064,0.5938332080841064,TN
1366,0,0,0.6005501747131348,0.6005501747131348,TN
1367,0,1,0.6369664669036865,0.6369664669036865,FP
1368,0,0,0.5807784795761108,0.5807784795761108,TN
1369,0,0,0.5814753770828247,0.5814753770828247,TN
1370,0,0,0.5706210732460022,0.5706210732460022,TN
1371,0,0,0.5907891988754272,0.5907891988754272,TN
1372,0,0,0.5904982089996338,0.5904982089996338,TN
1373,0,0,0.5999151468276978,0.5999151468276978,TN
1374,0,0,0.5726938843727112,0.5726938843727112,TN
1375,0,0,0.5866194367408752,0.5866194367408752,TN
1376,0,0,0.5751402378082275,0.5751402378082275,TN
1377,0,0,0.5751233100891113,0.5751233100891113,TN
1378,0,0,0.5743672847747803,0.5743672847747803,TN
1379,0,0,0.566078245639801,0.566078245639801,TN
1380,0,0,0.5850180983543396,0.5850180983543396,TN
1381,0,0,0.5675387382507324,0.5675387382507324,TN
1382,0,0,0.5735212564468384,0.5735212564468384,TN
1383,0,0,0.5800856351852417,0.5800856351852417,TN
1384,0,0,0.5836641788482666,0.5836641788482666,TN
1385,0,0,0.5507616400718689,0.5507616400718689,TN
1386,0,0,0.5903811454772949,0.5903811454772949,TN
1387,0,0,0.5758325457572937,0.5758325457572937,TN
1388,0,0,0.5711890459060669,0.5711890459060669,TN
1389,0,0,0.5414948463439941,0.5414948463439941,TN
1390,0,0,0.5805255174636841,0.5805255174636841,TN
1391,0,0,0.5553907155990601,0.5553907155990601,TN
1392,0,0,0.5648950934410095,0.5648950934410095,TN
1393,0,0,0.5507926344871521,0.5507926344871521,TN
1394,0,0,0.5792837738990784,0.5792837738990784,TN
1395,0,0,0.5598920583724976,0.5598920583724976,TN
1396,0,0,0.5605857968330383,0.5605857968330383,TN
1397,0,0,0.5467143058776855,0.5467143058776855,TN
1398,0,0,0.5685023665428162,0.5685023665428162,TN
1399,0,0,0.5389042496681213,0.5389042496681213,TN
1400,0,0,0.5339025259017944,0.5339025259017944,TN
1401,0,0,0.5765763521194458,0.5765763521194458,TN
1402,0,0,0.5678613185882568,0.5678613185882568,TN
1403,0,0,0.5747414827346802,0.5747414827346802,TN
1404,0,0,0.5973809361457825,0.5973809361457825,TN
1405,0,0,0.560380220413208,0.560380220413208,TN
1406,0,0,0.5968191623687744,0.5968191623687744,TN
1407,0,0,0.5621710419654846,0.5621710419654846,TN
1408,0,0,0.5877411365509033,0.5877411365509033,TN
1409,0,0,0.5560975670814514,0.5560975670814514,TN
1410,0,0,0.582568347454071,0.582568347454071,TN
1411,0,0,0.6074749827384949,0.6074749827384949,TN
1412,0,0,0.5832439064979553,0.5832439064979553,TN
1413,0,0,0.5425822734832764,0.5425822734832764,TN
1414,0,0,0.5833435654640198,0.5833435654640198,TN
1415,0,0,0.5479835867881775,0.5479835867881775,TN
1416,0,0,0.5408674478530884,0.5408674478530884,TN
1417,0,0,0.5859863758087158,0.5859863758087158,TN
1418,0,0,0.568226158618927,0.568226158618927,TN
1419,0,0,0.5873327851295471,0.5873327851295471,TN
1420,0,0,0.5681564807891846,0.5681564807891846,TN
1421,0,0,0.5510916113853455,0.5510916113853455,TN
1422,0,0,0.5428025126457214,0.5428025126457214,TN
1423,0,0,0.5630456209182739,0.5630456209182739,TN
1424,0,0,0.5511491298675537,0.5511491298675537,TN
1425,0,0,0.5276229977607727,0.5276229977607727,TN
1426,0,0,0.5407947301864624,0.5407947301864624,TN
1427,0,0,0.5509043335914612,0.5509043335914612,TN
1428,0,0,0.5495373010635376,0.5495373010635376,TN
1429,0,0,0.5286494493484497,0.5286494493484497,TN
1430,0,0,0.5411685705184937,0.5411685705184937,TN
1431,0,0,0.5260928869247437,0.5260928869247437,TN
1432,0,0,0.5250398516654968,0.5250398516654968,TN
1433,0,0,0.5309036374092102,0.5309036374092102,TN
1434,0,0,0.544131875038147,0.544131875038147,TN
1435,0,0,0.5249838829040527,0.5249838829040527,TN
1436,0,0,0.5344800353050232,0.5344800353050232,TN
1437,0,0,0.5370399951934814,0.5370399951934814,TN
1438,0,0,0.536781370639801,0.536781370639801,TN
1439,0,0,0.5415189862251282,0.5415189862251282,TN
1440,0,0,0.5348970890045166,0.5348970890045166,TN
1441,0,0,0.5311472415924072,0.5311472415924072,TN
1442,0,0,0.5318789482116699,0.5318789482116699,TN
1443,0,0,0.5332116484642029,0.5332116484642029,TN
1444,0,0,0.5327356457710266,0.5327356457710266,TN
1445,0,0,0.5195624232292175,0.5195624232292175,TN
1446,0,0,0.5167267322540283,0.5167267322540283,TN
1447,0,0,0.5242825746536255,0.5242825746536255,TN
1448,0,0,0.532437801361084,0.532437801361084,TN
1449,0,0,0.5384501218795776,0.5384501218795776,TN
1450,0,0,0.5317683815956116,0.5317683815956116,TN
1451,0,0,0.5386321544647217,0.5386321544647217,TN
1452,0,0,0.5433483123779297,0.5433483123779297,TN
1453,0,0,0.5388160347938538,0.5388160347938538,TN
1454,0,0,0.5374606847763062,0.5374606847763062,TN
1455,0,0,0.5343503355979919,0.5343503355979919,TN
1456,0,0,0.5310556888580322,0.5310556888580322,TN
1457,0,0,0.5299442410469055,0.5299442410469055,TN
1458,0,0,0.524012565612793,0.524012565612793,TN
1459,0,0,0.5411832928657532,0.5411832928657532,TN
1460,0,0,0.5645897388458252,0.5645897388458252,TN
1461,1,0,0.55253005027771,0.55253005027771,FN
1462,1,0,0.5405581593513489,0.5405581593513489,FN
1463,1,0,0.5502304434776306,0.5502304434776306,FN
1464,1,0,0.601570725440979,0.601570725440979,FN
1465,1,0,0.5829396843910217,0.5829396843910217,FN
1466,1,0,0.5809453129768372,0.5809453129768372,FN
1467,1,0,0.5705271363258362,0.5705271363258362,FN
1468,1,0,0.5726428627967834,0.5726428627967834,FN
1469,1,0,0.5916730761528015,0.5916730761528015,FN
1470,1,0,0.5933412313461304,0.5933412313461304,FN
1471,1,1,0.6223561763763428,0.6223561763763428,TP
1472,1,1,0.6526734828948975,0.6526734828948975,TP
1473,1,1,0.6697477102279663,0.6697477102279663,TP
1474,1,1,0.7057861089706421,0.7057861089706421,TP
1475,1,1,0.7293607592582703,0.7293607592582703,TP
1476,0,0,0.5566473603248596,0.5566473603248596,TN
1477,0,0,0.578260600566864,0.578260600566864,TN
1478,0,0,0.5560353994369507,0.5560353994369507,TN
1479,0,0,0.5461349487304688,0.5461349487304688,TN
1480,0,0,0.5350269675254822,0.5350269675254822,TN
1481,0,0,0.555279016494751,0.555279016494751,TN
1482,0,0,0.569907546043396,0.569907546043396,TN
1483,0,0,0.528188169002533,0.528188169002533,TN
1484,0,0,0.5151392221450806,0.5151392221450806,TN
1485,0,0,0.5309405326843262,0.5309405326843262,TN
1486,0,0,0.5530006885528564,0.5530006885528564,TN
1487,0,0,0.5926016569137573,0.5926016569137573,TN
1488,0,0,0.5453810691833496,0.5453810691833496,TN
1489,0,0,0.5718134641647339,0.5718134641647339,TN
1490,0,0,0.5687882900238037,0.5687882900238037,TN
1491,0,0,0.5506616830825806,0.5506616830825806,TN
1492,0,0,0.5677805542945862,0.5677805542945862,TN
1493,0,0,0.5541942715644836,0.5541942715644836,TN
1494,0,0,0.5610811114311218,0.5610811114311218,TN
1495,0,0,0.5451418161392212,0.5451418161392212,TN
1496,0,0,0.5464235544204712,0.5464235544204712,TN
1497,0,0,0.5610517263412476,0.5610517263412476,TN
1498,0,0,0.545519232749939,0.545519232749939,TN
1499,0,0,0.5647888779640198,0.5647888779640198,TN
1500,0,0,0.5642440319061279,0.5642440319061279,TN
1501,0,0,0.5548527240753174,0.5548527240753174,TN
1502,0,0,0.5713697075843811,0.5713697075843811,TN
1503,0,0,0.5720500349998474,0.5720500349998474,TN
1504,0,0,0.5700774192810059,0.5700774192810059,TN
1505,0,0,0.5666084885597229,0.5666084885597229,TN
1506,0,0,0.5797529220581055,0.5797529220581055,TN
1507,0,0,0.5828343033790588,0.5828343033790588,TN
1508,0,0,0.5762295722961426,0.5762295722961426,TN
1509,0,0,0.5652477145195007,0.5652477145195007,TN
1510,0,0,0.585161030292511,0.585161030292511,TN
1511,0,0,0.5764045715332031,0.5764045715332031,TN
1512,0,1,0.6199125051498413,0.6199125051498413,FP
1513,0,0,0.5832759141921997,0.5832759141921997,TN
1514,0,0,0.6023235321044922,0.6023235321044922,TN
1515,0,1,0.6281231045722961,0.6281231045722961,FP
1516,0,0,0.5948241949081421,0.5948241949081421,TN
1517,0,0,0.5823445320129395,0.5823445320129395,TN
1518,0,0,0.5532025098800659,0.5532025098800659,TN
1519,0,0,0.5669667720794678,0.5669667720794678,TN
1520,0,0,0.5679445862770081,0.5679445862770081,TN
1521,0,0,0.5576637983322144,0.5576637983322144,TN
1522,0,0,0.5615537762641907,0.5615537762641907,TN
1523,0,0,0.5783728957176208,0.5783728957176208,TN
1524,0,0,0.5520602464675903,0.5520602464675903,TN
1525,0,0,0.5540605783462524,0.5540605783462524,TN
1526,0,0,0.5652820467948914,0.5652820467948914,TN
1527,0,0,0.5466108322143555,0.5466108322143555,TN
1528,0,0,0.5603843331336975,0.5603843331336975,TN
1529,0,0,0.5520865321159363,0.5520865321159363,TN
1530,0,0,0.5513457655906677,0.5513457655906677,TN
1531,0,0,0.5827765464782715,0.5827765464782715,TN
1532,0,0,0.5551719665527344,0.5551719665527344,TN
1533,0,0,0.5607740879058838,0.5607740879058838,TN
1534,0,0,0.5688169598579407,0.5688169598579407,TN
1535,0,0,0.5583856701850891,0.5583856701850891,TN
1536,0,0,0.5623020529747009,0.5623020529747009,TN
1537,0,0,0.5399264693260193,0.5399264693260193,TN
1538,0,0,0.5576773881912231,0.5576773881912231,TN
1539,0,0,0.5348770618438721,0.5348770618438721,TN
1540,0,0,0.5374831557273865,0.5374831557273865,TN
1541,0,0,0.5280244946479797,0.5280244946479797,TN
1542,0,0,0.5535622239112854,0.5535622239112854,TN
1543,0,0,0.5429214835166931,0.5429214835166931,TN
1544,0,0,0.5412700176239014,0.5412700176239014,TN
1545,0,0,0.5282987356185913,0.5282987356185913,TN
1546,0,0,0.5382635593414307,0.5382635593414307,TN
1547,0,0,0.5357097387313843,0.5357097387313843,TN
1548,0,0,0.5946362018585205,0.5946362018585205,TN
1549,0,0,0.5223780274391174,0.5223780274391174,TN
1550,0,0,0.531161904335022,0.531161904335022,TN
1551,0,0,0.5818957686424255,0.5818957686424255,TN
1552,0,0,0.556073784828186,0.556073784828186,TN
1553,0,0,0.5927355289459229,0.5927355289459229,TN
1554,0,0,0.5522258877754211,0.5522258877754211,TN
1555,0,0,0.5669886469841003,0.5669886469841003,TN
1556,0,0,0.5676763653755188,0.5676763653755188,TN
1557,0,0,0.5926269292831421,0.5926269292831421,TN
1558,0,0,0.5648259520530701,0.5648259520530701,TN
1559,0,0,0.5760725140571594,0.5760725140571594,TN
1560,0,0,0.579448401927948,0.579448401927948,TN
1561,0,0,0.5691602826118469,0.5691602826118469,TN
1562,0,0,0.5830696225166321,0.5830696225166321,TN
1563,0,0,0.5988793969154358,0.5988793969154358,TN
1564,0,0,0.5693546533584595,0.5693546533584595,TN
1565,0,0,0.5944496989250183,0.5944496989250183,TN
1566,0,0,0.5962667465209961,0.5962667465209961,TN
1567,0,0,0.6032045483589172,0.6032045483589172,TN
1568,0,0,0.5907055735588074,0.5907055735588074,TN
1569,0,0,0.5973179340362549,0.5973179340362549,TN
1570,0,0,0.6119590401649475,0.6119590401649475,TN
1571,0,0,0.594048023223877,0.594048023223877,TN
1572,0,0,0.5957286357879639,0.5957286357879639,TN
1573,0,0,0.6074907183647156,0.6074907183647156,TN
1574,0,1,0.6361848711967468,0.6361848711967468,FP
1575,0,1,0.6457628607749939,0.6457628607749939,FP
1576,0,1,0.6732016205787659,0.6732016205787659,FP
1577,0,1,0.7600234746932983,0.7600234746932983,FP
1578,0,1,0.6920566558837891,0.6920566558837891,FP
1579,0,1,0.6756045818328857,0.6756045818328857,FP
1580,0,1,0.6780292391777039,0.6780292391777039,FP
1581,0,1,0.6748960614204407,0.6748960614204407,FP
1582,0,1,0.6492451429367065,0.6492451429367065,FP
1583,0,1,0.6594045758247375,0.6594045758247375,FP
1584,0,1,0.6396172046661377,0.6396172046661377,FP
1585,0,1,0.6780207753181458,0.6780207753181458,FP
1586,0,1,0.6710731387138367,0.6710731387138367,FP
1587,0,1,0.6630662679672241,0.6630662679672241,FP
1588,0,1,0.6532628536224365,0.6532628536224365,FP
1589,0,1,0.6429557800292969,0.6429557800292969,FP
1590,0,1,0.6676572561264038,0.6676572561264038,FP
1591,0,1,0.6763709783554077,0.6763709783554077,FP
1592,0,1,0.7038266062736511,0.7038266062736511,FP
1593,0,1,0.6616105437278748,0.6616105437278748,FP
1594,0,1,0.6787946820259094,0.6787946820259094,FP
1595,0,1,0.6644207239151001,0.6644207239151001,FP
1596,0,1,0.6719957590103149,0.6719957590103149,FP
1597,0,1,0.6721347570419312,0.6721347570419312,FP
1598,0,1,0.6571446061134338,0.6571446061134338,FP
1599,0,1,0.6534902453422546,0.6534902453422546,FP
1600,0,1,0.6730667948722839,0.6730667948722839,FP
1601,0,1,0.6516644358634949,0.6516644358634949,FP
1602,0,1,0.6528509259223938,0.6528509259223938,FP
1603,0,1,0.6474046111106873,0.6474046111106873,FP
1604,0,0,0.6032153367996216,0.6032153367996216,TN
1605,0,1,0.6144454479217529,0.6144454479217529,FP
1606,0,0,0.6044132113456726,0.6044132113456726,TN
1607,0,0,0.5792630910873413,0.5792630910873413,TN
1608,0,0,0.5990206003189087,0.5990206003189087,TN
1609,0,0,0.6083123087882996,0.6083123087882996,TN
1610,0,1,0.6263010501861572,0.6263010501861572,FP
1611,0,0,0.6126024127006531,0.6126024127006531,TN
1612,0,0,0.5968595147132874,0.5968595147132874,TN
1613,0,0,0.5991254448890686,0.5991254448890686,TN
1614,0,0,0.5729288458824158,0.5729288458824158,TN
1615,0,0,0.6088950634002686,0.6088950634002686,TN
1616,0,0,0.5872811079025269,0.5872811079025269,TN
1617,0,0,0.5669470429420471,0.5669470429420471,TN
1618,0,0,0.580536425113678,0.580536425113678,TN
1619,0,0,0.5946652293205261,0.5946652293205261,TN
1620,0,0,0.5815954208374023,0.5815954208374023,TN
1621,0,0,0.5752025842666626,0.5752025842666626,TN
1622,0,1,0.6227973103523254,0.6227973103523254,FP
1623,0,0,0.5722564458847046,0.5722564458847046,TN
1624,0,0,0.5593770742416382,0.5593770742416382,TN
1625,0,0,0.5678403973579407,0.5678403973579407,TN
1626,0,0,0.5505565404891968,0.5505565404891968,TN
1627,0,0,0.5667588710784912,0.5667588710784912,TN
1628,0,0,0.5588595867156982,0.5588595867156982,TN
1629,0,0,0.5497680902481079,0.5497680902481079,TN
1630,0,0,0.5865557193756104,0.5865557193756104,TN
1631,0,0,0.5290370583534241,0.5290370583534241,TN
1632,0,0,0.5393995046615601,0.5393995046615601,TN
1633,0,0,0.5360319018363953,0.5360319018363953,TN
1634,0,0,0.5530678629875183,0.5530678629875183,TN
1635,0,0,0.5489447116851807,0.5489447116851807,TN
1636,0,0,0.5467894077301025,0.5467894077301025,TN
1637,0,0,0.5762895941734314,0.5762895941734314,TN
1638,0,0,0.5621562004089355,0.5621562004089355,TN
1639,0,0,0.5677746534347534,0.5677746534347534,TN
1640,0,0,0.5550019145011902,0.5550019145011902,TN
1641,0,0,0.5405093431472778,0.5405093431472778,TN
1642,0,0,0.5599140524864197,0.5599140524864197,TN
1643,0,0,0.5367300510406494,0.5367300510406494,TN
1644,0,0,0.5445466041564941,0.5445466041564941,TN
1645,0,0,0.5457024574279785,0.5457024574279785,TN
1646,0,0,0.5482330918312073,0.5482330918312073,TN
1647,0,0,0.5327948331832886,0.5327948331832886,TN
1648,0,0,0.5532231330871582,0.5532231330871582,TN
1649,0,0,0.568189263343811,0.568189263343811,TN
1650,0,0,0.5239073038101196,0.5239073038101196,TN
1651,0,0,0.5245561003684998,0.5245561003684998,TN
1652,0,0,0.5600554943084717,0.5600554943084717,TN
1653,0,0,0.5500964522361755,0.5500964522361755,TN
1654,0,0,0.5712144374847412,0.5712144374847412,TN
1655,0,0,0.5273295640945435,0.5273295640945435,TN
1656,0,0,0.5453483462333679,0.5453483462333679,TN
1657,0,0,0.5536967515945435,0.5536967515945435,TN
1658,0,0,0.5444216728210449,0.5444216728210449,TN
1659,0,0,0.5550494194030762,0.5550494194030762,TN
1660,0,0,0.5698778033256531,0.5698778033256531,TN
1661,0,0,0.5425079464912415,0.5425079464912415,TN
1662,0,0,0.54926598072052,0.54926598072052,TN
1663,0,0,0.5284984111785889,0.5284984111785889,TN
1664,0,0,0.5336123704910278,0.5336123704910278,TN
1665,0,0,0.5643002986907959,0.5643002986907959,TN
1666,0,0,0.5574383735656738,0.5574383735656738,TN
1667,0,0,0.5566455721855164,0.5566455721855164,TN
1668,0,0,0.5336580872535706,0.5336580872535706,TN
1669,0,0,0.5375009775161743,0.5375009775161743,TN
1670,0,0,0.5668131709098816,0.5668131709098816,TN
1671,0,0,0.5516883134841919,0.5516883134841919,TN
1672,0,0,0.5663495659828186,0.5663495659828186,TN
1673,0,0,0.5491133332252502,0.5491133332252502,TN
1674,0,0,0.574065625667572,0.574065625667572,TN
1675,0,0,0.5809407830238342,0.5809407830238342,TN
1676,0,0,0.5673914551734924,0.5673914551734924,TN
1677,0,0,0.5670537948608398,0.5670537948608398,TN
1678,0,0,0.5496923923492432,0.5496923923492432,TN
1679,0,0,0.575371265411377,0.575371265411377,TN
1680,0,0,0.5578171014785767,0.5578171014785767,TN
1681,0,0,0.5305251479148865,0.5305251479148865,TN
1682,0,0,0.5738065838813782,0.5738065838813782,TN
1683,0,0,0.5417903661727905,0.5417903661727905,TN
1684,0,0,0.5645520091056824,0.5645520091056824,TN
1685,0,0,0.5879156589508057,0.5879156589508057,TN
1686,0,0,0.5578077435493469,0.5578077435493469,TN
1687,0,0,0.553825855255127,0.553825855255127,TN
1688,0,0,0.5358685851097107,0.5358685851097107,TN
1689,0,0,0.5679373741149902,0.5679373741149902,TN
1690,0,0,0.5636522173881531,0.5636522173881531,TN
1691,0,0,0.5681056380271912,0.5681056380271912,TN
1692,0,0,0.5618637800216675,0.5618637800216675,TN
1693,0,0,0.5421558618545532,0.5421558618545532,TN
1694,0,0,0.5529218912124634,0.5529218912124634,TN
1695,0,0,0.5442221164703369,0.5442221164703369,TN
1696,0,0,0.5365492105484009,0.5365492105484009,TN
1697,0,0,0.54069584608078,0.54069584608078,TN
1698,0,0,0.540730357170105,0.540730357170105,TN
1699,0,0,0.525688111782074,0.525688111782074,TN
1700,0,0,0.5390158295631409,0.5390158295631409,TN
1701,0,0,0.5409350395202637,0.5409350395202637,TN
1702,0,0,0.5475372672080994,0.5475372672080994,TN
1703,0,0,0.5486164689064026,0.5486164689064026,TN
1704,0,0,0.5327153205871582,0.5327153205871582,TN
1705,0,0,0.5437966585159302,0.5437966585159302,TN
1706,0,0,0.5357204675674438,0.5357204675674438,TN
1707,0,0,0.5209068059921265,0.5209068059921265,TN
1708,0,0,0.5312221646308899,0.5312221646308899,TN
1709,0,0,0.5407123565673828,0.5407123565673828,TN
1710,0,0,0.5271316170692444,0.5271316170692444,TN
1711,0,0,0.5247433185577393,0.5247433185577393,TN
1712,0,0,0.5533843040466309,0.5533843040466309,TN
1713,0,0,0.5450809597969055,0.5450809597969055,TN
1714,0,0,0.532315194606781,0.532315194606781,TN
1715,0,0,0.5304942727088928,0.5304942727088928,TN
1716,0,0,0.5494807958602905,0.5494807958602905,TN
1717,0,0,0.562099277973175,0.562099277973175,TN
1718,0,0,0.5725657343864441,0.5725657343864441,TN
1719,0,0,0.5739796161651611,0.5739796161651611,TN
1720,0,0,0.5685948729515076,0.5685948729515076,TN
1721,0,0,0.5707861185073853,0.5707861185073853,TN
1722,0,0,0.5591920614242554,0.5591920614242554,TN
1723,0,0,0.5651267766952515,0.5651267766952515,TN
1724,0,0,0.579626739025116,0.579626739025116,TN
1725,0,0,0.5485171675682068,0.5485171675682068,TN
1726,0,0,0.5667788982391357,0.5667788982391357,TN
1727,0,0,0.5749511122703552,0.5749511122703552,TN
1728,0,0,0.5717581510543823,0.5717581510543823,TN
1729,0,0,0.5572657585144043,0.5572657585144043,TN
1730,0,0,0.5860700607299805,0.5860700607299805,TN
1731,0,0,0.5626896023750305,0.5626896023750305,TN
1732,0,0,0.5645098090171814,0.5645098090171814,TN
1733,0,0,0.5775467753410339,0.5775467753410339,TN
1734,0,0,0.576779305934906,0.576779305934906,TN
1735,0,0,0.5744454860687256,0.5744454860687256,TN
1736,0,0,0.596897304058075,0.596897304058075,TN
1737,0,0,0.5772756934165955,0.5772756934165955,TN
1738,0,0,0.5822244882583618,0.5822244882583618,TN
1739,0,0,0.5740601420402527,0.5740601420402527,TN
1740,0,0,0.5817342400550842,0.5817342400550842,TN
1741,0,0,0.587862491607666,0.587862491607666,TN
1742,0,0,0.5789772868156433,0.5789772868156433,TN
1743,0,0,0.5867184996604919,0.5867184996604919,TN
1744,0,0,0.5804411172866821,0.5804411172866821,TN
1745,0,0,0.5821797847747803,0.5821797847747803,TN
1746,0,0,0.5871217846870422,0.5871217846870422,TN
1747,0,0,0.5860920548439026,0.5860920548439026,TN
1748,0,0,0.5850698947906494,0.5850698947906494,TN
1749,0,0,0.5919643044471741,0.5919643044471741,TN
1750,0,0,0.5763179063796997,0.5763179063796997,TN
1751,0,0,0.5717682838439941,0.5717682838439941,TN
1752,0,0,0.5758726596832275,0.5758726596832275,TN
1753,0,0,0.569709837436676,0.569709837436676,TN
1754,0,0,0.5833132266998291,0.5833132266998291,TN
1755,0,0,0.588182270526886,0.588182270526886,TN
1756,0,0,0.5932782888412476,0.5932782888412476,TN
1757,0,0,0.5893264412879944,0.5893264412879944,TN
1758,0,0,0.5883700847625732,0.5883700847625732,TN
1759,0,0,0.5867505073547363,0.5867505073547363,TN
1760,0,0,0.5882753729820251,0.5882753729820251,TN
1761,0,0,0.5868160724639893,0.5868160724639893,TN
1762,0,0,0.5876300930976868,0.5876300930976868,TN
1763,0,0,0.5863836407661438,0.5863836407661438,TN
1764,0,0,0.596677303314209,0.596677303314209,TN
1765,0,0,0.5855449438095093,0.5855449438095093,TN
1766,0,0,0.5907642841339111,0.5907642841339111,TN
1767,0,0,0.5877467393875122,0.5877467393875122,TN
1768,0,0,0.6008037328720093,0.6008037328720093,TN
1769,0,0,0.6122629642486572,0.6122629642486572,TN
1770,0,1,0.6252010464668274,0.6252010464668274,FP
1771,0,1,0.6365488767623901,0.6365488767623901,FP
1772,0,1,0.6552465558052063,0.6552465558052063,FP
1773,0,1,0.679455041885376,0.679455041885376,FP
1774,0,1,0.676334023475647,0.676334023475647,FP
1775,0,1,0.7115538716316223,0.7115538716316223,FP
1776,0,1,0.7501580715179443,0.7501580715179443,FP
1777,0,1,0.7709778547286987,0.7709778547286987,FP
1778,0,1,0.8054139614105225,0.8054139614105225,FP
1779,0,1,0.8826354146003723,0.8826354146003723,FP
1780,0,1,0.8989949226379395,0.8989949226379395,FP
1781,0,1,0.9528527855873108,0.9528527855873108,FP
1782,1,1,0.9992563128471375,0.9992563128471375,TP
1783,1,1,1.0412510633468628,1.0412510633468628,TP
1784,1,1,1.103723168373108,1.103723168373108,TP
1785,1,1,1.1525269746780396,1.1525269746780396,TP
1786,1,1,1.2388590574264526,1.2388590574264526,TP
1787,1,1,1.3038430213928223,1.3038430213928223,TP
1788,1,1,1.4201284646987915,1.4201284646987915,TP
1789,1,1,1.4784077405929565,1.4784077405929565,TP
1790,1,1,1.658815860748291,1.658815860748291,TP
1791,1,1,1.6858962774276733,1.6858962774276733,TP
1792,1,1,1.7940304279327393,1.7940304279327393,TP
1793,0,0,0.5760664343833923,0.5760664343833923,TN
1794,0,0,0.5625711679458618,0.5625711679458618,TN
1795,0,0,0.5830667018890381,0.5830667018890381,TN
1796,0,0,0.5752016305923462,0.5752016305923462,TN
1797,0,0,0.5982047915458679,0.5982047915458679,TN
1798,0,0,0.5968968272209167,0.5968968272209167,TN
1799,0,0,0.592282235622406,0.592282235622406,TN
1800,0,0,0.5648711323738098,0.5648711323738098,TN
1801,0,0,0.5796491503715515,0.5796491503715515,TN
1802,0,0,0.5992417931556702,0.5992417931556702,TN
1803,0,0,0.6047730445861816,0.6047730445861816,TN
1804,0,0,0.5568096041679382,0.5568096041679382,TN
1805,0,0,0.5989436507225037,0.5989436507225037,TN
1806,0,0,0.5569032430648804,0.5569032430648804,TN
1807,0,0,0.5604665875434875,0.5604665875434875,TN
1808,0,0,0.5703811049461365,0.5703811049461365,TN
1809,0,0,0.5583009719848633,0.5583009719848633,TN
1810,0,0,0.5871080756187439,0.5871080756187439,TN
1811,0,0,0.589561939239502,0.589561939239502,TN
1812,0,0,0.5880798101425171,0.5880798101425171,TN
1813,0,0,0.5515283346176147,0.5515283346176147,TN
1814,0,0,0.5672721266746521,0.5672721266746521,TN
1815,0,0,0.5937055945396423,0.5937055945396423,TN
1816,0,0,0.5727660655975342,0.5727660655975342,TN
1817,0,0,0.5888778567314148,0.5888778567314148,TN
1818,0,0,0.6043242812156677,0.6043242812156677,TN
1819,0,0,0.5761466026306152,0.5761466026306152,TN
1820,0,1,0.6550901532173157,0.6550901532173157,FP
1821,0,1,0.6548810601234436,0.6548810601234436,FP
1822,0,1,0.6409316062927246,0.6409316062927246,FP
1823,0,1,0.6634074449539185,0.6634074449539185,FP
1824,0,1,0.6295405030250549,0.6295405030250549,FP
1825,0,1,0.6162887811660767,0.6162887811660767,FP
1826,0,1,0.615932822227478,0.615932822227478,FP
1827,0,1,0.615394115447998,0.615394115447998,FP
1828,0,1,0.6329450011253357,0.6329450011253357,FP
1829,0,1,0.6136835217475891,0.6136835217475891,FP
1830,0,1,0.6360832452774048,0.6360832452774048,FP
1831,0,1,0.6349060535430908,0.6349060535430908,FP
1832,0,1,0.652820885181427,0.652820885181427,FP
1833,0,1,0.6408385634422302,0.6408385634422302,FP
1834,0,0,0.6039749979972839,0.6039749979972839,TN
1835,0,0,0.5767253637313843,0.5767253637313843,TN
1836,0,1,0.6502295732498169,0.6502295732498169,FP
1837,0,1,0.6512071490287781,0.6512071490287781,FP
1838,0,1,0.6220987439155579,0.6220987439155579,FP
1839,0,0,0.5868877172470093,0.5868877172470093,TN
1840,0,1,0.6431532502174377,0.6431532502174377,FP
1841,0,0,0.5791187882423401,0.5791187882423401,TN
1842,0,0,0.6017253398895264,0.6017253398895264,TN
1843,0,0,0.5635035634040833,0.5635035634040833,TN
1844,0,0,0.555378258228302,0.555378258228302,TN
1845,0,0,0.5624468922615051,0.5624468922615051,TN
1846,0,0,0.6018903255462646,0.6018903255462646,TN
1847,0,0,0.5647205114364624,0.5647205114364624,TN
1848,0,0,0.5559583902359009,0.5559583902359009,TN
1849,0,0,0.5749553442001343,0.5749553442001343,TN
1850,0,0,0.560164749622345,0.560164749622345,TN
1851,0,0,0.5429961681365967,0.5429961681365967,TN
1852,0,0,0.5873726010322571,0.5873726010322571,TN
1853,0,0,0.52390456199646,0.52390456199646,TN
1854,0,0,0.582021951675415,0.582021951675415,TN
1855,0,0,0.5466073155403137,0.5466073155403137,TN
1856,0,0,0.5474143624305725,0.5474143624305725,TN
1857,0,0,0.5402516722679138,0.5402516722679138,TN
1858,0,0,0.5585968494415283,0.5585968494415283,TN
1859,0,0,0.5606518387794495,0.5606518387794495,TN
1860,0,0,0.5592917799949646,0.5592917799949646,TN
1861,0,0,0.5420995354652405,0.5420995354652405,TN
1862,0,0,0.5446814894676208,0.5446814894676208,TN
1863,0,0,0.5270739197731018,0.5270739197731018,TN
1864,0,0,0.5327655673027039,0.5327655673027039,TN
1865,0,0,0.505715012550354,0.505715012550354,TN
1866,0,0,0.5013687610626221,0.5013687610626221,TN
1867,0,0,0.5249838829040527,0.5249838829040527,TN
1868,0,0,0.5013818144798279,0.5013818144798279,TN
1869,0,0,0.5234631299972534,0.5234631299972534,TN
1870,0,0,0.519705593585968,0.519705593585968,TN
1871,0,0,0.5316520929336548,0.5316520929336548,TN
1872,0,0,0.5341886878013611,0.5341886878013611,TN
1873,0,0,0.5223677158355713,0.5223677158355713,TN
1874,0,0,0.5178353190422058,0.5178353190422058,TN
1875,0,0,0.4939529299736023,0.4939529299736023,TN
1876,0,0,0.5186756253242493,0.5186756253242493,TN
1877,0,0,0.5178138613700867,0.5178138613700867,TN
1878,0,0,0.4921688437461853,0.4921688437461853,TN
1879,0,0,0.5049732327461243,0.5049732327461243,TN
1880,0,0,0.5298448204994202,0.5298448204994202,TN
1881,0,0,0.4992673099040985,0.4992673099040985,TN
1882,0,0,0.5077474117279053,0.5077474117279053,TN
1883,0,0,0.47484245896339417,0.47484245896339417,TN
1884,0,0,0.5172663331031799,0.5172663331031799,TN
1885,0,0,0.5033445954322815,0.5033445954322815,TN
1886,0,0,0.4859277307987213,0.4859277307987213,TN
1887,0,0,0.4756397008895874,0.4756397008895874,TN
1888,0,0,0.4929894208908081,0.4929894208908081,TN
1889,0,0,0.49770447611808777,0.49770447611808777,TN
1890,0,0,0.48774635791778564,0.48774635791778564,TN
1891,0,0,0.4878063201904297,0.4878063201904297,TN
1892,0,0,0.49470600485801697,0.49470600485801697,TN
1893,0,0,0.4741119146347046,0.4741119146347046,TN
1894,0,0,0.48872849345207214,0.48872849345207214,TN
1895,0,0,0.4763423204421997,0.4763423204421997,TN
1896,0,0,0.4744758605957031,0.4744758605957031,TN
1897,0,0,0.4975026845932007,0.4975026845932007,TN
1898,0,0,0.4846460223197937,0.4846460223197937,TN
1899,0,0,0.48219868540763855,0.48219868540763855,TN
1900,0,0,0.4961095452308655,0.4961095452308655,TN
1901,0,0,0.4890219569206238,0.4890219569206238,TN
1902,0,0,0.4959738850593567,0.4959738850593567,TN
1903,0,0,0.5037535429000854,0.5037535429000854,TN
1904,0,0,0.4937147796154022,0.4937147796154022,TN
1905,0,0,0.49185532331466675,0.49185532331466675,TN
1906,0,0,0.4895628094673157,0.4895628094673157,TN
1907,0,0,0.48192089796066284,0.48192089796066284,TN
1908,0,0,0.4853462874889374,0.4853462874889374,TN
1909,0,0,0.47495102882385254,0.47495102882385254,TN
1910,0,0,0.5011288523674011,0.5011288523674011,TN
1911,0,0,0.5255854725837708,0.5255854725837708,TN
1912,0,0,0.5271211862564087,0.5271211862564087,TN
1913,0,0,0.5365142822265625,0.5365142822265625,TN
1914,0,0,0.5405768752098083,0.5405768752098083,TN
1915,0,0,0.5408129096031189,0.5408129096031189,TN
1916,0,0,0.5479946732521057,0.5479946732521057,TN
1917,0,0,0.5521190762519836,0.5521190762519836,TN
1918,0,0,0.5368793606758118,0.5368793606758118,TN
1919,0,0,0.5400394797325134,0.5400394797325134,TN
1920,0,0,0.5325470566749573,0.5325470566749573,TN
1921,0,0,0.5409453511238098,0.5409453511238098,TN
1922,0,0,0.5448058247566223,0.5448058247566223,TN
1923,0,0,0.5388679504394531,0.5388679504394531,TN
1924,0,0,0.5490051507949829,0.5490051507949829,TN
1925,0,0,0.5514818429946899,0.5514818429946899,TN
1926,0,0,0.5649110078811646,0.5649110078811646,TN
1927,0,0,0.5646494030952454,0.5646494030952454,TN
1928,0,0,0.563399612903595,0.563399612903595,TN
1929,0,0,0.5778032541275024,0.5778032541275024,TN
1930,0,0,0.5810562372207642,0.5810562372207642,TN
1931,0,0,0.5767427086830139,0.5767427086830139,TN
1932,0,0,0.5565938353538513,0.5565938353538513,TN
1933,0,0,0.5671535730361938,0.5671535730361938,TN
1934,0,0,0.542864203453064,0.542864203453064,TN
1935,0,0,0.5558676719665527,0.5558676719665527,TN
1936,0,0,0.5478243827819824,0.5478243827819824,TN
1937,0,0,0.5462865829467773,0.5462865829467773,TN
1938,0,0,0.5684912204742432,0.5684912204742432,TN
1939,0,0,0.5560734272003174,0.5560734272003174,TN
1940,0,0,0.548147976398468,0.548147976398468,TN
1941,0,0,0.550485372543335,0.550485372543335,TN
1942,0,0,0.5477808713912964,0.5477808713912964,TN
1943,0,0,0.5429918169975281,0.5429918169975281,TN
1944,0,0,0.5509001016616821,0.5509001016616821,TN
1945,0,0,0.5918717384338379,0.5918717384338379,TN
1946,0,0,0.570751428604126,0.570751428604126,TN
1947,0,0,0.5592442750930786,0.5592442750930786,TN
1948,0,0,0.5513049960136414,0.5513049960136414,TN
1949,0,0,0.5690709948539734,0.5690709948539734,TN
1950,0,0,0.5560058951377869,0.5560058951377869,TN
1951,0,0,0.5722146034240723,0.5722146034240723,TN
1952,0,0,0.5759623646736145,0.5759623646736145,TN
1953,0,0,0.5633291006088257,0.5633291006088257,TN
1954,0,0,0.5715355277061462,0.5715355277061462,TN
1955,0,0,0.5659341216087341,0.5659341216087341,TN
1956,0,0,0.5686032772064209,0.5686032772064209,TN
1957,0,0,0.5761597156524658,0.5761597156524658,TN
1958,0,0,0.5767552852630615,0.5767552852630615,TN
1959,0,0,0.5761867165565491,0.5761867165565491,TN
1960,0,0,0.5733702182769775,0.5733702182769775,TN
1961,0,0,0.5663677453994751,0.5663677453994751,TN
1962,0,0,0.5680423974990845,0.5680423974990845,TN
1963,0,0,0.5693555474281311,0.5693555474281311,TN
1964,0,0,0.5646573901176453,0.5646573901176453,TN
1965,0,0,0.5723583102226257,0.5723583102226257,TN
1966,0,0,0.5647168159484863,0.5647168159484863,TN
1967,0,0,0.5504915714263916,0.5504915714263916,TN
1968,0,0,0.5600934028625488,0.5600934028625488,TN
1969,0,0,0.564984142780304,0.564984142780304,TN
1970,0,0,0.563246488571167,0.563246488571167,TN
1971,0,0,0.5634680390357971,0.5634680390357971,TN
1972,0,0,0.5569582581520081,0.5569582581520081,TN
1973,0,0,0.5639265179634094,0.5639265179634094,TN
1974,0,0,0.5541056394577026,0.5541056394577026,TN
1975,0,0,0.5500164031982422,0.5500164031982422,TN
1976,0,0,0.5429486632347107,0.5429486632347107,TN
1977,0,0,0.5357239246368408,0.5357239246368408,TN
1978,0,0,0.5383148789405823,0.5383148789405823,TN
1979,0,0,0.5556778311729431,0.5556778311729431,TN
1980,0,0,0.5418270826339722,0.5418270826339722,TN
1981,0,0,0.5561490058898926,0.5561490058898926,TN
1982,0,0,0.5555579662322998,0.5555579662322998,TN
1983,0,0,0.555549144744873,0.555549144744873,TN
1984,0,0,0.5587537884712219,0.5587537884712219,TN
1985,0,0,0.5609531998634338,0.5609531998634338,TN
1986,0,0,0.5606678128242493,0.5606678128242493,TN
1987,0,0,0.5655650496482849,0.5655650496482849,TN
1988,0,0,0.558936595916748,0.558936595916748,TN
1989,0,0,0.5546987652778625,0.5546987652778625,TN
1990,0,0,0.581763505935669,0.581763505935669,TN
1991,0,0,0.5634828805923462,0.5634828805923462,TN
1992,0,0,0.5541431307792664,0.5541431307792664,TN
1993,0,0,0.5804792642593384,0.5804792642593384,TN
1994,0,0,0.5477861166000366,0.5477861166000366,TN
1995,0,0,0.5495984554290771,0.5495984554290771,TN
1996,0,0,0.5625670552253723,0.5625670552253723,TN
1997,0,0,0.5536602139472961,0.5536602139472961,TN
1998,0,0,0.5508678555488586,0.5508678555488586,TN
1999,0,0,0.5459690093994141,0.5459690093994141,TN
2000,0,0,0.5567558407783508,0.5567558407783508,TN
2001,0,0,0.585084855556488,0.585084855556488,TN
2002,0,0,0.5433750152587891,0.5433750152587891,TN
2003,0,0,0.5434276461601257,0.5434276461601257,TN
2004,0,0,0.569275438785553,0.569275438785553,TN
2005,0,0,0.5558950304985046,0.5558950304985046,TN
2006,0,0,0.5450995564460754,0.5450995564460754,TN
2007,0,0,0.5306819677352905,0.5306819677352905,TN
2008,0,0,0.5348314046859741,0.5348314046859741,TN
2009,0,0,0.5418381094932556,0.5418381094932556,TN
2010,0,0,0.5405930876731873,0.5405930876731873,TN
2011,0,0,0.5594926476478577,0.5594926476478577,TN
2012,0,0,0.5523093938827515,0.5523093938827515,TN
2013,0,0,0.5684674978256226,0.5684674978256226,TN
2014,0,0,0.5592426061630249,0.5592426061630249,TN
2015,0,0,0.555855393409729,0.555855393409729,TN
2016,0,0,0.5552831888198853,0.5552831888198853,TN
2017,0,0,0.5606882572174072,0.5606882572174072,TN
2018,0,0,0.5543348789215088,0.5543348789215088,TN
2019,0,0,0.539176344871521,0.539176344871521,TN
2020,0,1,0.6347680687904358,0.6347680687904358,FP
2021,0,1,0.624908983707428,0.624908983707428,FP
2022,0,0,0.5994293093681335,0.5994293093681335,TN
2023,0,1,0.6254943609237671,0.6254943609237671,FP
2024,0,1,0.624160885810852,0.624160885810852,FP
2025,0,0,0.5939327478408813,0.5939327478408813,TN
2026,0,1,0.6221624612808228,0.6221624612808228,FP
2027,0,0,0.6053264737129211,0.6053264737129211,TN
2028,0,0,0.5951944589614868,0.5951944589614868,TN
2029,0,1,0.6273545026779175,0.6273545026779175,FP
2030,0,1,0.6626998782157898,0.6626998782157898,FP
2031,0,0,0.6031298637390137,0.6031298637390137,TN
2032,0,0,0.6004438996315002,0.6004438996315002,TN
2033,0,0,0.5642489790916443,0.5642489790916443,TN
2034,0,0,0.5727209448814392,0.5727209448814392,TN
2035,0,0,0.6077336668968201,0.6077336668968201,TN
2036,0,0,0.5996696949005127,0.5996696949005127,TN
2037,0,0,0.5992462635040283,0.5992462635040283,TN
2038,0,0,0.5826678276062012,0.5826678276062012,TN
2039,0,0,0.5807791352272034,0.5807791352272034,TN
2040,0,0,0.5925817489624023,0.5925817489624023,TN
2041,0,0,0.5926954746246338,0.5926954746246338,TN
2042,0,0,0.58394455909729,0.58394455909729,TN
2043,0,0,0.5956613421440125,0.5956613421440125,TN
2044,0,0,0.5902265906333923,0.5902265906333923,TN
2045,0,0,0.5886734127998352,0.5886734127998352,TN
2046,0,0,0.6058233976364136,0.6058233976364136,TN
2047,0,1,0.627042293548584,0.627042293548584,FP
2048,0,0,0.586395800113678,0.586395800113678,TN
2049,0,0,0.6078786253929138,0.6078786253929138,TN
2050,0,0,0.5828483700752258,0.5828483700752258,TN
2051,0,0,0.5800926089286804,0.5800926089286804,TN
2052,0,0,0.5893962383270264,0.5893962383270264,TN
2053,0,0,0.6015574932098389,0.6015574932098389,TN
2054,0,0,0.6057676076889038,0.6057676076889038,TN
2055,0,0,0.5864917039871216,0.5864917039871216,TN
2056,0,0,0.5991339683532715,0.5991339683532715,TN
2057,0,0,0.6029872298240662,0.6029872298240662,TN
2058,0,0,0.592796802520752,0.592796802520752,TN
2059,0,0,0.598461925983429,0.598461925983429,TN
2060,0,0,0.5807347297668457,0.5807347297668457,TN
2061,0,0,0.5973391532897949,0.5973391532897949,TN
2062,0,0,0.5787061452865601,0.5787061452865601,TN
2063,0,0,0.5957497358322144,0.5957497358322144,TN
2064,0,0,0.5730920433998108,0.5730920433998108,TN
2065,0,0,0.580115795135498,0.580115795135498,TN
2066,0,0,0.592689037322998,0.592689037322998,TN
2067,0,0,0.601431667804718,0.601431667804718,TN
2068,0,0,0.6024390459060669,0.6024390459060669,TN
2069,0,0,0.6124143600463867,0.6124143600463867,TN
2070,0,0,0.5654668211936951,0.5654668211936951,TN
2071,0,0,0.5725967288017273,0.5725967288017273,TN
2072,0,0,0.5715580582618713,0.5715580582618713,TN
2073,0,0,0.593590497970581,0.593590497970581,TN
2074,0,0,0.5863378047943115,0.5863378047943115,TN
2075,0,0,0.5773823261260986,0.5773823261260986,TN
2076,0,0,0.5699253082275391,0.5699253082275391,TN
2077,0,0,0.5645984411239624,0.5645984411239624,TN
2078,0,0,0.595661461353302,0.595661461353302,TN
2079,0,0,0.6017974615097046,0.6017974615097046,TN
2080,0,0,0.5998175144195557,0.5998175144195557,TN
2081,0,0,0.603656530380249,0.603656530380249,TN
2082,0,0,0.5792202353477478,0.5792202353477478,TN
2083,0,0,0.5873407125473022,0.5873407125473022,TN
2084,0,0,0.6001267433166504,0.6001267433166504,TN
2085,0,0,0.5989043116569519,0.5989043116569519,TN
2086,0,0,0.5910245776176453,0.5910245776176453,TN
2087,0,0,0.5919438004493713,0.5919438004493713,TN
2088,0,0,0.6046252846717834,0.6046252846717834,TN
2089,0,0,0.5908688902854919,0.5908688902854919,TN
2090,0,0,0.585009753704071,0.585009753704071,TN
2091,0,0,0.587700366973877,0.587700366973877,TN
2092,0,0,0.5887709856033325,0.5887709856033325,TN
2093,0,0,0.5971342325210571,0.5971342325210571,TN
2094,0,0,0.5812243819236755,0.5812243819236755,TN
2095,0,0,0.5992140769958496,0.5992140769958496,TN
2096,0,0,0.6034509539604187,0.6034509539604187,TN
2097,0,0,0.5597519874572754,0.5597519874572754,TN
2098,0,0,0.5698778629302979,0.5698778629302979,TN
2099,0,0,0.5640823841094971,0.5640823841094971,TN
2100,0,0,0.6022043824195862,0.6022043824195862,TN
2101,0,0,0.5657806992530823,0.5657806992530823,TN
2102,0,0,0.5662011504173279,0.5662011504173279,TN
2103,0,0,0.5904884338378906,0.5904884338378906,TN
2104,0,0,0.5954463481903076,0.5954463481903076,TN
2105,0,0,0.5841283798217773,0.5841283798217773,TN
2106,0,0,0.5820724368095398,0.5820724368095398,TN
2107,0,0,0.570292055606842,0.570292055606842,TN
2108,0,0,0.5674447417259216,0.5674447417259216,TN
2109,0,0,0.5844922661781311,0.5844922661781311,TN
2110,0,0,0.5672628879547119,0.5672628879547119,TN
2111,0,0,0.5698009133338928,0.5698009133338928,TN
2112,0,0,0.5883657932281494,0.5883657932281494,TN
2113,0,0,0.5840632915496826,0.5840632915496826,TN
2114,0,0,0.5789267420768738,0.5789267420768738,TN
2115,0,0,0.5787084102630615,0.5787084102630615,TN
2116,0,0,0.5626458525657654,0.5626458525657654,TN
2117,0,0,0.5622929930686951,0.5622929930686951,TN
2118,0,0,0.5738237500190735,0.5738237500190735,TN
2119,0,0,0.541461706161499,0.541461706161499,TN
2120,0,0,0.5796866416931152,0.5796866416931152,TN
2121,0,0,0.557915210723877,0.557915210723877,TN
2122,0,0,0.577893078327179,0.577893078327179,TN
2123,0,0,0.5570042729377747,0.5570042729377747,TN
2124,0,0,0.565569281578064,0.565569281578064,TN
2125,0,0,0.559562087059021,0.559562087059021,TN
2126,0,0,0.5481178760528564,0.5481178760528564,TN
2127,0,0,0.5618554353713989,0.5618554353713989,TN
2128,0,0,0.5894190073013306,0.5894190073013306,TN
2129,0,0,0.5692291259765625,0.5692291259765625,TN
2130,0,0,0.5290356278419495,0.5290356278419495,TN
2131,0,0,0.5726832747459412,0.5726832747459412,TN
2132,0,0,0.5348074436187744,0.5348074436187744,TN
2133,0,0,0.5457985997200012,0.5457985997200012,TN
2134,0,0,0.5336474180221558,0.5336474180221558,TN
2135,0,0,0.5286607146263123,0.5286607146263123,TN
2136,0,0,0.566192090511322,0.566192090511322,TN
2137,0,0,0.573779284954071,0.573779284954071,TN
2138,0,0,0.5702787637710571,0.5702787637710571,TN
2139,0,0,0.5790688395500183,0.5790688395500183,TN
2140,0,0,0.5922488570213318,0.5922488570213318,TN
2141,0,1,0.6414030194282532,0.6414030194282532,FP
2142,0,0,0.536274254322052,0.536274254322052,TN
2143,0,0,0.5324023962020874,0.5324023962020874,TN
2144,0,0,0.5383450984954834,0.5383450984954834,TN
2145,0,0,0.5395859479904175,0.5395859479904175,TN
2146,0,0,0.5523468255996704,0.5523468255996704,TN
2147,0,0,0.5570604205131531,0.5570604205131531,TN
2148,0,0,0.5440219044685364,0.5440219044685364,TN
2149,0,0,0.5305705070495605,0.5305705070495605,TN
2150,0,0,0.5576440095901489,0.5576440095901489,TN
2151,0,0,0.5460741519927979,0.5460741519927979,TN
2152,0,0,0.5500848293304443,0.5500848293304443,TN
2153,0,0,0.538540780544281,0.538540780544281,TN
2154,0,0,0.5445168018341064,0.5445168018341064,TN
2155,0,0,0.54616379737854,0.54616379737854,TN
2156,0,0,0.5364377498626709,0.5364377498626709,TN
2157,0,0,0.5345702171325684,0.5345702171325684,TN
2158,0,0,0.5305901169776917,0.5305901169776917,TN
2159,0,0,0.5478283762931824,0.5478283762931824,TN
2160,0,0,0.5504485368728638,0.5504485368728638,TN
2161,0,0,0.5239619612693787,0.5239619612693787,TN
2162,0,0,0.5167441368103027,0.5167441368103027,TN
2163,0,0,0.516703188419342,0.516703188419342,TN
2164,0,0,0.5515615344047546,0.5515615344047546,TN
2165,0,0,0.5247388482093811,0.5247388482093811,TN
2166,0,0,0.5321725606918335,0.5321725606918335,TN
2167,0,0,0.525056779384613,0.525056779384613,TN
2168,0,0,0.5234906077384949,0.5234906077384949,TN
2169,0,0,0.5112517476081848,0.5112517476081848,TN
2170,0,0,0.5051526427268982,0.5051526427268982,TN
2171,0,0,0.5254778861999512,0.5254778861999512,TN
2172,0,0,0.5285892486572266,0.5285892486572266,TN
2173,0,0,0.518642246723175,0.518642246723175,TN
2174,0,0,0.5153040885925293,0.5153040885925293,TN
2175,0,0,0.5420472025871277,0.5420472025871277,TN
2176,0,0,0.5223662853240967,0.5223662853240967,TN
2177,0,0,0.5335151553153992,0.5335151553153992,TN
2178,0,0,0.5318588614463806,0.5318588614463806,TN
2179,0,0,0.5198703408241272,0.5198703408241272,TN
2180,0,0,0.5158092975616455,0.5158092975616455,TN
2181,0,0,0.513458788394928,0.513458788394928,TN
2182,0,0,0.5279712677001953,0.5279712677001953,TN
2183,0,0,0.5159484148025513,0.5159484148025513,TN
2184,0,0,0.5163509249687195,0.5163509249687195,TN
2185,0,0,0.5126331448554993,0.5126331448554993,TN
2186,0,0,0.5253244638442993,0.5253244638442993,TN
2187,0,0,0.5266022682189941,0.5266022682189941,TN
2188,0,0,0.5342532992362976,0.5342532992362976,TN
2189,0,0,0.5603665709495544,0.5603665709495544,TN
2190,0,0,0.555282473564148,0.555282473564148,TN
2191,0,0,0.5332295894622803,0.5332295894622803,TN
2192,0,0,0.5497780442237854,0.5497780442237854,TN
2193,0,0,0.5398681163787842,0.5398681163787842,TN
2194,0,0,0.5166391730308533,0.5166391730308533,TN
2195,0,0,0.5156790614128113,0.5156790614128113,TN
2196,0,0,0.5430471897125244,0.5430471897125244,TN
2197,0,1,0.6185778975486755,0.6185778975486755,FP
2198,0,0,0.5240440964698792,0.5240440964698792,TN
2199,0,0,0.5142665505409241,0.5142665505409241,TN
2200,0,0,0.526108980178833,0.526108980178833,TN
2201,0,0,0.5181138515472412,0.5181138515472412,TN
2202,0,0,0.5075027942657471,0.5075027942657471,TN
2203,0,0,0.4953894317150116,0.4953894317150116,TN
2204,0,0,0.49818289279937744,0.49818289279937744,TN
2205,0,0,0.5039091110229492,0.5039091110229492,TN
2206,0,0,0.4993884563446045,0.4993884563446045,TN
2207,0,0,0.48694369196891785,0.48694369196891785,TN
2208,0,0,0.49760472774505615,0.49760472774505615,TN
2209,0,0,0.5097959041595459,0.5097959041595459,TN
2210,0,0,0.5072066783905029,0.5072066783905029,TN
2211,0,0,0.5153055787086487,0.5153055787086487,TN
2212,0,0,0.531326949596405,0.531326949596405,TN
2213,0,0,0.5341336727142334,0.5341336727142334,TN
2214,0,0,0.5211231112480164,0.5211231112480164,TN
2215,0,0,0.5404128432273865,0.5404128432273865,TN
2216,0,0,0.524189293384552,0.524189293384552,TN
2217,0,0,0.5262216925621033,0.5262216925621033,TN
2218,0,0,0.5310037732124329,0.5310037732124329,TN
2219,0,0,0.5312165021896362,0.5312165021896362,TN
2220,0,0,0.5364360809326172,0.5364360809326172,TN
2221,0,0,0.5295133590698242,0.5295133590698242,TN
2222,0,0,0.535918653011322,0.535918653011322,TN
2223,0,0,0.5278780460357666,0.5278780460357666,TN
2224,0,0,0.5274352431297302,0.5274352431297302,TN
2225,0,0,0.5380028486251831,0.5380028486251831,TN
2226,0,0,0.5233995318412781,0.5233995318412781,TN
2227,0,0,0.5346932411193848,0.5346932411193848,TN
2228,0,0,0.5337294936180115,0.5337294936180115,TN
2229,0,0,0.5361396074295044,0.5361396074295044,TN
2230,0,0,0.5414966344833374,0.5414966344833374,TN
2231,0,0,0.5661834478378296,0.5661834478378296,TN
2232,0,0,0.5502611994743347,0.5502611994743347,TN
2233,0,0,0.5386073589324951,0.5386073589324951,TN
2234,0,0,0.5675598382949829,0.5675598382949829,TN
2235,0,0,0.5481629371643066,0.5481629371643066,TN
2236,0,0,0.5820950865745544,0.5820950865745544,TN
2237,0,0,0.5889989733695984,0.5889989733695984,TN
2238,0,0,0.5508763790130615,0.5508763790130615,TN
2239,0,0,0.5450923442840576,0.5450923442840576,TN
2240,0,0,0.5678389668464661,0.5678389668464661,TN
2241,0,0,0.5522525906562805,0.5522525906562805,TN
2242,0,0,0.5450766086578369,0.5450766086578369,TN
2243,0,0,0.5445598363876343,0.5445598363876343,TN
2244,0,0,0.558922529220581,0.558922529220581,TN
2245,0,0,0.5137723088264465,0.5137723088264465,TN
2246,0,0,0.5333300828933716,0.5333300828933716,TN
2247,0,0,0.5302018523216248,0.5302018523216248,TN
2248,0,0,0.5376068353652954,0.5376068353652954,TN
2249,0,0,0.5573841333389282,0.5573841333389282,TN
2250,0,0,0.5384587645530701,0.5384587645530701,TN
2251,0,0,0.5313607454299927,0.5313607454299927,TN
2252,0,0,0.5259758830070496,0.5259758830070496,TN
2253,0,0,0.547171950340271,0.547171950340271,TN
2254,0,0,0.5540972352027893,0.5540972352027893,TN
2255,0,0,0.5531296133995056,0.5531296133995056,TN
2256,0,0,0.5414009690284729,0.5414009690284729,TN
2257,0,0,0.5457216501235962,0.5457216501235962,TN
2258,0,0,0.5606486797332764,0.5606486797332764,TN
2259,0,0,0.5233299732208252,0.5233299732208252,TN
2260,0,0,0.5650261044502258,0.5650261044502258,TN
2261,0,0,0.5288746356964111,0.5288746356964111,TN
2262,0,0,0.5427966117858887,0.5427966117858887,TN
2263,0,0,0.5225017666816711,0.5225017666816711,TN
2264,0,0,0.5386488437652588,0.5386488437652588,TN
2265,0,0,0.5467399954795837,0.5467399954795837,TN
2266,0,0,0.5098329782485962,0.5098329782485962,TN
2267,0,0,0.5328782796859741,0.5328782796859741,TN
2268,0,0,0.5261071920394897,0.5261071920394897,TN
2269,0,0,0.5241391658782959,0.5241391658782959,TN
2270,0,0,0.5270522236824036,0.5270522236824036,TN
2271,0,0,0.5590857863426208,0.5590857863426208,TN
2272,0,0,0.5264347195625305,0.5264347195625305,TN
2273,0,0,0.542218804359436,0.542218804359436,TN
2274,0,0,0.5096287727355957,0.5096287727355957,TN
2275,0,0,0.517292320728302,0.517292320728302,TN
2276,0,0,0.5311100482940674,0.5311100482940674,TN
2277,0,0,0.5236222147941589,0.5236222147941589,TN
2278,0,0,0.5314087867736816,0.5314087867736816,TN
2279,0,0,0.5252358913421631,0.5252358913421631,TN
2280,0,0,0.5508136749267578,0.5508136749267578,TN
2281,0,0,0.5229644179344177,0.5229644179344177,TN
2282,0,0,0.5291132926940918,0.5291132926940918,TN
2283,0,0,0.5377395153045654,0.5377395153045654,TN
2284,0,0,0.5364273190498352,0.5364273190498352,TN
2285,0,0,0.5488451719284058,0.5488451719284058,TN
2286,0,0,0.5534356832504272,0.5534356832504272,TN
2287,0,0,0.5454534292221069,0.5454534292221069,TN
2288,0,0,0.5509088635444641,0.5509088635444641,TN
2289,0,0,0.5288038849830627,0.5288038849830627,TN
2290,0,0,0.5447535514831543,0.5447535514831543,TN
2291,0,0,0.5616300106048584,0.5616300106048584,TN
2292,0,0,0.5650789737701416,0.5650789737701416,TN
2293,0,0,0.561509907245636,0.561509907245636,TN
2294,0,0,0.5389155149459839,0.5389155149459839,TN
2295,0,0,0.5483973622322083,0.5483973622322083,TN
2296,0,0,0.5566933751106262,0.5566933751106262,TN
2297,0,0,0.5376319289207458,0.5376319289207458,TN
2298,0,0,0.607347846031189,0.607347846031189,TN
2299,0,0,0.565528154373169,0.565528154373169,TN
2300,0,0,0.5599400401115417,0.5599400401115417,TN
2301,0,0,0.5573052763938904,0.5573052763938904,TN
2302,0,0,0.6053214073181152,0.6053214073181152,TN
2303,0,0,0.5842606425285339,0.5842606425285339,TN
2304,0,0,0.5978374481201172,0.5978374481201172,TN
2305,0,0,0.5458803772926331,0.5458803772926331,TN
2306,0,0,0.583099901676178,0.583099901676178,TN
2307,0,0,0.5660498142242432,0.5660498142242432,TN
2308,0,0,0.5675019025802612,0.5675019025802612,TN
2309,0,0,0.5953410863876343,0.5953410863876343,TN
2310,0,0,0.5681590437889099,0.5681590437889099,TN
2311,0,0,0.5728756189346313,0.5728756189346313,TN
2312,0,0,0.5805566310882568,0.5805566310882568,TN
2313,0,0,0.5749870538711548,0.5749870538711548,TN
2314,0,0,0.5698084235191345,0.5698084235191345,TN
2315,0,0,0.6027950048446655,0.6027950048446655,TN
2316,0,0,0.567705512046814,0.567705512046814,TN
2317,0,0,0.5907441973686218,0.5907441973686218,TN
2318,0,0,0.577057421207428,0.577057421207428,TN
2319,0,0,0.6084643602371216,0.6084643602371216,TN
2320,0,0,0.5976026654243469,0.5976026654243469,TN
2321,0,0,0.604011058807373,0.604011058807373,TN
2322,0,1,0.6268026232719421,0.6268026232719421,FP
2323,0,1,0.6333590149879456,0.6333590149879456,FP
2324,0,1,0.6205700039863586,0.6205700039863586,FP
2325,0,1,0.6500608325004578,0.6500608325004578,FP
2326,0,1,0.6309953331947327,0.6309953331947327,FP
2327,0,1,0.6330626010894775,0.6330626010894775,FP
2328,0,1,0.6242213249206543,0.6242213249206543,FP
2329,0,1,0.6201333403587341,0.6201333403587341,FP
2330,0,1,0.6723742485046387,0.6723742485046387,FP
2331,0,1,0.6175826191902161,0.6175826191902161,FP
2332,0,1,0.6405576467514038,0.6405576467514038,FP
2333,0,0,0.5893126130104065,0.5893126130104065,TN
2334,0,1,0.6720611453056335,0.6720611453056335,FP
2335,0,1,0.6586935520172119,0.6586935520172119,FP
2336,0,0,0.6103246808052063,0.6103246808052063,TN
2337,0,1,0.6140310168266296,0.6140310168266296,FP
2338,0,0,0.6087659597396851,0.6087659597396851,TN
2339,0,1,0.6313435435295105,0.6313435435295105,FP
2340,0,1,0.6261730790138245,0.6261730790138245,FP
2341,0,0,0.6020156741142273,0.6020156741142273,TN
2342,0,0,0.5862392783164978,0.5862392783164978,TN
2343,0,0,0.5962104201316833,0.5962104201316833,TN
2344,0,0,0.5821863412857056,0.5821863412857056,TN
2345,0,0,0.5899536609649658,0.5899536609649658,TN
2346,0,0,0.6001079082489014,0.6001079082489014,TN
2347,0,0,0.6058884263038635,0.6058884263038635,TN
2348,0,0,0.5915970802307129,0.5915970802307129,TN
2349,0,0,0.5779121518135071,0.5779121518135071,TN
2350,0,0,0.5893380641937256,0.5893380641937256,TN
2351,0,0,0.5816254019737244,0.5816254019737244,TN
2352,0,0,0.58612459897995,0.58612459897995,TN
2353,0,0,0.5845319628715515,0.5845319628715515,TN
2354,0,0,0.5821505784988403,0.5821505784988403,TN
2355,0,0,0.609663724899292,0.609663724899292,TN
2356,0,1,0.6311387419700623,0.6311387419700623,FP
2357,0,0,0.596895694732666,0.596895694732666,TN
2358,0,0,0.6072210669517517,0.6072210669517517,TN
2359,0,0,0.5871172547340393,0.5871172547340393,TN
2360,1,0,0.6034590601921082,0.6034590601921082,FN
2361,1,0,0.5999137759208679,0.5999137759208679,FN
2362,1,1,0.6149563789367676,0.6149563789367676,TP
2363,1,1,0.6140339374542236,0.6140339374542236,TP
2364,1,1,0.6679613590240479,0.6679613590240479,TP
2365,1,1,0.6286500692367554,0.6286500692367554,TP
2366,1,1,0.6494706869125366,0.6494706869125366,TP
2367,1,1,0.6609849333763123,0.6609849333763123,TP
2368,1,1,0.6596277356147766,0.6596277356147766,TP
2369,1,1,0.667207658290863,0.667207658290863,TP
2370,1,1,0.6829782724380493,0.6829782724380493,TP
2371,1,1,0.6981227397918701,0.6981227397918701,TP
2372,1,1,0.6954231858253479,0.6954231858253479,TP
2373,1,1,0.7387441992759705,0.7387441992759705,TP
2374,1,1,0.7050138711929321,0.7050138711929321,TP
2375,1,1,0.7199123501777649,0.7199123501777649,TP
2376,1,1,0.7276122570037842,0.7276122570037842,TP
2377,1,1,0.7560449242591858,0.7560449242591858,TP
2378,1,1,0.8056533932685852,0.8056533932685852,TP
2379,1,1,0.8439381122589111,0.8439381122589111,TP
2380,1,1,0.8420864939689636,0.8420864939689636,TP
2381,1,1,0.8984511494636536,0.8984511494636536,TP
2382,1,1,0.9249632954597473,0.9249632954597473,TP
2383,0,0,0.5851230025291443,0.5851230025291443,TN
2384,0,0,0.5754299163818359,0.5754299163818359,TN
2385,0,0,0.6029736399650574,0.6029736399650574,TN
2386,0,0,0.5995761156082153,0.5995761156082153,TN
2387,0,0,0.581579864025116,0.581579864025116,TN
2388,0,0,0.5817479491233826,0.5817479491233826,TN
2389,0,0,0.5884395241737366,0.5884395241737366,TN
2390,0,0,0.5788623094558716,0.5788623094558716,TN
2391,0,0,0.5901477336883545,0.5901477336883545,TN
2392,0,0,0.5976268649101257,0.5976268649101257,TN
2393,0,1,0.6265890002250671,0.6265890002250671,FP
2394,0,0,0.6090938448905945,0.6090938448905945,TN
2395,0,0,0.5768840312957764,0.5768840312957764,TN
2396,0,0,0.5874573588371277,0.5874573588371277,TN
2397,0,0,0.6111366152763367,0.6111366152763367,TN
2398,0,0,0.594383180141449,0.594383180141449,TN
2399,0,0,0.5920416116714478,0.5920416116714478,TN
2400,0,0,0.6108173131942749,0.6108173131942749,TN
2401,0,0,0.5788944363594055,0.5788944363594055,TN
2402,0,0,0.5697165131568909,0.5697165131568909,TN
2403,0,0,0.5969333648681641,0.5969333648681641,TN
2404,0,0,0.5538022518157959,0.5538022518157959,TN
2405,0,0,0.5689423084259033,0.5689423084259033,TN
2406,0,0,0.5460968613624573,0.5460968613624573,TN
2407,0,0,0.6078508496284485,0.6078508496284485,TN
2408,0,0,0.5592685341835022,0.5592685341835022,TN
2409,0,0,0.5637040734291077,0.5637040734291077,TN
2410,0,0,0.5570259690284729,0.5570259690284729,TN
2411,0,0,0.5809009075164795,0.5809009075164795,TN
2412,0,1,0.6221454739570618,0.6221454739570618,FP
2413,0,0,0.5810176730155945,0.5810176730155945,TN
2414,0,0,0.5592315196990967,0.5592315196990967,TN
2415,0,0,0.5661488175392151,0.5661488175392151,TN
2416,0,0,0.5617935061454773,0.5617935061454773,TN
2417,0,0,0.558590829372406,0.558590829372406,TN
2418,0,0,0.572694718837738,0.572694718837738,TN
2419,0,0,0.5594454407691956,0.5594454407691956,TN
2420,0,0,0.5614941120147705,0.5614941120147705,TN
2421,0,0,0.553415834903717,0.553415834903717,TN
2422,0,0,0.5643143653869629,0.5643143653869629,TN
2423,0,0,0.5485718250274658,0.5485718250274658,TN
2424,0,0,0.5473153591156006,0.5473153591156006,TN
2425,0,0,0.5601473450660706,0.5601473450660706,TN
2426,0,0,0.5669273138046265,0.5669273138046265,TN
2427,0,0,0.5580970048904419,0.5580970048904419,TN
2428,0,0,0.5888859033584595,0.5888859033584595,TN
2429,0,0,0.5560397505760193,0.5560397505760193,TN
2430,0,0,0.558618426322937,0.558618426322937,TN
2431,0,0,0.5791943073272705,0.5791943073272705,TN
2432,0,0,0.557268500328064,0.557268500328064,TN
2433,0,0,0.5731476545333862,0.5731476545333862,TN
2434,0,0,0.5647532939910889,0.5647532939910889,TN
2435,0,0,0.5501638650894165,0.5501638650894165,TN
2436,0,0,0.5569190382957458,0.5569190382957458,TN
2437,0,0,0.5752994418144226,0.5752994418144226,TN
2438,0,0,0.5458309650421143,0.5458309650421143,TN
2439,0,0,0.5639857649803162,0.5639857649803162,TN
2440,0,0,0.5484053492546082,0.5484053492546082,TN
2441,0,0,0.5440952777862549,0.5440952777862549,TN
2442,0,0,0.5294080972671509,0.5294080972671509,TN
2443,0,0,0.519967257976532,0.519967257976532,TN
2444,0,0,0.5238446593284607,0.5238446593284607,TN
2445,0,0,0.5192767977714539,0.5192767977714539,TN
2446,0,0,0.5230525732040405,0.5230525732040405,TN
2447,0,0,0.5073824524879456,0.5073824524879456,TN
2448,0,0,0.5101473331451416,0.5101473331451416,TN
2449,0,0,0.5087487101554871,0.5087487101554871,TN
2450,0,0,0.504843533039093,0.504843533039093,TN
2451,0,0,0.5250664949417114,0.5250664949417114,TN
2452,0,0,0.5117403268814087,0.5117403268814087,TN
2453,0,0,0.5175062417984009,0.5175062417984009,TN
2454,0,0,0.5098411440849304,0.5098411440849304,TN
2455,0,0,0.5121825933456421,0.5121825933456421,TN
2456,0,0,0.5076013803482056,0.5076013803482056,TN
2457,0,0,0.5141933560371399,0.5141933560371399,TN
2458,0,0,0.5080202221870422,0.5080202221870422,TN
2459,0,0,0.5245916247367859,0.5245916247367859,TN
2460,0,0,0.5053529143333435,0.5053529143333435,TN
2461,0,0,0.4984387457370758,0.4984387457370758,TN
2462,0,0,0.4983450174331665,0.4983450174331665,TN
2463,0,0,0.5159784555435181,0.5159784555435181,TN
2464,0,0,0.5121002793312073,0.5121002793312073,TN
2465,0,0,0.5174860954284668,0.5174860954284668,TN
2466,0,0,0.5169616937637329,0.5169616937637329,TN
2467,0,0,0.5135163068771362,0.5135163068771362,TN
2468,0,0,0.5151204466819763,0.5151204466819763,TN
2469,0,0,0.5233680605888367,0.5233680605888367,TN
2470,0,0,0.528367817401886,0.528367817401886,TN
2471,0,0,0.5426030158996582,0.5426030158996582,TN
2472,0,0,0.5448405742645264,0.5448405742645264,TN
2473,0,0,0.554815948009491,0.554815948009491,TN
2474,0,0,0.542766273021698,0.542766273021698,TN
2475,0,0,0.5480906963348389,0.5480906963348389,TN
2476,0,0,0.5545206665992737,0.5545206665992737,TN
2477,0,0,0.5534773468971252,0.5534773468971252,TN
2478,0,0,0.551500678062439,0.551500678062439,TN
2479,0,0,0.5613834261894226,0.5613834261894226,TN
2480,0,1,0.629635214805603,0.629635214805603,FP
2481,0,0,0.5799638628959656,0.5799638628959656,TN
2482,0,1,0.6221608519554138,0.6221608519554138,FP
2483,0,0,0.6006417870521545,0.6006417870521545,TN
2484,0,0,0.5849859118461609,0.5849859118461609,TN
2485,0,0,0.5586753487586975,0.5586753487586975,TN
2486,0,0,0.6067551374435425,0.6067551374435425,TN
2487,0,0,0.5924911499023438,0.5924911499023438,TN
2488,0,0,0.5740182995796204,0.5740182995796204,TN
2489,0,0,0.5759921073913574,0.5759921073913574,TN
2490,0,0,0.5701130628585815,0.5701130628585815,TN
2491,0,0,0.5809051394462585,0.5809051394462585,TN
2492,0,0,0.5678879022598267,0.5678879022598267,TN
2493,0,0,0.5881766676902771,0.5881766676902771,TN
2494,0,0,0.5700371265411377,0.5700371265411377,TN
2495,0,0,0.5920301675796509,0.5920301675796509,TN
2496,0,0,0.581861138343811,0.581861138343811,TN
2497,0,0,0.5623007416725159,0.5623007416725159,TN
2498,0,0,0.6101958751678467,0.6101958751678467,TN
2499,0,0,0.5965951085090637,0.5965951085090637,TN
2500,0,0,0.6078432202339172,0.6078432202339172,TN
2501,0,0,0.6044031381607056,0.6044031381607056,TN
2502,0,0,0.5603458285331726,0.5603458285331726,TN
2503,0,0,0.5542187690734863,0.5542187690734863,TN
2504,0,0,0.6115102171897888,0.6115102171897888,TN
2505,0,0,0.5814103484153748,0.5814103484153748,TN
2506,0,0,0.5406697988510132,0.5406697988510132,TN
2507,0,0,0.5559605956077576,0.5559605956077576,TN
2508,0,0,0.5759925246238708,0.5759925246238708,TN
2509,0,0,0.5670139789581299,0.5670139789581299,TN
2510,0,0,0.5618362426757812,0.5618362426757812,TN
2511,0,0,0.5470238924026489,0.5470238924026489,TN
2512,0,0,0.5568817257881165,0.5568817257881165,TN
2513,0,0,0.5447180271148682,0.5447180271148682,TN
2514,0,0,0.5397511124610901,0.5397511124610901,TN
2515,0,0,0.5583823919296265,0.5583823919296265,TN
2516,0,0,0.603710949420929,0.603710949420929,TN
2517,0,0,0.5534589290618896,0.5534589290618896,TN
2518,0,0,0.5226397514343262,0.5226397514343262,TN
2519,0,0,0.5693157315254211,0.5693157315254211,TN
2520,0,0,0.5470029711723328,0.5470029711723328,TN
2521,0,0,0.510478138923645,0.510478138923645,TN
2522,0,0,0.5184857845306396,0.5184857845306396,TN
2523,0,0,0.534684956073761,0.534684956073761,TN
2524,0,0,0.5501958131790161,0.5501958131790161,TN
2525,0,0,0.5259692072868347,0.5259692072868347,TN
2526,0,0,0.5367579460144043,0.5367579460144043,TN
2527,0,0,0.5416496992111206,0.5416496992111206,TN
2528,0,0,0.5231876373291016,0.5231876373291016,TN
2529,0,0,0.5240370035171509,0.5240370035171509,TN
2530,0,0,0.5318815112113953,0.5318815112113953,TN
2531,0,0,0.5423279404640198,0.5423279404640198,TN
2532,0,0,0.5293548703193665,0.5293548703193665,TN
2533,0,0,0.5261296629905701,0.5261296629905701,TN
2534,0,0,0.5133739113807678,0.5133739113807678,TN
2535,0,0,0.5461978316307068,0.5461978316307068,TN
2536,0,0,0.5354759693145752,0.5354759693145752,TN
2537,0,0,0.5472991466522217,0.5472991466522217,TN
2538,0,0,0.5040565729141235,0.5040565729141235,TN
2539,0,0,0.5576397180557251,0.5576397180557251,TN
2540,0,0,0.5308217406272888,0.5308217406272888,TN
2541,0,0,0.5494376420974731,0.5494376420974731,TN
2542,0,0,0.5362600088119507,0.5362600088119507,TN
2543,0,0,0.5381788015365601,0.5381788015365601,TN
2544,0,0,0.5211958885192871,0.5211958885192871,TN
2545,0,0,0.5297819375991821,0.5297819375991821,TN
2546,0,0,0.5132479071617126,0.5132479071617126,TN
2547,0,0,0.5189480781555176,0.5189480781555176,TN
2548,0,0,0.5311618447303772,0.5311618447303772,TN
2549,0,0,0.5131493210792542,0.5131493210792542,TN
2550,0,0,0.533877432346344,0.533877432346344,TN
2551,0,0,0.5467628836631775,0.5467628836631775,TN
2552,0,0,0.5939557552337646,0.5939557552337646,TN
2553,0,0,0.5511142015457153,0.5511142015457153,TN
2554,0,0,0.5317285656929016,0.5317285656929016,TN
2555,0,0,0.5312669277191162,0.5312669277191162,TN
2556,0,0,0.5033934116363525,0.5033934116363525,TN
2557,0,0,0.6036177277565002,0.6036177277565002,TN
2558,0,0,0.5562544465065002,0.5562544465065002,TN
2559,0,0,0.5668507218360901,0.5668507218360901,TN
2560,0,0,0.6100252270698547,0.6100252270698547,TN
2561,0,0,0.571830689907074,0.571830689907074,TN
2562,0,0,0.5960546731948853,0.5960546731948853,TN
2563,0,0,0.5758097767829895,0.5758097767829895,TN
2564,0,0,0.5411303043365479,0.5411303043365479,TN
2565,0,0,0.611886203289032,0.611886203289032,TN
2566,0,0,0.5963075757026672,0.5963075757026672,TN
2567,0,0,0.5807853937149048,0.5807853937149048,TN
2568,0,1,0.6285198330879211,0.6285198330879211,FP
2569,0,0,0.5706020593643188,0.5706020593643188,TN
2570,0,0,0.567965030670166,0.567965030670166,TN
2571,0,0,0.6046698689460754,0.6046698689460754,TN
2572,0,0,0.5637514591217041,0.5637514591217041,TN
2573,0,0,0.5757197737693787,0.5757197737693787,TN
2574,0,0,0.5661126971244812,0.5661126971244812,TN
2575,0,0,0.5894401669502258,0.5894401669502258,TN
2576,0,0,0.5657267570495605,0.5657267570495605,TN
2577,0,0,0.5624392628669739,0.5624392628669739,TN
2578,0,0,0.5717914700508118,0.5717914700508118,TN
2579,0,0,0.5559980273246765,0.5559980273246765,TN
2580,0,0,0.5747911334037781,0.5747911334037781,TN
2581,0,1,0.6206278204917908,0.6206278204917908,FP
2582,0,0,0.5782791376113892,0.5782791376113892,TN
2583,0,0,0.5533002614974976,0.5533002614974976,TN
2584,0,0,0.5666021704673767,0.5666021704673767,TN
2585,0,0,0.5553893446922302,0.5553893446922302,TN
2586,0,0,0.5599197149276733,0.5599197149276733,TN
2587,0,0,0.5631062984466553,0.5631062984466553,TN
2588,0,0,0.5751910209655762,0.5751910209655762,TN
2589,0,0,0.5615232586860657,0.5615232586860657,TN
2590,0,0,0.5569109916687012,0.5569109916687012,TN
2591,0,0,0.5583549737930298,0.5583549737930298,TN
2592,0,0,0.586266279220581,0.586266279220581,TN
2593,0,0,0.5703250169754028,0.5703250169754028,TN
2594,0,0,0.5962710380554199,0.5962710380554199,TN
2595,0,0,0.6102981567382812,0.6102981567382812,TN
2596,0,0,0.6077409386634827,0.6077409386634827,TN
2597,0,0,0.6121070384979248,0.6121070384979248,TN
2598,0,0,0.6065922379493713,0.6065922379493713,TN
2599,0,1,0.6294974088668823,0.6294974088668823,FP
2600,0,1,0.6498198509216309,0.6498198509216309,FP
2601,0,1,0.6577000617980957,0.6577000617980957,FP
2602,0,1,0.6706562042236328,0.6706562042236328,FP
2603,0,1,0.6844291687011719,0.6844291687011719,FP
2604,0,1,0.6753309369087219,0.6753309369087219,FP
2605,0,1,0.695310652256012,0.695310652256012,FP
2606,0,1,0.6751701831817627,0.6751701831817627,FP
2607,0,1,0.687143862247467,0.687143862247467,FP
2608,0,1,0.6901849508285522,0.6901849508285522,FP
2609,0,1,0.6879264712333679,0.6879264712333679,FP
2610,1,1,0.6910427808761597,0.6910427808761597,TP
2611,1,1,0.6998163461685181,0.6998163461685181,TP
2612,1,1,0.692546546459198,0.692546546459198,TP
2613,1,1,0.6934662461280823,0.6934662461280823,TP
2614,1,1,0.7036920189857483,0.7036920189857483,TP
2615,1,1,0.7148962616920471,0.7148962616920471,TP
2616,1,1,0.7243658304214478,0.7243658304214478,TP
2617,1,1,0.7414871454238892,0.7414871454238892,TP
2618,1,1,0.7611725330352783,0.7611725330352783,TP
2619,1,1,0.767850935459137,0.767850935459137,TP
2620,1,1,0.7865082025527954,0.7865082025527954,TP
2621,1,1,0.7729114294052124,0.7729114294052124,TP
2622,1,1,0.8018887042999268,0.8018887042999268,TP
2623,1,1,0.7946265935897827,0.7946265935897827,TP
2624,1,1,0.7951207160949707,0.7951207160949707,TP
2625,1,1,0.8160116076469421,0.8160116076469421,TP
2626,1,1,0.8095536231994629,0.8095536231994629,TP
2627,1,1,0.8285936117172241,0.8285936117172241,TP
2628,1,1,0.8393930196762085,0.8393930196762085,TP
2629,1,1,0.8698676228523254,0.8698676228523254,TP
2630,1,1,0.925841748714447,0.925841748714447,TP
2631,1,1,0.9492787718772888,0.9492787718772888,TP
2632,1,1,0.984331488609314,0.984331488609314,TP
2633,1,1,1.0442613363265991,1.0442613363265991,TP
2634,0,0,0.5531885623931885,0.5531885623931885,TN
2635,0,0,0.5414840579032898,0.5414840579032898,TN
2636,0,0,0.5402871370315552,0.5402871370315552,TN
2637,0,0,0.551533043384552,0.551533043384552,TN
2638,0,0,0.55859375,0.55859375,TN
2639,0,0,0.5637524127960205,0.5637524127960205,TN
2640,0,0,0.5665856599807739,0.5665856599807739,TN
2641,0,0,0.553711473941803,0.553711473941803,TN
2642,0,0,0.5540524125099182,0.5540524125099182,TN
2643,0,0,0.5512157678604126,0.5512157678604126,TN
2644,0,0,0.5424630641937256,0.5424630641937256,TN
2645,0,0,0.5488147735595703,0.5488147735595703,TN
2646,0,0,0.5476682782173157,0.5476682782173157,TN
2647,0,0,0.5654196739196777,0.5654196739196777,TN
2648,0,0,0.5535494089126587,0.5535494089126587,TN
2649,0,0,0.5697921514511108,0.5697921514511108,TN
2650,0,0,0.5710556507110596,0.5710556507110596,TN
2651,0,0,0.5701072216033936,0.5701072216033936,TN
2652,0,0,0.5757664442062378,0.5757664442062378,TN
2653,0,0,0.565291702747345,0.565291702747345,TN
2654,0,0,0.5617644786834717,0.5617644786834717,TN
2655,0,0,0.5780135989189148,0.5780135989189148,TN
2656,0,0,0.5680042505264282,0.5680042505264282,TN
2657,0,0,0.5852658748626709,0.5852658748626709,TN
2658,0,0,0.5962537527084351,0.5962537527084351,TN
2659,0,0,0.5922821760177612,0.5922821760177612,TN
2660,0,0,0.5906733870506287,0.5906733870506287,TN
2661,0,0,0.5856301188468933,0.5856301188468933,TN
2662,0,0,0.5818685293197632,0.5818685293197632,TN
2663,0,0,0.5819008350372314,0.5819008350372314,TN
2664,0,0,0.5947206020355225,0.5947206020355225,TN
2665,0,0,0.6017923355102539,0.6017923355102539,TN
2666,0,0,0.5773239135742188,0.5773239135742188,TN
2667,0,0,0.578376293182373,0.578376293182373,TN
2668,0,0,0.5731363892555237,0.5731363892555237,TN
2669,0,0,0.5878555774688721,0.5878555774688721,TN
2670,0,0,0.5760107636451721,0.5760107636451721,TN
2671,0,0,0.5904372334480286,0.5904372334480286,TN
2672,0,0,0.5950611233711243,0.5950611233711243,TN
2673,0,0,0.5939955711364746,0.5939955711364746,TN
2674,0,0,0.5746383666992188,0.5746383666992188,TN
2675,0,0,0.5792187452316284,0.5792187452316284,TN
2676,0,0,0.5712196230888367,0.5712196230888367,TN
2677,0,0,0.5713589191436768,0.5713589191436768,TN
2678,0,0,0.5744280219078064,0.5744280219078064,TN
2679,0,0,0.5646029114723206,0.5646029114723206,TN
2680,0,0,0.5575405359268188,0.5575405359268188,TN
2681,0,0,0.5584102869033813,0.5584102869033813,TN
2682,0,0,0.5660266280174255,0.5660266280174255,TN
2683,0,0,0.5772899389266968,0.5772899389266968,TN
2684,0,0,0.5641148686408997,0.5641148686408997,TN
2685,0,0,0.5734479427337646,0.5734479427337646,TN
2686,0,0,0.5777480006217957,0.5777480006217957,TN
2687,0,0,0.5573355555534363,0.5573355555534363,TN
2688,0,0,0.5572585463523865,0.5572585463523865,TN
2689,0,0,0.5468230247497559,0.5468230247497559,TN
2690,0,0,0.5443354249000549,0.5443354249000549,TN
2691,0,0,0.5489158034324646,0.5489158034324646,TN
2692,0,0,0.5507243871688843,0.5507243871688843,TN
2693,0,0,0.5703186988830566,0.5703186988830566,TN
2694,0,0,0.5588074922561646,0.5588074922561646,TN
2695,0,0,0.5578354001045227,0.5578354001045227,TN
2696,0,0,0.5558367371559143,0.5558367371559143,TN
2697,0,0,0.551224946975708,0.551224946975708,TN
2698,0,0,0.5459644794464111,0.5459644794464111,TN
2699,0,0,0.5342925786972046,0.5342925786972046,TN
2700,0,0,0.5592855215072632,0.5592855215072632,TN
2701,0,0,0.5712588429450989,0.5712588429450989,TN
2702,0,0,0.5495131015777588,0.5495131015777588,TN
2703,0,0,0.559475302696228,0.559475302696228,TN
2704,0,0,0.5439360737800598,0.5439360737800598,TN
2705,0,0,0.5507930517196655,0.5507930517196655,TN
2706,0,0,0.5625429749488831,0.5625429749488831,TN
2707,0,0,0.548012912273407,0.548012912273407,TN
2708,0,0,0.551287829875946,0.551287829875946,TN
2709,0,0,0.5628781318664551,0.5628781318664551,TN
2710,0,0,0.5505363345146179,0.5505363345146179,TN
2711,0,0,0.5571221709251404,0.5571221709251404,TN
2712,0,0,0.5455915331840515,0.5455915331840515,TN
2713,0,0,0.5526783466339111,0.5526783466339111,TN
2714,0,0,0.5549762845039368,0.5549762845039368,TN
2715,0,0,0.565396785736084,0.565396785736084,TN
2716,0,0,0.5619344115257263,0.5619344115257263,TN
2717,0,0,0.5505561828613281,0.5505561828613281,TN
2718,0,0,0.5586614608764648,0.5586614608764648,TN
2719,0,0,0.5494420528411865,0.5494420528411865,TN
2720,0,0,0.5531139969825745,0.5531139969825745,TN
2721,0,0,0.5434932708740234,0.5434932708740234,TN
2722,0,0,0.5415162444114685,0.5415162444114685,TN
2723,0,0,0.5280104279518127,0.5280104279518127,TN
2724,0,0,0.5265229940414429,0.5265229940414429,TN
2725,0,0,0.5675939917564392,0.5675939917564392,TN
2726,0,0,0.5501030683517456,0.5501030683517456,TN
2727,0,0,0.5314276218414307,0.5314276218414307,TN
2728,0,0,0.5340755581855774,0.5340755581855774,TN
2729,0,0,0.5366094708442688,0.5366094708442688,TN
2730,0,0,0.5575340986251831,0.5575340986251831,TN
2731,0,0,0.567095935344696,0.567095935344696,TN
2732,0,0,0.5415757894515991,0.5415757894515991,TN
2733,0,0,0.5319170951843262,0.5319170951843262,TN
2734,0,0,0.5376483798027039,0.5376483798027039,TN
2735,0,0,0.5574243068695068,0.5574243068695068,TN
2736,0,0,0.5327025055885315,0.5327025055885315,TN
2737,0,0,0.5564631819725037,0.5564631819725037,TN
2738,0,0,0.5673148036003113,0.5673148036003113,TN
2739,0,0,0.539817750453949,0.539817750453949,TN
2740,0,0,0.5842375755310059,0.5842375755310059,TN
2741,0,0,0.5430806875228882,0.5430806875228882,TN
2742,0,0,0.5610687136650085,0.5610687136650085,TN
2743,0,0,0.5348629951477051,0.5348629951477051,TN
2744,0,0,0.5485198497772217,0.5485198497772217,TN
2745,0,0,0.5675041079521179,0.5675041079521179,TN
2746,0,0,0.5774927735328674,0.5774927735328674,TN
2747,0,0,0.5572896003723145,0.5572896003723145,TN
2748,0,0,0.6044895648956299,0.6044895648956299,TN
2749,0,0,0.5869318246841431,0.5869318246841431,TN
2750,0,0,0.602763831615448,0.602763831615448,TN
2751,0,1,0.6369029879570007,0.6369029879570007,FP
2752,0,0,0.6069015264511108,0.6069015264511108,TN
2753,0,1,0.6138805150985718,0.6138805150985718,FP
2754,0,0,0.5612324476242065,0.5612324476242065,TN
2755,0,0,0.5920189023017883,0.5920189023017883,TN
2756,0,1,0.6183964610099792,0.6183964610099792,FP
2757,0,0,0.5823595523834229,0.5823595523834229,TN
2758,0,1,0.6231088042259216,0.6231088042259216,FP
2759,0,1,0.6356300115585327,0.6356300115585327,FP
2760,0,1,0.6489023566246033,0.6489023566246033,FP
2761,0,1,0.6953895688056946,0.6953895688056946,FP
2762,0,1,0.6706932187080383,0.6706932187080383,FP
2763,1,1,0.6847416758537292,0.6847416758537292,TP
2764,1,1,0.7102735042572021,0.7102735042572021,TP
2765,1,1,0.7024231553077698,0.7024231553077698,TP
2766,1,1,0.7201453447341919,0.7201453447341919,TP
2767,1,1,0.6824855804443359,0.6824855804443359,TP
2768,1,1,0.7632249593734741,0.7632249593734741,TP
2769,1,1,0.7297806739807129,0.7297806739807129,TP
2770,1,1,0.7772809863090515,0.7772809863090515,TP
2771,1,1,0.8116948008537292,0.8116948008537292,TP
2772,1,1,0.8667477369308472,0.8667477369308472,TP
2773,1,1,0.9024995565414429,0.9024995565414429,TP
2774,1,1,0.9042221307754517,0.9042221307754517,TP
2775,1,1,0.866416335105896,0.866416335105896,TP
2776,1,1,0.9522039294242859,0.9522039294242859,TP
2777,1,1,0.9705603122711182,0.9705603122711182,TP
2778,1,1,0.9857886433601379,0.9857886433601379,TP
2779,1,1,1.0339720249176025,1.0339720249176025,TP
2780,1,1,1.0190166234970093,1.0190166234970093,TP
2781,1,1,1.1110572814941406,1.1110572814941406,TP
2782,1,1,1.0937409400939941,1.0937409400939941,TP
2783,0,0,0.49258875846862793,0.49258875846862793,TN
2784,0,0,0.4773595333099365,0.4773595333099365,TN
2785,0,0,0.5066034197807312,0.5066034197807312,TN
2786,0,0,0.4922877252101898,0.4922877252101898,TN
2787,0,0,0.49667641520500183,0.49667641520500183,TN
2788,0,0,0.4953460395336151,0.4953460395336151,TN
2789,0,0,0.48670944571495056,0.48670944571495056,TN
2790,0,0,0.4928843677043915,0.4928843677043915,TN
2791,0,0,0.4893854558467865,0.4893854558467865,TN
2792,0,0,0.5043035745620728,0.5043035745620728,TN
2793,0,0,0.497099369764328,0.497099369764328,TN
2794,0,0,0.5132484436035156,0.5132484436035156,TN
2795,0,0,0.504266619682312,0.504266619682312,TN
2796,0,0,0.5045953392982483,0.5045953392982483,TN
2797,0,0,0.5332567095756531,0.5332567095756531,TN
2798,0,0,0.5165988802909851,0.5165988802909851,TN
2799,0,0,0.512972891330719,0.512972891330719,TN
2800,0,0,0.5077588558197021,0.5077588558197021,TN
2801,0,0,0.5284391641616821,0.5284391641616821,TN
2802,0,0,0.49176207184791565,0.49176207184791565,TN
2803,0,0,0.5188061594963074,0.5188061594963074,TN
2804,0,0,0.5098892450332642,0.5098892450332642,TN
2805,0,0,0.5212391018867493,0.5212391018867493,TN
2806,0,0,0.5228155255317688,0.5228155255317688,TN
2807,0,0,0.5215901732444763,0.5215901732444763,TN
2808,0,0,0.5435903072357178,0.5435903072357178,TN
2809,0,0,0.520102322101593,0.520102322101593,TN
2810,0,0,0.5201364159584045,0.5201364159584045,TN
2811,0,0,0.5469099879264832,0.5469099879264832,TN
2812,0,0,0.5401809811592102,0.5401809811592102,TN
2813,0,0,0.5326123237609863,0.5326123237609863,TN
2814,0,0,0.5376270413398743,0.5376270413398743,TN
2815,0,0,0.5151247978210449,0.5151247978210449,TN
2816,0,0,0.5238589644432068,0.5238589644432068,TN
2817,0,0,0.5317277312278748,0.5317277312278748,TN
2818,0,0,0.5322820544242859,0.5322820544242859,TN
2819,0,0,0.5225071907043457,0.5225071907043457,TN
2820,0,0,0.5309669971466064,0.5309669971466064,TN
2821,0,0,0.5295680165290833,0.5295680165290833,TN
2822,0,0,0.54303377866745,0.54303377866745,TN
2823,0,0,0.549476683139801,0.549476683139801,TN
2824,0,0,0.5443397760391235,0.5443397760391235,TN
2825,0,0,0.5431139469146729,0.5431139469146729,TN
2826,0,0,0.5481019020080566,0.5481019020080566,TN
2827,0,0,0.5476433038711548,0.5476433038711548,TN
2828,0,0,0.5597075819969177,0.5597075819969177,TN
2829,0,0,0.5370781421661377,0.5370781421661377,TN
2830,0,0,0.5423271656036377,0.5423271656036377,TN
2831,0,0,0.5539615154266357,0.5539615154266357,TN
2832,0,0,0.5540855526924133,0.5540855526924133,TN
2833,0,0,0.5679124593734741,0.5679124593734741,TN
2834,0,0,0.5789974331855774,0.5789974331855774,TN
2835,0,0,0.5725625157356262,0.5725625157356262,TN
2836,0,0,0.5921960473060608,0.5921960473060608,TN
2837,0,0,0.5948781371116638,0.5948781371116638,TN
2838,0,0,0.5685836672782898,0.5685836672782898,TN
2839,0,0,0.5856317281723022,0.5856317281723022,TN
2840,0,0,0.5995962619781494,0.5995962619781494,TN
2841,0,0,0.5807298421859741,0.5807298421859741,TN
2842,0,0,0.5708842277526855,0.5708842277526855,TN
2843,0,0,0.6068127155303955,0.6068127155303955,TN
2844,0,0,0.6082813143730164,0.6082813143730164,TN
2845,0,1,0.6164498925209045,0.6164498925209045,FP
2846,0,1,0.621406614780426,0.621406614780426,FP
2847,0,0,0.6033622026443481,0.6033622026443481,TN
2848,1,1,0.6495971083641052,0.6495971083641052,TP
2849,1,1,0.6295652389526367,0.6295652389526367,TP
2850,1,1,0.6297902464866638,0.6297902464866638,TP
2851,1,1,0.6429388523101807,0.6429388523101807,TP
2852,1,1,0.6441304683685303,0.6441304683685303,TP
2853,1,1,0.6463728547096252,0.6463728547096252,TP
2854,1,1,0.6916285157203674,0.6916285157203674,TP
2855,1,1,0.6683695316314697,0.6683695316314697,TP
2856,1,1,0.6920427680015564,0.6920427680015564,TP
2857,1,1,0.697877049446106,0.697877049446106,TP
2858,1,1,0.7014116644859314,0.7014116644859314,TP
2859,1,1,0.7331483960151672,0.7331483960151672,TP
2860,0,0,0.5274078845977783,0.5274078845977783,TN
2861,0,0,0.5323567986488342,0.5323567986488342,TN
2862,0,0,0.5444302558898926,0.5444302558898926,TN
2863,0,0,0.522894561290741,0.522894561290741,TN
2864,0,0,0.5136587023735046,0.5136587023735046,TN
2865,0,0,0.531381368637085,0.531381368637085,TN
2866,0,0,0.5405027866363525,0.5405027866363525,TN
2867,0,0,0.5134651064872742,0.5134651064872742,TN
2868,0,0,0.5280634164810181,0.5280634164810181,TN
2869,0,0,0.525454044342041,0.525454044342041,TN
2870,0,0,0.5425257682800293,0.5425257682800293,TN
2871,0,0,0.5297002792358398,0.5297002792358398,TN
2872,0,0,0.5303338766098022,0.5303338766098022,TN
2873,0,0,0.5209314823150635,0.5209314823150635,TN
2874,0,0,0.5538697838783264,0.5538697838783264,TN
2875,0,0,0.5399704575538635,0.5399704575538635,TN
2876,0,0,0.5626642107963562,0.5626642107963562,TN
2877,0,0,0.5323260426521301,0.5323260426521301,TN
2878,0,0,0.5392389893531799,0.5392389893531799,TN
2879,0,0,0.555936872959137,0.555936872959137,TN
2880,0,0,0.5230080485343933,0.5230080485343933,TN
2881,0,0,0.5411422252655029,0.5411422252655029,TN
2882,0,0,0.5073005557060242,0.5073005557060242,TN
2883,0,0,0.5170173645019531,0.5170173645019531,TN
2884,0,0,0.5329910516738892,0.5329910516738892,TN
2885,0,0,0.5364691615104675,0.5364691615104675,TN
2886,0,0,0.5311664342880249,0.5311664342880249,TN
2887,0,0,0.5343514084815979,0.5343514084815979,TN
2888,0,0,0.549206554889679,0.549206554889679,TN
2889,0,0,0.5264633297920227,0.5264633297920227,TN
2890,0,0,0.5491278767585754,0.5491278767585754,TN
2891,0,0,0.5477368235588074,0.5477368235588074,TN
2892,0,0,0.5356394052505493,0.5356394052505493,TN
2893,0,0,0.5411427617073059,0.5411427617073059,TN
2894,0,0,0.5740354061126709,0.5740354061126709,TN
2895,0,0,0.5769715309143066,0.5769715309143066,TN
2896,0,0,0.5742859840393066,0.5742859840393066,TN
2897,0,0,0.5918785333633423,0.5918785333633423,TN
2898,0,0,0.5569510459899902,0.5569510459899902,TN
2899,0,0,0.5676413178443909,0.5676413178443909,TN
2900,0,0,0.5557049512863159,0.5557049512863159,TN
2901,0,0,0.5500178933143616,0.5500178933143616,TN
2902,0,0,0.5512568950653076,0.5512568950653076,TN
2903,0,0,0.5544030666351318,0.5544030666351318,TN
2904,0,0,0.5593955516815186,0.5593955516815186,TN
2905,0,0,0.5601848363876343,0.5601848363876343,TN
2906,0,0,0.5747501254081726,0.5747501254081726,TN
2907,0,0,0.5670234560966492,0.5670234560966492,TN
2908,0,0,0.5717816352844238,0.5717816352844238,TN
2909,0,0,0.5750316977500916,0.5750316977500916,TN
2910,0,0,0.5801854133605957,0.5801854133605957,TN
2911,0,0,0.5871486067771912,0.5871486067771912,TN
2912,0,0,0.5891491174697876,0.5891491174697876,TN
2913,0,0,0.5819725394248962,0.5819725394248962,TN
2914,0,0,0.6019905209541321,0.6019905209541321,TN
2915,0,0,0.594066858291626,0.594066858291626,TN
2916,0,0,0.6089010238647461,0.6089010238647461,TN
2917,0,0,0.5904269814491272,0.5904269814491272,TN
2918,0,0,0.6057023406028748,0.6057023406028748,TN
2919,0,1,0.6200447678565979,0.6200447678565979,FP
2920,0,1,0.6208842396736145,0.6208842396736145,FP
2921,0,1,0.6357179284095764,0.6357179284095764,FP
2922,1,1,0.6163540482521057,0.6163540482521057,TP
2923,1,1,0.6768473982810974,0.6768473982810974,TP
2924,1,1,0.6209763288497925,0.6209763288497925,TP
2925,1,1,0.6319535970687866,0.6319535970687866,TP
2926,1,1,0.6898192763328552,0.6898192763328552,TP
2927,1,1,0.6470282673835754,0.6470282673835754,TP
2928,1,1,0.66100013256073,0.66100013256073,TP
2929,1,1,0.6783801913261414,0.6783801913261414,TP
2930,1,1,0.6727496981620789,0.6727496981620789,TP
2931,1,1,0.7079117298126221,0.7079117298126221,TP
2932,0,0,0.492745578289032,0.492745578289032,TN
2933,0,0,0.5134862065315247,0.5134862065315247,TN
2934,0,0,0.49533337354660034,0.49533337354660034,TN
2935,0,0,0.4882448613643646,0.4882448613643646,TN
2936,0,0,0.5215548872947693,0.5215548872947693,TN
2937,0,0,0.5015971064567566,0.5015971064567566,TN
2938,0,0,0.5120410323143005,0.5120410323143005,TN
2939,0,0,0.4789276421070099,0.4789276421070099,TN
2940,0,0,0.4902424216270447,0.4902424216270447,TN
2941,0,0,0.4969773590564728,0.4969773590564728,TN
2942,0,0,0.5093198418617249,0.5093198418617249,TN
2943,0,0,0.5091463923454285,0.5091463923454285,TN
2944,0,0,0.49038851261138916,0.49038851261138916,TN
2945,0,0,0.5368204712867737,0.5368204712867737,TN
2946,0,0,0.5267909169197083,0.5267909169197083,TN
2947,0,0,0.49843722581863403,0.49843722581863403,TN
2948,0,0,0.5028359889984131,0.5028359889984131,TN
2949,0,0,0.4937041997909546,0.4937041997909546,TN
2950,0,0,0.4874085485935211,0.4874085485935211,TN
2951,0,0,0.5026443004608154,0.5026443004608154,TN
2952,0,0,0.5239809155464172,0.5239809155464172,TN
2953,0,0,0.4983481168746948,0.4983481168746948,TN
2954,0,0,0.5005764961242676,0.5005764961242676,TN
2955,0,0,0.5002543926239014,0.5002543926239014,TN
2956,0,0,0.5072067975997925,0.5072067975997925,TN
2957,0,0,0.5155654549598694,0.5155654549598694,TN
2958,0,0,0.5103951096534729,0.5103951096534729,TN
2959,0,0,0.5103020071983337,0.5103020071983337,TN
2960,0,0,0.533673107624054,0.533673107624054,TN
2961,0,0,0.5390082001686096,0.5390082001686096,TN
2962,0,0,0.5171190500259399,0.5171190500259399,TN
2963,0,0,0.5579901337623596,0.5579901337623596,TN
2964,0,0,0.547598659992218,0.547598659992218,TN
2965,0,0,0.51690673828125,0.51690673828125,TN
2966,0,0,0.5186344385147095,0.5186344385147095,TN
2967,0,0,0.5088414549827576,0.5088414549827576,TN
2968,0,0,0.4912984371185303,0.4912984371185303,TN
2969,0,0,0.5202686786651611,0.5202686786651611,TN
2970,0,0,0.5202844142913818,0.5202844142913818,TN
2971,0,0,0.511313259601593,0.511313259601593,TN
2972,0,0,0.5048848986625671,0.5048848986625671,TN
2973,0,0,0.5100735425949097,0.5100735425949097,TN
2974,0,0,0.5182382464408875,0.5182382464408875,TN
2975,0,0,0.527727484703064,0.527727484703064,TN
2976,0,0,0.49664798378944397,0.49664798378944397,TN
2977,0,0,0.5265939831733704,0.5265939831733704,TN
2978,0,0,0.4712660312652588,0.4712660312652588,TN
2979,0,0,0.5377690196037292,0.5377690196037292,TN
2980,0,0,0.5493341684341431,0.5493341684341431,TN
2981,0,0,0.5146117806434631,0.5146117806434631,TN
2982,0,0,0.5060515403747559,0.5060515403747559,TN
2983,0,0,0.5114179849624634,0.5114179849624634,TN
2984,0,0,0.5277265310287476,0.5277265310287476,TN
2985,0,0,0.5393114686012268,0.5393114686012268,TN
2986,0,0,0.5129411816596985,0.5129411816596985,TN
2987,0,0,0.5185379981994629,0.5185379981994629,TN
2988,0,0,0.5558782815933228,0.5558782815933228,TN
2989,0,0,0.5073724389076233,0.5073724389076233,TN
2990,0,0,0.5071157217025757,0.5071157217025757,TN
2991,0,0,0.5208823680877686,0.5208823680877686,TN
2992,0,0,0.5273842811584473,0.5273842811584473,TN
2993,0,0,0.5141160488128662,0.5141160488128662,TN
2994,0,0,0.5094608068466187,0.5094608068466187,TN
2995,0,0,0.5164803862571716,0.5164803862571716,TN
2996,0,0,0.5430457592010498,0.5430457592010498,TN
2997,0,0,0.5198400020599365,0.5198400020599365,TN
2998,0,0,0.5156885385513306,0.5156885385513306,TN
2999,0,0,0.5206393599510193,0.5206393599510193,TN
3000,0,0,0.523486316204071,0.523486316204071,TN
3001,0,0,0.545663595199585,0.545663595199585,TN
3002,0,0,0.5152294635772705,0.5152294635772705,TN
3003,0,0,0.5153492093086243,0.5153492093086243,TN
3004,0,0,0.5473814010620117,0.5473814010620117,TN
3005,0,0,0.5365687012672424,0.5365687012672424,TN
3006,0,0,0.5469706058502197,0.5469706058502197,TN
3007,0,0,0.5601866245269775,0.5601866245269775,TN
3008,0,0,0.5060415863990784,0.5060415863990784,TN
3009,0,0,0.5052143931388855,0.5052143931388855,TN
3010,0,0,0.4983441233634949,0.4983441233634949,TN
3011,0,0,0.5054640173912048,0.5054640173912048,TN
3012,0,0,0.526329755783081,0.526329755783081,TN
3013,0,0,0.498311311006546,0.498311311006546,TN
3014,0,0,0.5065929889678955,0.5065929889678955,TN
3015,0,0,0.5213132500648499,0.5213132500648499,TN
3016,0,0,0.5192709565162659,0.5192709565162659,TN
3017,0,0,0.504613995552063,0.504613995552063,TN
3018,0,0,0.5116718411445618,0.5116718411445618,TN
3019,0,0,0.5103772878646851,0.5103772878646851,TN
3020,0,0,0.5148742198944092,0.5148742198944092,TN
3021,0,0,0.5373544096946716,0.5373544096946716,TN
3022,0,0,0.5327253937721252,0.5327253937721252,TN
3023,0,0,0.526678204536438,0.526678204536438,TN
3024,0,0,0.5326213240623474,0.5326213240623474,TN
3025,0,0,0.5201473832130432,0.5201473832130432,TN
3026,0,0,0.5434678792953491,0.5434678792953491,TN
3027,0,0,0.5060655474662781,0.5060655474662781,TN
3028,0,0,0.5309890508651733,0.5309890508651733,TN
3029,0,0,0.5253742337226868,0.5253742337226868,TN
3030,0,0,0.513450562953949,0.513450562953949,TN
3031,0,0,0.518812894821167,0.518812894821167,TN
3032,0,0,0.5373141765594482,0.5373141765594482,TN
3033,0,0,0.5209844708442688,0.5209844708442688,TN
3034,0,0,0.5220994353294373,0.5220994353294373,TN
3035,0,0,0.50033038854599,0.50033038854599,TN
3036,0,0,0.5034192204475403,0.5034192204475403,TN
3037,0,0,0.509537398815155,0.509537398815155,TN
3038,0,0,0.4967544674873352,0.4967544674873352,TN
3039,0,0,0.49463677406311035,0.49463677406311035,TN
3040,0,0,0.4898315370082855,0.4898315370082855,TN
3041,0,0,0.5134816765785217,0.5134816765785217,TN
3042,0,0,0.4978012442588806,0.4978012442588806,TN
3043,0,0,0.48947662115097046,0.48947662115097046,TN
3044,0,0,0.5125438570976257,0.5125438570976257,TN
3045,0,0,0.49607789516448975,0.49607789516448975,TN
3046,0,0,0.5160914659500122,0.5160914659500122,TN
3047,0,0,0.49165594577789307,0.49165594577789307,TN
3048,0,0,0.496313214302063,0.496313214302063,TN
3049,0,0,0.5173870921134949,0.5173870921134949,TN
3050,0,0,0.5056539177894592,0.5056539177894592,TN
3051,0,0,0.5289896726608276,0.5289896726608276,TN
3052,0,0,0.5005725622177124,0.5005725622177124,TN
3053,0,0,0.5226925015449524,0.5226925015449524,TN
3054,0,0,0.5198567509651184,0.5198567509651184,TN
3055,0,0,0.5361401438713074,0.5361401438713074,TN
3056,0,0,0.5481094717979431,0.5481094717979431,TN
3057,0,0,0.5564501285552979,0.5564501285552979,TN
3058,0,0,0.5251262784004211,0.5251262784004211,TN
3059,0,0,0.5426623821258545,0.5426623821258545,TN
3060,0,0,0.5519416928291321,0.5519416928291321,TN
3061,0,0,0.5298816561698914,0.5298816561698914,TN
3062,0,0,0.5453882813453674,0.5453882813453674,TN
3063,0,0,0.5297592878341675,0.5297592878341675,TN
3064,0,0,0.5805068016052246,0.5805068016052246,TN
3065,0,0,0.5182985067367554,0.5182985067367554,TN
3066,0,0,0.5378534197807312,0.5378534197807312,TN
3067,0,0,0.5554783344268799,0.5554783344268799,TN
3068,0,0,0.5679259300231934,0.5679259300231934,TN
3069,0,0,0.5637651681900024,0.5637651681900024,TN
3070,0,0,0.5655089616775513,0.5655089616775513,TN
3071,0,0,0.5772070288658142,0.5772070288658142,TN
3072,0,0,0.5782667994499207,0.5782667994499207,TN
3073,0,0,0.5813519358634949,0.5813519358634949,TN
3074,0,0,0.5484875440597534,0.5484875440597534,TN
3075,0,0,0.5960959792137146,0.5960959792137146,TN
3076,0,0,0.579791784286499,0.579791784286499,TN
3077,0,0,0.5665318965911865,0.5665318965911865,TN
3078,0,0,0.5519822835922241,0.5519822835922241,TN
3079,0,0,0.5806143283843994,0.5806143283843994,TN
3080,0,0,0.5989181399345398,0.5989181399345398,TN
3081,0,0,0.5994347333908081,0.5994347333908081,TN
3082,0,0,0.5790806412696838,0.5790806412696838,TN
3083,0,0,0.5857774615287781,0.5857774615287781,TN
3084,0,0,0.59642094373703,0.59642094373703,TN
3085,0,1,0.6209100484848022,0.6209100484848022,FP
3086,0,1,0.6351876854896545,0.6351876854896545,FP
3087,0,1,0.621504008769989,0.621504008769989,FP
3088,0,1,0.6645369529724121,0.6645369529724121,FP
3089,1,1,0.6477094292640686,0.6477094292640686,TP
3090,1,1,0.6536123156547546,0.6536123156547546,TP
3091,1,1,0.6582472324371338,0.6582472324371338,TP
3092,0,1,0.6284027099609375,0.6284027099609375,FP
3093,0,1,0.636041522026062,0.636041522026062,FP
3094,0,0,0.5931122303009033,0.5931122303009033,TN
3095,0,0,0.6102694272994995,0.6102694272994995,TN
3096,0,1,0.6318867206573486,0.6318867206573486,FP
3097,0,1,0.6217553615570068,0.6217553615570068,FP
3098,0,1,0.6343981027603149,0.6343981027603149,FP
3099,0,0,0.611494779586792,0.611494779586792,TN
3100,0,1,0.6462432742118835,0.6462432742118835,FP
3101,0,1,0.6415709853172302,0.6415709853172302,FP
3102,0,1,0.6172682642936707,0.6172682642936707,FP
3103,0,0,0.5962766408920288,0.5962766408920288,TN
3104,0,1,0.6591285467147827,0.6591285467147827,FP
3105,0,1,0.6202700734138489,0.6202700734138489,FP
3106,0,1,0.6597947478294373,0.6597947478294373,FP
3107,0,1,0.6361647248268127,0.6361647248268127,FP
3108,0,1,0.628574550151825,0.628574550151825,FP
3109,0,1,0.6273567080497742,0.6273567080497742,FP
3110,0,1,0.6632018089294434,0.6632018089294434,FP
3111,0,1,0.646440327167511,0.646440327167511,FP
3112,0,1,0.620307981967926,0.620307981967926,FP
3113,0,1,0.6626300811767578,0.6626300811767578,FP
3114,0,1,0.6297997832298279,0.6297997832298279,FP
3115,0,1,0.6323028802871704,0.6323028802871704,FP
3116,0,1,0.6495891809463501,0.6495891809463501,FP
3117,0,1,0.6160104274749756,0.6160104274749756,FP
3118,0,1,0.6678147315979004,0.6678147315979004,FP
3119,0,1,0.6202148795127869,0.6202148795127869,FP
3120,0,1,0.6376991271972656,0.6376991271972656,FP
3121,0,1,0.6373867988586426,0.6373867988586426,FP
3122,0,1,0.6161982417106628,0.6161982417106628,FP
3123,0,1,0.6304993629455566,0.6304993629455566,FP
3124,0,1,0.6317344903945923,0.6317344903945923,FP
3125,0,0,0.6116990447044373,0.6116990447044373,TN
3126,0,0,0.6052053570747375,0.6052053570747375,TN
3127,0,1,0.623279333114624,0.623279333114624,FP
3128,0,1,0.6201348304748535,0.6201348304748535,FP
3129,0,1,0.6135631799697876,0.6135631799697876,FP
3130,0,0,0.6092565655708313,0.6092565655708313,TN
3131,0,1,0.6214214563369751,0.6214214563369751,FP
3132,0,1,0.6207072734832764,0.6207072734832764,FP
3133,0,1,0.6373345255851746,0.6373345255851746,FP
3134,0,1,0.6277214288711548,0.6277214288711548,FP
3135,0,1,0.643660306930542,0.643660306930542,FP
3136,0,1,0.6415115594863892,0.6415115594863892,FP
3137,0,1,0.6638098955154419,0.6638098955154419,FP
3138,0,1,0.6320586204528809,0.6320586204528809,FP
3139,0,1,0.6349645853042603,0.6349645853042603,FP
3140,0,1,0.6579256653785706,0.6579256653785706,FP
3141,0,1,0.6239352226257324,0.6239352226257324,FP
3142,0,1,0.6467942595481873,0.6467942595481873,FP
3143,0,1,0.6602309346199036,0.6602309346199036,FP
3144,0,1,0.6718035936355591,0.6718035936355591,FP
3145,0,1,0.6462351083755493,0.6462351083755493,FP
3146,0,1,0.6653639078140259,0.6653639078140259,FP
3147,0,1,0.6915743350982666,0.6915743350982666,FP
3148,0,1,0.6965028643608093,0.6965028643608093,FP
3149,0,1,0.708821713924408,0.708821713924408,FP
3150,0,1,0.7128520011901855,0.7128520011901855,FP
3151,0,1,0.7323689460754395,0.7323689460754395,FP
3152,0,1,0.7601116299629211,0.7601116299629211,FP
3153,1,1,0.7628120183944702,0.7628120183944702,TP
3154,1,1,0.7917360067367554,0.7917360067367554,TP
3155,1,1,0.8346701860427856,0.8346701860427856,TP
3156,1,1,0.8094220161437988,0.8094220161437988,TP
3157,1,1,0.7929565906524658,0.7929565906524658,TP
3158,1,1,0.7669333815574646,0.7669333815574646,TP
3159,1,1,0.8769567012786865,0.8769567012786865,TP
3160,1,1,0.7745611071586609,0.7745611071586609,TP
3161,1,1,0.7866724133491516,0.7866724133491516,TP
3162,1,1,0.7573162317276001,0.7573162317276001,TP
3163,1,1,0.7707328796386719,0.7707328796386719,TP
3164,1,1,0.814135730266571,0.814135730266571,TP
3165,1,1,0.790700376033783,0.790700376033783,TP
3166,0,1,0.6759037971496582,0.6759037971496582,FP
3167,0,1,0.6593391299247742,0.6593391299247742,FP
3168,0,1,0.6468424201011658,0.6468424201011658,FP
3169,0,1,0.6670626997947693,0.6670626997947693,FP
3170,0,0,0.6028946042060852,0.6028946042060852,TN
3171,0,1,0.6214151382446289,0.6214151382446289,FP
3172,0,0,0.5795525908470154,0.5795525908470154,TN
3173,0,0,0.5960144400596619,0.5960144400596619,TN
3174,0,1,0.6369392275810242,0.6369392275810242,FP
3175,0,0,0.5878081321716309,0.5878081321716309,TN
3176,0,0,0.5835431814193726,0.5835431814193726,TN
3177,0,0,0.5857285857200623,0.5857285857200623,TN
3178,0,0,0.5890476703643799,0.5890476703643799,TN
3179,0,0,0.5978902578353882,0.5978902578353882,TN
3180,0,0,0.5801956653594971,0.5801956653594971,TN
3181,0,0,0.5874124765396118,0.5874124765396118,TN
3182,0,0,0.5887411236763,0.5887411236763,TN
3183,0,1,0.6330580711364746,0.6330580711364746,FP
3184,0,0,0.607332706451416,0.607332706451416,TN
3185,0,0,0.560962438583374,0.560962438583374,TN
3186,0,1,0.6185829639434814,0.6185829639434814,FP
3187,0,0,0.6025547981262207,0.6025547981262207,TN
3188,0,0,0.5903708338737488,0.5903708338737488,TN
3189,0,1,0.6238561272621155,0.6238561272621155,FP
3190,0,0,0.5786693096160889,0.5786693096160889,TN
3191,0,0,0.5879315733909607,0.5879315733909607,TN
3192,0,0,0.6084747314453125,0.6084747314453125,TN
3193,0,1,0.6149932742118835,0.6149932742118835,FP
3194,0,1,0.6185142397880554,0.6185142397880554,FP
3195,0,0,0.6075273156166077,0.6075273156166077,TN
3196,0,0,0.5986038446426392,0.5986038446426392,TN
3197,0,1,0.635174036026001,0.635174036026001,FP
3198,0,1,0.6177210211753845,0.6177210211753845,FP
3199,0,0,0.5967552065849304,0.5967552065849304,TN
3200,0,0,0.593606173992157,0.593606173992157,TN
3201,0,0,0.6044628024101257,0.6044628024101257,TN
3202,0,0,0.5959939360618591,0.5959939360618591,TN
3203,0,0,0.5848716497421265,0.5848716497421265,TN
3204,0,0,0.5800816416740417,0.5800816416740417,TN
3205,0,0,0.5864642858505249,0.5864642858505249,TN
3206,0,0,0.5851477980613708,0.5851477980613708,TN
3207,0,0,0.5795530676841736,0.5795530676841736,TN
3208,0,0,0.5743476152420044,0.5743476152420044,TN
3209,0,0,0.5944254994392395,0.5944254994392395,TN
3210,0,0,0.5562834143638611,0.5562834143638611,TN
3211,0,0,0.546932578086853,0.546932578086853,TN
3212,0,0,0.587799608707428,0.587799608707428,TN
3213,0,0,0.577304482460022,0.577304482460022,TN
3214,0,0,0.5750276446342468,0.5750276446342468,TN
3215,0,0,0.5724817514419556,0.5724817514419556,TN
3216,0,0,0.5529606342315674,0.5529606342315674,TN
3217,0,0,0.5367149114608765,0.5367149114608765,TN
3218,0,0,0.5561900734901428,0.5561900734901428,TN
3219,0,0,0.5603115558624268,0.5603115558624268,TN
3220,0,0,0.5715479254722595,0.5715479254722595,TN
3221,0,0,0.5564512014389038,0.5564512014389038,TN
3222,0,0,0.5639508366584778,0.5639508366584778,TN
3223,0,0,0.5506537556648254,0.5506537556648254,TN
3224,0,0,0.5571422576904297,0.5571422576904297,TN
3225,0,0,0.5648929476737976,0.5648929476737976,TN
3226,0,0,0.5618535280227661,0.5618535280227661,TN
3227,0,0,0.5636034607887268,0.5636034607887268,TN
3228,0,0,0.5637953281402588,0.5637953281402588,TN
3229,0,0,0.5665375590324402,0.5665375590324402,TN
3230,0,0,0.5726101398468018,0.5726101398468018,TN
3231,0,0,0.5751562118530273,0.5751562118530273,TN
3232,0,0,0.5858120322227478,0.5858120322227478,TN
3233,0,0,0.5850294232368469,0.5850294232368469,TN
3234,0,0,0.5812066793441772,0.5812066793441772,TN
3235,0,0,0.5745347738265991,0.5745347738265991,TN
3236,0,0,0.5779139995574951,0.5779139995574951,TN
3237,0,0,0.5835663080215454,0.5835663080215454,TN
3238,0,0,0.5927760601043701,0.5927760601043701,TN
3239,0,0,0.5888085961341858,0.5888085961341858,TN
3240,0,0,0.5691410303115845,0.5691410303115845,TN
3241,0,0,0.5970901846885681,0.5970901846885681,TN
3242,0,0,0.5827311277389526,0.5827311277389526,TN
3243,0,0,0.5798634886741638,0.5798634886741638,TN
3244,0,0,0.5619567036628723,0.5619567036628723,TN
3245,0,1,0.6260568499565125,0.6260568499565125,FP
3246,0,0,0.5720257759094238,0.5720257759094238,TN
3247,0,0,0.5728517770767212,0.5728517770767212,TN
3248,0,0,0.6050060391426086,0.6050060391426086,TN
3249,0,1,0.6763076186180115,0.6763076186180115,FP
3250,0,0,0.6092497110366821,0.6092497110366821,TN
3251,0,1,0.6355149745941162,0.6355149745941162,FP
3252,1,1,0.6970095634460449,0.6970095634460449,TP
3253,1,1,0.7508707642555237,0.7508707642555237,TP
3254,1,1,0.9103671908378601,0.9103671908378601,TP
3255,1,1,0.6760265827178955,0.6760265827178955,TP
3256,1,1,0.6778188943862915,0.6778188943862915,TP
3257,1,1,0.6952503323554993,0.6952503323554993,TP
3258,1,1,0.704718828201294,0.704718828201294,TP
3259,1,1,0.7535774111747742,0.7535774111747742,TP
3260,1,1,0.7331147789955139,0.7331147789955139,TP
3261,1,1,0.737032413482666,0.737032413482666,TP
3262,1,1,0.7650140523910522,0.7650140523910522,TP
3263,1,1,0.756697416305542,0.756697416305542,TP
3264,1,1,0.7994084358215332,0.7994084358215332,TP
3265,1,1,0.8301852941513062,0.8301852941513062,TP
3266,1,1,0.8457546234130859,0.8457546234130859,TP
3267,1,1,0.9102897644042969,0.9102897644042969,TP
3268,1,1,0.870527446269989,0.870527446269989,TP
3269,1,1,0.8495925068855286,0.8495925068855286,TP
3270,1,1,0.8893611431121826,0.8893611431121826,TP
3271,1,1,0.9683391451835632,0.9683391451835632,TP
3272,1,1,0.9584202766418457,0.9584202766418457,TP
3273,0,0,0.5642567276954651,0.5642567276954651,TN
3274,0,0,0.544888436794281,0.544888436794281,TN
3275,0,0,0.5336390137672424,0.5336390137672424,TN
3276,0,0,0.5667389631271362,0.5667389631271362,TN
3277,0,0,0.5541648268699646,0.5541648268699646,TN
3278,0,0,0.5448418259620667,0.5448418259620667,TN
3279,0,0,0.5345108509063721,0.5345108509063721,TN
3280,0,0,0.5189474821090698,0.5189474821090698,TN
3281,0,0,0.5324228405952454,0.5324228405952454,TN
3282,0,0,0.549095094203949,0.549095094203949,TN
3283,0,0,0.5545543432235718,0.5545543432235718,TN
3284,0,0,0.5366815328598022,0.5366815328598022,TN
3285,0,0,0.5738536715507507,0.5738536715507507,TN
3286,0,0,0.5249723196029663,0.5249723196029663,TN
3287,0,0,0.5260828733444214,0.5260828733444214,TN
3288,0,0,0.5483254790306091,0.5483254790306091,TN
3289,0,0,0.5400611758232117,0.5400611758232117,TN
3290,0,0,0.5288805365562439,0.5288805365562439,TN
3291,0,0,0.5262943506240845,0.5262943506240845,TN
3292,0,0,0.5053830146789551,0.5053830146789551,TN
3293,0,0,0.5104276537895203,0.5104276537895203,TN
3294,0,0,0.5277284383773804,0.5277284383773804,TN
3295,0,0,0.5060631036758423,0.5060631036758423,TN
3296,0,0,0.5275171995162964,0.5275171995162964,TN
3297,0,0,0.5289151668548584,0.5289151668548584,TN
3298,0,0,0.5300297141075134,0.5300297141075134,TN
3299,0,0,0.5303733944892883,0.5303733944892883,TN
3300,0,0,0.5279000401496887,0.5279000401496887,TN
3301,0,0,0.5408985614776611,0.5408985614776611,TN
3302,0,0,0.5563526749610901,0.5563526749610901,TN
3303,0,0,0.5292878150939941,0.5292878150939941,TN
3304,0,0,0.5391880869865417,0.5391880869865417,TN
3305,0,0,0.5225122570991516,0.5225122570991516,TN
3306,0,0,0.539610743522644,0.539610743522644,TN
3307,0,0,0.5386223793029785,0.5386223793029785,TN
3308,0,0,0.5321667790412903,0.5321667790412903,TN
3309,0,0,0.5451391339302063,0.5451391339302063,TN
3310,0,0,0.5266468524932861,0.5266468524932861,TN
3311,0,0,0.5470916628837585,0.5470916628837585,TN
3312,0,0,0.5538045167922974,0.5538045167922974,TN
3313,0,0,0.5459338426589966,0.5459338426589966,TN
3314,0,0,0.543398916721344,0.543398916721344,TN
3315,0,0,0.541176974773407,0.541176974773407,TN
3316,0,0,0.5306431651115417,0.5306431651115417,TN
3317,0,0,0.5290826559066772,0.5290826559066772,TN
3318,0,0,0.5318684577941895,0.5318684577941895,TN
3319,0,0,0.5215235948562622,0.5215235948562622,TN
3320,0,0,0.5231342911720276,0.5231342911720276,TN
3321,0,0,0.5378801822662354,0.5378801822662354,TN
3322,0,0,0.5409821271896362,0.5409821271896362,TN
3323,0,0,0.5326902270317078,0.5326902270317078,TN
3324,0,0,0.5212623476982117,0.5212623476982117,TN
3325,0,0,0.5306742787361145,0.5306742787361145,TN
3326,0,0,0.5274137258529663,0.5274137258529663,TN
3327,0,0,0.5176441669464111,0.5176441669464111,TN
3328,0,0,0.5267494320869446,0.5267494320869446,TN
3329,0,0,0.5382468700408936,0.5382468700408936,TN
3330,0,0,0.542244553565979,0.542244553565979,TN
3331,0,0,0.5434884428977966,0.5434884428977966,TN
3332,0,0,0.5359110832214355,0.5359110832214355,TN
3333,0,0,0.5538656115531921,0.5538656115531921,TN
3334,0,0,0.5431670546531677,0.5431670546531677,TN
3335,0,0,0.5345801115036011,0.5345801115036011,TN
3336,0,0,0.5382280349731445,0.5382280349731445,TN
3337,0,0,0.5346510410308838,0.5346510410308838,TN
3338,0,0,0.5440831184387207,0.5440831184387207,TN
3339,0,0,0.5140305757522583,0.5140305757522583,TN
3340,0,0,0.5225460529327393,0.5225460529327393,TN
3341,0,0,0.5443551540374756,0.5443551540374756,TN
3342,0,0,0.5541101694107056,0.5541101694107056,TN
3343,0,0,0.5539318919181824,0.5539318919181824,TN
3344,0,0,0.5541720390319824,0.5541720390319824,TN
3345,0,0,0.5604351162910461,0.5604351162910461,TN
3346,0,0,0.5483423471450806,0.5483423471450806,TN
3347,0,0,0.5355516672134399,0.5355516672134399,TN
3348,0,0,0.5368001461029053,0.5368001461029053,TN
3349,0,0,0.524125874042511,0.524125874042511,TN
3350,0,0,0.5272378325462341,0.5272378325462341,TN
3351,0,0,0.5281876921653748,0.5281876921653748,TN
3352,0,0,0.5287702679634094,0.5287702679634094,TN
3353,0,0,0.5216414928436279,0.5216414928436279,TN
3354,0,0,0.5148987174034119,0.5148987174034119,TN
3355,0,0,0.5147624611854553,0.5147624611854553,TN
3356,0,0,0.5316051840782166,0.5316051840782166,TN
3357,0,0,0.5233013033866882,0.5233013033866882,TN
3358,0,0,0.5224385857582092,0.5224385857582092,TN
3359,0,0,0.511207103729248,0.511207103729248,TN
3360,0,0,0.5292098522186279,0.5292098522186279,TN
3361,0,0,0.5227702260017395,0.5227702260017395,TN
3362,0,0,0.5273773670196533,0.5273773670196533,TN
3363,0,0,0.5201367139816284,0.5201367139816284,TN
3364,0,0,0.5250649452209473,0.5250649452209473,TN
3365,0,0,0.5208303928375244,0.5208303928375244,TN
3366,0,0,0.5370241403579712,0.5370241403579712,TN
3367,0,0,0.5203983783721924,0.5203983783721924,TN
3368,0,0,0.5342738628387451,0.5342738628387451,TN
3369,0,0,0.5091246962547302,0.5091246962547302,TN
3370,0,0,0.4988439083099365,0.4988439083099365,TN
3371,0,0,0.5217164754867554,0.5217164754867554,TN
3372,0,0,0.5096141695976257,0.5096141695976257,TN
3373,0,0,0.5114552974700928,0.5114552974700928,TN
3374,0,0,0.5155730247497559,0.5155730247497559,TN
3375,0,0,0.5146722197532654,0.5146722197532654,TN
3376,0,0,0.5174804925918579,0.5174804925918579,TN
3377,0,0,0.5522864460945129,0.5522864460945129,TN
3378,0,0,0.5105553269386292,0.5105553269386292,TN
3379,0,0,0.5119073390960693,0.5119073390960693,TN
3380,0,0,0.5049565434455872,0.5049565434455872,TN
3381,0,0,0.5132976770401001,0.5132976770401001,TN
3382,0,0,0.5174188017845154,0.5174188017845154,TN
3383,0,0,0.5168867111206055,0.5168867111206055,TN
3384,0,0,0.5183899402618408,0.5183899402618408,TN
3385,0,0,0.522030234336853,0.522030234336853,TN
3386,0,0,0.5636909604072571,0.5636909604072571,TN
3387,0,0,0.514071524143219,0.514071524143219,TN
3388,0,0,0.521227240562439,0.521227240562439,TN
3389,0,0,0.5261433124542236,0.5261433124542236,TN
3390,0,0,0.5190597772598267,0.5190597772598267,TN
3391,0,0,0.5107080340385437,0.5107080340385437,TN
3392,0,0,0.5219379663467407,0.5219379663467407,TN
3393,0,0,0.5090758800506592,0.5090758800506592,TN
3394,0,0,0.5091061592102051,0.5091061592102051,TN
3395,0,0,0.5083791613578796,0.5083791613578796,TN
3396,0,0,0.560731828212738,0.560731828212738,TN
3397,0,0,0.5733786821365356,0.5733786821365356,TN
3398,0,0,0.5898770093917847,0.5898770093917847,TN
3399,0,0,0.5807219743728638,0.5807219743728638,TN
3400,0,0,0.571454644203186,0.571454644203186,TN
3401,0,0,0.5545927286148071,0.5545927286148071,TN
3402,0,0,0.5667997002601624,0.5667997002601624,TN
3403,0,0,0.5626435279846191,0.5626435279846191,TN
3404,0,0,0.5573957562446594,0.5573957562446594,TN
3405,0,0,0.5555145740509033,0.5555145740509033,TN
3406,0,0,0.5554487705230713,0.5554487705230713,TN
3407,0,0,0.5786105990409851,0.5786105990409851,TN
3408,0,0,0.5741403102874756,0.5741403102874756,TN
3409,0,0,0.5761643052101135,0.5761643052101135,TN
3410,0,0,0.5649476647377014,0.5649476647377014,TN
3411,0,0,0.5636285543441772,0.5636285543441772,TN
3412,0,0,0.5651142001152039,0.5651142001152039,TN
3413,0,0,0.540477991104126,0.540477991104126,TN
3414,0,0,0.5354462265968323,0.5354462265968323,TN
3415,0,0,0.5359223484992981,0.5359223484992981,TN
3416,0,0,0.5380845665931702,0.5380845665931702,TN
3417,0,0,0.5264801383018494,0.5264801383018494,TN
3418,0,0,0.5273927450180054,0.5273927450180054,TN
3419,0,0,0.5156018733978271,0.5156018733978271,TN
3420,0,0,0.5252290964126587,0.5252290964126587,TN
3421,0,0,0.5273441076278687,0.5273441076278687,TN
3422,0,0,0.5211132764816284,0.5211132764816284,TN
3423,0,0,0.5248745083808899,0.5248745083808899,TN
3424,0,0,0.5156917572021484,0.5156917572021484,TN
3425,0,0,0.5360597372055054,0.5360597372055054,TN
3426,0,0,0.5293399095535278,0.5293399095535278,TN
3427,0,0,0.5195370316505432,0.5195370316505432,TN
3428,0,0,0.5164704322814941,0.5164704322814941,TN
3429,0,0,0.5088567137718201,0.5088567137718201,TN
3430,0,0,0.50969398021698,0.50969398021698,TN
3431,0,0,0.5219082236289978,0.5219082236289978,TN
3432,0,0,0.5186408162117004,0.5186408162117004,TN
3433,0,0,0.5105856657028198,0.5105856657028198,TN
3434,0,0,0.5153238773345947,0.5153238773345947,TN
3435,0,0,0.5165872573852539,0.5165872573852539,TN
3436,0,0,0.5224025845527649,0.5224025845527649,TN
3437,0,0,0.49916407465934753,0.49916407465934753,TN
3438,0,0,0.5085322260856628,0.5085322260856628,TN
3439,0,0,0.5102694630622864,0.5102694630622864,TN
3440,0,0,0.49947598576545715,0.49947598576545715,TN
3441,0,0,0.5122533440589905,0.5122533440589905,TN
3442,0,0,0.5041412115097046,0.5041412115097046,TN
3443,0,0,0.4976853132247925,0.4976853132247925,TN
3444,0,0,0.48752129077911377,0.48752129077911377,TN
3445,0,0,0.5005646347999573,0.5005646347999573,TN
3446,0,0,0.5116115808486938,0.5116115808486938,TN
3447,0,0,0.5002189874649048,0.5002189874649048,TN
3448,0,0,0.5049079656600952,0.5049079656600952,TN
3449,0,0,0.5079894065856934,0.5079894065856934,TN
3450,0,0,0.4933159649372101,0.4933159649372101,TN
3451,0,0,0.4864221513271332,0.4864221513271332,TN
3452,0,0,0.48197802901268005,0.48197802901268005,TN
3453,0,0,0.4948808252811432,0.4948808252811432,TN
3454,0,0,0.4938778579235077,0.4938778579235077,TN
3455,0,0,0.48671090602874756,0.48671090602874756,TN
3456,0,0,0.46952933073043823,0.46952933073043823,TN
3457,0,0,0.4596919119358063,0.4596919119358063,TN
3458,0,0,0.4766334593296051,0.4766334593296051,TN
3459,0,0,0.4673595428466797,0.4673595428466797,TN
3460,0,0,0.4783502221107483,0.4783502221107483,TN
3461,0,0,0.4649425446987152,0.4649425446987152,TN
3462,0,0,0.4627772569656372,0.4627772569656372,TN
3463,0,0,0.472406804561615,0.472406804561615,TN
3464,0,0,0.4764898419380188,0.4764898419380188,TN
3465,0,0,0.47855597734451294,0.47855597734451294,TN
3466,0,0,0.47798779606819153,0.47798779606819153,TN
3467,0,0,0.48180392384529114,0.48180392384529114,TN
3468,0,0,0.4770393371582031,0.4770393371582031,TN
3469,0,0,0.4865511655807495,0.4865511655807495,TN
3470,0,0,0.48150399327278137,0.48150399327278137,TN
3471,0,0,0.47895756363868713,0.47895756363868713,TN
3472,0,0,0.47271186113357544,0.47271186113357544,TN
3473,0,0,0.4794442057609558,0.4794442057609558,TN
3474,0,0,0.48093247413635254,0.48093247413635254,TN
3475,0,0,0.47639286518096924,0.47639286518096924,TN
3476,0,0,0.47338610887527466,0.47338610887527466,TN
3477,0,0,0.48044493794441223,0.48044493794441223,TN
3478,0,0,0.47507938742637634,0.47507938742637634,TN
3479,0,0,0.48431578278541565,0.48431578278541565,TN
3480,0,0,0.48448142409324646,0.48448142409324646,TN
3481,0,0,0.48104119300842285,0.48104119300842285,TN
3482,0,0,0.4687808156013489,0.4687808156013489,TN
3483,0,0,0.4620383381843567,0.4620383381843567,TN
3484,0,0,0.469207227230072,0.469207227230072,TN
3485,0,0,0.468583345413208,0.468583345413208,TN
3486,0,0,0.47007325291633606,0.47007325291633606,TN
3487,0,0,0.4696215093135834,0.4696215093135834,TN
3488,0,0,0.4582599401473999,0.4582599401473999,TN
3489,0,0,0.45397913455963135,0.45397913455963135,TN
3490,0,0,0.45522406697273254,0.45522406697273254,TN
3491,0,0,0.44833099842071533,0.44833099842071533,TN
3492,0,0,0.4434344172477722,0.4434344172477722,TN
3493,0,0,0.454397052526474,0.454397052526474,TN
3494,0,0,0.45187485218048096,0.45187485218048096,TN
3495,0,0,0.4492427706718445,0.4492427706718445,TN
3496,0,0,0.44535037875175476,0.44535037875175476,TN
3497,0,0,0.44729092717170715,0.44729092717170715,TN
3498,0,0,0.4493527114391327,0.4493527114391327,TN
3499,0,0,0.45014819502830505,0.45014819502830505,TN
3500,0,0,0.4523247480392456,0.4523247480392456,TN
3501,0,0,0.46397218108177185,0.46397218108177185,TN
3502,0,0,0.4707318842411041,0.4707318842411041,TN
3503,0,0,0.4746069312095642,0.4746069312095642,TN
3504,0,0,0.5882073640823364,0.5882073640823364,TN
3505,0,1,0.6398248672485352,0.6398248672485352,FP
3506,0,1,0.6549376845359802,0.6549376845359802,FP
3507,0,1,0.6388271450996399,0.6388271450996399,FP
3508,0,1,0.6260556578636169,0.6260556578636169,FP
3509,0,1,0.620391309261322,0.620391309261322,FP
3510,0,1,0.6930977702140808,0.6930977702140808,FP
3511,0,1,0.6576743125915527,0.6576743125915527,FP
3512,0,1,0.6412028670310974,0.6412028670310974,FP
3513,0,1,0.6353445649147034,0.6353445649147034,FP
3514,0,1,0.6509848237037659,0.6509848237037659,FP
3515,0,1,0.6970740556716919,0.6970740556716919,FP
3516,0,1,0.6551196575164795,0.6551196575164795,FP
3517,0,1,0.729661226272583,0.729661226272583,FP
3518,0,1,0.6279730796813965,0.6279730796813965,FP
3519,0,1,0.6374094486236572,0.6374094486236572,FP
3520,0,0,0.6066515445709229,0.6066515445709229,TN
3521,0,1,0.665938138961792,0.665938138961792,FP
3522,0,1,0.653618574142456,0.653618574142456,FP
3523,0,1,0.6230999231338501,0.6230999231338501,FP
3524,0,1,0.6375993490219116,0.6375993490219116,FP
3525,0,1,0.6562532186508179,0.6562532186508179,FP
3526,0,1,0.6399982571601868,0.6399982571601868,FP
3527,0,1,0.6483672261238098,0.6483672261238098,FP
3528,0,1,0.6506969928741455,0.6506969928741455,FP
3529,0,1,0.6606252789497375,0.6606252789497375,FP
3530,0,1,0.6521780490875244,0.6521780490875244,FP
3531,0,1,0.6417829394340515,0.6417829394340515,FP
3532,0,1,0.6478075385093689,0.6478075385093689,FP
3533,0,1,0.6536568403244019,0.6536568403244019,FP
3534,0,1,0.6589959859848022,0.6589959859848022,FP
3535,0,1,0.6535318493843079,0.6535318493843079,FP
3536,0,1,0.6458241939544678,0.6458241939544678,FP
3537,0,1,0.6432431936264038,0.6432431936264038,FP
3538,0,1,0.6550648212432861,0.6550648212432861,FP
3539,0,1,0.6430692076683044,0.6430692076683044,FP
3540,0,1,0.6525213718414307,0.6525213718414307,FP
3541,0,1,0.6345139145851135,0.6345139145851135,FP
3542,0,1,0.6429445743560791,0.6429445743560791,FP
3543,0,1,0.6487671732902527,0.6487671732902527,FP
3544,0,1,0.6180353164672852,0.6180353164672852,FP
3545,0,1,0.6223800778388977,0.6223800778388977,FP
3546,0,0,0.6004884839057922,0.6004884839057922,TN
3547,0,1,0.6196780204772949,0.6196780204772949,FP
3548,0,0,0.6104509830474854,0.6104509830474854,TN
3549,0,1,0.6198146343231201,0.6198146343231201,FP
3550,0,0,0.6111575365066528,0.6111575365066528,TN
3551,0,1,0.6312519907951355,0.6312519907951355,FP
3552,0,1,0.6192744970321655,0.6192744970321655,FP
3553,0,0,0.6023762226104736,0.6023762226104736,TN
3554,0,0,0.6017197370529175,0.6017197370529175,TN
3555,0,0,0.5895322561264038,0.5895322561264038,TN
3556,0,0,0.5737118721008301,0.5737118721008301,TN
3557,0,0,0.5871998071670532,0.5871998071670532,TN
3558,0,0,0.5859100222587585,0.5859100222587585,TN
3559,0,0,0.5859215259552002,0.5859215259552002,TN
3560,0,0,0.5955324769020081,0.5955324769020081,TN
3561,0,0,0.5569620132446289,0.5569620132446289,TN
3562,0,0,0.5584948062896729,0.5584948062896729,TN
3563,0,0,0.5638311505317688,0.5638311505317688,TN
3564,0,0,0.5782350301742554,0.5782350301742554,TN
3565,0,0,0.5549184083938599,0.5549184083938599,TN
3566,0,0,0.5606948733329773,0.5606948733329773,TN
3567,0,0,0.5728943347930908,0.5728943347930908,TN
3568,0,0,0.5717504620552063,0.5717504620552063,TN
3569,0,0,0.5618942975997925,0.5618942975997925,TN
3570,0,0,0.5877996683120728,0.5877996683120728,TN
3571,0,0,0.5563154816627502,0.5563154816627502,TN
3572,0,0,0.5731990933418274,0.5731990933418274,TN
3573,0,0,0.5854376554489136,0.5854376554489136,TN
3574,0,0,0.5963484048843384,0.5963484048843384,TN
3575,0,0,0.5814691781997681,0.5814691781997681,TN
3576,0,0,0.5955269932746887,0.5955269932746887,TN
3577,0,0,0.5949808359146118,0.5949808359146118,TN
3578,0,0,0.5950976610183716,0.5950976610183716,TN
3579,0,0,0.583182156085968,0.583182156085968,TN
3580,0,0,0.6089246273040771,0.6089246273040771,TN
3581,0,0,0.5829812288284302,0.5829812288284302,TN
3582,0,0,0.5700686573982239,0.5700686573982239,TN
3583,0,0,0.5670396089553833,0.5670396089553833,TN
3584,0,0,0.588853120803833,0.588853120803833,TN
3585,0,0,0.5749685764312744,0.5749685764312744,TN
3586,0,0,0.5500781536102295,0.5500781536102295,TN
3587,0,0,0.5541849136352539,0.5541849136352539,TN
3588,0,0,0.5756767392158508,0.5756767392158508,TN
3589,0,0,0.5749102234840393,0.5749102234840393,TN
3590,0,0,0.5733662843704224,0.5733662843704224,TN
3591,0,0,0.5760068297386169,0.5760068297386169,TN
3592,0,0,0.5410378575325012,0.5410378575325012,TN
3593,0,0,0.5605899095535278,0.5605899095535278,TN
3594,0,0,0.5602090954780579,0.5602090954780579,TN
3595,0,0,0.5743758678436279,0.5743758678436279,TN
3596,0,0,0.5488008856773376,0.5488008856773376,TN
3597,0,0,0.5576725006103516,0.5576725006103516,TN
3598,0,0,0.5202111601829529,0.5202111601829529,TN
3599,0,0,0.55491042137146,0.55491042137146,TN
3600,0,0,0.5618162751197815,0.5618162751197815,TN
3601,0,0,0.5674465894699097,0.5674465894699097,TN
3602,0,0,0.5598549246788025,0.5598549246788025,TN
3603,0,0,0.5479435920715332,0.5479435920715332,TN
3604,0,0,0.5377034544944763,0.5377034544944763,TN
3605,0,0,0.5490511059761047,0.5490511059761047,TN
3606,0,0,0.5348447561264038,0.5348447561264038,TN
3607,0,0,0.5319651365280151,0.5319651365280151,TN
3608,0,0,0.5081907510757446,0.5081907510757446,TN
3609,0,0,0.5207046866416931,0.5207046866416931,TN
3610,0,0,0.5115383267402649,0.5115383267402649,TN
3611,0,0,0.5036858916282654,0.5036858916282654,TN
3612,0,0,0.5184889435768127,0.5184889435768127,TN
3613,0,0,0.5153309106826782,0.5153309106826782,TN
3614,0,0,0.5186032652854919,0.5186032652854919,TN
3615,0,0,0.5347962379455566,0.5347962379455566,TN
3616,0,0,0.5118899345397949,0.5118899345397949,TN
3617,0,0,0.5258694291114807,0.5258694291114807,TN
3618,0,0,0.518481969833374,0.518481969833374,TN
3619,0,0,0.5464234948158264,0.5464234948158264,TN
3620,0,0,0.5326070785522461,0.5326070785522461,TN
3621,0,0,0.5403923392295837,0.5403923392295837,TN
3622,0,0,0.5278533697128296,0.5278533697128296,TN
3623,0,0,0.5305318236351013,0.5305318236351013,TN
3624,0,0,0.5396018028259277,0.5396018028259277,TN
3625,0,0,0.5166552662849426,0.5166552662849426,TN
3626,0,0,0.5163062214851379,0.5163062214851379,TN
3627,0,0,0.520966112613678,0.520966112613678,TN
3628,0,0,0.5244342684745789,0.5244342684745789,TN
3629,0,0,0.5241373777389526,0.5241373777389526,TN
3630,0,0,0.5236284732818604,0.5236284732818604,TN
3631,0,0,0.5179085731506348,0.5179085731506348,TN
3632,0,0,0.5273597240447998,0.5273597240447998,TN
3633,0,0,0.5193566679954529,0.5193566679954529,TN
3634,0,0,0.5063554644584656,0.5063554644584656,TN
3635,0,0,0.543866753578186,0.543866753578186,TN
3636,0,0,0.5132178068161011,0.5132178068161011,TN
3637,0,0,0.5229417085647583,0.5229417085647583,TN
3638,0,0,0.522530734539032,0.522530734539032,TN
3639,0,0,0.541841983795166,0.541841983795166,TN
3640,0,0,0.5178356170654297,0.5178356170654297,TN
3641,0,0,0.5175398588180542,0.5175398588180542,TN
3642,0,0,0.5228943824768066,0.5228943824768066,TN
3643,0,0,0.5032895803451538,0.5032895803451538,TN
3644,0,0,0.5186846256256104,0.5186846256256104,TN
3645,0,0,0.5296008586883545,0.5296008586883545,TN
3646,0,0,0.5180408954620361,0.5180408954620361,TN
3647,0,0,0.5013332366943359,0.5013332366943359,TN
3648,0,0,0.4956997334957123,0.4956997334957123,TN
3649,0,0,0.48816779255867004,0.48816779255867004,TN
3650,0,0,0.5124385356903076,0.5124385356903076,TN
3651,0,0,0.5015182495117188,0.5015182495117188,TN
3652,0,0,0.49359530210494995,0.49359530210494995,TN
3653,0,0,0.4921704828739166,0.4921704828739166,TN
3654,0,0,0.5524013638496399,0.5524013638496399,TN
3655,0,0,0.5953596234321594,0.5953596234321594,TN
3656,0,0,0.6028967499732971,0.6028967499732971,TN
3657,0,0,0.5885035991668701,0.5885035991668701,TN
3658,0,1,0.6145195960998535,0.6145195960998535,FP
3659,0,0,0.5767948627471924,0.5767948627471924,TN
3660,0,0,0.5903201103210449,0.5903201103210449,TN
3661,0,0,0.5871298313140869,0.5871298313140869,TN
3662,0,0,0.598854660987854,0.598854660987854,TN
3663,0,0,0.5668799877166748,0.5668799877166748,TN
3664,0,0,0.5804554224014282,0.5804554224014282,TN
3665,0,0,0.5550153851509094,0.5550153851509094,TN
3666,0,0,0.5653744339942932,0.5653744339942932,TN
3667,0,0,0.5766903162002563,0.5766903162002563,TN
3668,0,0,0.5652305483818054,0.5652305483818054,TN
3669,0,0,0.5947169661521912,0.5947169661521912,TN
3670,0,0,0.552086591720581,0.552086591720581,TN
3671,0,0,0.5704966187477112,0.5704966187477112,TN
3672,0,0,0.5669397711753845,0.5669397711753845,TN
3673,0,0,0.5538145303726196,0.5538145303726196,TN
3674,0,0,0.5745235681533813,0.5745235681533813,TN
3675,0,0,0.5627149343490601,0.5627149343490601,TN
3676,0,0,0.5786043405532837,0.5786043405532837,TN
3677,0,0,0.593869686126709,0.593869686126709,TN
3678,0,0,0.552019476890564,0.552019476890564,TN
3679,0,0,0.5721372365951538,0.5721372365951538,TN
3680,0,0,0.5463836789131165,0.5463836789131165,TN
3681,0,1,0.6230246424674988,0.6230246424674988,FP
3682,0,0,0.5689113140106201,0.5689113140106201,TN
3683,0,0,0.5838395953178406,0.5838395953178406,TN
3684,0,0,0.5432274341583252,0.5432274341583252,TN
3685,0,0,0.5724352598190308,0.5724352598190308,TN
3686,0,0,0.5856108069419861,0.5856108069419861,TN
3687,0,0,0.5656240582466125,0.5656240582466125,TN
3688,0,0,0.5380132794380188,0.5380132794380188,TN
3689,0,0,0.6022076606750488,0.6022076606750488,TN
3690,0,0,0.5541608929634094,0.5541608929634094,TN
3691,0,0,0.5836889147758484,0.5836889147758484,TN
3692,0,0,0.5619521141052246,0.5619521141052246,TN
3693,0,0,0.5244930386543274,0.5244930386543274,TN
3694,0,0,0.563362181186676,0.563362181186676,TN
3695,0,0,0.5946158766746521,0.5946158766746521,TN
3696,0,0,0.5467932820320129,0.5467932820320129,TN
3697,0,0,0.5979036092758179,0.5979036092758179,TN
3698,0,0,0.5770397186279297,0.5770397186279297,TN
3699,0,0,0.5631715655326843,0.5631715655326843,TN
3700,0,0,0.5667271018028259,0.5667271018028259,TN
3701,0,0,0.5507714748382568,0.5507714748382568,TN
3702,0,0,0.5498657822608948,0.5498657822608948,TN
3703,0,0,0.5105306506156921,0.5105306506156921,TN
3704,0,0,0.5425175428390503,0.5425175428390503,TN
3705,0,0,0.5125472545623779,0.5125472545623779,TN
3706,0,0,0.5195177793502808,0.5195177793502808,TN
3707,0,0,0.49939510226249695,0.49939510226249695,TN
3708,0,0,0.5131818652153015,0.5131818652153015,TN
3709,0,0,0.512682318687439,0.512682318687439,TN
3710,0,0,0.5237953662872314,0.5237953662872314,TN
3711,0,0,0.5139656662940979,0.5139656662940979,TN
3712,0,0,0.5233446359634399,0.5233446359634399,TN
3713,0,0,0.5103796124458313,0.5103796124458313,TN
3714,0,0,0.5028943419456482,0.5028943419456482,TN
3715,0,0,0.49671170115470886,0.49671170115470886,TN
3716,0,0,0.5389102101325989,0.5389102101325989,TN
3717,0,0,0.5012548565864563,0.5012548565864563,TN
3718,0,0,0.48004478216171265,0.48004478216171265,TN
3719,0,0,0.5045380592346191,0.5045380592346191,TN
3720,0,0,0.5061206221580505,0.5061206221580505,TN
3721,0,0,0.5083959698677063,0.5083959698677063,TN
3722,0,0,0.5304200053215027,0.5304200053215027,TN
3723,0,0,0.506000816822052,0.506000816822052,TN
3724,0,0,0.48427319526672363,0.48427319526672363,TN
3725,0,0,0.47802990674972534,0.47802990674972534,TN
3726,0,0,0.5098419785499573,0.5098419785499573,TN
3727,0,0,0.507781445980072,0.507781445980072,TN
3728,0,0,0.5235599875450134,0.5235599875450134,TN
3729,0,0,0.49868541955947876,0.49868541955947876,TN
3730,0,0,0.5130713582038879,0.5130713582038879,TN
3731,0,0,0.5150930881500244,0.5150930881500244,TN
3732,0,0,0.5316921472549438,0.5316921472549438,TN
3733,0,0,0.521754801273346,0.521754801273346,TN
3734,0,0,0.5170550346374512,0.5170550346374512,TN
3735,0,0,0.4997239410877228,0.4997239410877228,TN
3736,0,0,0.4983457326889038,0.4983457326889038,TN
3737,0,0,0.5085294842720032,0.5085294842720032,TN
3738,0,0,0.5228846073150635,0.5228846073150635,TN
3739,0,0,0.5496084690093994,0.5496084690093994,TN
3740,0,0,0.5130367875099182,0.5130367875099182,TN
3741,0,0,0.5316908359527588,0.5316908359527588,TN
3742,0,0,0.5487693548202515,0.5487693548202515,TN
3743,0,0,0.572857141494751,0.572857141494751,TN
3744,0,0,0.5711652040481567,0.5711652040481567,TN
3745,0,0,0.5433057546615601,0.5433057546615601,TN
3746,0,0,0.5286586284637451,0.5286586284637451,TN
3747,0,0,0.5453097224235535,0.5453097224235535,TN
3748,0,0,0.536069393157959,0.536069393157959,TN
3749,0,0,0.553056538105011,0.553056538105011,TN
3750,0,0,0.5286897420883179,0.5286897420883179,TN
3751,0,0,0.52740877866745,0.52740877866745,TN
3752,0,0,0.5418282151222229,0.5418282151222229,TN
3753,0,0,0.5172898769378662,0.5172898769378662,TN
3754,0,0,0.5228277444839478,0.5228277444839478,TN
3755,0,0,0.5375818610191345,0.5375818610191345,TN
3756,0,0,0.5040658712387085,0.5040658712387085,TN
3757,0,0,0.5113163590431213,0.5113163590431213,TN
3758,0,0,0.5608972907066345,0.5608972907066345,TN
3759,0,0,0.5350992679595947,0.5350992679595947,TN
3760,0,0,0.5487459301948547,0.5487459301948547,TN
3761,0,0,0.5520384907722473,0.5520384907722473,TN
3762,0,0,0.5950798988342285,0.5950798988342285,TN
3763,0,0,0.5775631070137024,0.5775631070137024,TN
3764,0,0,0.558387279510498,0.558387279510498,TN
3765,0,0,0.5521119832992554,0.5521119832992554,TN
3766,0,0,0.5713784694671631,0.5713784694671631,TN
3767,0,0,0.6038646697998047,0.6038646697998047,TN
3768,0,0,0.5603522062301636,0.5603522062301636,TN
3769,0,0,0.548136293888092,0.548136293888092,TN
3770,0,0,0.5975506901741028,0.5975506901741028,TN
3771,0,0,0.5480832457542419,0.5480832457542419,TN
3772,0,0,0.5357677340507507,0.5357677340507507,TN
3773,0,0,0.5487669706344604,0.5487669706344604,TN
3774,0,0,0.5592387914657593,0.5592387914657593,TN
3775,0,0,0.5550315380096436,0.5550315380096436,TN
3776,0,0,0.5333353281021118,0.5333353281021118,TN
3777,0,0,0.5490432381629944,0.5490432381629944,TN
3778,0,1,0.6133977770805359,0.6133977770805359,FP
3779,0,0,0.5532799363136292,0.5532799363136292,TN
3780,0,0,0.5494217872619629,0.5494217872619629,TN
3781,0,0,0.5589876770973206,0.5589876770973206,TN
3782,0,0,0.5647650361061096,0.5647650361061096,TN
3783,0,0,0.5566719174385071,0.5566719174385071,TN
3784,0,0,0.5633779764175415,0.5633779764175415,TN
3785,0,0,0.5564436912536621,0.5564436912536621,TN
3786,0,0,0.5482287406921387,0.5482287406921387,TN
3787,0,0,0.554511547088623,0.554511547088623,TN
3788,0,0,0.5673545598983765,0.5673545598983765,TN
3789,0,0,0.5398405194282532,0.5398405194282532,TN
3790,0,0,0.5392659902572632,0.5392659902572632,TN
3791,0,0,0.571488618850708,0.571488618850708,TN
3792,0,0,0.5724272727966309,0.5724272727966309,TN
3793,0,0,0.571241021156311,0.571241021156311,TN
3794,0,0,0.579508364200592,0.579508364200592,TN
3795,0,0,0.567010223865509,0.567010223865509,TN
3796,0,0,0.5644559860229492,0.5644559860229492,TN
3797,0,0,0.5855396389961243,0.5855396389961243,TN
3798,0,0,0.5902272462844849,0.5902272462844849,TN
3799,0,0,0.5693390369415283,0.5693390369415283,TN
3800,0,0,0.5641038417816162,0.5641038417816162,TN
3801,0,0,0.553615152835846,0.553615152835846,TN
3802,0,0,0.564409077167511,0.564409077167511,TN
3803,0,0,0.5647921562194824,0.5647921562194824,TN
3804,0,0,0.5590933561325073,0.5590933561325073,TN
3805,0,0,0.5727055072784424,0.5727055072784424,TN
3806,0,0,0.5425901412963867,0.5425901412963867,TN
3807,0,0,0.550508439540863,0.550508439540863,TN
3808,0,0,0.544479250907898,0.544479250907898,TN
3809,0,0,0.5215116739273071,0.5215116739273071,TN
3810,0,0,0.5238690376281738,0.5238690376281738,TN
3811,0,0,0.5359278321266174,0.5359278321266174,TN
3812,0,0,0.5261709094047546,0.5261709094047546,TN
3813,0,0,0.5364730954170227,0.5364730954170227,TN
3814,0,0,0.5167912840843201,0.5167912840843201,TN
3815,0,0,0.5128320455551147,0.5128320455551147,TN
3816,0,0,0.5158662796020508,0.5158662796020508,TN
3817,0,0,0.5294257402420044,0.5294257402420044,TN
3818,0,0,0.504168689250946,0.504168689250946,TN
3819,0,0,0.513573408126831,0.513573408126831,TN
3820,0,0,0.5122777223587036,0.5122777223587036,TN
3821,0,0,0.5017477869987488,0.5017477869987488,TN
3822,0,0,0.5043386220932007,0.5043386220932007,TN
3823,0,0,0.49137333035469055,0.49137333035469055,TN
3824,0,0,0.5034943222999573,0.5034943222999573,TN
3825,0,0,0.48742932081222534,0.48742932081222534,TN
3826,0,0,0.48846977949142456,0.48846977949142456,TN
3827,0,0,0.4985252022743225,0.4985252022743225,TN
3828,0,0,0.47630512714385986,0.47630512714385986,TN
3829,0,0,0.4805774688720703,0.4805774688720703,TN
3830,0,0,0.4603816866874695,0.4603816866874695,TN
3831,0,0,0.46677860617637634,0.46677860617637634,TN
3832,0,0,0.49832022190093994,0.49832022190093994,TN
3833,0,0,0.4731310307979584,0.4731310307979584,TN
3834,0,0,0.4830235242843628,0.4830235242843628,TN
3835,0,0,0.4771465063095093,0.4771465063095093,TN
3836,0,0,0.4797196090221405,0.4797196090221405,TN
3837,0,0,0.4908761978149414,0.4908761978149414,TN
3838,0,0,0.48860469460487366,0.48860469460487366,TN
3839,0,0,0.4840608239173889,0.4840608239173889,TN
3840,0,0,0.4881420433521271,0.4881420433521271,TN
3841,0,0,0.48300784826278687,0.48300784826278687,TN
3842,0,0,0.4633142948150635,0.4633142948150635,TN
3843,0,0,0.47553879022598267,0.47553879022598267,TN
3844,0,0,0.48388245701789856,0.48388245701789856,TN
3845,0,0,0.4879254102706909,0.4879254102706909,TN
3846,0,0,0.4796973764896393,0.4796973764896393,TN
3847,0,0,0.47571274638175964,0.47571274638175964,TN
3848,0,0,0.4771273136138916,0.4771273136138916,TN
3849,0,0,0.4747384786605835,0.4747384786605835,TN
3850,0,0,0.4700329601764679,0.4700329601764679,TN
3851,0,0,0.4898498058319092,0.4898498058319092,TN
3852,0,0,0.48666244745254517,0.48666244745254517,TN
3853,0,0,0.493459016084671,0.493459016084671,TN
3854,0,0,0.5209497213363647,0.5209497213363647,TN
3855,0,0,0.4847143888473511,0.4847143888473511,TN
3856,0,0,0.5020642280578613,0.5020642280578613,TN
3857,0,0,0.4969533681869507,0.4969533681869507,TN
3858,0,0,0.49559566378593445,0.49559566378593445,TN
3859,0,0,0.4937920868396759,0.4937920868396759,TN
3860,0,0,0.49246203899383545,0.49246203899383545,TN
3861,0,0,0.49145546555519104,0.49145546555519104,TN
3862,0,0,0.4864822328090668,0.4864822328090668,TN
3863,0,0,0.5010560750961304,0.5010560750961304,TN
3864,0,0,0.5291763544082642,0.5291763544082642,TN
3865,0,0,0.5157278776168823,0.5157278776168823,TN
3866,0,0,0.5092039704322815,0.5092039704322815,TN
3867,0,0,0.5168104767799377,0.5168104767799377,TN
3868,0,0,0.515957772731781,0.515957772731781,TN
3869,0,0,0.5231549739837646,0.5231549739837646,TN
3870,0,0,0.5201255679130554,0.5201255679130554,TN
3871,0,0,0.5251931548118591,0.5251931548118591,TN
3872,0,0,0.5267239212989807,0.5267239212989807,TN
3873,0,0,0.5254093408584595,0.5254093408584595,TN
3874,0,0,0.52571702003479,0.52571702003479,TN
3875,0,0,0.5332525372505188,0.5332525372505188,TN
3876,0,0,0.5523404479026794,0.5523404479026794,TN
3877,0,0,0.5452682375907898,0.5452682375907898,TN
3878,0,0,0.5469590425491333,0.5469590425491333,TN
3879,0,0,0.5564639568328857,0.5564639568328857,TN
3880,0,0,0.5593307018280029,0.5593307018280029,TN
3881,0,0,0.5551815032958984,0.5551815032958984,TN
3882,0,0,0.5522668957710266,0.5522668957710266,TN
3883,0,0,0.5526121854782104,0.5526121854782104,TN
3884,0,0,0.5596304535865784,0.5596304535865784,TN
3885,0,0,0.5513538122177124,0.5513538122177124,TN
3886,0,0,0.5632614493370056,0.5632614493370056,TN
3887,0,0,0.5618585348129272,0.5618585348129272,TN
3888,0,0,0.5645492076873779,0.5645492076873779,TN
3889,0,0,0.5408720970153809,0.5408720970153809,TN
3890,0,0,0.552989661693573,0.552989661693573,TN
3891,0,0,0.5574283003807068,0.5574283003807068,TN
3892,0,0,0.5506212115287781,0.5506212115287781,TN
3893,0,0,0.5668690204620361,0.5668690204620361,TN
3894,0,0,0.5732777118682861,0.5732777118682861,TN
3895,0,0,0.566362738609314,0.566362738609314,TN
3896,0,0,0.5799866318702698,0.5799866318702698,TN
3897,0,0,0.5956642627716064,0.5956642627716064,TN
3898,1,1,0.6266222596168518,0.6266222596168518,TP
3899,1,1,0.6322682499885559,0.6322682499885559,TP
3900,1,1,0.6638147830963135,0.6638147830963135,TP
3901,1,1,0.6645408868789673,0.6645408868789673,TP
3902,1,1,0.6874712109565735,0.6874712109565735,TP
3903,1,1,0.7043750882148743,0.7043750882148743,TP
3904,1,1,0.6966549158096313,0.6966549158096313,TP
3905,1,1,0.7256042957305908,0.7256042957305908,TP
3906,1,1,0.732140064239502,0.732140064239502,TP
3907,1,1,0.7708486914634705,0.7708486914634705,TP
3908,0,0,0.5449721813201904,0.5449721813201904,TN
3909,0,0,0.5398868918418884,0.5398868918418884,TN
3910,0,0,0.5635467767715454,0.5635467767715454,TN
3911,0,0,0.5486124157905579,0.5486124157905579,TN
3912,0,0,0.5450579524040222,0.5450579524040222,TN
3913,0,0,0.5623263716697693,0.5623263716697693,TN
3914,0,0,0.5460941195487976,0.5460941195487976,TN
3915,0,0,0.5631959438323975,0.5631959438323975,TN
3916,0,0,0.5329443216323853,0.5329443216323853,TN
3917,0,0,0.5309643745422363,0.5309643745422363,TN
3918,0,0,0.5348119139671326,0.5348119139671326,TN
3919,0,0,0.5563737750053406,0.5563737750053406,TN
3920,0,0,0.5471778512001038,0.5471778512001038,TN
3921,0,0,0.5423564910888672,0.5423564910888672,TN
3922,0,0,0.5429535508155823,0.5429535508155823,TN
3923,0,0,0.5671337246894836,0.5671337246894836,TN
3924,0,0,0.5208541750907898,0.5208541750907898,TN
3925,0,0,0.5687049627304077,0.5687049627304077,TN
3926,0,0,0.5427646636962891,0.5427646636962891,TN
3927,0,0,0.5578193068504333,0.5578193068504333,TN
3928,0,0,0.5337970852851868,0.5337970852851868,TN
3929,0,0,0.5493890643119812,0.5493890643119812,TN
3930,0,0,0.5477283000946045,0.5477283000946045,TN
3931,0,0,0.5432340502738953,0.5432340502738953,TN
3932,0,0,0.5379186868667603,0.5379186868667603,TN
3933,0,0,0.5444948673248291,0.5444948673248291,TN
3934,0,0,0.5523359179496765,0.5523359179496765,TN
3935,0,0,0.5440105199813843,0.5440105199813843,TN
3936,0,0,0.5441202521324158,0.5441202521324158,TN
3937,0,0,0.5344673991203308,0.5344673991203308,TN
3938,0,0,0.5530200004577637,0.5530200004577637,TN
3939,0,0,0.5463844537734985,0.5463844537734985,TN
3940,0,0,0.5611773133277893,0.5611773133277893,TN
3941,0,0,0.5407392978668213,0.5407392978668213,TN
3942,0,0,0.5448482036590576,0.5448482036590576,TN
3943,0,0,0.5465545654296875,0.5465545654296875,TN
3944,0,0,0.5463472008705139,0.5463472008705139,TN
3945,0,0,0.5408245325088501,0.5408245325088501,TN
3946,0,0,0.5501031279563904,0.5501031279563904,TN
3947,0,0,0.5415195822715759,0.5415195822715759,TN
3948,0,0,0.5669824481010437,0.5669824481010437,TN
3949,0,0,0.5349838733673096,0.5349838733673096,TN
3950,0,0,0.5302244424819946,0.5302244424819946,TN
3951,0,0,0.5359030961990356,0.5359030961990356,TN
3952,0,0,0.5397440195083618,0.5397440195083618,TN
3953,0,0,0.5340432524681091,0.5340432524681091,TN
3954,0,0,0.5294228196144104,0.5294228196144104,TN
3955,0,0,0.5408788323402405,0.5408788323402405,TN
3956,0,0,0.5437572598457336,0.5437572598457336,TN
3957,0,0,0.5291550755500793,0.5291550755500793,TN
3958,0,0,0.5262253284454346,0.5262253284454346,TN
3959,0,0,0.5456419587135315,0.5456419587135315,TN
3960,0,0,0.541279137134552,0.541279137134552,TN
3961,0,0,0.546678364276886,0.546678364276886,TN
3962,0,0,0.5316739082336426,0.5316739082336426,TN
3963,0,0,0.5280230045318604,0.5280230045318604,TN
3964,0,0,0.5365703701972961,0.5365703701972961,TN
3965,0,0,0.5206854939460754,0.5206854939460754,TN
3966,0,0,0.5318335890769958,0.5318335890769958,TN
3967,0,0,0.5336438417434692,0.5336438417434692,TN
3968,0,0,0.5364453792572021,0.5364453792572021,TN
3969,0,0,0.5207220315933228,0.5207220315933228,TN
3970,0,0,0.5216092467308044,0.5216092467308044,TN
3971,0,0,0.509788990020752,0.509788990020752,TN
3972,0,0,0.5390753746032715,0.5390753746032715,TN
3973,0,0,0.5202920436859131,0.5202920436859131,TN
3974,0,0,0.5146137475967407,0.5146137475967407,TN
3975,0,0,0.5171229839324951,0.5171229839324951,TN
3976,0,0,0.5209026336669922,0.5209026336669922,TN
3977,0,0,0.49918854236602783,0.49918854236602783,TN
3978,0,0,0.526883065700531,0.526883065700531,TN
3979,0,0,0.5045357346534729,0.5045357346534729,TN
3980,0,0,0.503068208694458,0.503068208694458,TN
3981,0,0,0.517173707485199,0.517173707485199,TN
3982,0,0,0.505887508392334,0.505887508392334,TN
3983,0,0,0.5175703763961792,0.5175703763961792,TN
3984,0,0,0.5274500250816345,0.5274500250816345,TN
3985,0,0,0.5150330066680908,0.5150330066680908,TN
3986,0,0,0.5194529294967651,0.5194529294967651,TN
3987,0,0,0.5086501836776733,0.5086501836776733,TN
3988,0,0,0.49778202176094055,0.49778202176094055,TN
3989,0,0,0.5099887847900391,0.5099887847900391,TN
3990,0,0,0.514363706111908,0.514363706111908,TN
3991,0,0,0.5149356722831726,0.5149356722831726,TN
3992,0,0,0.5378537774085999,0.5378537774085999,TN
3993,0,0,0.5398754477500916,0.5398754477500916,TN
3994,0,0,0.5291914939880371,0.5291914939880371,TN
3995,0,0,0.525357186794281,0.525357186794281,TN
3996,0,0,0.516986608505249,0.516986608505249,TN
3997,0,0,0.5255789160728455,0.5255789160728455,TN
3998,0,0,0.5255022644996643,0.5255022644996643,TN
3999,0,0,0.5217348337173462,0.5217348337173462,TN
4000,0,0,0.5340709686279297,0.5340709686279297,TN
4001,0,0,0.5448001623153687,0.5448001623153687,TN
4002,0,0,0.5312309265136719,0.5312309265136719,TN
4003,0,0,0.5443641543388367,0.5443641543388367,TN
4004,0,0,0.5500108599662781,0.5500108599662781,TN
4005,0,0,0.554317057132721,0.554317057132721,TN
4006,0,0,0.5494178533554077,0.5494178533554077,TN
4007,0,0,0.5555559396743774,0.5555559396743774,TN
4008,0,0,0.5517754554748535,0.5517754554748535,TN
4009,0,0,0.5552610158920288,0.5552610158920288,TN
4010,0,0,0.5511228442192078,0.5511228442192078,TN
4011,0,0,0.542513370513916,0.542513370513916,TN
4012,0,0,0.5373512506484985,0.5373512506484985,TN
4013,0,0,0.5426000356674194,0.5426000356674194,TN
4014,0,0,0.5323631763458252,0.5323631763458252,TN
4015,0,0,0.5335218906402588,0.5335218906402588,TN
4016,0,0,0.5178749561309814,0.5178749561309814,TN
4017,0,0,0.5192492604255676,0.5192492604255676,TN
4018,0,0,0.5246734619140625,0.5246734619140625,TN
4019,0,0,0.5342651009559631,0.5342651009559631,TN
4020,0,0,0.5209505558013916,0.5209505558013916,TN
4021,0,0,0.5186348557472229,0.5186348557472229,TN
4022,0,0,0.5337854623794556,0.5337854623794556,TN
4023,0,0,0.5501481890678406,0.5501481890678406,TN
4024,0,0,0.5268831849098206,0.5268831849098206,TN
4025,0,0,0.5270830392837524,0.5270830392837524,TN
4026,0,0,0.5255169868469238,0.5255169868469238,TN
4027,0,0,0.5195062756538391,0.5195062756538391,TN
4028,0,1,0.7359380125999451,0.7359380125999451,FP
4029,0,1,0.7269464135169983,0.7269464135169983,FP
4030,0,1,0.8050386905670166,0.8050386905670166,FP
4031,0,1,0.7650148868560791,0.7650148868560791,FP
4032,0,1,0.7975632548332214,0.7975632548332214,FP
4033,0,1,0.718636691570282,0.718636691570282,FP
4034,0,1,0.6902139782905579,0.6902139782905579,FP
4035,0,1,0.7609842419624329,0.7609842419624329,FP
4036,0,1,0.745259165763855,0.745259165763855,FP
4037,0,1,0.8134716153144836,0.8134716153144836,FP
4038,0,1,0.6755897998809814,0.6755897998809814,FP
4039,0,1,0.6729626655578613,0.6729626655578613,FP
4040,0,1,0.7471859455108643,0.7471859455108643,FP
4041,0,1,0.764884889125824,0.764884889125824,FP
4042,0,1,0.7247124314308167,0.7247124314308167,FP
4043,0,1,0.6355000138282776,0.6355000138282776,FP
4044,0,1,0.6919541358947754,0.6919541358947754,FP
4045,0,1,0.6735253930091858,0.6735253930091858,FP
4046,0,1,0.7050970196723938,0.7050970196723938,FP
4047,0,1,0.6663891077041626,0.6663891077041626,FP
4048,0,1,0.6704657673835754,0.6704657673835754,FP
4049,0,1,0.7088454961776733,0.7088454961776733,FP
4050,0,1,0.7569075226783752,0.7569075226783752,FP
4051,0,1,0.6643191576004028,0.6643191576004028,FP
4052,0,1,0.6976221203804016,0.6976221203804016,FP
4053,0,1,0.6683701872825623,0.6683701872825623,FP
4054,0,1,0.6184992790222168,0.6184992790222168,FP
4055,0,1,0.6208047270774841,0.6208047270774841,FP
4056,0,1,0.6541435122489929,0.6541435122489929,FP
4057,0,1,0.6858378648757935,0.6858378648757935,FP
4058,0,1,0.6283214688301086,0.6283214688301086,FP
4059,0,1,0.6219676733016968,0.6219676733016968,FP
4060,0,0,0.6122623085975647,0.6122623085975647,TN
4061,0,1,0.7245796322822571,0.7245796322822571,FP
4062,0,1,0.7125652432441711,0.7125652432441711,FP
4063,0,1,0.6173244714736938,0.6173244714736938,FP
4064,0,1,0.6609850525856018,0.6609850525856018,FP
4065,0,1,0.6562316417694092,0.6562316417694092,FP
4066,0,1,0.6431982517242432,0.6431982517242432,FP
4067,0,1,0.651767373085022,0.651767373085022,FP
4068,0,0,0.6078343391418457,0.6078343391418457,TN
4069,0,1,0.7044031620025635,0.7044031620025635,FP
4070,0,1,0.6500939726829529,0.6500939726829529,FP
4071,0,1,0.625103235244751,0.625103235244751,FP
4072,0,1,0.6573705077171326,0.6573705077171326,FP
4073,0,1,0.6456728577613831,0.6456728577613831,FP
4074,0,0,0.6082237362861633,0.6082237362861633,TN
4075,0,1,0.6225683689117432,0.6225683689117432,FP
4076,0,1,0.652222216129303,0.652222216129303,FP
4077,0,1,0.638443112373352,0.638443112373352,FP
4078,0,0,0.5989088416099548,0.5989088416099548,TN
4079,0,0,0.5681862831115723,0.5681862831115723,TN
4080,0,1,0.6199662089347839,0.6199662089347839,FP
4081,0,0,0.5912619829177856,0.5912619829177856,TN
4082,0,1,0.6212617754936218,0.6212617754936218,FP
4083,0,0,0.5935896039009094,0.5935896039009094,TN
4084,0,1,0.6377984285354614,0.6377984285354614,FP
4085,0,0,0.6021496057510376,0.6021496057510376,TN
4086,0,1,0.6375738382339478,0.6375738382339478,FP
4087,0,0,0.5884706377983093,0.5884706377983093,TN
4088,0,0,0.5857572555541992,0.5857572555541992,TN
4089,0,0,0.6002301573753357,0.6002301573753357,TN
4090,0,0,0.5692899227142334,0.5692899227142334,TN
4091,0,0,0.568725049495697,0.568725049495697,TN
4092,0,1,0.6244086027145386,0.6244086027145386,FP
4093,0,0,0.5842711925506592,0.5842711925506592,TN
4094,0,0,0.5775839686393738,0.5775839686393738,TN
4095,0,1,0.614047646522522,0.614047646522522,FP
4096,0,0,0.5746750831604004,0.5746750831604004,TN
4097,0,0,0.5783371329307556,0.5783371329307556,TN
4098,0,0,0.5669814944267273,0.5669814944267273,TN
4099,0,0,0.5532099008560181,0.5532099008560181,TN
4100,0,0,0.5973396897315979,0.5973396897315979,TN
4101,0,0,0.548805832862854,0.548805832862854,TN
4102,0,0,0.5579326152801514,0.5579326152801514,TN
4103,0,0,0.5845540761947632,0.5845540761947632,TN
4104,0,0,0.6003101468086243,0.6003101468086243,TN
4105,0,0,0.5607929825782776,0.5607929825782776,TN
4106,0,0,0.5490602850914001,0.5490602850914001,TN
4107,0,0,0.5425764322280884,0.5425764322280884,TN
4108,0,0,0.5812876224517822,0.5812876224517822,TN
4109,0,0,0.6006973385810852,0.6006973385810852,TN
4110,0,0,0.5512732863426208,0.5512732863426208,TN
4111,0,0,0.5940801501274109,0.5940801501274109,TN
4112,0,0,0.5559973120689392,0.5559973120689392,TN
4113,0,0,0.5361295938491821,0.5361295938491821,TN
4114,0,0,0.5424551963806152,0.5424551963806152,TN
4115,0,0,0.540473461151123,0.540473461151123,TN
4116,0,0,0.5318983197212219,0.5318983197212219,TN
4117,0,0,0.5403493046760559,0.5403493046760559,TN
4118,0,0,0.5259503722190857,0.5259503722190857,TN
4119,0,0,0.5206084251403809,0.5206084251403809,TN
4120,0,0,0.5621816515922546,0.5621816515922546,TN
4121,0,0,0.5198745131492615,0.5198745131492615,TN
4122,0,0,0.5199233293533325,0.5199233293533325,TN
4123,0,0,0.5519914031028748,0.5519914031028748,TN
4124,0,0,0.5350536108016968,0.5350536108016968,TN
4125,0,0,0.5236452221870422,0.5236452221870422,TN
4126,0,0,0.5403127074241638,0.5403127074241638,TN
4127,0,0,0.5326829552650452,0.5326829552650452,TN
4128,0,0,0.5739171504974365,0.5739171504974365,TN
4129,0,0,0.558197557926178,0.558197557926178,TN
4130,0,0,0.5544566512107849,0.5544566512107849,TN
4131,0,0,0.5417062640190125,0.5417062640190125,TN
4132,0,0,0.5331263542175293,0.5331263542175293,TN
4133,0,0,0.5252994298934937,0.5252994298934937,TN
4134,0,0,0.5476322770118713,0.5476322770118713,TN
4135,0,0,0.5509054064750671,0.5509054064750671,TN
4136,0,0,0.5607920289039612,0.5607920289039612,TN
4137,0,0,0.5457087159156799,0.5457087159156799,TN
4138,0,0,0.5524784922599792,0.5524784922599792,TN
4139,0,0,0.5815854072570801,0.5815854072570801,TN
4140,0,0,0.5535984635353088,0.5535984635353088,TN
4141,0,0,0.5306463241577148,0.5306463241577148,TN
4142,0,0,0.5825235843658447,0.5825235843658447,TN
4143,0,0,0.5640830993652344,0.5640830993652344,TN
4144,0,0,0.5660643577575684,0.5660643577575684,TN
4145,0,0,0.5638991594314575,0.5638991594314575,TN
4146,0,0,0.5785729885101318,0.5785729885101318,TN
4147,0,0,0.5596714615821838,0.5596714615821838,TN
4148,0,0,0.5566049814224243,0.5566049814224243,TN
4149,0,0,0.5809303522109985,0.5809303522109985,TN
4150,0,0,0.589378833770752,0.589378833770752,TN
4151,0,0,0.5823484063148499,0.5823484063148499,TN
4152,0,0,0.5491299629211426,0.5491299629211426,TN
4153,0,0,0.5811496376991272,0.5811496376991272,TN
4154,0,0,0.5918489098548889,0.5918489098548889,TN
4155,0,0,0.5731907486915588,0.5731907486915588,TN
4156,0,0,0.5929356217384338,0.5929356217384338,TN
4157,0,0,0.6000530123710632,0.6000530123710632,TN
4158,0,0,0.5941365957260132,0.5941365957260132,TN
4159,0,1,0.61675626039505,0.61675626039505,FP
4160,0,1,0.6218913793563843,0.6218913793563843,FP
4161,0,1,0.628959059715271,0.628959059715271,FP
4162,0,1,0.6359969973564148,0.6359969973564148,FP
4163,0,1,0.6467210650444031,0.6467210650444031,FP
4164,0,1,0.6574479937553406,0.6574479937553406,FP
4165,0,1,0.6735140085220337,0.6735140085220337,FP
4166,1,1,0.6906788349151611,0.6906788349151611,TP
4167,1,1,0.7334672808647156,0.7334672808647156,TP
4168,0,0,0.5814211368560791,0.5814211368560791,TN
4169,0,0,0.5806858539581299,0.5806858539581299,TN
4170,0,0,0.5504930019378662,0.5504930019378662,TN
4171,0,0,0.5601117014884949,0.5601117014884949,TN
4172,0,0,0.5799417495727539,0.5799417495727539,TN
4173,0,0,0.5853546261787415,0.5853546261787415,TN
4174,0,0,0.5962026119232178,0.5962026119232178,TN
4175,0,0,0.5885114073753357,0.5885114073753357,TN
4176,0,0,0.5688847303390503,0.5688847303390503,TN
4177,0,0,0.5850642919540405,0.5850642919540405,TN
4178,0,0,0.5720801949501038,0.5720801949501038,TN
4179,0,0,0.5682228803634644,0.5682228803634644,TN
4180,0,0,0.5891503691673279,0.5891503691673279,TN
4181,0,0,0.5837092399597168,0.5837092399597168,TN
4182,0,0,0.5739648938179016,0.5739648938179016,TN
4183,0,0,0.5877725481987,0.5877725481987,TN
4184,0,0,0.5814816951751709,0.5814816951751709,TN
4185,0,0,0.5730083584785461,0.5730083584785461,TN
4186,0,0,0.5917368531227112,0.5917368531227112,TN
4187,0,0,0.5918989777565002,0.5918989777565002,TN
4188,0,0,0.5496809482574463,0.5496809482574463,TN
4189,0,0,0.5648438930511475,0.5648438930511475,TN
4190,0,0,0.5734972357749939,0.5734972357749939,TN
4191,0,0,0.5624036192893982,0.5624036192893982,TN
4192,0,0,0.5485355854034424,0.5485355854034424,TN
4193,0,0,0.5435199737548828,0.5435199737548828,TN
4194,0,0,0.5544882416725159,0.5544882416725159,TN
4195,0,0,0.5484697818756104,0.5484697818756104,TN
4196,0,0,0.5704662799835205,0.5704662799835205,TN
4197,0,0,0.5819929242134094,0.5819929242134094,TN
4198,0,0,0.5636370778083801,0.5636370778083801,TN
4199,0,0,0.5828409790992737,0.5828409790992737,TN
4200,0,0,0.600384533405304,0.600384533405304,TN
4201,0,0,0.604299783706665,0.604299783706665,TN
4202,0,0,0.5727925300598145,0.5727925300598145,TN
4203,0,0,0.5903514623641968,0.5903514623641968,TN
4204,0,1,0.6277968883514404,0.6277968883514404,FP
4205,0,0,0.6123374700546265,0.6123374700546265,TN
4206,0,0,0.6071464419364929,0.6071464419364929,TN
4207,0,1,0.6198478937149048,0.6198478937149048,FP
4208,0,1,0.6244262456893921,0.6244262456893921,FP
4209,0,1,0.6288193464279175,0.6288193464279175,FP
4210,0,1,0.6257025599479675,0.6257025599479675,FP
4211,0,1,0.6147350072860718,0.6147350072860718,FP
4212,0,1,0.6276642084121704,0.6276642084121704,FP
4213,0,1,0.6381876468658447,0.6381876468658447,FP
4214,0,1,0.6387948989868164,0.6387948989868164,FP
4215,0,1,0.6465345025062561,0.6465345025062561,FP
4216,0,1,0.6534533500671387,0.6534533500671387,FP
4217,0,1,0.6380435228347778,0.6380435228347778,FP
4218,0,1,0.6641761064529419,0.6641761064529419,FP
4219,0,1,0.6668273210525513,0.6668273210525513,FP
4220,0,1,0.6997309923171997,0.6997309923171997,FP
4221,0,1,0.6652584075927734,0.6652584075927734,FP
4222,0,1,0.6459178924560547,0.6459178924560547,FP
4223,0,1,0.6649673581123352,0.6649673581123352,FP
4224,0,1,0.6430972218513489,0.6430972218513489,FP
4225,0,1,0.6327977180480957,0.6327977180480957,FP
4226,0,1,0.6482751965522766,0.6482751965522766,FP
4227,0,1,0.641469419002533,0.641469419002533,FP
4228,0,1,0.6437660455703735,0.6437660455703735,FP
4229,0,1,0.6227861642837524,0.6227861642837524,FP
4230,0,1,0.6181600689888,0.6181600689888,FP
4231,0,1,0.6458665728569031,0.6458665728569031,FP
4232,0,1,0.6396850347518921,0.6396850347518921,FP
4233,0,1,0.6211270093917847,0.6211270093917847,FP
4234,0,0,0.6124505400657654,0.6124505400657654,TN
4235,0,1,0.622448205947876,0.622448205947876,FP
4236,0,1,0.6232168078422546,0.6232168078422546,FP
4237,0,1,0.6403506398200989,0.6403506398200989,FP
4238,0,1,0.6233209371566772,0.6233209371566772,FP
4239,0,1,0.6493275165557861,0.6493275165557861,FP
4240,0,1,0.6196906566619873,0.6196906566619873,FP
4241,0,0,0.6107496619224548,0.6107496619224548,TN
4242,0,0,0.6131240725517273,0.6131240725517273,TN
4243,0,0,0.6029037833213806,0.6029037833213806,TN
4244,0,0,0.596166729927063,0.596166729927063,TN
4245,0,0,0.601535439491272,0.601535439491272,TN
4246,0,1,0.6559215784072876,0.6559215784072876,FP
4247,0,1,0.6411054730415344,0.6411054730415344,FP
4248,0,1,0.654778003692627,0.654778003692627,FP
4249,0,0,0.5886934995651245,0.5886934995651245,TN
4250,0,0,0.5908510088920593,0.5908510088920593,TN
4251,0,1,0.6251664161682129,0.6251664161682129,FP
4252,0,1,0.6462709903717041,0.6462709903717041,FP
4253,0,1,0.6503586769104004,0.6503586769104004,FP
4254,0,1,0.649630069732666,0.649630069732666,FP
4255,0,1,0.6206268072128296,0.6206268072128296,FP
4256,0,1,0.6756585836410522,0.6756585836410522,FP
4257,0,1,0.6514360308647156,0.6514360308647156,FP
4258,0,1,0.6510828137397766,0.6510828137397766,FP
4259,0,1,0.6393330693244934,0.6393330693244934,FP
4260,0,1,0.6521947979927063,0.6521947979927063,FP
4261,0,1,0.687089204788208,0.687089204788208,FP
4262,0,1,0.6504133343696594,0.6504133343696594,FP
4263,0,1,0.6596753001213074,0.6596753001213074,FP
4264,0,1,0.6557377576828003,0.6557377576828003,FP
4265,0,1,0.6300088763237,0.6300088763237,FP
4266,0,1,0.6784771084785461,0.6784771084785461,FP
4267,0,1,0.6591628193855286,0.6591628193855286,FP
4268,0,1,0.6655063033103943,0.6655063033103943,FP
4269,0,1,0.6873860955238342,0.6873860955238342,FP
4270,0,1,0.6563161611557007,0.6563161611557007,FP
4271,0,1,0.6496202945709229,0.6496202945709229,FP
4272,0,1,0.6962334513664246,0.6962334513664246,FP
4273,0,1,0.7362523078918457,0.7362523078918457,FP
4274,0,1,0.7101307511329651,0.7101307511329651,FP
4275,0,1,0.7395430207252502,0.7395430207252502,FP
4276,0,1,0.811184823513031,0.811184823513031,FP
4277,0,1,0.7391052842140198,0.7391052842140198,FP
4278,1,1,0.800429105758667,0.800429105758667,TP
4279,1,1,0.6596173644065857,0.6596173644065857,TP
4280,1,1,0.8241934776306152,0.8241934776306152,TP
4281,1,1,0.7365110516548157,0.7365110516548157,TP
4282,1,1,0.8063102960586548,0.8063102960586548,TP
4283,0,1,0.6832531690597534,0.6832531690597534,FP
4284,0,1,0.7297594547271729,0.7297594547271729,FP
4285,0,1,0.6991291642189026,0.6991291642189026,FP
4286,0,1,0.6640878915786743,0.6640878915786743,FP
4287,0,1,0.6480672359466553,0.6480672359466553,FP
4288,0,1,0.6995648145675659,0.6995648145675659,FP
4289,0,1,0.6913349032402039,0.6913349032402039,FP
4290,0,1,0.6953416466712952,0.6953416466712952,FP
4291,0,1,0.6807202100753784,0.6807202100753784,FP
4292,0,1,0.6554253101348877,0.6554253101348877,FP
4293,0,1,0.7007383704185486,0.7007383704185486,FP
4294,0,1,0.6761831641197205,0.6761831641197205,FP
4295,0,1,0.6915529370307922,0.6915529370307922,FP
4296,0,1,0.6144479513168335,0.6144479513168335,FP
4297,0,1,0.6649142503738403,0.6649142503738403,FP
4298,0,1,0.658733606338501,0.658733606338501,FP
4299,0,1,0.6134999990463257,0.6134999990463257,FP
4300,0,1,0.641693115234375,0.641693115234375,FP
4301,0,1,0.6566867232322693,0.6566867232322693,FP
4302,0,1,0.6722025275230408,0.6722025275230408,FP
4303,0,1,0.6606069207191467,0.6606069207191467,FP
4304,0,0,0.6106830835342407,0.6106830835342407,TN
4305,0,0,0.5960744023323059,0.5960744023323059,TN
4306,0,0,0.5777941346168518,0.5777941346168518,TN
4307,0,0,0.5781934857368469,0.5781934857368469,TN
4308,0,0,0.6119697093963623,0.6119697093963623,TN
4309,0,0,0.6011711955070496,0.6011711955070496,TN
4310,0,0,0.578193187713623,0.578193187713623,TN
4311,0,0,0.5873069167137146,0.5873069167137146,TN
4312,0,0,0.5612801909446716,0.5612801909446716,TN
4313,0,1,0.6171495914459229,0.6171495914459229,FP
4314,0,0,0.5829313397407532,0.5829313397407532,TN
4315,0,0,0.5974195599555969,0.5974195599555969,TN
4316,0,1,0.6510417461395264,0.6510417461395264,FP
4317,0,0,0.6051962375640869,0.6051962375640869,TN
4318,0,0,0.5415895581245422,0.5415895581245422,TN
4319,0,0,0.6063225865364075,0.6063225865364075,TN
4320,0,0,0.5721395611763,0.5721395611763,TN
4321,0,0,0.573138415813446,0.573138415813446,TN
4322,0,0,0.583395779132843,0.583395779132843,TN
4323,0,1,0.647990345954895,0.647990345954895,FP
4324,0,0,0.604361355304718,0.604361355304718,TN
4325,0,0,0.5992143154144287,0.5992143154144287,TN
4326,0,0,0.5828685164451599,0.5828685164451599,TN
4327,0,0,0.6078762412071228,0.6078762412071228,TN
4328,0,0,0.578687846660614,0.578687846660614,TN
4329,0,0,0.5916025638580322,0.5916025638580322,TN
4330,0,0,0.5602471828460693,0.5602471828460693,TN
4331,0,0,0.5527341961860657,0.5527341961860657,TN
4332,0,0,0.5579602718353271,0.5579602718353271,TN
4333,0,0,0.5306833386421204,0.5306833386421204,TN
4334,0,0,0.5037896633148193,0.5037896633148193,TN
4335,0,0,0.5596674084663391,0.5596674084663391,TN
4336,0,0,0.5018049478530884,0.5018049478530884,TN
4337,0,0,0.5377207398414612,0.5377207398414612,TN
4338,0,0,0.5258593559265137,0.5258593559265137,TN
4339,0,0,0.5113341808319092,0.5113341808319092,TN
4340,0,0,0.5075829029083252,0.5075829029083252,TN
4341,0,0,0.509880542755127,0.509880542755127,TN
4342,0,0,0.5293348431587219,0.5293348431587219,TN
4343,0,0,0.5629558563232422,0.5629558563232422,TN
4344,0,0,0.523037850856781,0.523037850856781,TN
4345,0,0,0.4913179874420166,0.4913179874420166,TN
4346,0,0,0.5274201035499573,0.5274201035499573,TN
4347,0,0,0.5130175948143005,0.5130175948143005,TN
4348,0,0,0.5046606063842773,0.5046606063842773,TN
4349,0,0,0.49428513646125793,0.49428513646125793,TN
4350,0,0,0.5260429978370667,0.5260429978370667,TN
4351,0,0,0.5110042691230774,0.5110042691230774,TN
4352,0,0,0.49416327476501465,0.49416327476501465,TN
4353,0,0,0.5293996930122375,0.5293996930122375,TN
4354,0,0,0.5000996589660645,0.5000996589660645,TN
4355,0,0,0.5746501684188843,0.5746501684188843,TN
4356,0,0,0.5602729916572571,0.5602729916572571,TN
4357,0,0,0.5589514374732971,0.5589514374732971,TN
4358,0,0,0.552405595779419,0.552405595779419,TN
4359,0,0,0.5731093287467957,0.5731093287467957,TN
4360,0,0,0.5812461376190186,0.5812461376190186,TN
4361,0,0,0.5561708211898804,0.5561708211898804,TN
4362,0,0,0.5687668323516846,0.5687668323516846,TN
4363,0,0,0.5471485257148743,0.5471485257148743,TN
4364,0,0,0.5541305541992188,0.5541305541992188,TN
4365,0,0,0.5530321598052979,0.5530321598052979,TN
4366,0,0,0.5260459780693054,0.5260459780693054,TN
4367,0,0,0.5471121668815613,0.5471121668815613,TN
4368,0,0,0.5526740550994873,0.5526740550994873,TN
4369,0,0,0.5655787587165833,0.5655787587165833,TN
4370,0,0,0.5635731220245361,0.5635731220245361,TN
4371,0,0,0.5595752596855164,0.5595752596855164,TN
4372,0,0,0.5538561940193176,0.5538561940193176,TN
4373,0,0,0.5581589937210083,0.5581589937210083,TN
4374,0,0,0.5519109964370728,0.5519109964370728,TN
4375,0,0,0.5737887024879456,0.5737887024879456,TN
4376,0,0,0.5574176907539368,0.5574176907539368,TN
4377,0,0,0.5781205892562866,0.5781205892562866,TN
4378,0,0,0.5579946041107178,0.5579946041107178,TN
4379,0,0,0.5595607161521912,0.5595607161521912,TN
4380,0,0,0.5659072399139404,0.5659072399139404,TN
4381,0,0,0.5954022407531738,0.5954022407531738,TN
4382,0,0,0.5895618200302124,0.5895618200302124,TN
4383,0,0,0.579944908618927,0.579944908618927,TN
4384,0,0,0.5758872032165527,0.5758872032165527,TN
4385,0,0,0.586560070514679,0.586560070514679,TN
4386,0,0,0.5760663747787476,0.5760663747787476,TN
4387,0,0,0.589586615562439,0.589586615562439,TN
4388,0,0,0.5745486617088318,0.5745486617088318,TN
4389,0,0,0.5761135220527649,0.5761135220527649,TN
4390,0,0,0.5825434923171997,0.5825434923171997,TN
4391,0,0,0.594871461391449,0.594871461391449,TN
4392,0,0,0.5604279637336731,0.5604279637336731,TN
4393,0,0,0.5621151924133301,0.5621151924133301,TN
4394,0,0,0.5687822103500366,0.5687822103500366,TN
4395,0,0,0.5513933300971985,0.5513933300971985,TN
4396,0,0,0.5469326972961426,0.5469326972961426,TN
4397,0,0,0.5715742707252502,0.5715742707252502,TN
4398,0,0,0.5566648840904236,0.5566648840904236,TN
4399,0,0,0.560207724571228,0.560207724571228,TN
4400,0,0,0.5632627010345459,0.5632627010345459,TN
4401,0,0,0.5458804965019226,0.5458804965019226,TN
4402,0,0,0.5645654201507568,0.5645654201507568,TN
4403,0,0,0.5982867479324341,0.5982867479324341,TN
4404,0,0,0.5632684826850891,0.5632684826850891,TN
4405,0,0,0.5670520663261414,0.5670520663261414,TN
4406,0,0,0.5709850192070007,0.5709850192070007,TN
4407,0,0,0.5565216541290283,0.5565216541290283,TN
4408,0,0,0.5615830421447754,0.5615830421447754,TN
4409,0,0,0.5677671432495117,0.5677671432495117,TN
4410,0,0,0.5623180866241455,0.5623180866241455,TN
4411,0,0,0.5568487644195557,0.5568487644195557,TN
4412,0,0,0.5842064619064331,0.5842064619064331,TN
4413,0,0,0.5728764533996582,0.5728764533996582,TN
4414,0,0,0.5826500654220581,0.5826500654220581,TN
4415,0,0,0.5641912817955017,0.5641912817955017,TN
4416,0,0,0.5663646459579468,0.5663646459579468,TN
4417,0,0,0.5786166191101074,0.5786166191101074,TN
4418,0,0,0.5755209922790527,0.5755209922790527,TN
4419,0,0,0.5538506507873535,0.5538506507873535,TN
4420,0,0,0.5500332117080688,0.5500332117080688,TN
4421,0,0,0.5564768314361572,0.5564768314361572,TN
4422,0,0,0.551866888999939,0.551866888999939,TN
4423,0,0,0.5492232441902161,0.5492232441902161,TN
4424,0,0,0.5367411971092224,0.5367411971092224,TN
4425,0,0,0.5302361845970154,0.5302361845970154,TN
4426,0,0,0.5288257002830505,0.5288257002830505,TN
4427,0,0,0.5322836637496948,0.5322836637496948,TN
4428,0,0,0.557491660118103,0.557491660118103,TN
4429,0,0,0.5391369462013245,0.5391369462013245,TN
4430,0,0,0.5483870506286621,0.5483870506286621,TN
4431,0,0,0.5394410490989685,0.5394410490989685,TN
4432,0,0,0.5292404294013977,0.5292404294013977,TN
4433,0,0,0.537351131439209,0.537351131439209,TN
4434,0,0,0.5572341680526733,0.5572341680526733,TN
4435,0,0,0.5422433614730835,0.5422433614730835,TN
4436,0,0,0.5396530032157898,0.5396530032157898,TN
4437,0,0,0.5542479157447815,0.5542479157447815,TN
4438,0,0,0.5473169684410095,0.5473169684410095,TN
4439,0,0,0.532163679599762,0.532163679599762,TN
4440,0,0,0.530002772808075,0.530002772808075,TN
4441,0,0,0.5393983721733093,0.5393983721733093,TN
4442,0,0,0.5385902523994446,0.5385902523994446,TN
4443,0,0,0.5473583340644836,0.5473583340644836,TN
4444,0,0,0.5495999455451965,0.5495999455451965,TN
4445,0,0,0.5437150001525879,0.5437150001525879,TN
4446,0,0,0.5512828230857849,0.5512828230857849,TN
4447,0,0,0.5626621842384338,0.5626621842384338,TN
4448,0,0,0.5785338878631592,0.5785338878631592,TN
4449,0,0,0.5849108099937439,0.5849108099937439,TN
4450,0,0,0.580249011516571,0.580249011516571,TN
4451,0,0,0.5778019428253174,0.5778019428253174,TN
4452,0,0,0.5816055536270142,0.5816055536270142,TN
4453,0,0,0.5827415585517883,0.5827415585517883,TN
4454,0,0,0.5917062163352966,0.5917062163352966,TN
4455,0,0,0.5799189209938049,0.5799189209938049,TN
4456,0,0,0.5883622169494629,0.5883622169494629,TN
4457,0,0,0.5891771912574768,0.5891771912574768,TN
4458,0,0,0.5845873355865479,0.5845873355865479,TN
4459,0,0,0.5979688167572021,0.5979688167572021,TN
4460,0,0,0.5997579097747803,0.5997579097747803,TN
4461,0,0,0.5996895432472229,0.5996895432472229,TN
4462,0,0,0.603603720664978,0.603603720664978,TN
4463,0,0,0.6007867455482483,0.6007867455482483,TN
4464,0,0,0.6050989627838135,0.6050989627838135,TN
4465,0,0,0.606453001499176,0.606453001499176,TN
4466,0,0,0.6043725609779358,0.6043725609779358,TN
4467,0,0,0.6046279668807983,0.6046279668807983,TN
4468,0,0,0.600807249546051,0.600807249546051,TN
4469,0,0,0.5933597683906555,0.5933597683906555,TN
4470,0,0,0.5887582898139954,0.5887582898139954,TN
4471,0,0,0.5751980543136597,0.5751980543136597,TN
4472,0,0,0.585074782371521,0.585074782371521,TN
4473,0,0,0.5768848061561584,0.5768848061561584,TN
4474,0,0,0.5905348062515259,0.5905348062515259,TN
4475,0,0,0.5946069955825806,0.5946069955825806,TN
4476,0,0,0.5944647192955017,0.5944647192955017,TN
4477,0,0,0.5985380411148071,0.5985380411148071,TN
4478,0,0,0.601636528968811,0.601636528968811,TN
4479,0,0,0.6075348854064941,0.6075348854064941,TN
4480,0,0,0.609393835067749,0.609393835067749,TN
4481,0,1,0.6250631213188171,0.6250631213188171,FP
4482,0,1,0.6457580327987671,0.6457580327987671,FP
4483,0,1,0.668764591217041,0.668764591217041,FP
4484,0,1,0.6708299517631531,0.6708299517631531,FP
4485,0,1,0.6892959475517273,0.6892959475517273,FP
4486,0,1,0.700899064540863,0.700899064540863,FP
4487,0,1,0.6865384578704834,0.6865384578704834,FP
4488,0,1,0.7022884488105774,0.7022884488105774,FP
4489,0,1,0.7040858268737793,0.7040858268737793,FP
4490,1,1,0.7206679582595825,0.7206679582595825,TP
4491,1,1,0.7356226444244385,0.7356226444244385,TP
4492,1,1,0.7653874754905701,0.7653874754905701,TP
4493,1,1,0.7675456404685974,0.7675456404685974,TP
4494,1,1,0.7650023102760315,0.7650023102760315,TP
4495,1,1,0.802580714225769,0.802580714225769,TP
4496,1,1,0.8164740204811096,0.8164740204811096,TP
4497,1,1,0.841752290725708,0.841752290725708,TP
4498,1,1,0.8490592837333679,0.8490592837333679,TP
4499,1,1,0.8593962788581848,0.8593962788581848,TP
4500,1,1,0.8999645113945007,0.8999645113945007,TP
4501,1,1,0.951529860496521,0.951529860496521,TP
4502,1,1,0.9664744734764099,0.9664744734764099,TP
4503,1,1,1.0080633163452148,1.0080633163452148,TP
4504,1,1,1.0428842306137085,1.0428842306137085,TP
4505,1,1,1.0631709098815918,1.0631709098815918,TP
4506,0,0,0.5614204406738281,0.5614204406738281,TN
4507,0,0,0.5547473430633545,0.5547473430633545,TN
4508,0,0,0.5600447654724121,0.5600447654724121,TN
4509,0,0,0.5527524352073669,0.5527524352073669,TN
4510,0,0,0.5575051307678223,0.5575051307678223,TN
4511,0,0,0.5625166893005371,0.5625166893005371,TN
4512,0,0,0.5629028081893921,0.5629028081893921,TN
4513,0,0,0.5492608547210693,0.5492608547210693,TN
4514,0,0,0.549223005771637,0.549223005771637,TN
4515,0,0,0.5493862628936768,0.5493862628936768,TN
4516,0,0,0.5387735962867737,0.5387735962867737,TN
4517,0,0,0.5444371104240417,0.5444371104240417,TN
4518,0,0,0.5296526551246643,0.5296526551246643,TN
4519,0,0,0.5436782836914062,0.5436782836914062,TN
4520,0,0,0.5435202121734619,0.5435202121734619,TN
4521,0,0,0.5532440543174744,0.5532440543174744,TN
4522,0,0,0.5594563484191895,0.5594563484191895,TN
4523,0,0,0.5512298941612244,0.5512298941612244,TN
4524,0,0,0.5525106191635132,0.5525106191635132,TN
4525,0,0,0.5387496948242188,0.5387496948242188,TN
4526,0,0,0.5531743764877319,0.5531743764877319,TN
4527,0,0,0.5537947416305542,0.5537947416305542,TN
4528,0,0,0.5484133958816528,0.5484133958816528,TN
4529,0,0,0.5465723872184753,0.5465723872184753,TN
4530,0,0,0.5470567345619202,0.5470567345619202,TN
4531,0,0,0.5422227382659912,0.5422227382659912,TN
4532,0,0,0.5459651947021484,0.5459651947021484,TN
4533,0,0,0.5584649443626404,0.5584649443626404,TN
4534,0,0,0.5754984021186829,0.5754984021186829,TN
4535,0,0,0.5829737782478333,0.5829737782478333,TN
4536,0,0,0.5760326981544495,0.5760326981544495,TN
4537,0,0,0.5632171034812927,0.5632171034812927,TN
4538,0,0,0.5877176523208618,0.5877176523208618,TN
4539,0,0,0.5582032203674316,0.5582032203674316,TN
4540,0,0,0.5594829320907593,0.5594829320907593,TN
4541,0,0,0.5735000371932983,0.5735000371932983,TN
4542,0,0,0.5692460536956787,0.5692460536956787,TN
4543,0,0,0.5720356702804565,0.5720356702804565,TN
4544,0,0,0.562874972820282,0.562874972820282,TN
4545,0,0,0.5669679045677185,0.5669679045677185,TN
4546,0,0,0.5766333937644958,0.5766333937644958,TN
4547,0,0,0.5529717803001404,0.5529717803001404,TN
4548,0,0,0.5534085035324097,0.5534085035324097,TN
4549,0,0,0.5430963039398193,0.5430963039398193,TN
4550,0,0,0.5438812375068665,0.5438812375068665,TN
4551,0,0,0.5447410345077515,0.5447410345077515,TN
4552,0,0,0.5678384304046631,0.5678384304046631,TN
4553,0,0,0.5458561778068542,0.5458561778068542,TN
4554,0,0,0.5356638431549072,0.5356638431549072,TN
4555,0,0,0.5215338468551636,0.5215338468551636,TN
4556,0,0,0.5107908248901367,0.5107908248901367,TN
4557,0,0,0.5199838876724243,0.5199838876724243,TN
4558,0,0,0.5148435235023499,0.5148435235023499,TN
4559,0,0,0.5161296725273132,0.5161296725273132,TN
4560,0,0,0.5098684430122375,0.5098684430122375,TN
4561,0,0,0.5122157335281372,0.5122157335281372,TN
4562,0,0,0.5045791268348694,0.5045791268348694,TN
4563,0,0,0.5022667050361633,0.5022667050361633,TN
4564,0,0,0.4983530342578888,0.4983530342578888,TN
4565,0,0,0.5133971571922302,0.5133971571922302,TN
4566,0,0,0.5094237327575684,0.5094237327575684,TN
4567,0,0,0.5128080248832703,0.5128080248832703,TN
4568,0,0,0.5146481990814209,0.5146481990814209,TN
4569,0,0,0.5152824521064758,0.5152824521064758,TN
4570,0,0,0.5017617344856262,0.5017617344856262,TN
4571,0,0,0.492071270942688,0.492071270942688,TN
4572,0,0,0.4941549003124237,0.4941549003124237,TN
4573,0,0,0.4917508363723755,0.4917508363723755,TN
4574,0,0,0.49980437755584717,0.49980437755584717,TN
4575,0,0,0.4887862503528595,0.4887862503528595,TN
4576,0,0,0.4957367181777954,0.4957367181777954,TN
4577,0,0,0.4893573820590973,0.4893573820590973,TN
4578,0,0,0.47733214497566223,0.47733214497566223,TN
4579,0,0,0.4939015209674835,0.4939015209674835,TN
4580,0,0,0.48754051327705383,0.48754051327705383,TN
4581,0,0,0.504287838935852,0.504287838935852,TN
4582,0,0,0.4832448959350586,0.4832448959350586,TN
4583,0,0,0.4865768551826477,0.4865768551826477,TN
4584,0,0,0.4873891770839691,0.4873891770839691,TN
4585,0,0,0.48439449071884155,0.48439449071884155,TN
4586,0,0,0.5216608643531799,0.5216608643531799,TN
4587,0,0,0.500557005405426,0.500557005405426,TN
4588,0,0,0.48509976267814636,0.48509976267814636,TN
4589,0,0,0.4815395772457123,0.4815395772457123,TN
4590,0,0,0.48399749398231506,0.48399749398231506,TN
4591,0,0,0.48073291778564453,0.48073291778564453,TN
4592,0,0,0.47760406136512756,0.47760406136512756,TN
4593,0,0,0.46989402174949646,0.46989402174949646,TN
4594,0,0,0.48287859559059143,0.48287859559059143,TN
4595,0,0,0.4851036071777344,0.4851036071777344,TN
4596,0,0,0.48306533694267273,0.48306533694267273,TN
4597,0,0,0.5038288235664368,0.5038288235664368,TN
4598,0,0,0.5121495723724365,0.5121495723724365,TN
4599,0,0,0.5093021392822266,0.5093021392822266,TN
4600,0,0,0.6012240648269653,0.6012240648269653,TN
4601,0,0,0.49998533725738525,0.49998533725738525,TN
4602,0,0,0.49756962060928345,0.49756962060928345,TN
4603,0,0,0.4972483813762665,0.4972483813762665,TN
4604,0,0,0.4960227310657501,0.4960227310657501,TN
4605,0,0,0.5007796287536621,0.5007796287536621,TN
4606,0,0,0.5021474361419678,0.5021474361419678,TN
4607,0,0,0.49669700860977173,0.49669700860977173,TN
4608,0,0,0.49635419249534607,0.49635419249534607,TN
4609,0,0,0.5008672475814819,0.5008672475814819,TN
4610,0,0,0.5130817890167236,0.5130817890167236,TN
4611,0,0,0.5120399594306946,0.5120399594306946,TN
4612,0,0,0.5030012726783752,0.5030012726783752,TN
4613,0,0,0.5052324533462524,0.5052324533462524,TN
4614,0,0,0.5104377269744873,0.5104377269744873,TN
4615,0,0,0.517458975315094,0.517458975315094,TN
4616,0,0,0.5308274030685425,0.5308274030685425,TN
4617,0,0,0.5269785523414612,0.5269785523414612,TN
4618,0,0,0.5455654263496399,0.5455654263496399,TN
4619,0,0,0.5219346880912781,0.5219346880912781,TN
4620,0,0,0.5275684595108032,0.5275684595108032,TN
4621,0,0,0.5441539883613586,0.5441539883613586,TN
4622,0,0,0.5260235667228699,0.5260235667228699,TN
4623,0,0,0.5501973628997803,0.5501973628997803,TN
4624,0,0,0.5507447123527527,0.5507447123527527,TN
4625,0,0,0.5363447666168213,0.5363447666168213,TN
4626,0,0,0.5451369285583496,0.5451369285583496,TN
4627,0,0,0.5590457320213318,0.5590457320213318,TN
4628,0,0,0.5627261996269226,0.5627261996269226,TN
4629,0,0,0.552010178565979,0.552010178565979,TN
4630,0,0,0.5776864886283875,0.5776864886283875,TN
4631,0,0,0.5728331208229065,0.5728331208229065,TN
4632,0,0,0.5551304817199707,0.5551304817199707,TN
4633,0,0,0.5505602955818176,0.5505602955818176,TN
4634,0,0,0.5352725982666016,0.5352725982666016,TN
4635,0,0,0.5331736207008362,0.5331736207008362,TN
4636,0,0,0.5313296318054199,0.5313296318054199,TN
4637,0,0,0.547378420829773,0.547378420829773,TN
4638,0,0,0.5777797102928162,0.5777797102928162,TN
4639,0,0,0.5763532519340515,0.5763532519340515,TN
4640,0,0,0.5558927655220032,0.5558927655220032,TN
4641,0,0,0.5656705498695374,0.5656705498695374,TN
4642,0,0,0.567548930644989,0.567548930644989,TN
4643,0,0,0.5514277219772339,0.5514277219772339,TN
4644,0,0,0.5547229647636414,0.5547229647636414,TN
4645,0,0,0.5610415935516357,0.5610415935516357,TN
4646,0,0,0.5610021948814392,0.5610021948814392,TN
4647,0,0,0.5541489124298096,0.5541489124298096,TN
4648,0,0,0.5504657626152039,0.5504657626152039,TN
4649,0,0,0.571496844291687,0.571496844291687,TN
4650,0,0,0.5803102254867554,0.5803102254867554,TN
4651,0,0,0.5648369193077087,0.5648369193077087,TN
4652,0,0,0.5655496716499329,0.5655496716499329,TN
4653,0,0,0.5504526495933533,0.5504526495933533,TN
4654,0,0,0.5770761370658875,0.5770761370658875,TN
4655,0,0,0.5477564334869385,0.5477564334869385,TN
4656,0,0,0.5790966749191284,0.5790966749191284,TN
4657,0,0,0.5575656890869141,0.5575656890869141,TN
4658,0,0,0.5630596280097961,0.5630596280097961,TN
4659,0,0,0.5554186701774597,0.5554186701774597,TN
4660,0,0,0.5286545753479004,0.5286545753479004,TN
4661,0,0,0.5154924988746643,0.5154924988746643,TN
4662,0,0,0.5374271869659424,0.5374271869659424,TN
4663,0,0,0.5365442633628845,0.5365442633628845,TN
4664,0,0,0.5164747834205627,0.5164747834205627,TN
4665,0,0,0.5139712691307068,0.5139712691307068,TN
4666,0,0,0.5087218284606934,0.5087218284606934,TN
4667,0,0,0.5024040341377258,0.5024040341377258,TN
4668,0,0,0.511898398399353,0.511898398399353,TN
4669,0,0,0.4994219243526459,0.4994219243526459,TN
4670,0,0,0.49525386095046997,0.49525386095046997,TN
4671,0,0,0.49594128131866455,0.49594128131866455,TN
4672,0,0,0.4982820451259613,0.4982820451259613,TN
4673,0,0,0.48213866353034973,0.48213866353034973,TN
4674,0,0,0.49220630526542664,0.49220630526542664,TN
4675,0,0,0.49201539158821106,0.49201539158821106,TN
4676,0,0,0.48514625430107117,0.48514625430107117,TN
4677,0,0,0.49751296639442444,0.49751296639442444,TN
4678,0,0,0.49462246894836426,0.49462246894836426,TN
4679,0,0,0.48078635334968567,0.48078635334968567,TN
4680,0,0,0.4897117614746094,0.4897117614746094,TN
4681,0,0,0.4816732704639435,0.4816732704639435,TN
4682,0,0,0.4753701388835907,0.4753701388835907,TN
4683,0,0,0.4657631814479828,0.4657631814479828,TN
4684,0,0,0.46238869428634644,0.46238869428634644,TN
4685,0,0,0.47264915704727173,0.47264915704727173,TN
4686,0,0,0.4756290316581726,0.4756290316581726,TN
4687,0,0,0.4736628830432892,0.4736628830432892,TN
4688,0,0,0.47362005710601807,0.47362005710601807,TN
4689,0,0,0.47496455907821655,0.47496455907821655,TN
4690,0,0,0.46552008390426636,0.46552008390426636,TN
4691,0,0,0.47209370136260986,0.47209370136260986,TN
4692,0,0,0.4712228775024414,0.4712228775024414,TN
4693,0,0,0.4811883270740509,0.4811883270740509,TN
4694,0,0,0.4841846227645874,0.4841846227645874,TN
4695,0,0,0.47507965564727783,0.47507965564727783,TN
4696,0,0,0.48178768157958984,0.48178768157958984,TN
4697,0,0,0.485219806432724,0.485219806432724,TN
4698,0,0,0.47829657793045044,0.47829657793045044,TN
4699,0,0,0.47445595264434814,0.47445595264434814,TN
4700,0,0,0.4567123055458069,0.4567123055458069,TN
4701,0,0,0.47400158643722534,0.47400158643722534,TN
4702,0,0,0.4581556022167206,0.4581556022167206,TN
4703,0,0,0.45034733414649963,0.45034733414649963,TN
4704,0,0,0.4570041596889496,0.4570041596889496,TN
4705,0,0,0.4804534912109375,0.4804534912109375,TN
4706,0,0,0.46250593662261963,0.46250593662261963,TN
4707,0,0,0.48078683018684387,0.48078683018684387,TN
4708,0,0,0.4804579019546509,0.4804579019546509,TN
4709,0,0,0.49470606446266174,0.49470606446266174,TN
4710,0,0,0.48003676533699036,0.48003676533699036,TN
4711,0,0,0.48396560549736023,0.48396560549736023,TN
4712,0,0,0.4935934841632843,0.4935934841632843,TN
4713,0,0,0.48997262120246887,0.48997262120246887,TN
4714,0,0,0.47696104645729065,0.47696104645729065,TN
4715,0,0,0.47595885396003723,0.47595885396003723,TN
4716,0,0,0.4781845510005951,0.4781845510005951,TN
4717,0,0,0.4846199154853821,0.4846199154853821,TN
4718,0,0,0.4827888011932373,0.4827888011932373,TN
4719,0,0,0.49154648184776306,0.49154648184776306,TN
4720,0,0,0.49606144428253174,0.49606144428253174,TN
4721,0,0,0.4972533881664276,0.4972533881664276,TN
4722,0,0,0.5030323266983032,0.5030323266983032,TN
4723,0,0,0.5003058910369873,0.5003058910369873,TN
4724,0,0,0.49751120805740356,0.49751120805740356,TN
4725,0,0,0.49194175004959106,0.49194175004959106,TN
4726,0,0,0.4964448809623718,0.4964448809623718,TN
4727,0,0,0.5000184178352356,0.5000184178352356,TN
4728,0,0,0.4973098039627075,0.4973098039627075,TN
4729,0,0,0.5101219415664673,0.5101219415664673,TN
4730,0,0,0.5238103866577148,0.5238103866577148,TN
4731,0,0,0.5242273211479187,0.5242273211479187,TN
4732,0,0,0.5382150411605835,0.5382150411605835,TN
4733,0,0,0.5310806632041931,0.5310806632041931,TN
4734,0,0,0.5583582520484924,0.5583582520484924,TN
4735,0,0,0.5567296743392944,0.5567296743392944,TN
4736,0,0,0.5600570440292358,0.5600570440292358,TN
4737,0,0,0.5748443603515625,0.5748443603515625,TN
4738,0,0,0.5369039177894592,0.5369039177894592,TN
4739,0,0,0.556479275226593,0.556479275226593,TN
4740,0,0,0.5370265245437622,0.5370265245437622,TN
4741,0,0,0.5432851314544678,0.5432851314544678,TN
4742,0,0,0.5452423691749573,0.5452423691749573,TN
4743,0,0,0.560011088848114,0.560011088848114,TN
4744,0,1,0.633548378944397,0.633548378944397,FP
4745,0,1,0.6315761208534241,0.6315761208534241,FP
4746,0,1,0.666628897190094,0.666628897190094,FP
4747,0,0,0.6006571054458618,0.6006571054458618,TN
4748,0,1,0.6257976293563843,0.6257976293563843,FP
4749,0,1,0.6548380851745605,0.6548380851745605,FP
4750,0,1,0.6242149472236633,0.6242149472236633,FP
4751,0,1,0.6371273994445801,0.6371273994445801,FP
4752,0,1,0.6214432716369629,0.6214432716369629,FP
4753,0,0,0.6020506024360657,0.6020506024360657,TN
4754,0,0,0.5992356538772583,0.5992356538772583,TN
4755,0,1,0.6184455156326294,0.6184455156326294,FP
4756,0,0,0.612525999546051,0.612525999546051,TN
4757,0,0,0.5902172327041626,0.5902172327041626,TN
4758,0,0,0.5930020213127136,0.5930020213127136,TN
4759,0,0,0.6002587080001831,0.6002587080001831,TN
4760,0,0,0.5702207088470459,0.5702207088470459,TN
4761,0,0,0.5813935995101929,0.5813935995101929,TN
4762,0,0,0.5639066100120544,0.5639066100120544,TN
4763,0,0,0.5723240375518799,0.5723240375518799,TN
4764,0,0,0.583814799785614,0.583814799785614,TN
4765,0,0,0.5898311138153076,0.5898311138153076,TN
4766,0,0,0.6004136800765991,0.6004136800765991,TN
4767,0,0,0.5554448962211609,0.5554448962211609,TN
4768,0,0,0.5666738748550415,0.5666738748550415,TN
4769,0,0,0.5533493161201477,0.5533493161201477,TN
4770,0,0,0.5696955323219299,0.5696955323219299,TN
4771,0,0,0.562650740146637,0.562650740146637,TN
4772,0,0,0.5541840195655823,0.5541840195655823,TN
4773,0,0,0.5289537906646729,0.5289537906646729,TN
4774,0,0,0.5317578315734863,0.5317578315734863,TN
4775,0,0,0.5254098773002625,0.5254098773002625,TN
4776,0,0,0.5356225371360779,0.5356225371360779,TN
4777,0,0,0.5524982213973999,0.5524982213973999,TN
4778,0,0,0.5624595284461975,0.5624595284461975,TN
4779,0,0,0.5241507887840271,0.5241507887840271,TN
4780,0,0,0.5339981317520142,0.5339981317520142,TN
4781,0,0,0.5160427689552307,0.5160427689552307,TN
4782,0,0,0.5474969744682312,0.5474969744682312,TN
4783,0,0,0.5220712423324585,0.5220712423324585,TN
4784,0,0,0.5271163582801819,0.5271163582801819,TN
4785,0,0,0.5247244238853455,0.5247244238853455,TN
4786,0,0,0.5153701305389404,0.5153701305389404,TN
4787,0,0,0.5084676742553711,0.5084676742553711,TN
4788,0,0,0.5416964888572693,0.5416964888572693,TN
4789,0,0,0.5425127744674683,0.5425127744674683,TN
4790,0,0,0.5537015795707703,0.5537015795707703,TN
4791,0,0,0.5423582792282104,0.5423582792282104,TN
4792,0,0,0.5422556400299072,0.5422556400299072,TN
4793,0,0,0.5441733598709106,0.5441733598709106,TN
4794,0,0,0.5426821708679199,0.5426821708679199,TN
4795,0,0,0.5445933938026428,0.5445933938026428,TN
4796,0,0,0.5370579361915588,0.5370579361915588,TN
4797,0,0,0.5507815480232239,0.5507815480232239,TN
4798,0,0,0.5496348738670349,0.5496348738670349,TN
4799,0,0,0.5248068571090698,0.5248068571090698,TN
4800,0,0,0.5311481952667236,0.5311481952667236,TN
4801,0,0,0.5191188454627991,0.5191188454627991,TN
4802,0,0,0.5301837921142578,0.5301837921142578,TN
4803,0,0,0.529563844203949,0.529563844203949,TN
4804,0,0,0.5429045557975769,0.5429045557975769,TN
4805,0,0,0.5269159078598022,0.5269159078598022,TN
4806,0,0,0.5330446362495422,0.5330446362495422,TN
4807,0,0,0.512687623500824,0.512687623500824,TN
4808,0,0,0.5132477879524231,0.5132477879524231,TN
4809,0,0,0.5279430150985718,0.5279430150985718,TN
4810,0,0,0.5426443219184875,0.5426443219184875,TN
4811,0,0,0.5272253155708313,0.5272253155708313,TN
4812,0,0,0.5139824151992798,0.5139824151992798,TN
4813,0,0,0.5353507995605469,0.5353507995605469,TN
4814,0,0,0.539717435836792,0.539717435836792,TN
4815,0,0,0.5321977138519287,0.5321977138519287,TN
4816,0,0,0.5206887722015381,0.5206887722015381,TN
4817,0,0,0.5156174898147583,0.5156174898147583,TN
4818,0,0,0.5177996754646301,0.5177996754646301,TN
4819,0,0,0.5267835259437561,0.5267835259437561,TN
4820,0,0,0.5396888852119446,0.5396888852119446,TN
4821,0,0,0.5346859097480774,0.5346859097480774,TN
4822,0,0,0.5486690402030945,0.5486690402030945,TN
4823,0,0,0.5547194480895996,0.5547194480895996,TN
4824,0,0,0.5601141452789307,0.5601141452789307,TN
4825,0,0,0.5646597146987915,0.5646597146987915,TN
4826,0,0,0.5719341039657593,0.5719341039657593,TN
4827,0,0,0.5742015838623047,0.5742015838623047,TN
4828,0,0,0.5854122042655945,0.5854122042655945,TN
4829,0,0,0.5882415175437927,0.5882415175437927,TN
4830,0,0,0.5700132250785828,0.5700132250785828,TN
4831,0,0,0.5991597175598145,0.5991597175598145,TN
4832,0,0,0.5948758721351624,0.5948758721351624,TN
4833,0,0,0.5813403129577637,0.5813403129577637,TN
4834,0,0,0.5828037261962891,0.5828037261962891,TN
4835,0,0,0.577242910861969,0.577242910861969,TN
4836,0,0,0.5843899250030518,0.5843899250030518,TN
4837,0,0,0.5841920971870422,0.5841920971870422,TN
4838,0,0,0.5889434218406677,0.5889434218406677,TN
4839,0,0,0.5913165807723999,0.5913165807723999,TN
4840,0,0,0.5897939205169678,0.5897939205169678,TN
4841,0,0,0.5745241641998291,0.5745241641998291,TN
4842,0,0,0.5613757967948914,0.5613757967948914,TN
4843,0,0,0.5808435678482056,0.5808435678482056,TN
4844,0,0,0.5684950351715088,0.5684950351715088,TN
4845,0,0,0.5738766193389893,0.5738766193389893,TN
4846,0,0,0.5727795362472534,0.5727795362472534,TN
4847,0,0,0.572638750076294,0.572638750076294,TN
4848,0,0,0.5837315917015076,0.5837315917015076,TN
4849,0,0,0.5710592865943909,0.5710592865943909,TN
4850,0,0,0.5680718421936035,0.5680718421936035,TN
4851,0,0,0.5803714990615845,0.5803714990615845,TN
4852,0,0,0.5809856057167053,0.5809856057167053,TN
4853,0,0,0.5827451944351196,0.5827451944351196,TN
4854,0,0,0.5834177136421204,0.5834177136421204,TN
4855,0,0,0.5883683562278748,0.5883683562278748,TN
4856,0,0,0.5742024779319763,0.5742024779319763,TN
4857,0,0,0.5687769055366516,0.5687769055366516,TN
4858,0,0,0.5586279034614563,0.5586279034614563,TN
4859,0,0,0.5626291036605835,0.5626291036605835,TN
4860,0,0,0.5534569025039673,0.5534569025039673,TN
4861,0,0,0.5588332414627075,0.5588332414627075,TN
4862,0,0,0.5504327416419983,0.5504327416419983,TN
4863,0,0,0.5609643459320068,0.5609643459320068,TN
4864,0,0,0.5588817000389099,0.5588817000389099,TN
4865,0,0,0.5571945309638977,0.5571945309638977,TN
4866,0,0,0.5549615621566772,0.5549615621566772,TN
4867,0,0,0.5592797994613647,0.5592797994613647,TN
4868,0,0,0.5602136850357056,0.5602136850357056,TN
4869,0,0,0.5657570362091064,0.5657570362091064,TN
4870,0,0,0.5622090697288513,0.5622090697288513,TN
4871,0,0,0.5593782663345337,0.5593782663345337,TN
4872,0,0,0.5433008670806885,0.5433008670806885,TN
4873,0,0,0.5353139638900757,0.5353139638900757,TN
4874,0,0,0.5359176397323608,0.5359176397323608,TN
4875,0,0,0.5690027475357056,0.5690027475357056,TN
4876,0,0,0.5373024940490723,0.5373024940490723,TN
4877,0,0,0.5294546484947205,0.5294546484947205,TN
4878,0,0,0.5252048373222351,0.5252048373222351,TN
4879,0,0,0.5439654588699341,0.5439654588699341,TN
4880,0,0,0.5463573932647705,0.5463573932647705,TN
4881,0,0,0.5319886207580566,0.5319886207580566,TN
4882,0,0,0.5356326103210449,0.5356326103210449,TN
4883,0,0,0.544654130935669,0.544654130935669,TN
4884,0,0,0.5210930109024048,0.5210930109024048,TN
4885,0,0,0.5212278962135315,0.5212278962135315,TN
4886,0,0,0.550001859664917,0.550001859664917,TN
4887,0,0,0.5544546246528625,0.5544546246528625,TN
4888,0,0,0.5818626284599304,0.5818626284599304,TN
4889,0,0,0.5737437605857849,0.5737437605857849,TN
4890,0,0,0.5870628952980042,0.5870628952980042,TN
4891,0,0,0.6107434630393982,0.6107434630393982,TN
4892,0,0,0.6088376045227051,0.6088376045227051,TN
4893,0,0,0.5772224068641663,0.5772224068641663,TN
4894,0,0,0.5926046967506409,0.5926046967506409,TN
4895,0,0,0.6045594811439514,0.6045594811439514,TN
4896,0,0,0.5785295367240906,0.5785295367240906,TN
4897,0,0,0.6013588905334473,0.6013588905334473,TN
4898,0,0,0.5750007033348083,0.5750007033348083,TN
4899,0,0,0.5803623795509338,0.5803623795509338,TN
4900,0,0,0.566184937953949,0.566184937953949,TN
4901,0,0,0.5719655752182007,0.5719655752182007,TN
4902,0,0,0.5723661780357361,0.5723661780357361,TN
4903,0,0,0.5721792578697205,0.5721792578697205,TN
4904,0,0,0.5500795245170593,0.5500795245170593,TN
4905,0,0,0.564328670501709,0.564328670501709,TN
4906,0,0,0.5547629594802856,0.5547629594802856,TN
4907,0,0,0.5586986541748047,0.5586986541748047,TN
4908,0,0,0.5358320474624634,0.5358320474624634,TN
4909,0,0,0.5604961514472961,0.5604961514472961,TN
4910,0,0,0.5684630870819092,0.5684630870819092,TN
4911,0,0,0.5495771765708923,0.5495771765708923,TN
4912,0,0,0.5607771873474121,0.5607771873474121,TN
4913,0,0,0.5619283318519592,0.5619283318519592,TN
4914,0,0,0.5702744126319885,0.5702744126319885,TN
4915,0,0,0.5686567425727844,0.5686567425727844,TN
4916,0,0,0.5527657866477966,0.5527657866477966,TN
4917,0,0,0.5586134195327759,0.5586134195327759,TN
4918,0,0,0.5663745403289795,0.5663745403289795,TN
4919,0,0,0.5672463774681091,0.5672463774681091,TN
4920,0,0,0.6001427173614502,0.6001427173614502,TN
4921,0,0,0.5982025265693665,0.5982025265693665,TN
4922,0,0,0.5858142971992493,0.5858142971992493,TN
4923,0,0,0.5673781633377075,0.5673781633377075,TN
4924,0,0,0.5755751132965088,0.5755751132965088,TN
4925,0,0,0.6076154112815857,0.6076154112815857,TN
4926,0,1,0.6446388959884644,0.6446388959884644,FP
4927,0,0,0.5926105380058289,0.5926105380058289,TN
4928,0,0,0.5789178013801575,0.5789178013801575,TN
4929,0,0,0.583331823348999,0.583331823348999,TN
4930,0,1,0.6216138601303101,0.6216138601303101,FP
4931,0,0,0.6010351181030273,0.6010351181030273,TN
4932,0,0,0.6089853048324585,0.6089853048324585,TN
4933,0,0,0.6024511456489563,0.6024511456489563,TN
4934,0,0,0.6097664833068848,0.6097664833068848,TN
4935,0,0,0.5828659534454346,0.5828659534454346,TN
4936,0,0,0.6057088971138,0.6057088971138,TN
4937,0,0,0.609696626663208,0.609696626663208,TN
4938,0,0,0.6011499166488647,0.6011499166488647,TN
4939,0,0,0.5993819236755371,0.5993819236755371,TN
4940,0,0,0.5899532437324524,0.5899532437324524,TN
4941,0,0,0.608578085899353,0.608578085899353,TN
4942,0,0,0.582205593585968,0.582205593585968,TN
4943,0,1,0.6215388774871826,0.6215388774871826,FP
4944,0,0,0.5947139859199524,0.5947139859199524,TN
4945,0,0,0.6072894930839539,0.6072894930839539,TN
4946,0,1,0.6225625872612,0.6225625872612,FP
4947,0,1,0.6138022541999817,0.6138022541999817,FP
4948,0,1,0.6420167684555054,0.6420167684555054,FP
4949,0,0,0.6043967604637146,0.6043967604637146,TN
4950,0,1,0.6454141139984131,0.6454141139984131,FP
4951,0,0,0.6084367632865906,0.6084367632865906,TN
4952,0,1,0.6381013989448547,0.6381013989448547,FP
4953,0,1,0.6352149248123169,0.6352149248123169,FP
4954,0,1,0.6186423301696777,0.6186423301696777,FP
4955,0,1,0.6182270050048828,0.6182270050048828,FP
4956,0,1,0.617793083190918,0.617793083190918,FP
4957,0,1,0.6134989261627197,0.6134989261627197,FP
4958,0,0,0.5828474164009094,0.5828474164009094,TN
4959,0,0,0.6123464107513428,0.6123464107513428,TN
4960,0,0,0.5680203437805176,0.5680203437805176,TN
4961,0,1,0.6266909837722778,0.6266909837722778,FP
4962,0,0,0.5800890922546387,0.5800890922546387,TN
4963,0,0,0.588200032711029,0.588200032711029,TN
4964,0,0,0.5986062288284302,0.5986062288284302,TN
4965,0,0,0.5630452036857605,0.5630452036857605,TN
4966,0,0,0.595919132232666,0.595919132232666,TN
4967,0,0,0.5698757767677307,0.5698757767677307,TN
4968,0,0,0.5819594860076904,0.5819594860076904,TN
4969,0,0,0.5981742739677429,0.5981742739677429,TN
4970,0,0,0.6081160306930542,0.6081160306930542,TN
4971,0,0,0.586855411529541,0.586855411529541,TN
4972,0,0,0.5790718793869019,0.5790718793869019,TN
4973,0,0,0.5952320694923401,0.5952320694923401,TN
4974,0,0,0.5724667906761169,0.5724667906761169,TN
4975,0,0,0.5437777042388916,0.5437777042388916,TN
4976,0,0,0.5631974339485168,0.5631974339485168,TN
4977,0,0,0.5744980573654175,0.5744980573654175,TN
4978,0,0,0.5493960976600647,0.5493960976600647,TN
4979,0,0,0.5683882236480713,0.5683882236480713,TN
4980,0,0,0.548933207988739,0.548933207988739,TN
4981,0,0,0.5509244799613953,0.5509244799613953,TN
4982,0,0,0.5412623882293701,0.5412623882293701,TN
4983,0,0,0.5608190298080444,0.5608190298080444,TN
4984,0,0,0.578474760055542,0.578474760055542,TN
4985,0,0,0.5660669803619385,0.5660669803619385,TN
4986,0,0,0.5676855444908142,0.5676855444908142,TN
4987,1,0,0.5714216232299805,0.5714216232299805,FN
4988,1,0,0.5827299356460571,0.5827299356460571,FN
4989,1,0,0.5845853686332703,0.5845853686332703,FN
4990,1,0,0.5847707390785217,0.5847707390785217,FN
4991,1,0,0.5959334373474121,0.5959334373474121,FN
4992,1,0,0.5974429845809937,0.5974429845809937,FN
4993,1,0,0.6029781103134155,0.6029781103134155,FN
4994,1,1,0.6244043111801147,0.6244043111801147,TP
4995,1,1,0.6459952592849731,0.6459952592849731,TP
4996,1,1,0.6277679204940796,0.6277679204940796,TP
4997,0,1,0.6855005621910095,0.6855005621910095,FP
4998,0,1,0.6385759115219116,0.6385759115219116,FP
4999,0,1,0.6915130019187927,0.6915130019187927,FP
5000,0,1,0.6663281917572021,0.6663281917572021,FP
5001,0,1,0.7283700704574585,0.7283700704574585,FP
5002,0,1,0.6968449950218201,0.6968449950218201,FP
5003,0,1,0.6550492644309998,0.6550492644309998,FP
5004,0,1,0.6592828631401062,0.6592828631401062,FP
5005,0,1,0.6749317049980164,0.6749317049980164,FP
5006,0,1,0.663611650466919,0.663611650466919,FP
5007,0,1,0.7028861045837402,0.7028861045837402,FP
5008,0,1,0.6564266085624695,0.6564266085624695,FP
5009,0,1,0.7089203000068665,0.7089203000068665,FP
5010,0,1,0.7085446715354919,0.7085446715354919,FP
5011,0,1,0.6406195163726807,0.6406195163726807,FP
5012,0,0,0.6041368246078491,0.6041368246078491,TN
5013,0,1,0.6848416328430176,0.6848416328430176,FP
5014,0,1,0.6476837396621704,0.6476837396621704,FP
5015,0,1,0.6457955837249756,0.6457955837249756,FP
5016,0,1,0.6546608209609985,0.6546608209609985,FP
5017,0,1,0.6798149943351746,0.6798149943351746,FP
5018,0,1,0.7090739607810974,0.7090739607810974,FP
5019,0,1,0.6417492032051086,0.6417492032051086,FP
5020,0,1,0.6326798796653748,0.6326798796653748,FP
5021,0,1,0.6913070678710938,0.6913070678710938,FP
5022,0,1,0.6246519684791565,0.6246519684791565,FP
5023,0,1,0.623023509979248,0.623023509979248,FP
5024,0,1,0.6326355934143066,0.6326355934143066,FP
5025,0,1,0.6457399725914001,0.6457399725914001,FP
5026,0,1,0.6311325430870056,0.6311325430870056,FP
5027,0,1,0.6645410060882568,0.6645410060882568,FP
5028,0,0,0.6115629076957703,0.6115629076957703,TN
5029,0,1,0.6550037264823914,0.6550037264823914,FP
5030,0,1,0.6759902238845825,0.6759902238845825,FP
5031,0,1,0.6588301062583923,0.6588301062583923,FP
5032,0,1,0.6869199275970459,0.6869199275970459,FP
5033,0,1,0.6859683394432068,0.6859683394432068,FP
5034,0,1,0.6143222451210022,0.6143222451210022,FP
5035,0,1,0.6395807862281799,0.6395807862281799,FP
5036,0,1,0.632607638835907,0.632607638835907,FP
5037,0,1,0.6686472296714783,0.6686472296714783,FP
5038,0,1,0.6317330598831177,0.6317330598831177,FP
5039,0,1,0.6543124914169312,0.6543124914169312,FP
5040,0,1,0.6716042160987854,0.6716042160987854,FP
5041,0,1,0.6369802951812744,0.6369802951812744,FP
5042,0,1,0.6533993482589722,0.6533993482589722,FP
5043,0,1,0.6321679949760437,0.6321679949760437,FP
5044,0,1,0.6271409392356873,0.6271409392356873,FP
5045,0,0,0.6080629825592041,0.6080629825592041,TN
5046,0,0,0.5889315605163574,0.5889315605163574,TN
5047,0,1,0.6439833641052246,0.6439833641052246,FP
5048,0,0,0.6045136451721191,0.6045136451721191,TN
5049,0,1,0.6507116556167603,0.6507116556167603,FP
5050,0,1,0.6973370313644409,0.6973370313644409,FP
5051,0,1,0.6380632519721985,0.6380632519721985,FP
5052,0,1,0.6618483662605286,0.6618483662605286,FP
5053,0,1,0.6439526081085205,0.6439526081085205,FP
5054,0,1,0.6245039105415344,0.6245039105415344,FP
5055,0,1,0.6148771047592163,0.6148771047592163,FP
5056,0,0,0.5885131359100342,0.5885131359100342,TN
5057,0,1,0.6158866882324219,0.6158866882324219,FP
5058,0,1,0.6143766045570374,0.6143766045570374,FP
5059,0,0,0.5961310267448425,0.5961310267448425,TN
5060,0,0,0.6057711243629456,0.6057711243629456,TN
5061,0,0,0.6070556044578552,0.6070556044578552,TN
5062,0,0,0.5834712982177734,0.5834712982177734,TN
5063,0,0,0.6054483652114868,0.6054483652114868,TN
5064,0,1,0.6350604891777039,0.6350604891777039,FP
5065,0,0,0.6081467866897583,0.6081467866897583,TN
5066,0,0,0.598712146282196,0.598712146282196,TN
5067,0,0,0.5779253244400024,0.5779253244400024,TN
5068,0,0,0.5978071689605713,0.5978071689605713,TN
5069,0,0,0.5885964035987854,0.5885964035987854,TN
5070,0,1,0.6232037544250488,0.6232037544250488,FP
5071,0,1,0.6152766346931458,0.6152766346931458,FP
5072,0,1,0.6150760054588318,0.6150760054588318,FP
5073,0,0,0.6119046211242676,0.6119046211242676,TN
5074,0,1,0.6278367042541504,0.6278367042541504,FP
5075,0,1,0.6143949627876282,0.6143949627876282,FP
5076,0,0,0.5732810497283936,0.5732810497283936,TN
5077,0,0,0.5987172722816467,0.5987172722816467,TN
5078,0,0,0.6033356189727783,0.6033356189727783,TN
5079,0,0,0.5646224617958069,0.5646224617958069,TN
5080,0,0,0.5666404366493225,0.5666404366493225,TN
5081,0,0,0.5845555663108826,0.5845555663108826,TN
5082,0,0,0.5874223113059998,0.5874223113059998,TN
5083,0,1,0.6459329128265381,0.6459329128265381,FP
5084,0,1,0.622577428817749,0.622577428817749,FP
5085,0,0,0.5990155935287476,0.5990155935287476,TN
5086,0,1,0.6186916828155518,0.6186916828155518,FP
5087,0,0,0.5838560461997986,0.5838560461997986,TN
5088,0,0,0.5847681164741516,0.5847681164741516,TN
5089,0,1,0.6822887659072876,0.6822887659072876,FP
5090,0,1,0.6239331960678101,0.6239331960678101,FP
5091,0,0,0.5920087099075317,0.5920087099075317,TN
5092,0,0,0.6082262992858887,0.6082262992858887,TN
5093,0,0,0.5901243090629578,0.5901243090629578,TN
5094,0,0,0.6001586318016052,0.6001586318016052,TN
5095,0,1,0.6215433478355408,0.6215433478355408,FP
5096,0,0,0.5940420627593994,0.5940420627593994,TN
5097,0,0,0.5917885303497314,0.5917885303497314,TN
5098,0,0,0.6084159016609192,0.6084159016609192,TN
5099,0,0,0.5903065204620361,0.5903065204620361,TN
5100,0,0,0.5828795433044434,0.5828795433044434,TN
5101,0,1,0.6328644752502441,0.6328644752502441,FP
5102,0,0,0.5952770113945007,0.5952770113945007,TN
5103,0,0,0.5568450689315796,0.5568450689315796,TN
5104,0,0,0.567823588848114,0.567823588848114,TN
5105,0,0,0.5683115124702454,0.5683115124702454,TN
5106,0,0,0.5906577110290527,0.5906577110290527,TN
5107,0,0,0.5661630034446716,0.5661630034446716,TN
5108,0,0,0.5859991312026978,0.5859991312026978,TN
5109,0,0,0.5590866208076477,0.5590866208076477,TN
5110,0,0,0.5774478912353516,0.5774478912353516,TN
5111,0,0,0.6025413870811462,0.6025413870811462,TN
5112,0,0,0.5595242381095886,0.5595242381095886,TN
5113,0,0,0.5822207927703857,0.5822207927703857,TN
5114,0,0,0.5910741686820984,0.5910741686820984,TN
5115,0,0,0.5601162910461426,0.5601162910461426,TN
5116,0,0,0.5360157489776611,0.5360157489776611,TN
5117,0,0,0.5445358157157898,0.5445358157157898,TN
5118,0,0,0.5759910345077515,0.5759910345077515,TN
5119,0,0,0.5726655721664429,0.5726655721664429,TN
5120,0,0,0.587911069393158,0.587911069393158,TN
5121,0,0,0.566169261932373,0.566169261932373,TN
5122,0,0,0.5767138004302979,0.5767138004302979,TN
5123,0,0,0.59454745054245,0.59454745054245,TN
5124,0,0,0.5541039705276489,0.5541039705276489,TN
5125,0,0,0.5882996320724487,0.5882996320724487,TN
5126,0,0,0.6006243228912354,0.6006243228912354,TN
5127,0,0,0.5893919467926025,0.5893919467926025,TN
5128,0,0,0.6037551164627075,0.6037551164627075,TN
5129,0,0,0.6101709604263306,0.6101709604263306,TN
5130,0,1,0.6287990808486938,0.6287990808486938,FP
5131,0,1,0.6497350931167603,0.6497350931167603,FP
5132,0,0,0.5916526317596436,0.5916526317596436,TN
5133,0,1,0.6185896396636963,0.6185896396636963,FP
5134,0,1,0.6326919794082642,0.6326919794082642,FP
5135,0,0,0.600482702255249,0.600482702255249,TN
5136,0,1,0.6341477036476135,0.6341477036476135,FP
5137,0,1,0.6378348469734192,0.6378348469734192,FP
5138,0,1,0.6556034684181213,0.6556034684181213,FP
5139,0,1,0.6427618265151978,0.6427618265151978,FP
5140,0,1,0.6488698720932007,0.6488698720932007,FP
5141,0,1,0.6542859673500061,0.6542859673500061,FP
5142,0,1,0.6208277344703674,0.6208277344703674,FP
5143,0,1,0.6219580769538879,0.6219580769538879,FP
5144,0,0,0.6036505103111267,0.6036505103111267,TN
5145,0,1,0.6388678550720215,0.6388678550720215,FP
5146,0,0,0.6071624755859375,0.6071624755859375,TN
5147,0,0,0.5923628807067871,0.5923628807067871,TN
5148,0,0,0.5861523151397705,0.5861523151397705,TN
5149,0,1,0.6210330128669739,0.6210330128669739,FP
5150,0,0,0.5758726000785828,0.5758726000785828,TN
5151,0,1,0.6234577298164368,0.6234577298164368,FP
5152,0,0,0.6015665531158447,0.6015665531158447,TN
5153,0,0,0.60124671459198,0.60124671459198,TN
5154,0,1,0.6435286998748779,0.6435286998748779,FP
5155,0,1,0.6255319118499756,0.6255319118499756,FP
5156,0,0,0.5864335894584656,0.5864335894584656,TN
5157,0,1,0.6189008355140686,0.6189008355140686,FP
5158,0,1,0.6519810557365417,0.6519810557365417,FP
5159,0,1,0.6279050707817078,0.6279050707817078,FP
5160,0,0,0.5969551205635071,0.5969551205635071,TN
5161,0,1,0.6252157688140869,0.6252157688140869,FP
5162,0,0,0.6040191054344177,0.6040191054344177,TN
5163,0,0,0.589205801486969,0.589205801486969,TN
5164,0,0,0.5849176645278931,0.5849176645278931,TN
5165,0,0,0.5822198987007141,0.5822198987007141,TN
5166,0,0,0.6027485728263855,0.6027485728263855,TN
5167,0,0,0.6010883450508118,0.6010883450508118,TN
5168,0,0,0.6096577644348145,0.6096577644348145,TN
5169,0,0,0.606459379196167,0.606459379196167,TN
5170,0,0,0.5883419513702393,0.5883419513702393,TN
5171,0,0,0.5896093249320984,0.5896093249320984,TN
5172,0,0,0.5879198908805847,0.5879198908805847,TN
5173,0,0,0.6003259420394897,0.6003259420394897,TN
5174,0,0,0.6002580523490906,0.6002580523490906,TN
5175,0,1,0.6172754764556885,0.6172754764556885,FP
5176,0,1,0.6486051678657532,0.6486051678657532,FP
5177,0,1,0.630328893661499,0.630328893661499,FP
5178,0,0,0.5961709022521973,0.5961709022521973,TN
5179,0,0,0.591473400592804,0.591473400592804,TN
5180,0,0,0.5257338881492615,0.5257338881492615,TN
5181,0,0,0.5151957869529724,0.5151957869529724,TN
5182,0,0,0.5231037735939026,0.5231037735939026,TN
5183,0,0,0.5102028250694275,0.5102028250694275,TN
5184,0,0,0.5096700191497803,0.5096700191497803,TN
5185,0,0,0.5127129554748535,0.5127129554748535,TN
5186,0,0,0.5291984677314758,0.5291984677314758,TN
5187,0,0,0.5119539499282837,0.5119539499282837,TN
5188,0,0,0.5153047442436218,0.5153047442436218,TN
5189,0,0,0.5148560404777527,0.5148560404777527,TN
5190,0,0,0.49920904636383057,0.49920904636383057,TN
5191,0,0,0.5067808032035828,0.5067808032035828,TN
5192,0,0,0.5001308917999268,0.5001308917999268,TN
5193,0,0,0.49843817949295044,0.49843817949295044,TN
5194,0,0,0.49558544158935547,0.49558544158935547,TN
5195,0,0,0.521043598651886,0.521043598651886,TN
5196,0,0,0.4981571137905121,0.4981571137905121,TN
5197,0,0,0.5156490206718445,0.5156490206718445,TN
5198,0,0,0.5129392743110657,0.5129392743110657,TN
5199,0,0,0.5171489119529724,0.5171489119529724,TN
5200,0,0,0.5302557349205017,0.5302557349205017,TN
5201,0,0,0.513211190700531,0.513211190700531,TN
5202,0,0,0.5080030560493469,0.5080030560493469,TN
5203,0,0,0.508676290512085,0.508676290512085,TN
5204,0,0,0.5152010917663574,0.5152010917663574,TN
5205,0,0,0.5131141543388367,0.5131141543388367,TN
5206,0,0,0.5123658180236816,0.5123658180236816,TN
5207,0,0,0.5180837512016296,0.5180837512016296,TN
5208,0,0,0.5503866076469421,0.5503866076469421,TN
5209,0,0,0.5349486470222473,0.5349486470222473,TN
5210,0,0,0.5258592963218689,0.5258592963218689,TN
5211,0,0,0.5293745398521423,0.5293745398521423,TN
5212,0,0,0.5265543460845947,0.5265543460845947,TN
5213,0,0,0.5689089894294739,0.5689089894294739,TN
5214,0,0,0.5178571939468384,0.5178571939468384,TN
5215,0,0,0.5301933884620667,0.5301933884620667,TN
5216,0,1,0.6331923007965088,0.6331923007965088,FP
5217,0,0,0.5356423854827881,0.5356423854827881,TN
5218,0,0,0.5277026891708374,0.5277026891708374,TN
5219,0,0,0.5310638546943665,0.5310638546943665,TN
5220,0,0,0.5291769504547119,0.5291769504547119,TN
5221,0,0,0.5392184257507324,0.5392184257507324,TN
5222,0,0,0.5412692427635193,0.5412692427635193,TN
5223,0,0,0.5590781569480896,0.5590781569480896,TN
5224,0,0,0.5492467880249023,0.5492467880249023,TN
5225,0,0,0.5580205917358398,0.5580205917358398,TN
5226,0,0,0.5658993124961853,0.5658993124961853,TN
5227,0,0,0.5689911842346191,0.5689911842346191,TN
5228,0,0,0.564516007900238,0.564516007900238,TN
5229,0,0,0.5564413666725159,0.5564413666725159,TN
5230,0,0,0.5631542801856995,0.5631542801856995,TN
5231,0,0,0.5556244850158691,0.5556244850158691,TN
5232,0,0,0.564657986164093,0.564657986164093,TN
5233,0,0,0.5545610189437866,0.5545610189437866,TN
5234,0,0,0.5503405928611755,0.5503405928611755,TN
5235,0,0,0.5409749746322632,0.5409749746322632,TN
5236,0,0,0.5599266290664673,0.5599266290664673,TN
5237,0,0,0.5368597507476807,0.5368597507476807,TN
5238,0,0,0.5324704051017761,0.5324704051017761,TN
5239,0,0,0.5347294211387634,0.5347294211387634,TN
5240,0,0,0.525921106338501,0.525921106338501,TN
5241,0,0,0.5407512187957764,0.5407512187957764,TN
5242,0,0,0.5323577523231506,0.5323577523231506,TN
5243,0,0,0.5293691158294678,0.5293691158294678,TN
5244,0,0,0.5262613892555237,0.5262613892555237,TN
5245,0,0,0.5277442932128906,0.5277442932128906,TN
5246,0,0,0.5277154445648193,0.5277154445648193,TN
5247,0,0,0.5464690923690796,0.5464690923690796,TN
5248,0,0,0.5147190690040588,0.5147190690040588,TN
5249,0,0,0.5203446745872498,0.5203446745872498,TN
5250,0,0,0.5218437910079956,0.5218437910079956,TN
5251,0,0,0.5183162689208984,0.5183162689208984,TN
5252,0,0,0.5260547399520874,0.5260547399520874,TN
5253,0,0,0.5356991291046143,0.5356991291046143,TN
5254,0,0,0.5466274619102478,0.5466274619102478,TN
5255,0,0,0.5295687317848206,0.5295687317848206,TN
5256,0,0,0.5386486649513245,0.5386486649513245,TN
5257,0,0,0.5436996221542358,0.5436996221542358,TN
5258,0,0,0.5306553244590759,0.5306553244590759,TN
5259,0,0,0.516275942325592,0.516275942325592,TN
5260,0,0,0.5086345672607422,0.5086345672607422,TN
5261,0,0,0.5036793351173401,0.5036793351173401,TN
5262,0,0,0.5140066742897034,0.5140066742897034,TN
5263,0,0,0.5234054327011108,0.5234054327011108,TN
5264,0,0,0.5196887254714966,0.5196887254714966,TN
5265,0,0,0.5120318531990051,0.5120318531990051,TN
5266,0,0,0.5089356899261475,0.5089356899261475,TN
5267,0,0,0.5179269313812256,0.5179269313812256,TN
5268,0,0,0.511244535446167,0.511244535446167,TN
5269,0,0,0.5115129351615906,0.5115129351615906,TN
5270,0,0,0.5067983269691467,0.5067983269691467,TN
5271,0,0,0.5035250782966614,0.5035250782966614,TN
5272,0,0,0.5086379051208496,0.5086379051208496,TN
5273,0,0,0.5119374394416809,0.5119374394416809,TN
5274,0,0,0.5026780962944031,0.5026780962944031,TN
5275,0,0,0.49277323484420776,0.49277323484420776,TN
5276,0,0,0.49670013785362244,0.49670013785362244,TN
5277,0,0,0.5051623582839966,0.5051623582839966,TN
5278,0,0,0.4907529950141907,0.4907529950141907,TN
5279,0,0,0.49353399872779846,0.49353399872779846,TN
5280,0,0,0.49744972586631775,0.49744972586631775,TN
5281,0,0,0.4970037043094635,0.4970037043094635,TN
5282,0,0,0.5288185477256775,0.5288185477256775,TN
5283,0,0,0.5127375721931458,0.5127375721931458,TN
5284,0,0,0.5156176090240479,0.5156176090240479,TN
5285,0,0,0.5096644759178162,0.5096644759178162,TN
5286,0,0,0.5775747895240784,0.5775747895240784,TN
5287,0,0,0.5673926472663879,0.5673926472663879,TN
5288,0,0,0.5806035399436951,0.5806035399436951,TN
5289,0,0,0.5655902624130249,0.5655902624130249,TN
5290,0,0,0.5652166604995728,0.5652166604995728,TN
5291,0,0,0.5982545614242554,0.5982545614242554,TN
5292,0,0,0.5722389221191406,0.5722389221191406,TN
5293,0,0,0.5909335017204285,0.5909335017204285,TN
5294,0,0,0.5780494809150696,0.5780494809150696,TN
5295,0,0,0.5769585967063904,0.5769585967063904,TN
5296,0,0,0.5889580845832825,0.5889580845832825,TN
5297,0,0,0.5801939368247986,0.5801939368247986,TN
5298,0,0,0.5732885003089905,0.5732885003089905,TN
5299,0,0,0.6090186834335327,0.6090186834335327,TN
5300,0,0,0.5969873666763306,0.5969873666763306,TN
5301,0,1,0.6253277063369751,0.6253277063369751,FP
5302,0,0,0.6054350733757019,0.6054350733757019,TN
5303,0,0,0.6095528602600098,0.6095528602600098,TN
5304,0,0,0.6045234799385071,0.6045234799385071,TN
5305,0,1,0.6153281331062317,0.6153281331062317,FP
5306,0,0,0.6010487675666809,0.6010487675666809,TN
5307,0,0,0.6014367341995239,0.6014367341995239,TN
5308,0,0,0.5590800046920776,0.5590800046920776,TN
5309,0,0,0.5937425494194031,0.5937425494194031,TN
5310,0,0,0.5945117473602295,0.5945117473602295,TN
5311,0,0,0.5807089805603027,0.5807089805603027,TN
5312,0,0,0.5825996994972229,0.5825996994972229,TN
5313,0,0,0.5876394510269165,0.5876394510269165,TN
5314,0,0,0.5771077275276184,0.5771077275276184,TN
5315,0,0,0.578591525554657,0.578591525554657,TN
5316,0,0,0.595263659954071,0.595263659954071,TN
5317,0,0,0.5884835720062256,0.5884835720062256,TN
5318,0,0,0.5873292684555054,0.5873292684555054,TN
5319,0,0,0.5792853236198425,0.5792853236198425,TN
5320,0,0,0.6082205176353455,0.6082205176353455,TN
5321,0,0,0.6030309796333313,0.6030309796333313,TN
5322,0,0,0.573203980922699,0.573203980922699,TN
5323,0,0,0.5818027257919312,0.5818027257919312,TN
5324,0,0,0.5671072602272034,0.5671072602272034,TN
5325,0,0,0.5791780948638916,0.5791780948638916,TN
5326,0,0,0.5825949907302856,0.5825949907302856,TN
5327,0,0,0.5754167437553406,0.5754167437553406,TN
5328,0,0,0.5650055408477783,0.5650055408477783,TN
5329,0,0,0.5495990514755249,0.5495990514755249,TN
5330,0,0,0.5639833807945251,0.5639833807945251,TN
5331,0,0,0.5802561640739441,0.5802561640739441,TN
5332,0,0,0.5621128678321838,0.5621128678321838,TN
5333,0,0,0.572356104850769,0.572356104850769,TN
5334,0,0,0.5659187436103821,0.5659187436103821,TN
5335,0,0,0.5678189396858215,0.5678189396858215,TN
5336,0,0,0.5507363677024841,0.5507363677024841,TN
5337,0,0,0.5463033318519592,0.5463033318519592,TN
5338,0,0,0.5535250306129456,0.5535250306129456,TN
5339,0,0,0.5440975427627563,0.5440975427627563,TN
5340,0,0,0.5528537631034851,0.5528537631034851,TN
5341,0,0,0.5301267504692078,0.5301267504692078,TN
5342,0,0,0.5274458527565002,0.5274458527565002,TN
5343,0,0,0.5360864400863647,0.5360864400863647,TN
5344,0,0,0.5364730954170227,0.5364730954170227,TN
5345,0,0,0.5140560269355774,0.5140560269355774,TN
5346,0,0,0.5014168620109558,0.5014168620109558,TN
5347,0,0,0.5167196393013,0.5167196393013,TN
5348,0,0,0.5291269421577454,0.5291269421577454,TN
5349,0,0,0.5183217525482178,0.5183217525482178,TN
5350,0,0,0.5032732486724854,0.5032732486724854,TN
5351,0,0,0.5040469169616699,0.5040469169616699,TN
5352,0,0,0.5143972039222717,0.5143972039222717,TN
5353,0,0,0.509829044342041,0.509829044342041,TN
5354,0,0,0.5061207413673401,0.5061207413673401,TN
5355,0,0,0.5107241868972778,0.5107241868972778,TN
5356,0,0,0.5303481817245483,0.5303481817245483,TN
5357,0,0,0.5345243215560913,0.5345243215560913,TN
5358,0,0,0.5260623693466187,0.5260623693466187,TN
5359,0,0,0.5169938802719116,0.5169938802719116,TN
5360,0,0,0.5231207609176636,0.5231207609176636,TN
5361,0,0,0.5297613143920898,0.5297613143920898,TN
5362,0,0,0.5126738548278809,0.5126738548278809,TN
5363,0,0,0.5332070589065552,0.5332070589065552,TN
5364,0,0,0.5381812453269958,0.5381812453269958,TN
5365,0,0,0.5312730669975281,0.5312730669975281,TN
5366,0,0,0.5292463898658752,0.5292463898658752,TN
5367,0,0,0.5180493593215942,0.5180493593215942,TN
5368,0,0,0.5352424383163452,0.5352424383163452,TN
5369,0,0,0.5255061388015747,0.5255061388015747,TN
5370,0,0,0.5432063937187195,0.5432063937187195,TN
5371,0,0,0.5423131585121155,0.5423131585121155,TN
5372,0,0,0.5474278330802917,0.5474278330802917,TN
5373,0,0,0.567645788192749,0.567645788192749,TN
5374,0,0,0.5461736917495728,0.5461736917495728,TN
5375,0,0,0.569490373134613,0.569490373134613,TN
5376,0,0,0.5513504147529602,0.5513504147529602,TN
5377,0,0,0.56121426820755,0.56121426820755,TN
5378,0,0,0.5596030950546265,0.5596030950546265,TN
5379,0,0,0.5665475130081177,0.5665475130081177,TN
5380,0,0,0.5528746247291565,0.5528746247291565,TN
5381,0,0,0.5465176701545715,0.5465176701545715,TN
5382,0,0,0.5529825091362,0.5529825091362,TN
5383,0,0,0.5458561778068542,0.5458561778068542,TN
5384,0,0,0.5414777994155884,0.5414777994155884,TN
5385,0,0,0.535409688949585,0.535409688949585,TN
5386,0,0,0.5637017488479614,0.5637017488479614,TN
5387,0,0,0.5432112812995911,0.5432112812995911,TN
5388,0,0,0.5439461469650269,0.5439461469650269,TN
5389,0,0,0.5623387098312378,0.5623387098312378,TN
5390,0,0,0.5492526888847351,0.5492526888847351,TN
5391,0,0,0.5518710613250732,0.5518710613250732,TN
5392,0,0,0.5591781139373779,0.5591781139373779,TN
5393,0,0,0.582184910774231,0.582184910774231,TN
5394,0,0,0.5704786777496338,0.5704786777496338,TN
5395,0,0,0.5896766185760498,0.5896766185760498,TN
5396,0,0,0.5749688148498535,0.5749688148498535,TN
5397,0,0,0.5804799199104309,0.5804799199104309,TN
5398,0,0,0.5855520963668823,0.5855520963668823,TN
5399,0,0,0.5698469281196594,0.5698469281196594,TN
5400,0,0,0.6011699438095093,0.6011699438095093,TN
5401,0,0,0.6045841574668884,0.6045841574668884,TN
5402,1,1,0.6256209015846252,0.6256209015846252,TP
5403,1,1,0.615515947341919,0.615515947341919,TP
5404,1,0,0.6031947731971741,0.6031947731971741,FN
5405,0,1,0.6347707509994507,0.6347707509994507,FP
5406,0,1,0.6492352485656738,0.6492352485656738,FP
5407,0,1,0.6426946520805359,0.6426946520805359,FP
5408,0,1,0.6531620025634766,0.6531620025634766,FP
5409,0,1,0.6781044006347656,0.6781044006347656,FP
5410,0,1,0.650272011756897,0.650272011756897,FP
5411,0,1,0.6900555491447449,0.6900555491447449,FP
5412,0,1,0.6585911512374878,0.6585911512374878,FP
5413,0,1,0.655199408531189,0.655199408531189,FP
5414,0,1,0.6887786388397217,0.6887786388397217,FP
5415,0,1,0.6494758725166321,0.6494758725166321,FP
5416,0,1,0.6525800228118896,0.6525800228118896,FP
5417,0,1,0.6647238731384277,0.6647238731384277,FP
5418,0,1,0.6602327227592468,0.6602327227592468,FP
5419,0,1,0.6673130989074707,0.6673130989074707,FP
5420,0,1,0.6539106965065002,0.6539106965065002,FP
5421,0,1,0.6667340993881226,0.6667340993881226,FP
5422,0,1,0.6627353429794312,0.6627353429794312,FP
5423,0,1,0.7042941451072693,0.7042941451072693,FP
5424,0,1,0.695827305316925,0.695827305316925,FP
5425,0,1,0.6774640679359436,0.6774640679359436,FP
5426,0,1,0.7117171287536621,0.7117171287536621,FP
5427,0,0,0.5698682069778442,0.5698682069778442,TN
5428,0,0,0.5972759127616882,0.5972759127616882,TN
5429,0,0,0.5818865895271301,0.5818865895271301,TN
5430,0,0,0.5794634819030762,0.5794634819030762,TN
5431,0,0,0.5969467163085938,0.5969467163085938,TN
5432,0,0,0.5856051445007324,0.5856051445007324,TN
5433,0,0,0.5939580798149109,0.5939580798149109,TN
5434,0,0,0.6113187670707703,0.6113187670707703,TN
5435,0,0,0.6090196371078491,0.6090196371078491,TN
5436,0,0,0.5969143509864807,0.5969143509864807,TN
5437,0,0,0.5736041069030762,0.5736041069030762,TN
5438,0,0,0.5793971419334412,0.5793971419334412,TN
5439,0,0,0.6086568832397461,0.6086568832397461,TN
5440,0,0,0.5678903460502625,0.5678903460502625,TN
5441,0,0,0.6062462329864502,0.6062462329864502,TN
5442,0,0,0.6058173775672913,0.6058173775672913,TN
5443,0,0,0.5880578756332397,0.5880578756332397,TN
5444,0,0,0.5781487822532654,0.5781487822532654,TN
5445,0,0,0.5765854716300964,0.5765854716300964,TN
5446,0,0,0.6019144654273987,0.6019144654273987,TN
5447,0,1,0.6202308535575867,0.6202308535575867,FP
5448,0,0,0.564344584941864,0.564344584941864,TN
5449,0,0,0.5640671849250793,0.5640671849250793,TN
5450,0,0,0.5728042125701904,0.5728042125701904,TN
5451,0,0,0.5720735788345337,0.5720735788345337,TN
5452,0,0,0.5566318035125732,0.5566318035125732,TN
5453,0,0,0.5605661273002625,0.5605661273002625,TN
5454,0,0,0.54410719871521,0.54410719871521,TN
5455,0,0,0.5470117330551147,0.5470117330551147,TN
5456,0,0,0.5733752250671387,0.5733752250671387,TN
5457,0,0,0.5619038343429565,0.5619038343429565,TN
5458,0,0,0.5306503772735596,0.5306503772735596,TN
5459,0,0,0.5475057363510132,0.5475057363510132,TN
5460,0,0,0.5399271249771118,0.5399271249771118,TN
5461,0,0,0.572346568107605,0.572346568107605,TN
5462,0,0,0.5605708360671997,0.5605708360671997,TN
5463,0,0,0.5430302619934082,0.5430302619934082,TN
5464,0,0,0.5681853294372559,0.5681853294372559,TN
5465,0,0,0.5515661239624023,0.5515661239624023,TN
5466,0,0,0.5515453815460205,0.5515453815460205,TN
5467,0,0,0.5524703860282898,0.5524703860282898,TN
5468,0,0,0.5377193689346313,0.5377193689346313,TN
5469,0,0,0.5483455061912537,0.5483455061912537,TN
5470,0,0,0.5378469228744507,0.5378469228744507,TN
5471,0,0,0.5487637519836426,0.5487637519836426,TN
5472,0,0,0.5389981269836426,0.5389981269836426,TN
5473,0,0,0.5444668531417847,0.5444668531417847,TN
5474,0,0,0.5377197265625,0.5377197265625,TN
5475,0,0,0.5403140783309937,0.5403140783309937,TN
5476,0,0,0.5416397452354431,0.5416397452354431,TN
5477,0,0,0.5298827290534973,0.5298827290534973,TN
5478,0,0,0.5276114344596863,0.5276114344596863,TN
5479,0,0,0.5159457921981812,0.5159457921981812,TN
5480,0,0,0.5204669833183289,0.5204669833183289,TN
5481,0,0,0.5163019895553589,0.5163019895553589,TN
5482,0,0,0.514953076839447,0.514953076839447,TN
5483,0,0,0.5103523135185242,0.5103523135185242,TN
5484,0,0,0.5115031599998474,0.5115031599998474,TN
5485,0,0,0.5199651122093201,0.5199651122093201,TN
5486,0,0,0.5161678194999695,0.5161678194999695,TN
5487,0,0,0.5334783792495728,0.5334783792495728,TN
5488,0,0,0.5346681475639343,0.5346681475639343,TN
5489,0,0,0.5546194314956665,0.5546194314956665,TN
5490,0,0,0.5485753417015076,0.5485753417015076,TN
5491,0,0,0.5448129773139954,0.5448129773139954,TN
5492,0,0,0.5405368804931641,0.5405368804931641,TN
5493,0,0,0.5646846294403076,0.5646846294403076,TN
5494,0,0,0.5523542165756226,0.5523542165756226,TN
5495,0,0,0.5571753978729248,0.5571753978729248,TN
5496,0,0,0.5705915689468384,0.5705915689468384,TN
5497,0,0,0.6107999682426453,0.6107999682426453,TN
5498,0,0,0.6085610389709473,0.6085610389709473,TN
5499,0,1,0.6418368816375732,0.6418368816375732,FP
5500,0,1,0.6554454565048218,0.6554454565048218,FP
5501,0,1,0.6480622291564941,0.6480622291564941,FP
5502,0,1,0.6432200074195862,0.6432200074195862,FP
5503,0,1,0.6295997500419617,0.6295997500419617,FP
5504,0,1,0.6485403180122375,0.6485403180122375,FP
5505,0,1,0.6519097685813904,0.6519097685813904,FP
5506,0,1,0.6409539580345154,0.6409539580345154,FP
5507,0,1,0.6505674719810486,0.6505674719810486,FP
5508,1,1,0.6963728070259094,0.6963728070259094,TP
5509,1,1,0.7085779309272766,0.7085779309272766,TP
5510,1,1,0.684694230556488,0.684694230556488,TP
5511,1,1,0.7745143175125122,0.7745143175125122,TP
5512,1,1,0.8235891461372375,0.8235891461372375,TP
5513,1,1,0.7723166942596436,0.7723166942596436,TP
5514,1,1,0.8177931308746338,0.8177931308746338,TP
5515,1,1,0.849443793296814,0.849443793296814,TP
5516,1,1,0.8942722082138062,0.8942722082138062,TP
5517,1,1,0.9247665405273438,0.9247665405273438,TP
5518,1,1,0.9557004570960999,0.9557004570960999,TP
5519,1,1,1.0624470710754395,1.0624470710754395,TP
5520,1,1,1.0704342126846313,1.0704342126846313,TP
5521,1,1,1.1114237308502197,1.1114237308502197,TP
5522,1,1,1.1228156089782715,1.1228156089782715,TP
5523,1,1,1.2806549072265625,1.2806549072265625,TP
5524,1,1,1.2814902067184448,1.2814902067184448,TP
5525,0,0,0.5692288875579834,0.5692288875579834,TN
5526,0,0,0.568999171257019,0.568999171257019,TN
5527,0,0,0.5877783298492432,0.5877783298492432,TN
5528,0,0,0.5831145644187927,0.5831145644187927,TN
5529,0,0,0.568152666091919,0.568152666091919,TN
5530,0,0,0.5511903166770935,0.5511903166770935,TN
5531,0,0,0.5775277018547058,0.5775277018547058,TN
5532,0,0,0.567011296749115,0.567011296749115,TN
5533,0,0,0.5705934166908264,0.5705934166908264,TN
5534,0,0,0.600148618221283,0.600148618221283,TN
5535,0,0,0.5682556629180908,0.5682556629180908,TN
5536,0,0,0.5539534091949463,0.5539534091949463,TN
5537,0,0,0.5705384612083435,0.5705384612083435,TN
5538,0,0,0.5687400698661804,0.5687400698661804,TN
5539,0,0,0.5674520134925842,0.5674520134925842,TN
5540,0,0,0.5782040953636169,0.5782040953636169,TN
5541,0,0,0.5870177149772644,0.5870177149772644,TN
5542,0,0,0.5631059408187866,0.5631059408187866,TN
5543,0,0,0.5592136383056641,0.5592136383056641,TN
5544,0,0,0.5719233751296997,0.5719233751296997,TN
5545,0,0,0.5733904838562012,0.5733904838562012,TN
5546,0,0,0.5705295205116272,0.5705295205116272,TN
5547,0,1,0.6423279047012329,0.6423279047012329,FP
5548,0,1,0.6421579718589783,0.6421579718589783,FP
5549,0,1,0.6333193778991699,0.6333193778991699,FP
5550,0,1,0.6317206025123596,0.6317206025123596,FP
5551,0,1,0.6285608410835266,0.6285608410835266,FP
5552,0,1,0.6234039664268494,0.6234039664268494,FP
5553,0,1,0.631741464138031,0.631741464138031,FP
5554,0,0,0.611544668674469,0.611544668674469,TN
5555,0,1,0.6329091191291809,0.6329091191291809,FP
5556,0,1,0.6285038590431213,0.6285038590431213,FP
5557,0,1,0.6258097887039185,0.6258097887039185,FP
5558,0,0,0.6084595322608948,0.6084595322608948,TN
5559,0,1,0.614305853843689,0.614305853843689,FP
5560,0,0,0.6031898856163025,0.6031898856163025,TN
5561,0,1,0.6178833842277527,0.6178833842277527,FP
5562,0,0,0.6084325909614563,0.6084325909614563,TN
5563,0,0,0.6048739552497864,0.6048739552497864,TN
5564,0,0,0.5994376540184021,0.5994376540184021,TN
5565,0,0,0.5892598032951355,0.5892598032951355,TN
5566,0,0,0.594190239906311,0.594190239906311,TN
5567,0,0,0.612331211566925,0.612331211566925,TN
5568,0,0,0.5986577868461609,0.5986577868461609,TN
5569,0,1,0.6146711111068726,0.6146711111068726,FP
5570,0,0,0.5791289806365967,0.5791289806365967,TN
5571,0,0,0.5926669239997864,0.5926669239997864,TN
5572,0,0,0.5877426266670227,0.5877426266670227,TN
5573,0,0,0.606539249420166,0.606539249420166,TN
5574,0,0,0.5814274549484253,0.5814274549484253,TN
5575,0,0,0.5545657277107239,0.5545657277107239,TN
5576,0,0,0.5521917939186096,0.5521917939186096,TN
5577,0,0,0.5462445020675659,0.5462445020675659,TN
5578,0,0,0.5417748093605042,0.5417748093605042,TN
5579,0,0,0.5289326310157776,0.5289326310157776,TN
5580,0,0,0.533339262008667,0.533339262008667,TN
5581,0,0,0.5548207759857178,0.5548207759857178,TN
5582,0,0,0.5377018451690674,0.5377018451690674,TN
5583,0,0,0.5401997566223145,0.5401997566223145,TN
5584,0,0,0.5204547047615051,0.5204547047615051,TN
5585,0,0,0.5189568996429443,0.5189568996429443,TN
5586,0,0,0.5154740214347839,0.5154740214347839,TN
5587,0,0,0.5098802447319031,0.5098802447319031,TN
5588,0,0,0.5081102252006531,0.5081102252006531,TN
5589,0,0,0.5302149653434753,0.5302149653434753,TN
5590,0,0,0.5141782164573669,0.5141782164573669,TN
5591,0,0,0.5171242952346802,0.5171242952346802,TN
5592,0,0,0.5328308939933777,0.5328308939933777,TN
5593,0,0,0.5297233462333679,0.5297233462333679,TN
5594,0,0,0.550342321395874,0.550342321395874,TN
5595,0,0,0.5366650223731995,0.5366650223731995,TN
5596,0,0,0.5133357048034668,0.5133357048034668,TN
5597,0,0,0.5028747320175171,0.5028747320175171,TN
5598,0,0,0.5150046348571777,0.5150046348571777,TN
5599,0,0,0.5254668593406677,0.5254668593406677,TN
5600,0,0,0.5165629386901855,0.5165629386901855,TN
5601,0,0,0.5104361176490784,0.5104361176490784,TN
5602,0,0,0.5315352082252502,0.5315352082252502,TN
5603,0,0,0.5246970653533936,0.5246970653533936,TN
5604,0,0,0.5211983919143677,0.5211983919143677,TN
5605,0,0,0.532126247882843,0.532126247882843,TN
5606,0,0,0.5274719595909119,0.5274719595909119,TN
5607,0,0,0.531899094581604,0.531899094581604,TN
5608,0,0,0.5022674798965454,0.5022674798965454,TN
5609,0,0,0.5153627395629883,0.5153627395629883,TN
5610,0,0,0.5171358585357666,0.5171358585357666,TN
5611,0,0,0.5085410475730896,0.5085410475730896,TN
5612,0,0,0.5147073268890381,0.5147073268890381,TN
5613,0,0,0.502800703048706,0.502800703048706,TN
5614,0,0,0.5104495882987976,0.5104495882987976,TN
5615,0,0,0.5339486002922058,0.5339486002922058,TN
5616,0,0,0.5255833268165588,0.5255833268165588,TN
5617,0,0,0.528730571269989,0.528730571269989,TN
5618,0,0,0.5366207957267761,0.5366207957267761,TN
5619,0,0,0.5402335524559021,0.5402335524559021,TN
5620,0,0,0.5356557369232178,0.5356557369232178,TN
5621,0,0,0.5459134578704834,0.5459134578704834,TN
5622,0,0,0.558236300945282,0.558236300945282,TN
5623,0,0,0.5510818958282471,0.5510818958282471,TN
5624,0,0,0.5637515783309937,0.5637515783309937,TN
5625,0,0,0.5489711761474609,0.5489711761474609,TN
5626,0,0,0.548147439956665,0.548147439956665,TN
5627,0,0,0.5444439053535461,0.5444439053535461,TN
5628,0,0,0.5415184497833252,0.5415184497833252,TN
5629,0,0,0.5401154160499573,0.5401154160499573,TN
5630,0,0,0.536309540271759,0.536309540271759,TN
5631,0,0,0.5367366075515747,0.5367366075515747,TN
5632,0,0,0.5363455414772034,0.5363455414772034,TN
5633,0,0,0.5343804359436035,0.5343804359436035,TN
5634,0,0,0.5394430756568909,0.5394430756568909,TN
5635,0,0,0.5430911779403687,0.5430911779403687,TN
5636,0,0,0.5350707173347473,0.5350707173347473,TN
5637,0,0,0.5292573571205139,0.5292573571205139,TN
5638,0,0,0.5264429450035095,0.5264429450035095,TN
5639,0,0,0.5219157934188843,0.5219157934188843,TN
5640,0,0,0.5148422718048096,0.5148422718048096,TN
5641,0,0,0.5255488753318787,0.5255488753318787,TN
5642,0,0,0.5222808718681335,0.5222808718681335,TN
5643,0,0,0.5219318866729736,0.5219318866729736,TN
5644,0,0,0.521166980266571,0.521166980266571,TN
5645,0,0,0.5364319682121277,0.5364319682121277,TN
5646,0,0,0.5542833209037781,0.5542833209037781,TN
5647,0,0,0.5498138666152954,0.5498138666152954,TN
5648,0,0,0.5431514382362366,0.5431514382362366,TN
5649,0,0,0.5518022775650024,0.5518022775650024,TN
5650,0,0,0.5479997396469116,0.5479997396469116,TN
5651,0,0,0.5507852435112,0.5507852435112,TN
5652,0,0,0.5452089905738831,0.5452089905738831,TN
5653,0,0,0.5475126504898071,0.5475126504898071,TN
5654,0,0,0.5447967648506165,0.5447967648506165,TN
5655,0,0,0.5303029417991638,0.5303029417991638,TN
5656,0,0,0.5338403582572937,0.5338403582572937,TN
5657,0,0,0.5272623300552368,0.5272623300552368,TN
5658,0,0,0.5359117984771729,0.5359117984771729,TN
5659,0,0,0.5341137647628784,0.5341137647628784,TN
5660,0,0,0.5406423211097717,0.5406423211097717,TN
5661,0,0,0.5400933623313904,0.5400933623313904,TN
5662,1,0,0.5621719360351562,0.5621719360351562,FN
5663,1,0,0.5386228561401367,0.5386228561401367,FN
5664,1,0,0.5540062189102173,0.5540062189102173,FN
5665,1,0,0.5704181790351868,0.5704181790351868,FN
5666,1,0,0.5557190179824829,0.5557190179824829,FN
5667,1,0,0.5563223958015442,0.5563223958015442,FN
5668,1,0,0.5495398640632629,0.5495398640632629,FN
5669,1,0,0.559958815574646,0.559958815574646,FN
5670,1,0,0.5725879073143005,0.5725879073143005,FN
5671,1,0,0.6076035499572754,0.6076035499572754,FN
5672,1,0,0.6118426322937012,0.6118426322937012,FN
5673,1,1,0.6141467094421387,0.6141467094421387,TP
5674,1,1,0.6306203603744507,0.6306203603744507,TP
5675,1,1,0.6419078707695007,0.6419078707695007,TP
5676,1,1,0.632519543170929,0.632519543170929,TP
5677,1,1,0.6521668434143066,0.6521668434143066,TP
5678,1,1,0.7258742451667786,0.7258742451667786,TP
5679,1,1,0.7126421332359314,0.7126421332359314,TP
5680,1,1,0.735106885433197,0.735106885433197,TP
5681,1,1,0.7551708817481995,0.7551708817481995,TP
5682,1,1,0.7895085215568542,0.7895085215568542,TP
5683,1,1,0.8495931029319763,0.8495931029319763,TP
5684,1,1,0.8402852416038513,0.8402852416038513,TP
5685,0,0,0.5412291288375854,0.5412291288375854,TN
5686,0,0,0.5596907734870911,0.5596907734870911,TN
5687,0,0,0.5645075440406799,0.5645075440406799,TN
5688,0,0,0.5616318583488464,0.5616318583488464,TN
5689,0,0,0.5689802765846252,0.5689802765846252,TN
5690,0,0,0.5724313855171204,0.5724313855171204,TN
5691,0,0,0.5701967477798462,0.5701967477798462,TN
5692,0,0,0.5907624959945679,0.5907624959945679,TN
5693,0,0,0.5658894777297974,0.5658894777297974,TN
5694,0,0,0.5988288521766663,0.5988288521766663,TN
5695,0,0,0.5832802653312683,0.5832802653312683,TN
5696,0,0,0.6020706295967102,0.6020706295967102,TN
5697,0,1,0.6313194036483765,0.6313194036483765,FP
5698,0,0,0.5840446949005127,0.5840446949005127,TN
5699,0,0,0.5874707698822021,0.5874707698822021,TN
5700,0,0,0.5931369662284851,0.5931369662284851,TN
5701,0,1,0.6138548254966736,0.6138548254966736,FP
5702,0,0,0.5958916544914246,0.5958916544914246,TN
5703,0,0,0.5876643657684326,0.5876643657684326,TN
5704,0,0,0.5837674140930176,0.5837674140930176,TN
5705,0,0,0.5742606520652771,0.5742606520652771,TN
5706,0,0,0.5653713345527649,0.5653713345527649,TN
5707,0,0,0.5703012943267822,0.5703012943267822,TN
5708,0,0,0.5400841236114502,0.5400841236114502,TN
5709,0,0,0.5621533393859863,0.5621533393859863,TN
5710,0,0,0.5392739772796631,0.5392739772796631,TN
5711,0,0,0.5333759188652039,0.5333759188652039,TN
5712,0,0,0.5575668215751648,0.5575668215751648,TN
5713,0,0,0.564319908618927,0.564319908618927,TN
5714,0,0,0.557628870010376,0.557628870010376,TN
5715,0,0,0.5540528297424316,0.5540528297424316,TN
5716,0,0,0.5555291175842285,0.5555291175842285,TN
5717,0,0,0.5331217646598816,0.5331217646598816,TN
5718,0,0,0.538444459438324,0.538444459438324,TN
5719,0,0,0.5239814519882202,0.5239814519882202,TN
5720,0,0,0.5313732624053955,0.5313732624053955,TN
5721,0,0,0.5381042957305908,0.5381042957305908,TN
5722,0,0,0.5345749855041504,0.5345749855041504,TN
5723,0,0,0.5569829344749451,0.5569829344749451,TN
5724,0,0,0.5455998182296753,0.5455998182296753,TN
5725,0,0,0.5248551368713379,0.5248551368713379,TN
5726,0,0,0.5371187329292297,0.5371187329292297,TN
5727,0,0,0.5432621240615845,0.5432621240615845,TN
5728,0,0,0.543944239616394,0.543944239616394,TN
5729,0,0,0.5500468015670776,0.5500468015670776,TN
5730,0,0,0.548633337020874,0.548633337020874,TN
5731,0,0,0.5354728102684021,0.5354728102684021,TN
5732,0,0,0.5366560220718384,0.5366560220718384,TN
5733,0,0,0.52621990442276,0.52621990442276,TN
5734,0,0,0.5368103981018066,0.5368103981018066,TN
5735,0,0,0.5330957174301147,0.5330957174301147,TN
5736,0,0,0.5366963148117065,0.5366963148117065,TN
5737,0,0,0.532407820224762,0.532407820224762,TN
5738,0,0,0.5318424701690674,0.5318424701690674,TN
5739,0,0,0.5384812355041504,0.5384812355041504,TN
5740,0,0,0.54087233543396,0.54087233543396,TN
5741,0,0,0.5375414490699768,0.5375414490699768,TN
5742,0,0,0.5332334637641907,0.5332334637641907,TN
5743,0,0,0.547641932964325,0.547641932964325,TN
5744,0,0,0.5409659743309021,0.5409659743309021,TN
5745,0,0,0.5406278967857361,0.5406278967857361,TN
5746,0,0,0.5543239116668701,0.5543239116668701,TN
5747,0,0,0.5386579036712646,0.5386579036712646,TN
5748,0,0,0.5403885841369629,0.5403885841369629,TN
5749,0,0,0.5444438457489014,0.5444438457489014,TN
5750,0,0,0.5463683605194092,0.5463683605194092,TN
5751,0,0,0.5302605628967285,0.5302605628967285,TN
5752,0,0,0.5310308337211609,0.5310308337211609,TN
5753,0,0,0.5279237031936646,0.5279237031936646,TN
5754,0,0,0.5279582738876343,0.5279582738876343,TN
5755,0,0,0.525706946849823,0.525706946849823,TN
5756,0,0,0.5353381633758545,0.5353381633758545,TN
5757,0,0,0.5355861186981201,0.5355861186981201,TN
5758,0,0,0.5374199748039246,0.5374199748039246,TN
5759,0,0,0.5431481599807739,0.5431481599807739,TN
5760,0,0,0.5492770671844482,0.5492770671844482,TN
5761,0,0,0.5437192916870117,0.5437192916870117,TN
5762,0,0,0.5449205636978149,0.5449205636978149,TN
5763,0,0,0.5357654094696045,0.5357654094696045,TN
5764,0,0,0.5418893694877625,0.5418893694877625,TN
5765,0,0,0.5297604203224182,0.5297604203224182,TN
5766,0,0,0.5293180346488953,0.5293180346488953,TN
5767,0,0,0.5348172187805176,0.5348172187805176,TN
5768,0,0,0.5295391082763672,0.5295391082763672,TN
5769,0,0,0.530698299407959,0.530698299407959,TN
5770,0,0,0.5240386724472046,0.5240386724472046,TN
5771,0,0,0.5119602680206299,0.5119602680206299,TN
5772,0,0,0.5155418515205383,0.5155418515205383,TN
5773,0,0,0.5151285529136658,0.5151285529136658,TN
5774,0,0,0.5337611436843872,0.5337611436843872,TN
5775,0,0,0.519355058670044,0.519355058670044,TN
5776,0,0,0.5160211324691772,0.5160211324691772,TN
5777,0,0,0.521375298500061,0.521375298500061,TN
5778,0,0,0.5209441184997559,0.5209441184997559,TN
5779,0,0,0.516086757183075,0.516086757183075,TN
5780,0,0,0.5124914646148682,0.5124914646148682,TN
5781,0,0,0.5122870206832886,0.5122870206832886,TN
5782,0,0,0.5163432955741882,0.5163432955741882,TN
5783,0,0,0.5207885503768921,0.5207885503768921,TN
5784,0,0,0.5125184059143066,0.5125184059143066,TN
5785,0,0,0.5117695331573486,0.5117695331573486,TN
5786,0,0,0.5188509225845337,0.5188509225845337,TN
5787,0,0,0.5103790760040283,0.5103790760040283,TN
5788,0,0,0.5268282890319824,0.5268282890319824,TN
5789,0,0,0.5097678899765015,0.5097678899765015,TN
5790,0,0,0.5157593488693237,0.5157593488693237,TN
5791,0,0,0.5118478536605835,0.5118478536605835,TN
5792,0,0,0.5114182829856873,0.5114182829856873,TN
5793,0,1,0.6305959820747375,0.6305959820747375,FP
5794,0,0,0.598385751247406,0.598385751247406,TN
5795,0,1,0.6208718419075012,0.6208718419075012,FP
5796,0,1,0.6219390630722046,0.6219390630722046,FP
5797,0,1,0.614652693271637,0.614652693271637,FP
5798,0,1,0.6182839870452881,0.6182839870452881,FP
5799,0,1,0.6198796629905701,0.6198796629905701,FP
5800,0,1,0.6426231861114502,0.6426231861114502,FP
5801,0,1,0.6258866190910339,0.6258866190910339,FP
5802,0,1,0.6164129376411438,0.6164129376411438,FP
5803,0,1,0.6512958407402039,0.6512958407402039,FP
5804,0,1,0.6244797706604004,0.6244797706604004,FP
5805,0,1,0.6364890336990356,0.6364890336990356,FP
5806,0,1,0.6133788228034973,0.6133788228034973,FP
5807,0,1,0.6371017694473267,0.6371017694473267,FP
5808,0,1,0.6373875141143799,0.6373875141143799,FP
5809,0,1,0.6827175617218018,0.6827175617218018,FP
5810,0,1,0.6426333785057068,0.6426333785057068,FP
5811,0,1,0.6331279277801514,0.6331279277801514,FP
5812,0,0,0.5926883220672607,0.5926883220672607,TN
5813,0,0,0.5881302356719971,0.5881302356719971,TN
5814,0,0,0.5351940393447876,0.5351940393447876,TN
5815,0,0,0.5366455316543579,0.5366455316543579,TN
5816,0,0,0.5706586241722107,0.5706586241722107,TN
5817,0,0,0.5840713977813721,0.5840713977813721,TN
5818,0,0,0.5435851812362671,0.5435851812362671,TN
5819,0,0,0.5959635972976685,0.5959635972976685,TN
5820,0,0,0.6050540208816528,0.6050540208816528,TN
5821,0,0,0.5740121603012085,0.5740121603012085,TN
5822,0,0,0.605593740940094,0.605593740940094,TN
5823,0,0,0.5697791576385498,0.5697791576385498,TN
5824,0,0,0.5886534452438354,0.5886534452438354,TN
5825,0,0,0.6127686500549316,0.6127686500549316,TN
5826,0,0,0.5638819932937622,0.5638819932937622,TN
5827,0,1,0.6162131428718567,0.6162131428718567,FP
5828,0,0,0.5831626653671265,0.5831626653671265,TN
5829,0,0,0.6122369766235352,0.6122369766235352,TN
5830,0,0,0.5884020924568176,0.5884020924568176,TN
5831,0,0,0.5868352055549622,0.5868352055549622,TN
5832,0,0,0.5736748576164246,0.5736748576164246,TN
5833,0,1,0.6418854594230652,0.6418854594230652,FP
5834,0,0,0.608335018157959,0.608335018157959,TN
5835,0,0,0.5820876955986023,0.5820876955986023,TN
5836,0,0,0.540067195892334,0.540067195892334,TN
5837,0,0,0.5502222180366516,0.5502222180366516,TN
5838,0,0,0.5524944067001343,0.5524944067001343,TN
5839,0,0,0.5743047595024109,0.5743047595024109,TN
5840,0,0,0.5960584878921509,0.5960584878921509,TN
5841,0,0,0.6079344153404236,0.6079344153404236,TN
5842,0,1,0.6194355487823486,0.6194355487823486,FP
5843,0,1,0.6483672857284546,0.6483672857284546,FP
5844,0,1,0.6490645408630371,0.6490645408630371,FP
5845,0,0,0.556580662727356,0.556580662727356,TN
5846,0,1,0.6206168532371521,0.6206168532371521,FP
5847,0,0,0.5716711282730103,0.5716711282730103,TN
5848,0,0,0.5945042371749878,0.5945042371749878,TN
5849,0,0,0.5506725907325745,0.5506725907325745,TN
5850,0,0,0.546919584274292,0.546919584274292,TN
5851,0,0,0.5699373483657837,0.5699373483657837,TN
5852,0,0,0.5596161484718323,0.5596161484718323,TN
5853,0,1,0.6464967131614685,0.6464967131614685,FP
5854,0,0,0.5759834051132202,0.5759834051132202,TN
5855,0,1,0.6338294744491577,0.6338294744491577,FP
5856,0,0,0.544310986995697,0.544310986995697,TN
5857,0,1,0.6158580183982849,0.6158580183982849,FP
5858,0,1,0.6245719194412231,0.6245719194412231,FP
5859,0,0,0.5675041079521179,0.5675041079521179,TN
5860,0,0,0.5516618490219116,0.5516618490219116,TN
5861,0,0,0.5703902840614319,0.5703902840614319,TN
5862,0,0,0.5797213912010193,0.5797213912010193,TN
5863,0,0,0.5576336979866028,0.5576336979866028,TN
5864,0,0,0.5591924786567688,0.5591924786567688,TN
5865,0,0,0.564300000667572,0.564300000667572,TN
5866,0,0,0.6009059548377991,0.6009059548377991,TN
5867,0,0,0.5924403667449951,0.5924403667449951,TN
5868,0,0,0.5569120645523071,0.5569120645523071,TN
5869,0,0,0.5476738810539246,0.5476738810539246,TN
5870,0,0,0.5304872989654541,0.5304872989654541,TN
5871,0,0,0.5176754593849182,0.5176754593849182,TN
5872,0,0,0.5496911406517029,0.5496911406517029,TN
5873,0,0,0.5458313226699829,0.5458313226699829,TN
5874,0,0,0.5303344130516052,0.5303344130516052,TN
5875,0,0,0.512837827205658,0.512837827205658,TN
5876,0,0,0.4999265968799591,0.4999265968799591,TN
5877,0,0,0.5141923427581787,0.5141923427581787,TN
5878,0,0,0.48803919553756714,0.48803919553756714,TN
5879,0,0,0.4725283086299896,0.4725283086299896,TN
5880,0,0,0.48400893807411194,0.48400893807411194,TN
5881,0,0,0.4675099849700928,0.4675099849700928,TN
5882,0,0,0.5022611021995544,0.5022611021995544,TN
5883,0,0,0.4977074861526489,0.4977074861526489,TN
5884,0,0,0.49466708302497864,0.49466708302497864,TN
5885,0,0,0.5081034302711487,0.5081034302711487,TN
5886,0,0,0.481582373380661,0.481582373380661,TN
5887,0,0,0.5300297141075134,0.5300297141075134,TN
5888,0,0,0.5033795833587646,0.5033795833587646,TN
5889,0,0,0.48215317726135254,0.48215317726135254,TN
5890,0,0,0.48568081855773926,0.48568081855773926,TN
5891,0,0,0.4953044056892395,0.4953044056892395,TN
5892,0,0,0.542660117149353,0.542660117149353,TN
5893,0,0,0.4874492287635803,0.4874492287635803,TN
5894,0,0,0.5761904716491699,0.5761904716491699,TN
5895,0,0,0.5971763134002686,0.5971763134002686,TN
5896,0,0,0.5646106004714966,0.5646106004714966,TN
5897,0,0,0.5743527412414551,0.5743527412414551,TN
5898,0,0,0.5944503545761108,0.5944503545761108,TN
5899,0,0,0.5636792182922363,0.5636792182922363,TN
5900,0,0,0.5595242977142334,0.5595242977142334,TN
5901,0,0,0.5996738076210022,0.5996738076210022,TN
5902,0,0,0.5814133882522583,0.5814133882522583,TN
5903,0,1,0.6146649718284607,0.6146649718284607,FP
5904,0,0,0.5691245794296265,0.5691245794296265,TN
5905,0,0,0.5896430015563965,0.5896430015563965,TN
5906,0,0,0.539463460445404,0.539463460445404,TN
5907,0,0,0.568184494972229,0.568184494972229,TN
5908,0,0,0.5611085295677185,0.5611085295677185,TN
5909,0,0,0.5777034759521484,0.5777034759521484,TN
5910,0,0,0.5631248354911804,0.5631248354911804,TN
5911,0,0,0.5599651336669922,0.5599651336669922,TN
5912,0,0,0.5635263323783875,0.5635263323783875,TN
5913,0,0,0.5694012641906738,0.5694012641906738,TN
5914,0,0,0.5631496906280518,0.5631496906280518,TN
5915,0,0,0.5740516185760498,0.5740516185760498,TN
5916,0,0,0.5813544988632202,0.5813544988632202,TN
5917,0,0,0.568295955657959,0.568295955657959,TN
5918,0,0,0.5919015407562256,0.5919015407562256,TN
5919,0,0,0.5414361357688904,0.5414361357688904,TN
5920,0,0,0.5510473847389221,0.5510473847389221,TN
5921,0,0,0.5545100569725037,0.5545100569725037,TN
5922,0,0,0.5482587218284607,0.5482587218284607,TN
5923,0,0,0.5384933352470398,0.5384933352470398,TN
5924,0,0,0.5517361164093018,0.5517361164093018,TN
5925,0,0,0.5656813979148865,0.5656813979148865,TN
5926,0,0,0.5570591688156128,0.5570591688156128,TN
5927,0,0,0.5173997282981873,0.5173997282981873,TN
5928,0,0,0.5325684547424316,0.5325684547424316,TN
5929,0,0,0.5594319701194763,0.5594319701194763,TN
5930,0,0,0.49952957034111023,0.49952957034111023,TN
5931,0,0,0.5013716816902161,0.5013716816902161,TN
5932,0,0,0.5150766372680664,0.5150766372680664,TN
5933,0,0,0.5065736174583435,0.5065736174583435,TN
5934,0,0,0.5088791847229004,0.5088791847229004,TN
5935,0,0,0.5169369578361511,0.5169369578361511,TN
5936,0,0,0.5206055641174316,0.5206055641174316,TN
5937,0,0,0.4906611144542694,0.4906611144542694,TN
5938,0,0,0.5001829266548157,0.5001829266548157,TN
5939,0,0,0.5206688046455383,0.5206688046455383,TN
5940,0,0,0.505127489566803,0.505127489566803,TN
5941,0,0,0.4911648631095886,0.4911648631095886,TN
5942,0,0,0.5091462135314941,0.5091462135314941,TN
5943,0,0,0.5138643383979797,0.5138643383979797,TN
5944,0,0,0.5053373575210571,0.5053373575210571,TN
5945,0,0,0.5159258246421814,0.5159258246421814,TN
5946,0,0,0.4888276159763336,0.4888276159763336,TN
5947,0,0,0.518934965133667,0.518934965133667,TN
5948,0,0,0.5186495780944824,0.5186495780944824,TN
5949,0,0,0.49754875898361206,0.49754875898361206,TN
5950,0,0,0.4992513954639435,0.4992513954639435,TN
5951,0,0,0.49559730291366577,0.49559730291366577,TN
5952,0,0,0.49197205901145935,0.49197205901145935,TN
5953,0,0,0.5118387937545776,0.5118387937545776,TN
5954,0,0,0.5108938813209534,0.5108938813209534,TN
5955,0,0,0.5303331613540649,0.5303331613540649,TN
5956,0,0,0.5249137282371521,0.5249137282371521,TN
5957,0,0,0.5204397439956665,0.5204397439956665,TN
5958,0,0,0.5622974634170532,0.5622974634170532,TN
5959,0,0,0.5357511639595032,0.5357511639595032,TN
5960,0,0,0.5362216830253601,0.5362216830253601,TN
5961,0,0,0.5450079441070557,0.5450079441070557,TN
5962,0,0,0.5465342998504639,0.5465342998504639,TN
5963,0,0,0.542768657207489,0.542768657207489,TN
5964,0,0,0.5768395066261292,0.5768395066261292,TN
5965,0,0,0.5621305108070374,0.5621305108070374,TN
5966,0,0,0.5577149391174316,0.5577149391174316,TN
5967,0,0,0.5644360184669495,0.5644360184669495,TN
5968,0,0,0.5359282493591309,0.5359282493591309,TN
5969,0,0,0.5454246997833252,0.5454246997833252,TN
5970,0,0,0.5381610989570618,0.5381610989570618,TN
5971,0,0,0.5393174290657043,0.5393174290657043,TN
5972,0,0,0.5345373749732971,0.5345373749732971,TN
5973,0,0,0.5294045209884644,0.5294045209884644,TN
5974,0,0,0.5475356578826904,0.5475356578826904,TN
5975,0,0,0.5612247586250305,0.5612247586250305,TN
5976,0,0,0.5609590411186218,0.5609590411186218,TN
5977,0,0,0.569366991519928,0.569366991519928,TN
5978,0,0,0.5684900283813477,0.5684900283813477,TN
5979,0,0,0.5524747371673584,0.5524747371673584,TN
5980,0,0,0.5565193295478821,0.5565193295478821,TN
5981,0,0,0.5501508116722107,0.5501508116722107,TN
5982,0,0,0.5643222332000732,0.5643222332000732,TN
5983,0,0,0.5507807731628418,0.5507807731628418,TN
5984,0,0,0.5537121295928955,0.5537121295928955,TN
5985,0,0,0.5129260420799255,0.5129260420799255,TN
5986,0,0,0.5494592785835266,0.5494592785835266,TN
5987,0,0,0.5428445935249329,0.5428445935249329,TN
5988,0,0,0.5378572344779968,0.5378572344779968,TN
5989,0,0,0.5450875163078308,0.5450875163078308,TN
5990,0,0,0.5355467200279236,0.5355467200279236,TN
5991,0,0,0.5160465836524963,0.5160465836524963,TN
5992,0,0,0.49556320905685425,0.49556320905685425,TN
5993,0,0,0.5078967809677124,0.5078967809677124,TN
5994,0,0,0.4914874732494354,0.4914874732494354,TN
5995,0,0,0.4885331988334656,0.4885331988334656,TN
5996,0,0,0.5264694094657898,0.5264694094657898,TN
5997,0,0,0.4989158511161804,0.4989158511161804,TN
5998,0,0,0.4902392327785492,0.4902392327785492,TN
5999,0,0,0.5078077912330627,0.5078077912330627,TN
6000,0,0,0.5114929676055908,0.5114929676055908,TN
6001,0,0,0.5140691995620728,0.5140691995620728,TN
6002,0,0,0.5097677111625671,0.5097677111625671,TN
6003,0,0,0.5147443413734436,0.5147443413734436,TN
6004,0,0,0.5328267812728882,0.5328267812728882,TN
6005,0,0,0.5006173849105835,0.5006173849105835,TN
6006,0,0,0.4948073923587799,0.4948073923587799,TN
6007,0,0,0.48254749178886414,0.48254749178886414,TN
6008,0,0,0.496094286441803,0.496094286441803,TN
6009,0,0,0.5054066181182861,0.5054066181182861,TN
6010,0,0,0.5092272758483887,0.5092272758483887,TN
6011,0,0,0.5105317234992981,0.5105317234992981,TN
6012,0,0,0.5110217928886414,0.5110217928886414,TN
6013,0,0,0.5092988014221191,0.5092988014221191,TN
6014,0,0,0.48811984062194824,0.48811984062194824,TN
6015,0,0,0.49106913805007935,0.49106913805007935,TN
6016,0,0,0.5186827182769775,0.5186827182769775,TN
6017,0,0,0.497109591960907,0.497109591960907,TN
6018,0,0,0.5053437948226929,0.5053437948226929,TN
6019,0,0,0.5054342150688171,0.5054342150688171,TN
6020,0,0,0.49512532353401184,0.49512532353401184,TN
6021,0,0,0.4918130934238434,0.4918130934238434,TN
6022,0,0,0.4973795413970947,0.4973795413970947,TN
6023,0,0,0.4967632293701172,0.4967632293701172,TN
6024,0,0,0.5029186606407166,0.5029186606407166,TN
6025,0,0,0.4886520504951477,0.4886520504951477,TN
6026,0,0,0.48658061027526855,0.48658061027526855,TN
6027,0,0,0.4691101908683777,0.4691101908683777,TN
6028,0,0,0.4731588065624237,0.4731588065624237,TN
6029,0,0,0.47841906547546387,0.47841906547546387,TN
6030,0,0,0.4758799374103546,0.4758799374103546,TN
6031,0,0,0.47362595796585083,0.47362595796585083,TN
6032,0,0,0.46985602378845215,0.46985602378845215,TN
6033,0,0,0.4789605736732483,0.4789605736732483,TN
6034,0,0,0.4879569709300995,0.4879569709300995,TN
6035,0,0,0.4850522577762604,0.4850522577762604,TN
6036,0,0,0.4858248829841614,0.4858248829841614,TN
6037,0,0,0.493998646736145,0.493998646736145,TN
6038,0,0,0.49588173627853394,0.49588173627853394,TN
6039,0,0,0.4980539381504059,0.4980539381504059,TN
6040,0,0,0.4964369535446167,0.4964369535446167,TN
6041,0,0,0.5155606269836426,0.5155606269836426,TN
6042,0,0,0.5038833022117615,0.5038833022117615,TN
6043,0,0,0.49348339438438416,0.49348339438438416,TN
6044,0,0,0.49122515320777893,0.49122515320777893,TN
6045,0,0,0.5794554948806763,0.5794554948806763,TN
6046,0,0,0.5950255393981934,0.5950255393981934,TN
6047,0,0,0.5934613347053528,0.5934613347053528,TN
6048,0,0,0.592771053314209,0.592771053314209,TN
6049,0,0,0.6054858565330505,0.6054858565330505,TN
6050,0,0,0.6006495356559753,0.6006495356559753,TN
6051,0,0,0.5706448554992676,0.5706448554992676,TN
6052,0,0,0.5977828502655029,0.5977828502655029,TN
6053,0,0,0.5784325003623962,0.5784325003623962,TN
6054,0,0,0.5789863467216492,0.5789863467216492,TN
6055,0,0,0.5833572149276733,0.5833572149276733,TN
6056,0,0,0.5782427787780762,0.5782427787780762,TN
6057,0,0,0.5651967525482178,0.5651967525482178,TN
6058,0,0,0.5808237791061401,0.5808237791061401,TN
6059,0,0,0.603691041469574,0.603691041469574,TN
6060,0,0,0.5840596556663513,0.5840596556663513,TN
6061,0,0,0.5743098258972168,0.5743098258972168,TN
6062,0,0,0.5710103511810303,0.5710103511810303,TN
6063,0,0,0.5614403486251831,0.5614403486251831,TN
6064,0,0,0.5734566450119019,0.5734566450119019,TN
6065,0,0,0.5528791546821594,0.5528791546821594,TN
6066,0,0,0.5860325694084167,0.5860325694084167,TN
6067,0,0,0.5694317817687988,0.5694317817687988,TN
6068,0,0,0.5871206521987915,0.5871206521987915,TN
6069,0,0,0.5626266598701477,0.5626266598701477,TN
6070,0,0,0.5716960430145264,0.5716960430145264,TN
6071,0,0,0.5893903970718384,0.5893903970718384,TN
6072,0,0,0.5765172839164734,0.5765172839164734,TN
6073,0,0,0.59942227602005,0.59942227602005,TN
6074,0,0,0.5801712870597839,0.5801712870597839,TN
6075,0,0,0.6029207706451416,0.6029207706451416,TN
6076,0,0,0.5930700302124023,0.5930700302124023,TN
6077,0,0,0.5633759498596191,0.5633759498596191,TN
6078,0,0,0.5505378246307373,0.5505378246307373,TN
6079,0,0,0.5650891661643982,0.5650891661643982,TN
6080,0,0,0.5633727312088013,0.5633727312088013,TN
6081,0,0,0.5526825785636902,0.5526825785636902,TN
6082,0,0,0.5712040662765503,0.5712040662765503,TN
6083,0,0,0.6028467416763306,0.6028467416763306,TN
6084,0,0,0.5238083600997925,0.5238083600997925,TN
6085,0,0,0.5818936228752136,0.5818936228752136,TN
6086,0,0,0.5647891759872437,0.5647891759872437,TN
6087,0,0,0.5100864171981812,0.5100864171981812,TN
6088,0,0,0.5317254066467285,0.5317254066467285,TN
6089,0,0,0.5064895153045654,0.5064895153045654,TN
6090,0,0,0.5395315289497375,0.5395315289497375,TN
6091,0,0,0.5238646864891052,0.5238646864891052,TN
6092,0,0,0.5365238785743713,0.5365238785743713,TN
6093,0,0,0.5345149040222168,0.5345149040222168,TN
6094,0,0,0.5102795362472534,0.5102795362472534,TN
6095,0,0,0.5227539539337158,0.5227539539337158,TN
6096,0,0,0.5045685768127441,0.5045685768127441,TN
6097,0,0,0.49378445744514465,0.49378445744514465,TN
6098,0,0,0.5415868163108826,0.5415868163108826,TN
6099,0,0,0.5134238600730896,0.5134238600730896,TN
6100,0,0,0.5245144367218018,0.5245144367218018,TN
6101,0,0,0.5224108695983887,0.5224108695983887,TN
6102,0,0,0.5180596709251404,0.5180596709251404,TN
6103,0,0,0.5498409867286682,0.5498409867286682,TN
6104,0,0,0.5138552784919739,0.5138552784919739,TN
6105,0,0,0.5210809707641602,0.5210809707641602,TN
6106,0,0,0.5491227507591248,0.5491227507591248,TN
6107,0,0,0.5556920766830444,0.5556920766830444,TN
6108,0,0,0.5404978394508362,0.5404978394508362,TN
6109,0,0,0.5288223624229431,0.5288223624229431,TN
6110,0,0,0.5443850755691528,0.5443850755691528,TN
6111,0,0,0.5187299847602844,0.5187299847602844,TN
6112,0,0,0.5460584759712219,0.5460584759712219,TN
6113,0,0,0.5483484864234924,0.5483484864234924,TN
6114,0,0,0.5497177839279175,0.5497177839279175,TN
6115,0,0,0.5729799866676331,0.5729799866676331,TN
6116,0,0,0.5477016568183899,0.5477016568183899,TN
6117,0,0,0.5417962074279785,0.5417962074279785,TN
6118,0,0,0.5344362854957581,0.5344362854957581,TN
6119,0,0,0.5383503437042236,0.5383503437042236,TN
6120,0,0,0.5505521297454834,0.5505521297454834,TN
6121,0,0,0.5349285006523132,0.5349285006523132,TN
6122,0,0,0.5838047862052917,0.5838047862052917,TN
6123,0,0,0.5598943829536438,0.5598943829536438,TN
6124,0,0,0.5468629002571106,0.5468629002571106,TN
6125,0,0,0.5606974959373474,0.5606974959373474,TN
6126,0,0,0.5788084864616394,0.5788084864616394,TN
6127,0,0,0.542891800403595,0.542891800403595,TN
6128,0,0,0.5656976103782654,0.5656976103782654,TN
6129,0,0,0.5430004596710205,0.5430004596710205,TN
6130,0,0,0.530256986618042,0.530256986618042,TN
6131,0,0,0.5936319828033447,0.5936319828033447,TN
6132,0,0,0.5404312014579773,0.5404312014579773,TN
6133,0,0,0.5554360747337341,0.5554360747337341,TN
6134,0,0,0.5936753749847412,0.5936753749847412,TN
6135,0,0,0.5719509720802307,0.5719509720802307,TN
6136,0,0,0.5504425168037415,0.5504425168037415,TN
6137,0,0,0.5392554998397827,0.5392554998397827,TN
6138,0,0,0.568080723285675,0.568080723285675,TN
6139,0,0,0.5532398223876953,0.5532398223876953,TN
6140,0,0,0.6084197163581848,0.6084197163581848,TN
6141,0,0,0.5597097873687744,0.5597097873687744,TN
6142,0,0,0.5826300978660583,0.5826300978660583,TN
6143,0,0,0.5573638677597046,0.5573638677597046,TN
6144,0,0,0.5757100582122803,0.5757100582122803,TN
6145,0,1,0.6177492737770081,0.6177492737770081,FP
6146,0,0,0.5866599082946777,0.5866599082946777,TN
6147,0,0,0.5639395713806152,0.5639395713806152,TN
6148,0,0,0.5956965088844299,0.5956965088844299,TN
6149,0,0,0.555004894733429,0.555004894733429,TN
6150,0,0,0.6088429689407349,0.6088429689407349,TN
6151,0,0,0.5780938863754272,0.5780938863754272,TN
6152,0,0,0.5912517309188843,0.5912517309188843,TN
6153,0,1,0.6363451480865479,0.6363451480865479,FP
6154,0,0,0.563913881778717,0.563913881778717,TN
6155,0,1,0.6635396480560303,0.6635396480560303,FP
6156,0,0,0.6083837747573853,0.6083837747573853,TN
6157,0,0,0.5851558446884155,0.5851558446884155,TN
6158,0,0,0.5918161869049072,0.5918161869049072,TN
6159,0,0,0.5826766490936279,0.5826766490936279,TN
6160,0,1,0.6439440250396729,0.6439440250396729,FP
6161,0,0,0.6125288605690002,0.6125288605690002,TN
6162,0,1,0.6347883939743042,0.6347883939743042,FP
6163,0,0,0.5587610006332397,0.5587610006332397,TN
6164,0,0,0.5839459300041199,0.5839459300041199,TN
6165,0,0,0.5645030736923218,0.5645030736923218,TN
6166,0,0,0.5828750729560852,0.5828750729560852,TN
6167,0,0,0.5500985980033875,0.5500985980033875,TN
6168,0,1,0.6144859194755554,0.6144859194755554,FP
6169,0,1,0.6166858673095703,0.6166858673095703,FP
6170,0,0,0.5922073125839233,0.5922073125839233,TN
6171,0,1,0.6263077855110168,0.6263077855110168,FP
6172,0,1,0.6279274225234985,0.6279274225234985,FP
6173,0,0,0.584682285785675,0.584682285785675,TN
6174,0,0,0.5530143976211548,0.5530143976211548,TN
6175,0,0,0.6099250316619873,0.6099250316619873,TN
6176,0,0,0.6020768880844116,0.6020768880844116,TN
6177,0,0,0.5855088233947754,0.5855088233947754,TN
6178,0,1,0.6696392893791199,0.6696392893791199,FP
6179,0,0,0.6011025309562683,0.6011025309562683,TN
6180,0,0,0.5973962545394897,0.5973962545394897,TN
6181,0,0,0.5985881686210632,0.5985881686210632,TN
6182,0,0,0.5807579159736633,0.5807579159736633,TN
6183,0,0,0.5915216207504272,0.5915216207504272,TN
6184,0,0,0.5599057078361511,0.5599057078361511,TN
6185,0,0,0.5675731897354126,0.5675731897354126,TN
6186,0,0,0.6051631569862366,0.6051631569862366,TN
6187,0,1,0.6351099014282227,0.6351099014282227,FP
6188,0,0,0.6056876182556152,0.6056876182556152,TN
6189,0,0,0.5868618488311768,0.5868618488311768,TN
6190,0,1,0.6172972917556763,0.6172972917556763,FP
6191,0,1,0.6584088206291199,0.6584088206291199,FP
6192,0,0,0.6001131534576416,0.6001131534576416,TN
6193,0,0,0.6029981374740601,0.6029981374740601,TN
6194,0,1,0.6365421414375305,0.6365421414375305,FP
6195,0,1,0.671621561050415,0.671621561050415,FP
6196,0,1,0.6455255150794983,0.6455255150794983,FP
6197,0,1,0.6134264469146729,0.6134264469146729,FP
6198,0,0,0.573651134967804,0.573651134967804,TN
6199,0,0,0.5873965620994568,0.5873965620994568,TN
6200,0,0,0.605716347694397,0.605716347694397,TN
6201,0,0,0.613033652305603,0.613033652305603,TN
6202,0,1,0.6142538189888,0.6142538189888,FP
6203,0,1,0.6312319040298462,0.6312319040298462,FP
6204,0,1,0.6169130206108093,0.6169130206108093,FP
6205,0,1,0.650621771812439,0.650621771812439,FP
6206,0,0,0.6021743416786194,0.6021743416786194,TN
6207,0,0,0.5981515645980835,0.5981515645980835,TN
6208,0,0,0.5958005785942078,0.5958005785942078,TN
6209,0,1,0.6302062273025513,0.6302062273025513,FP
6210,0,0,0.605111300945282,0.605111300945282,TN
6211,0,1,0.6590799689292908,0.6590799689292908,FP
6212,0,0,0.595041811466217,0.595041811466217,TN
6213,0,1,0.6671943068504333,0.6671943068504333,FP
6214,0,1,0.6590763330459595,0.6590763330459595,FP
6215,0,0,0.5877525210380554,0.5877525210380554,TN
6216,0,1,0.6514050364494324,0.6514050364494324,FP
6217,0,1,0.6191027760505676,0.6191027760505676,FP
6218,0,1,0.7114500403404236,0.7114500403404236,FP
6219,1,1,0.750824511051178,0.750824511051178,TP
6220,1,1,0.7438474893569946,0.7438474893569946,TP
6221,1,1,0.7365570664405823,0.7365570664405823,TP
6222,1,1,0.6768152713775635,0.6768152713775635,TP
6223,1,1,0.6971534490585327,0.6971534490585327,TP
6224,1,1,0.7010010480880737,0.7010010480880737,TP
6225,1,1,0.8021359443664551,0.8021359443664551,TP
6226,1,1,0.7136911153793335,0.7136911153793335,TP
6227,1,1,0.7044089436531067,0.7044089436531067,TP
6228,1,1,0.8266926407814026,0.8266926407814026,TP
6229,1,1,0.8203337788581848,0.8203337788581848,TP
6230,1,1,0.7848789691925049,0.7848789691925049,TP
6231,1,1,0.9224183559417725,0.9224183559417725,TP
6232,1,1,0.9136193990707397,0.9136193990707397,TP
6233,1,1,0.9382473230361938,0.9382473230361938,TP
6234,1,1,0.9617540240287781,0.9617540240287781,TP
6235,1,1,1.0275883674621582,1.0275883674621582,TP
6236,1,1,1.052505612373352,1.052505612373352,TP
6237,1,1,1.0811289548873901,1.0811289548873901,TP
6238,1,1,1.1761606931686401,1.1761606931686401,TP
6239,1,1,1.1972252130508423,1.1972252130508423,TP
6240,0,0,0.5923776030540466,0.5923776030540466,TN
6241,0,0,0.612964928150177,0.612964928150177,TN
6242,0,0,0.5573294162750244,0.5573294162750244,TN
6243,0,0,0.5846140384674072,0.5846140384674072,TN
6244,0,0,0.5845810174942017,0.5845810174942017,TN
6245,0,0,0.5859837532043457,0.5859837532043457,TN
6246,0,0,0.588054895401001,0.588054895401001,TN
6247,0,0,0.5630450248718262,0.5630450248718262,TN
6248,0,0,0.5645830631256104,0.5645830631256104,TN
6249,0,0,0.5982654094696045,0.5982654094696045,TN
6250,0,0,0.5817645192146301,0.5817645192146301,TN
6251,0,0,0.5742687582969666,0.5742687582969666,TN
6252,0,0,0.6105523705482483,0.6105523705482483,TN
6253,0,0,0.5807006359100342,0.5807006359100342,TN
6254,0,0,0.5945875644683838,0.5945875644683838,TN
6255,0,0,0.5821853876113892,0.5821853876113892,TN
6256,0,0,0.5788978338241577,0.5788978338241577,TN
6257,0,0,0.5766565203666687,0.5766565203666687,TN
6258,0,0,0.5637060403823853,0.5637060403823853,TN
6259,0,0,0.5479121208190918,0.5479121208190918,TN
6260,0,0,0.5314086675643921,0.5314086675643921,TN
6261,0,0,0.560563325881958,0.560563325881958,TN
6262,0,0,0.5648555755615234,0.5648555755615234,TN
6263,0,0,0.5452163815498352,0.5452163815498352,TN
6264,0,0,0.5368308424949646,0.5368308424949646,TN
6265,0,0,0.5369245409965515,0.5369245409965515,TN
6266,0,0,0.5545051097869873,0.5545051097869873,TN
6267,0,0,0.5367425084114075,0.5367425084114075,TN
6268,0,0,0.5313856601715088,0.5313856601715088,TN
6269,0,0,0.52470862865448,0.52470862865448,TN
6270,0,0,0.518255889415741,0.518255889415741,TN
6271,0,0,0.5421592593193054,0.5421592593193054,TN
6272,0,0,0.5262289643287659,0.5262289643287659,TN
6273,0,0,0.5235943794250488,0.5235943794250488,TN
6274,0,0,0.5102366209030151,0.5102366209030151,TN
6275,0,0,0.5238479375839233,0.5238479375839233,TN
6276,0,0,0.5236663818359375,0.5236663818359375,TN
6277,0,0,0.5030888319015503,0.5030888319015503,TN
6278,0,0,0.5297777056694031,0.5297777056694031,TN
6279,0,0,0.5055645704269409,0.5055645704269409,TN
6280,0,0,0.5159258246421814,0.5159258246421814,TN
6281,0,0,0.5031365752220154,0.5031365752220154,TN
6282,0,0,0.505346417427063,0.505346417427063,TN
6283,0,0,0.5063793659210205,0.5063793659210205,TN
6284,0,0,0.5152114033699036,0.5152114033699036,TN
6285,0,0,0.5018817186355591,0.5018817186355591,TN
6286,0,0,0.4947647750377655,0.4947647750377655,TN
6287,0,0,0.4960228204727173,0.4960228204727173,TN
6288,0,0,0.5046888589859009,0.5046888589859009,TN
6289,0,0,0.5104862451553345,0.5104862451553345,TN
6290,0,0,0.5200650691986084,0.5200650691986084,TN
6291,0,0,0.5073683261871338,0.5073683261871338,TN
6292,0,0,0.5076044797897339,0.5076044797897339,TN
6293,0,0,0.5217987298965454,0.5217987298965454,TN
6294,0,0,0.5157415866851807,0.5157415866851807,TN
6295,0,0,0.5174376964569092,0.5174376964569092,TN
6296,0,0,0.5142879486083984,0.5142879486083984,TN
6297,0,0,0.5217416286468506,0.5217416286468506,TN
6298,0,0,0.508339524269104,0.508339524269104,TN
6299,0,0,0.5149078369140625,0.5149078369140625,TN
6300,0,0,0.5114452838897705,0.5114452838897705,TN
6301,0,0,0.5377739667892456,0.5377739667892456,TN
6302,0,0,0.510709822177887,0.510709822177887,TN
6303,0,0,0.50388503074646,0.50388503074646,TN
6304,0,0,0.5121147632598877,0.5121147632598877,TN
6305,0,0,0.5083717107772827,0.5083717107772827,TN
6306,0,0,0.5093984007835388,0.5093984007835388,TN
6307,0,0,0.5026172399520874,0.5026172399520874,TN
6308,0,0,0.5055854320526123,0.5055854320526123,TN
6309,0,0,0.5208427309989929,0.5208427309989929,TN
6310,0,0,0.5222299695014954,0.5222299695014954,TN
6311,0,0,0.5235676765441895,0.5235676765441895,TN
6312,0,0,0.5098140835762024,0.5098140835762024,TN
6313,0,0,0.5307134389877319,0.5307134389877319,TN
6314,0,0,0.5219526290893555,0.5219526290893555,TN
6315,0,0,0.5320108532905579,0.5320108532905579,TN
6316,0,0,0.5304872989654541,0.5304872989654541,TN
6317,0,0,0.523633599281311,0.523633599281311,TN
6318,0,0,0.5098634958267212,0.5098634958267212,TN
6319,0,0,0.52176833152771,0.52176833152771,TN
6320,0,0,0.5258429050445557,0.5258429050445557,TN
6321,0,0,0.529507040977478,0.529507040977478,TN
6322,0,0,0.5150171518325806,0.5150171518325806,TN
6323,0,0,0.5284101366996765,0.5284101366996765,TN
6324,0,0,0.5070938467979431,0.5070938467979431,TN
6325,0,0,0.5290682911872864,0.5290682911872864,TN
6326,0,0,0.5185344219207764,0.5185344219207764,TN
6327,0,0,0.5313411951065063,0.5313411951065063,TN
6328,0,0,0.5260319709777832,0.5260319709777832,TN
6329,0,0,0.5252506732940674,0.5252506732940674,TN
6330,0,0,0.5065009593963623,0.5065009593963623,TN
6331,0,0,0.5097887516021729,0.5097887516021729,TN
6332,0,0,0.5075553059577942,0.5075553059577942,TN
6333,0,0,0.5055230855941772,0.5055230855941772,TN
6334,0,0,0.5089192986488342,0.5089192986488342,TN
6335,0,0,0.5090323686599731,0.5090323686599731,TN
6336,0,0,0.5351316928863525,0.5351316928863525,TN
6337,0,0,0.5310033559799194,0.5310033559799194,TN
6338,0,0,0.5328879356384277,0.5328879356384277,TN
6339,0,0,0.5312923192977905,0.5312923192977905,TN
6340,0,0,0.5303589105606079,0.5303589105606079,TN
6341,0,0,0.5300309658050537,0.5300309658050537,TN
6342,0,0,0.5328066349029541,0.5328066349029541,TN
6343,0,0,0.5302184224128723,0.5302184224128723,TN
6344,0,0,0.5209614038467407,0.5209614038467407,TN
6345,0,0,0.5246731638908386,0.5246731638908386,TN
6346,0,0,0.5340794324874878,0.5340794324874878,TN
6347,0,0,0.5209715366363525,0.5209715366363525,TN
6348,0,0,0.5293087959289551,0.5293087959289551,TN
6349,0,0,0.5265560746192932,0.5265560746192932,TN
6350,0,0,0.5371187329292297,0.5371187329292297,TN
6351,0,0,0.542677640914917,0.542677640914917,TN
6352,0,0,0.5493349432945251,0.5493349432945251,TN
6353,0,1,0.6232518553733826,0.6232518553733826,FP
6354,0,1,0.6668875813484192,0.6668875813484192,FP
6355,0,0,0.6065452694892883,0.6065452694892883,TN
6356,0,1,0.6527729034423828,0.6527729034423828,FP
6357,0,1,0.6416604518890381,0.6416604518890381,FP
6358,0,1,0.6679223775863647,0.6679223775863647,FP
6359,0,1,0.7031221985816956,0.7031221985816956,FP
6360,0,1,0.6330682039260864,0.6330682039260864,FP
6361,0,1,0.7140432000160217,0.7140432000160217,FP
6362,0,1,0.6706039309501648,0.6706039309501648,FP
6363,0,1,0.646517276763916,0.646517276763916,FP
6364,0,1,0.6951221227645874,0.6951221227645874,FP
6365,0,1,0.6619516611099243,0.6619516611099243,FP
6366,0,1,0.614972710609436,0.614972710609436,FP
6367,0,1,0.6385923624038696,0.6385923624038696,FP
6368,0,0,0.602628767490387,0.602628767490387,TN
6369,0,1,0.6602012515068054,0.6602012515068054,FP
6370,0,1,0.6413531303405762,0.6413531303405762,FP
6371,0,0,0.5789892673492432,0.5789892673492432,TN
6372,0,0,0.6102745532989502,0.6102745532989502,TN
6373,0,1,0.6329474449157715,0.6329474449157715,FP
6374,0,0,0.6048493385314941,0.6048493385314941,TN
6375,0,1,0.6612725257873535,0.6612725257873535,FP
6376,0,0,0.54144686460495,0.54144686460495,TN
6377,0,0,0.5253031849861145,0.5253031849861145,TN
6378,0,0,0.5384939312934875,0.5384939312934875,TN
6379,0,0,0.529321014881134,0.529321014881134,TN
6380,0,0,0.5177527070045471,0.5177527070045471,TN
6381,0,0,0.5219839215278625,0.5219839215278625,TN
6382,0,0,0.5393586754798889,0.5393586754798889,TN
6383,0,0,0.5225707292556763,0.5225707292556763,TN
6384,0,0,0.5406091809272766,0.5406091809272766,TN
6385,0,0,0.5246344208717346,0.5246344208717346,TN
6386,0,0,0.5268656611442566,0.5268656611442566,TN
6387,0,0,0.5415184497833252,0.5415184497833252,TN
6388,0,0,0.5417919754981995,0.5417919754981995,TN
6389,0,0,0.5060402154922485,0.5060402154922485,TN
6390,0,0,0.5088706016540527,0.5088706016540527,TN
6391,0,0,0.5126359462738037,0.5126359462738037,TN
6392,0,0,0.49518364667892456,0.49518364667892456,TN
6393,0,0,0.4974421560764313,0.4974421560764313,TN
6394,0,0,0.5094325542449951,0.5094325542449951,TN
6395,0,0,0.5122600793838501,0.5122600793838501,TN
6396,0,0,0.5057305097579956,0.5057305097579956,TN
6397,0,0,0.5045143961906433,0.5045143961906433,TN
6398,0,0,0.49833354353904724,0.49833354353904724,TN
6399,0,0,0.4959472715854645,0.4959472715854645,TN
6400,0,0,0.48031389713287354,0.48031389713287354,TN
6401,0,0,0.4666869342327118,0.4666869342327118,TN
6402,0,0,0.47116029262542725,0.47116029262542725,TN
6403,0,0,0.48058032989501953,0.48058032989501953,TN
6404,0,0,0.4747786819934845,0.4747786819934845,TN
6405,0,0,0.4806727170944214,0.4806727170944214,TN
6406,0,0,0.47035476565361023,0.47035476565361023,TN
6407,0,0,0.4510561227798462,0.4510561227798462,TN
6408,0,0,0.46491214632987976,0.46491214632987976,TN
6409,0,0,0.4572792053222656,0.4572792053222656,TN
6410,0,0,0.4611603617668152,0.4611603617668152,TN
6411,0,0,0.46286964416503906,0.46286964416503906,TN
6412,0,0,0.4691663086414337,0.4691663086414337,TN
6413,0,0,0.4640254080295563,0.4640254080295563,TN
6414,0,0,0.4635351896286011,0.4635351896286011,TN
6415,0,0,0.4689526855945587,0.4689526855945587,TN
6416,0,0,0.47014662623405457,0.47014662623405457,TN
6417,0,0,0.4597686529159546,0.4597686529159546,TN
6418,0,0,0.46865108609199524,0.46865108609199524,TN
6419,0,0,0.4673493504524231,0.4673493504524231,TN
6420,0,0,0.45473000407218933,0.45473000407218933,TN
6421,0,0,0.4604167938232422,0.4604167938232422,TN
6422,0,0,0.4577617943286896,0.4577617943286896,TN
6423,0,0,0.45896652340888977,0.45896652340888977,TN
6424,0,0,0.4564371407032013,0.4564371407032013,TN
6425,0,0,0.4637937545776367,0.4637937545776367,TN
6426,0,0,0.4616914391517639,0.4616914391517639,TN
6427,0,0,0.4697456657886505,0.4697456657886505,TN
6428,0,0,0.5725711584091187,0.5725711584091187,TN
6429,0,0,0.61044842004776,0.61044842004776,TN
6430,0,0,0.597196102142334,0.597196102142334,TN
6431,0,0,0.5728965401649475,0.5728965401649475,TN
6432,0,0,0.5726050734519958,0.5726050734519958,TN
6433,0,0,0.6011775135993958,0.6011775135993958,TN
6434,0,0,0.5888081192970276,0.5888081192970276,TN
6435,0,0,0.605826735496521,0.605826735496521,TN
6436,0,0,0.6067588329315186,0.6067588329315186,TN
6437,0,1,0.6447305083274841,0.6447305083274841,FP
6438,0,1,0.6519269347190857,0.6519269347190857,FP
6439,0,0,0.6103172898292542,0.6103172898292542,TN
6440,0,0,0.595043957233429,0.595043957233429,TN
6441,0,0,0.5915557742118835,0.5915557742118835,TN
6442,0,0,0.59868323802948,0.59868323802948,TN
6443,0,0,0.5765120983123779,0.5765120983123779,TN
6444,0,0,0.6120347380638123,0.6120347380638123,TN
6445,0,1,0.6143447756767273,0.6143447756767273,FP
6446,0,0,0.581681489944458,0.581681489944458,TN
6447,0,0,0.5772316455841064,0.5772316455841064,TN
6448,0,0,0.5671936869621277,0.5671936869621277,TN
6449,0,0,0.571662962436676,0.571662962436676,TN
6450,0,0,0.5582571625709534,0.5582571625709534,TN
6451,0,0,0.5772289037704468,0.5772289037704468,TN
6452,0,0,0.5727117657661438,0.5727117657661438,TN
6453,0,0,0.5659953951835632,0.5659953951835632,TN
6454,0,0,0.569843590259552,0.569843590259552,TN
6455,0,0,0.5462520718574524,0.5462520718574524,TN
6456,0,0,0.5846366286277771,0.5846366286277771,TN
6457,0,0,0.5457558631896973,0.5457558631896973,TN
6458,0,0,0.5361645817756653,0.5361645817756653,TN
6459,0,0,0.5379436612129211,0.5379436612129211,TN
6460,0,0,0.5615094900131226,0.5615094900131226,TN
6461,0,0,0.5545668601989746,0.5545668601989746,TN
6462,0,0,0.569279670715332,0.569279670715332,TN
6463,0,0,0.5603480339050293,0.5603480339050293,TN
6464,0,0,0.5880061984062195,0.5880061984062195,TN
6465,0,0,0.5635032057762146,0.5635032057762146,TN
6466,0,0,0.5573104619979858,0.5573104619979858,TN
6467,0,0,0.5602486729621887,0.5602486729621887,TN
6468,0,0,0.5510833859443665,0.5510833859443665,TN
6469,0,0,0.582241415977478,0.582241415977478,TN
6470,0,0,0.5896960496902466,0.5896960496902466,TN
6471,0,0,0.5806101560592651,0.5806101560592651,TN
6472,0,0,0.5496450662612915,0.5496450662612915,TN
6473,0,0,0.5632066130638123,0.5632066130638123,TN
6474,0,0,0.5924167633056641,0.5924167633056641,TN
6475,0,0,0.5892255306243896,0.5892255306243896,TN
6476,0,0,0.5275232791900635,0.5275232791900635,TN
6477,0,0,0.549358606338501,0.549358606338501,TN
6478,0,0,0.5921083092689514,0.5921083092689514,TN
6479,0,0,0.5774893760681152,0.5774893760681152,TN
6480,0,0,0.5969083309173584,0.5969083309173584,TN
6481,0,0,0.5345300436019897,0.5345300436019897,TN
6482,0,0,0.5445217490196228,0.5445217490196228,TN
6483,0,0,0.5500524044036865,0.5500524044036865,TN
6484,0,0,0.5241718888282776,0.5241718888282776,TN
6485,0,0,0.5531715750694275,0.5531715750694275,TN
6486,0,0,0.5034665465354919,0.5034665465354919,TN
6487,0,0,0.5537964105606079,0.5537964105606079,TN
6488,0,0,0.5262333154678345,0.5262333154678345,TN
6489,0,0,0.5184028744697571,0.5184028744697571,TN
6490,0,0,0.537146806716919,0.537146806716919,TN
6491,0,0,0.5237466096878052,0.5237466096878052,TN
6492,0,0,0.4981280565261841,0.4981280565261841,TN
6493,0,0,0.5336485505104065,0.5336485505104065,TN
6494,0,0,0.5167298913002014,0.5167298913002014,TN
6495,0,0,0.5399523973464966,0.5399523973464966,TN
6496,0,0,0.544946551322937,0.544946551322937,TN
6497,0,0,0.5228138566017151,0.5228138566017151,TN
6498,0,0,0.5086150169372559,0.5086150169372559,TN
6499,0,0,0.5009877681732178,0.5009877681732178,TN
6500,0,0,0.4962014853954315,0.4962014853954315,TN
6501,0,0,0.5170044302940369,0.5170044302940369,TN
6502,0,0,0.5273267030715942,0.5273267030715942,TN
6503,0,0,0.5030853152275085,0.5030853152275085,TN
6504,0,0,0.5054525136947632,0.5054525136947632,TN
6505,0,0,0.5063602924346924,0.5063602924346924,TN
6506,0,0,0.5001621246337891,0.5001621246337891,TN
6507,0,0,0.500914990901947,0.500914990901947,TN
6508,0,0,0.49288439750671387,0.49288439750671387,TN
6509,0,0,0.47609782218933105,0.47609782218933105,TN
6510,0,0,0.4788154661655426,0.4788154661655426,TN
6511,0,0,0.48649656772613525,0.48649656772613525,TN
6512,0,0,0.6025047898292542,0.6025047898292542,TN
6513,0,0,0.594955563545227,0.594955563545227,TN
6514,0,0,0.5949510931968689,0.5949510931968689,TN
6515,0,1,0.6246814131736755,0.6246814131736755,FP
6516,0,1,0.6137937903404236,0.6137937903404236,FP
6517,0,0,0.6095276474952698,0.6095276474952698,TN
6518,0,0,0.5843755602836609,0.5843755602836609,TN
6519,0,0,0.5835535526275635,0.5835535526275635,TN
6520,0,1,0.6216184496879578,0.6216184496879578,FP
6521,0,0,0.5796144008636475,0.5796144008636475,TN
6522,0,0,0.5722578167915344,0.5722578167915344,TN
6523,0,0,0.575527548789978,0.575527548789978,TN
6524,0,0,0.5664272904396057,0.5664272904396057,TN
6525,0,0,0.5723779201507568,0.5723779201507568,TN
6526,0,0,0.555926501750946,0.555926501750946,TN
6527,0,0,0.5531797409057617,0.5531797409057617,TN
6528,0,0,0.5716751217842102,0.5716751217842102,TN
6529,0,0,0.5985766053199768,0.5985766053199768,TN
6530,0,0,0.5654977560043335,0.5654977560043335,TN
6531,0,0,0.5590341687202454,0.5590341687202454,TN
6532,0,0,0.5662479400634766,0.5662479400634766,TN
6533,0,0,0.5674470663070679,0.5674470663070679,TN
6534,0,0,0.5540760159492493,0.5540760159492493,TN
6535,0,0,0.555671751499176,0.555671751499176,TN
6536,0,0,0.5588681697845459,0.5588681697845459,TN
6537,0,0,0.5618630647659302,0.5618630647659302,TN
6538,0,0,0.6065822839736938,0.6065822839736938,TN
6539,0,1,0.6142681241035461,0.6142681241035461,FP
6540,0,0,0.5635746717453003,0.5635746717453003,TN
6541,0,0,0.5740422010421753,0.5740422010421753,TN
6542,0,0,0.5968502759933472,0.5968502759933472,TN
6543,0,0,0.5657113790512085,0.5657113790512085,TN
6544,0,0,0.5721166729927063,0.5721166729927063,TN
6545,0,0,0.5520129799842834,0.5520129799842834,TN
6546,0,0,0.5658391118049622,0.5658391118049622,TN
6547,0,0,0.5856307744979858,0.5856307744979858,TN
6548,0,0,0.5717946887016296,0.5717946887016296,TN
6549,0,0,0.559049665927887,0.559049665927887,TN
6550,0,0,0.6130926012992859,0.6130926012992859,TN
6551,0,0,0.5824286341667175,0.5824286341667175,TN
6552,0,0,0.5591204762458801,0.5591204762458801,TN
6553,0,0,0.559486448764801,0.559486448764801,TN
6554,0,0,0.5657377243041992,0.5657377243041992,TN
6555,0,0,0.5873014330863953,0.5873014330863953,TN
6556,0,0,0.5841362476348877,0.5841362476348877,TN
6557,0,0,0.5490751266479492,0.5490751266479492,TN
6558,0,0,0.5609289407730103,0.5609289407730103,TN
6559,0,0,0.5797128677368164,0.5797128677368164,TN
6560,0,0,0.5584502220153809,0.5584502220153809,TN
6561,0,0,0.5495420694351196,0.5495420694351196,TN
6562,0,0,0.5869735479354858,0.5869735479354858,TN
6563,0,0,0.5576445460319519,0.5576445460319519,TN
6564,0,0,0.5324617624282837,0.5324617624282837,TN
6565,0,0,0.5420676469802856,0.5420676469802856,TN
6566,0,0,0.5384328365325928,0.5384328365325928,TN
6567,0,0,0.5563609004020691,0.5563609004020691,TN
6568,0,0,0.53548663854599,0.53548663854599,TN
6569,0,0,0.5562180280685425,0.5562180280685425,TN
6570,0,0,0.586584746837616,0.586584746837616,TN
6571,0,0,0.5478474497795105,0.5478474497795105,TN
6572,0,0,0.5578346848487854,0.5578346848487854,TN
6573,0,0,0.5315701961517334,0.5315701961517334,TN
6574,0,0,0.5578826665878296,0.5578826665878296,TN
6575,0,0,0.5810642838478088,0.5810642838478088,TN
6576,0,0,0.5541360378265381,0.5541360378265381,TN
6577,0,0,0.5645277500152588,0.5645277500152588,TN
6578,0,0,0.5270540118217468,0.5270540118217468,TN
6579,0,0,0.5463181138038635,0.5463181138038635,TN
6580,0,0,0.5389260649681091,0.5389260649681091,TN
6581,0,0,0.5393539667129517,0.5393539667129517,TN
6582,0,0,0.5548096299171448,0.5548096299171448,TN
6583,0,0,0.5436478853225708,0.5436478853225708,TN
6584,0,0,0.5470160841941833,0.5470160841941833,TN
6585,0,0,0.579059362411499,0.579059362411499,TN
6586,0,0,0.5833731889724731,0.5833731889724731,TN
6587,0,0,0.5646565556526184,0.5646565556526184,TN
6588,0,0,0.5722225308418274,0.5722225308418274,TN
6589,0,0,0.569152295589447,0.569152295589447,TN
6590,0,0,0.5491704344749451,0.5491704344749451,TN
6591,0,0,0.5683881640434265,0.5683881640434265,TN
6592,0,0,0.5800107717514038,0.5800107717514038,TN
6593,0,0,0.5875255465507507,0.5875255465507507,TN
6594,0,0,0.5646253824234009,0.5646253824234009,TN
6595,0,1,0.6165267825126648,0.6165267825126648,FP
6596,0,0,0.5711877346038818,0.5711877346038818,TN
6597,0,0,0.6047418713569641,0.6047418713569641,TN
6598,0,0,0.5808621048927307,0.5808621048927307,TN
6599,0,0,0.582192599773407,0.582192599773407,TN
6600,0,0,0.6099264621734619,0.6099264621734619,TN
6601,0,0,0.5885472893714905,0.5885472893714905,TN
6602,0,1,0.6168378591537476,0.6168378591537476,FP
6603,0,0,0.5899427533149719,0.5899427533149719,TN
6604,0,0,0.5591590404510498,0.5591590404510498,TN
6605,0,1,0.6333054900169373,0.6333054900169373,FP
6606,0,1,0.6375536918640137,0.6375536918640137,FP
6607,0,1,0.6427457332611084,0.6427457332611084,FP
6608,0,0,0.6106579303741455,0.6106579303741455,TN
6609,0,1,0.6488839983940125,0.6488839983940125,FP
6610,0,1,0.6463924646377563,0.6463924646377563,FP
6611,0,1,0.6315906643867493,0.6315906643867493,FP
6612,0,1,0.6530854105949402,0.6530854105949402,FP
6613,0,1,0.6513037085533142,0.6513037085533142,FP
6614,0,1,0.6363998055458069,0.6363998055458069,FP
6615,0,0,0.6039091348648071,0.6039091348648071,TN
6616,0,0,0.6101710796356201,0.6101710796356201,TN
6617,0,1,0.6155325174331665,0.6155325174331665,FP
6618,0,1,0.6306729912757874,0.6306729912757874,FP
6619,0,1,0.6239091157913208,0.6239091157913208,FP
6620,0,1,0.6510934233665466,0.6510934233665466,FP
6621,0,1,0.6469764113426208,0.6469764113426208,FP
6622,0,1,0.6322972178459167,0.6322972178459167,FP
6623,0,1,0.6139881014823914,0.6139881014823914,FP
6624,0,0,0.6111493706703186,0.6111493706703186,TN
6625,0,1,0.6246592998504639,0.6246592998504639,FP
6626,0,0,0.6023954153060913,0.6023954153060913,TN
6627,0,0,0.5960560441017151,0.5960560441017151,TN
6628,0,0,0.5797015428543091,0.5797015428543091,TN
6629,0,0,0.5981500744819641,0.5981500744819641,TN
6630,0,0,0.5887976884841919,0.5887976884841919,TN
6631,0,0,0.5656931400299072,0.5656931400299072,TN
6632,0,0,0.5876206755638123,0.5876206755638123,TN
6633,0,0,0.5855899453163147,0.5855899453163147,TN
6634,0,0,0.5676493644714355,0.5676493644714355,TN
6635,0,0,0.5631582736968994,0.5631582736968994,TN
6636,0,0,0.5584808588027954,0.5584808588027954,TN
6637,0,0,0.5792290568351746,0.5792290568351746,TN
6638,0,0,0.5633301734924316,0.5633301734924316,TN
6639,0,0,0.5713655352592468,0.5713655352592468,TN
6640,0,0,0.5604838132858276,0.5604838132858276,TN
6641,0,0,0.5640332698822021,0.5640332698822021,TN
6642,0,0,0.5676700472831726,0.5676700472831726,TN
6643,0,0,0.5678539872169495,0.5678539872169495,TN
6644,0,0,0.5567605495452881,0.5567605495452881,TN
6645,0,0,0.5668377876281738,0.5668377876281738,TN
6646,0,0,0.5772410035133362,0.5772410035133362,TN
6647,0,0,0.5717252492904663,0.5717252492904663,TN
6648,0,0,0.5931951999664307,0.5931951999664307,TN
6649,0,0,0.5771713256835938,0.5771713256835938,TN
6650,0,0,0.5803729891777039,0.5803729891777039,TN
6651,0,0,0.5816658139228821,0.5816658139228821,TN
6652,0,0,0.5911148190498352,0.5911148190498352,TN
6653,1,0,0.5851061940193176,0.5851061940193176,FN
6654,1,0,0.5886489748954773,0.5886489748954773,FN
6655,1,0,0.5977392792701721,0.5977392792701721,FN
6656,1,0,0.6131205558776855,0.6131205558776855,FN
6657,1,0,0.5878742933273315,0.5878742933273315,FN
6658,1,0,0.5954099893569946,0.5954099893569946,FN
6659,1,1,0.6291511058807373,0.6291511058807373,TP
6660,1,1,0.6276624202728271,0.6276624202728271,TP
6661,1,1,0.6339378356933594,0.6339378356933594,TP
6662,1,1,0.6345049142837524,0.6345049142837524,TP
6663,1,1,0.6404386758804321,0.6404386758804321,TP
6664,1,1,0.6522271037101746,0.6522271037101746,TP
6665,1,1,0.6713474988937378,0.6713474988937378,TP
6666,1,1,0.7017676830291748,0.7017676830291748,TP
6667,1,1,0.7203134298324585,0.7203134298324585,TP
6668,1,1,0.7622532844543457,0.7622532844543457,TP
6669,1,1,0.7489326596260071,0.7489326596260071,TP
6670,1,1,0.7693154215812683,0.7693154215812683,TP
6671,1,1,0.7869448661804199,0.7869448661804199,TP
6672,1,1,0.8111575841903687,0.8111575841903687,TP
6673,1,1,0.8710304498672485,0.8710304498672485,TP
6674,1,1,0.8903160095214844,0.8903160095214844,TP
6675,1,1,0.9212844967842102,0.9212844967842102,TP
6676,0,0,0.5613731145858765,0.5613731145858765,TN
6677,0,0,0.5465967655181885,0.5465967655181885,TN
6678,0,0,0.5647982954978943,0.5647982954978943,TN
6679,0,1,0.6227324604988098,0.6227324604988098,FP
6680,0,0,0.5228259563446045,0.5228259563446045,TN
6681,0,0,0.5345692038536072,0.5345692038536072,TN
6682,0,0,0.5813062191009521,0.5813062191009521,TN
6683,0,0,0.5951542854309082,0.5951542854309082,TN
6684,0,0,0.4933091998100281,0.4933091998100281,TN
6685,0,0,0.5617833733558655,0.5617833733558655,TN
6686,0,0,0.5796890258789062,0.5796890258789062,TN
6687,0,0,0.5877254009246826,0.5877254009246826,TN
6688,0,0,0.5607832074165344,0.5607832074165344,TN
6689,0,0,0.6040853261947632,0.6040853261947632,TN
6690,0,0,0.5678703784942627,0.5678703784942627,TN
6691,0,0,0.5711046457290649,0.5711046457290649,TN
6692,0,0,0.5126447081565857,0.5126447081565857,TN
6693,0,0,0.5063555836677551,0.5063555836677551,TN
6694,0,0,0.5096372961997986,0.5096372961997986,TN
6695,0,0,0.575259804725647,0.575259804725647,TN
6696,0,0,0.5306553840637207,0.5306553840637207,TN
6697,0,0,0.5597550868988037,0.5597550868988037,TN
6698,0,0,0.5530871748924255,0.5530871748924255,TN
6699,0,0,0.6017831563949585,0.6017831563949585,TN
6700,0,0,0.5174458026885986,0.5174458026885986,TN
6701,0,0,0.5291693806648254,0.5291693806648254,TN
6702,0,0,0.5297809839248657,0.5297809839248657,TN
6703,0,0,0.5585529804229736,0.5585529804229736,TN
6704,0,0,0.5871389508247375,0.5871389508247375,TN
6705,0,0,0.5383103489875793,0.5383103489875793,TN
6706,0,0,0.5450730323791504,0.5450730323791504,TN
6707,0,1,0.6316854357719421,0.6316854357719421,FP
6708,0,0,0.5693767666816711,0.5693767666816711,TN
6709,0,1,0.6217171549797058,0.6217171549797058,FP
6710,0,0,0.6042409539222717,0.6042409539222717,TN
6711,0,1,0.6691726446151733,0.6691726446151733,FP
6712,0,0,0.5920887589454651,0.5920887589454651,TN
6713,0,0,0.5929834842681885,0.5929834842681885,TN
6714,0,0,0.5861603617668152,0.5861603617668152,TN
6715,0,0,0.587257981300354,0.587257981300354,TN
6716,0,0,0.5889500975608826,0.5889500975608826,TN
6717,0,0,0.5897205471992493,0.5897205471992493,TN
6718,0,0,0.5707790851593018,0.5707790851593018,TN
6719,0,0,0.5695159435272217,0.5695159435272217,TN
6720,0,0,0.5592964291572571,0.5592964291572571,TN
6721,0,0,0.5562946200370789,0.5562946200370789,TN
6722,0,0,0.5524558424949646,0.5524558424949646,TN
6723,0,0,0.5486656427383423,0.5486656427383423,TN
6724,0,0,0.5380378365516663,0.5380378365516663,TN
6725,0,0,0.551322340965271,0.551322340965271,TN
6726,0,0,0.5795196294784546,0.5795196294784546,TN
6727,0,0,0.5861557722091675,0.5861557722091675,TN
6728,0,0,0.532996416091919,0.532996416091919,TN
6729,0,0,0.5499426126480103,0.5499426126480103,TN
6730,0,0,0.5678204894065857,0.5678204894065857,TN
6731,0,0,0.5499231219291687,0.5499231219291687,TN
6732,0,0,0.5527999997138977,0.5527999997138977,TN
6733,0,0,0.5694193243980408,0.5694193243980408,TN
6734,0,0,0.5682180523872375,0.5682180523872375,TN
6735,0,0,0.5474669933319092,0.5474669933319092,TN
6736,0,0,0.5610822439193726,0.5610822439193726,TN
6737,0,0,0.5821903944015503,0.5821903944015503,TN
6738,0,0,0.5669776201248169,0.5669776201248169,TN
6739,0,0,0.5667392611503601,0.5667392611503601,TN
6740,0,0,0.555275559425354,0.555275559425354,TN
6741,0,0,0.558991014957428,0.558991014957428,TN
6742,0,0,0.5730867981910706,0.5730867981910706,TN
6743,0,1,0.6147374510765076,0.6147374510765076,FP
6744,0,0,0.57387375831604,0.57387375831604,TN
6745,0,0,0.572531521320343,0.572531521320343,TN
6746,0,0,0.5537840127944946,0.5537840127944946,TN
6747,0,0,0.5555617809295654,0.5555617809295654,TN
6748,0,0,0.5688815116882324,0.5688815116882324,TN
6749,0,0,0.5831471085548401,0.5831471085548401,TN
6750,0,0,0.5739267468452454,0.5739267468452454,TN
6751,0,0,0.5633120536804199,0.5633120536804199,TN
6752,0,0,0.581561803817749,0.581561803817749,TN
6753,0,0,0.5706377029418945,0.5706377029418945,TN
6754,0,0,0.5826374888420105,0.5826374888420105,TN
6755,0,0,0.5558445453643799,0.5558445453643799,TN
6756,0,0,0.5465014576911926,0.5465014576911926,TN
6757,0,0,0.5265211462974548,0.5265211462974548,TN
6758,0,0,0.5331053733825684,0.5331053733825684,TN
6759,0,0,0.5318889021873474,0.5318889021873474,TN
6760,0,0,0.5133160948753357,0.5133160948753357,TN
6761,0,0,0.5162500739097595,0.5162500739097595,TN
6762,0,0,0.524736762046814,0.524736762046814,TN
6763,0,0,0.525746762752533,0.525746762752533,TN
6764,0,0,0.5278735160827637,0.5278735160827637,TN
6765,0,0,0.533137321472168,0.533137321472168,TN
6766,0,0,0.5180906057357788,0.5180906057357788,TN
6767,1,0,0.5279066562652588,0.5279066562652588,FN
6768,1,0,0.5337929725646973,0.5337929725646973,FN
6769,1,0,0.5455753207206726,0.5455753207206726,FN
6770,1,0,0.5547659397125244,0.5547659397125244,FN
6771,1,0,0.5483055710792542,0.5483055710792542,FN
6772,1,0,0.5573707222938538,0.5573707222938538,FN
6773,1,0,0.556861937046051,0.556861937046051,FN
6774,1,0,0.5760524868965149,0.5760524868965149,FN
6775,1,0,0.5870608687400818,0.5870608687400818,FN
6776,1,0,0.5923441052436829,0.5923441052436829,FN
6777,1,1,0.6251639723777771,0.6251639723777771,TP
6778,1,1,0.6240737438201904,0.6240737438201904,TP
6779,1,1,0.7042569518089294,0.7042569518089294,TP
6780,1,1,0.6352280974388123,0.6352280974388123,TP
6781,1,1,0.6585511565208435,0.6585511565208435,TP
6782,1,1,0.6545892357826233,0.6545892357826233,TP
6783,1,1,0.64886474609375,0.64886474609375,TP
6784,1,1,0.6716910600662231,0.6716910600662231,TP
6785,1,1,0.7112916707992554,0.7112916707992554,TP
6786,1,1,0.7608379125595093,0.7608379125595093,TP
6787,1,1,0.76129150390625,0.76129150390625,TP
6788,1,1,0.805145263671875,0.805145263671875,TP
6789,0,0,0.5420064926147461,0.5420064926147461,TN
6790,0,0,0.5555686354637146,0.5555686354637146,TN
6791,0,0,0.5756928324699402,0.5756928324699402,TN
6792,0,0,0.5522735714912415,0.5522735714912415,TN
6793,0,0,0.5682364106178284,0.5682364106178284,TN
6794,0,0,0.5865764021873474,0.5865764021873474,TN
6795,0,0,0.5752010941505432,0.5752010941505432,TN
6796,0,0,0.5319473743438721,0.5319473743438721,TN
6797,0,0,0.5567269325256348,0.5567269325256348,TN
6798,0,0,0.523892879486084,0.523892879486084,TN
6799,0,0,0.5349977612495422,0.5349977612495422,TN
6800,0,0,0.5438992977142334,0.5438992977142334,TN
6801,0,0,0.5500340461730957,0.5500340461730957,TN
6802,0,0,0.5749573111534119,0.5749573111534119,TN
6803,0,0,0.5582787990570068,0.5582787990570068,TN
6804,0,0,0.5428136587142944,0.5428136587142944,TN
6805,0,0,0.5594388842582703,0.5594388842582703,TN
6806,0,0,0.5344857573509216,0.5344857573509216,TN
6807,0,0,0.5314074158668518,0.5314074158668518,TN
6808,0,0,0.5631632804870605,0.5631632804870605,TN
6809,0,0,0.5439478158950806,0.5439478158950806,TN
6810,0,0,0.5530480742454529,0.5530480742454529,TN
6811,0,0,0.5673368573188782,0.5673368573188782,TN
6812,0,0,0.5751246809959412,0.5751246809959412,TN
6813,0,0,0.5291525721549988,0.5291525721549988,TN
6814,0,0,0.5274331569671631,0.5274331569671631,TN
6815,0,0,0.5265597701072693,0.5265597701072693,TN
6816,0,0,0.5066600441932678,0.5066600441932678,TN
6817,0,0,0.5200690627098083,0.5200690627098083,TN
6818,0,0,0.509983241558075,0.509983241558075,TN
6819,0,0,0.500985324382782,0.500985324382782,TN
6820,0,0,0.5347961187362671,0.5347961187362671,TN
6821,0,0,0.5179124474525452,0.5179124474525452,TN
6822,0,0,0.546599268913269,0.546599268913269,TN
6823,0,0,0.5253313183784485,0.5253313183784485,TN
6824,0,0,0.5039511322975159,0.5039511322975159,TN
6825,0,0,0.5186096429824829,0.5186096429824829,TN
6826,0,0,0.5180893540382385,0.5180893540382385,TN
6827,0,0,0.5130725502967834,0.5130725502967834,TN
6828,0,0,0.5018366575241089,0.5018366575241089,TN
6829,0,0,0.5015478730201721,0.5015478730201721,TN
6830,0,0,0.535874605178833,0.535874605178833,TN
6831,0,0,0.5284676551818848,0.5284676551818848,TN
6832,0,0,0.5297379493713379,0.5297379493713379,TN
6833,0,0,0.5297336578369141,0.5297336578369141,TN
6834,0,0,0.5197950601577759,0.5197950601577759,TN
6835,0,0,0.5173709392547607,0.5173709392547607,TN
6836,0,0,0.5327191948890686,0.5327191948890686,TN
6837,0,0,0.5387090444564819,0.5387090444564819,TN
6838,0,0,0.5388443470001221,0.5388443470001221,TN
6839,0,0,0.5463008880615234,0.5463008880615234,TN
6840,0,0,0.5281996726989746,0.5281996726989746,TN
6841,0,0,0.5507708787918091,0.5507708787918091,TN
6842,0,0,0.5361008644104004,0.5361008644104004,TN
6843,0,0,0.5461418032646179,0.5461418032646179,TN
6844,0,0,0.5534607172012329,0.5534607172012329,TN
6845,0,0,0.5284289717674255,0.5284289717674255,TN
6846,0,0,0.5420093536376953,0.5420093536376953,TN
6847,0,0,0.5448327660560608,0.5448327660560608,TN
6848,0,0,0.5686743259429932,0.5686743259429932,TN
6849,0,0,0.5296458601951599,0.5296458601951599,TN
6850,0,0,0.5481924414634705,0.5481924414634705,TN
6851,0,0,0.5403797030448914,0.5403797030448914,TN
6852,0,0,0.5441877841949463,0.5441877841949463,TN
6853,0,0,0.546664834022522,0.546664834022522,TN
6854,0,0,0.541164219379425,0.541164219379425,TN
6855,0,0,0.5339310765266418,0.5339310765266418,TN
6856,0,0,0.557926595211029,0.557926595211029,TN
6857,0,0,0.5591960549354553,0.5591960549354553,TN
6858,0,0,0.5447971820831299,0.5447971820831299,TN
6859,0,0,0.5556790232658386,0.5556790232658386,TN
6860,0,0,0.5412026047706604,0.5412026047706604,TN
6861,0,0,0.5411266088485718,0.5411266088485718,TN
6862,0,0,0.5345627069473267,0.5345627069473267,TN
6863,0,0,0.5249788165092468,0.5249788165092468,TN
6864,0,0,0.5198734998703003,0.5198734998703003,TN
6865,0,0,0.534010648727417,0.534010648727417,TN
6866,0,0,0.5345200896263123,0.5345200896263123,TN
6867,0,0,0.539902925491333,0.539902925491333,TN
6868,0,0,0.5336970090866089,0.5336970090866089,TN
6869,0,0,0.5220694541931152,0.5220694541931152,TN
6870,0,0,0.514315664768219,0.514315664768219,TN
6871,0,0,0.5141404867172241,0.5141404867172241,TN
6872,0,0,0.5200900435447693,0.5200900435447693,TN
6873,0,0,0.5126513838768005,0.5126513838768005,TN
6874,0,0,0.5295999050140381,0.5295999050140381,TN
6875,0,0,0.5090836882591248,0.5090836882591248,TN
6876,0,0,0.505918562412262,0.505918562412262,TN
6877,0,0,0.5123438835144043,0.5123438835144043,TN
6878,0,0,0.5155916810035706,0.5155916810035706,TN
6879,0,0,0.500457763671875,0.500457763671875,TN
6880,0,0,0.49758389592170715,0.49758389592170715,TN
6881,0,0,0.5117166638374329,0.5117166638374329,TN
6882,0,0,0.5021738409996033,0.5021738409996033,TN
6883,0,0,0.4950358271598816,0.4950358271598816,TN
6884,0,0,0.503986120223999,0.503986120223999,TN
6885,0,0,0.49173790216445923,0.49173790216445923,TN
6886,0,0,0.4934234917163849,0.4934234917163849,TN
6887,0,0,0.48389461636543274,0.48389461636543274,TN
6888,0,0,0.49220967292785645,0.49220967292785645,TN
6889,0,0,0.49707427620887756,0.49707427620887756,TN
6890,0,0,0.4852673411369324,0.4852673411369324,TN
6891,0,0,0.5035158395767212,0.5035158395767212,TN
6892,0,0,0.49542152881622314,0.49542152881622314,TN
6893,0,0,0.5092312693595886,0.5092312693595886,TN
6894,0,0,0.5147915482521057,0.5147915482521057,TN
6895,0,0,0.5028208494186401,0.5028208494186401,TN
6896,0,0,0.5061741471290588,0.5061741471290588,TN
6897,0,0,0.5059679746627808,0.5059679746627808,TN
6898,0,0,0.5052987933158875,0.5052987933158875,TN
6899,0,0,0.4979795813560486,0.4979795813560486,TN
6900,0,0,0.4857551157474518,0.4857551157474518,TN
6901,0,0,0.48626723885536194,0.48626723885536194,TN
6902,0,0,0.4982448220252991,0.4982448220252991,TN
6903,0,0,0.4894384443759918,0.4894384443759918,TN
6904,0,0,0.48449066281318665,0.48449066281318665,TN
6905,0,0,0.4794897437095642,0.4794897437095642,TN
6906,0,0,0.47620904445648193,0.47620904445648193,TN
6907,0,0,0.475062757730484,0.475062757730484,TN
6908,0,0,0.46763619780540466,0.46763619780540466,TN
6909,0,0,0.4705278277397156,0.4705278277397156,TN
6910,0,0,0.4829943776130676,0.4829943776130676,TN
6911,0,0,0.5139181017875671,0.5139181017875671,TN
6912,0,0,0.5146199464797974,0.5146199464797974,TN
6913,0,0,0.5129207372665405,0.5129207372665405,TN
6914,0,0,0.5206014513969421,0.5206014513969421,TN
6915,0,0,0.5118252038955688,0.5118252038955688,TN
6916,0,0,0.5129830837249756,0.5129830837249756,TN
6917,0,0,0.5057151317596436,0.5057151317596436,TN
6918,0,0,0.5027057528495789,0.5027057528495789,TN
6919,0,0,0.5107523202896118,0.5107523202896118,TN
6920,0,0,0.5122636556625366,0.5122636556625366,TN
6921,0,0,0.5079162120819092,0.5079162120819092,TN
6922,0,0,0.5172989368438721,0.5172989368438721,TN
6923,0,0,0.5085023641586304,0.5085023641586304,TN
6924,0,0,0.5034971833229065,0.5034971833229065,TN
6925,0,0,0.5292915105819702,0.5292915105819702,TN
6926,0,0,0.5245380997657776,0.5245380997657776,TN
6927,0,0,0.5163450241088867,0.5163450241088867,TN
6928,0,0,0.5458489060401917,0.5458489060401917,TN
6929,0,0,0.5227300524711609,0.5227300524711609,TN
6930,0,0,0.5300891399383545,0.5300891399383545,TN
6931,0,0,0.5491242408752441,0.5491242408752441,TN
6932,0,0,0.5592502951622009,0.5592502951622009,TN
6933,0,0,0.5281848907470703,0.5281848907470703,TN
6934,0,0,0.5305886268615723,0.5305886268615723,TN
6935,0,0,0.5335530638694763,0.5335530638694763,TN
6936,0,0,0.5913680195808411,0.5913680195808411,TN
6937,0,0,0.5693534016609192,0.5693534016609192,TN
6938,0,0,0.5711644887924194,0.5711644887924194,TN
6939,0,0,0.5689777731895447,0.5689777731895447,TN
6940,0,0,0.564510703086853,0.564510703086853,TN
6941,0,0,0.5589547157287598,0.5589547157287598,TN
6942,0,0,0.5705720782279968,0.5705720782279968,TN
6943,0,0,0.5446745157241821,0.5446745157241821,TN
6944,0,0,0.5637642741203308,0.5637642741203308,TN
6945,0,0,0.5421455502510071,0.5421455502510071,TN
6946,0,0,0.5662282705307007,0.5662282705307007,TN
6947,0,0,0.5806865096092224,0.5806865096092224,TN
6948,0,0,0.5694749355316162,0.5694749355316162,TN
6949,0,0,0.5583261251449585,0.5583261251449585,TN
6950,0,0,0.584804117679596,0.584804117679596,TN
6951,0,0,0.5946269631385803,0.5946269631385803,TN
6952,0,0,0.54886394739151,0.54886394739151,TN
6953,0,0,0.5911705493927002,0.5911705493927002,TN
6954,0,0,0.584652841091156,0.584652841091156,TN
6955,0,0,0.5843810439109802,0.5843810439109802,TN
6956,0,0,0.5958805680274963,0.5958805680274963,TN
6957,0,0,0.5969610214233398,0.5969610214233398,TN
6958,0,0,0.5943441987037659,0.5943441987037659,TN
6959,0,0,0.5846655368804932,0.5846655368804932,TN
6960,0,0,0.5860292315483093,0.5860292315483093,TN
6961,0,0,0.5922883749008179,0.5922883749008179,TN
6962,0,0,0.5838533639907837,0.5838533639907837,TN
6963,0,0,0.5709729194641113,0.5709729194641113,TN
6964,0,0,0.607256293296814,0.607256293296814,TN
6965,0,0,0.5786240696907043,0.5786240696907043,TN
6966,0,0,0.563636064529419,0.563636064529419,TN
6967,0,0,0.5765860080718994,0.5765860080718994,TN
6968,0,0,0.5679495334625244,0.5679495334625244,TN
6969,0,0,0.5390093326568604,0.5390093326568604,TN
6970,0,0,0.5768911838531494,0.5768911838531494,TN
6971,0,0,0.5569250583648682,0.5569250583648682,TN
6972,0,0,0.5891031622886658,0.5891031622886658,TN
6973,0,0,0.5541868805885315,0.5541868805885315,TN
6974,0,0,0.557659387588501,0.557659387588501,TN
6975,0,0,0.5499235391616821,0.5499235391616821,TN
6976,0,0,0.5559571385383606,0.5559571385383606,TN
6977,0,0,0.5459162592887878,0.5459162592887878,TN
6978,0,0,0.5594372153282166,0.5594372153282166,TN
6979,0,0,0.5772826075553894,0.5772826075553894,TN
6980,0,0,0.5508829355239868,0.5508829355239868,TN
6981,0,0,0.5851038694381714,0.5851038694381714,TN
6982,0,0,0.5506033301353455,0.5506033301353455,TN
6983,0,0,0.5600106716156006,0.5600106716156006,TN
6984,0,0,0.5816454291343689,0.5816454291343689,TN
6985,0,0,0.5694335699081421,0.5694335699081421,TN
6986,0,0,0.5645526051521301,0.5645526051521301,TN
6987,0,0,0.5866758227348328,0.5866758227348328,TN
6988,0,0,0.5799307227134705,0.5799307227134705,TN
6989,0,0,0.6041578650474548,0.6041578650474548,TN
6990,0,0,0.5792233347892761,0.5792233347892761,TN
6991,0,0,0.5875381827354431,0.5875381827354431,TN
6992,0,0,0.5965831875801086,0.5965831875801086,TN
6993,0,0,0.6017442941665649,0.6017442941665649,TN
6994,0,0,0.5840416550636292,0.5840416550636292,TN
6995,0,0,0.5838689804077148,0.5838689804077148,TN
6996,0,0,0.5986630916595459,0.5986630916595459,TN
6997,0,0,0.5579150915145874,0.5579150915145874,TN
6998,0,0,0.5412821173667908,0.5412821173667908,TN
6999,0,0,0.5564237833023071,0.5564237833023071,TN
7000,0,0,0.5550890564918518,0.5550890564918518,TN
7001,0,0,0.558501124382019,0.558501124382019,TN
7002,0,0,0.5621218681335449,0.5621218681335449,TN
7003,0,0,0.5689244866371155,0.5689244866371155,TN
7004,0,0,0.5479324460029602,0.5479324460029602,TN
7005,0,0,0.5462985038757324,0.5462985038757324,TN
7006,0,0,0.6011836528778076,0.6011836528778076,TN
7007,0,0,0.529132604598999,0.529132604598999,TN
7008,0,0,0.5398160815238953,0.5398160815238953,TN
7009,0,0,0.5296890735626221,0.5296890735626221,TN
7010,0,0,0.5369675755500793,0.5369675755500793,TN
7011,0,0,0.5327515006065369,0.5327515006065369,TN
7012,0,0,0.5377065539360046,0.5377065539360046,TN
7013,0,0,0.5398054718971252,0.5398054718971252,TN
7014,0,0,0.548753023147583,0.548753023147583,TN
7015,0,0,0.5620560050010681,0.5620560050010681,TN
7016,0,0,0.5769570469856262,0.5769570469856262,TN
7017,0,0,0.5621219277381897,0.5621219277381897,TN
7018,0,0,0.5520462989807129,0.5520462989807129,TN
7019,0,0,0.5452603697776794,0.5452603697776794,TN
7020,0,0,0.545469343662262,0.545469343662262,TN
7021,0,0,0.5426133871078491,0.5426133871078491,TN
7022,0,0,0.5678014755249023,0.5678014755249023,TN
7023,0,0,0.5962269902229309,0.5962269902229309,TN
7024,0,0,0.5859882831573486,0.5859882831573486,TN
7025,0,0,0.6029970645904541,0.6029970645904541,TN
7026,0,0,0.5858379602432251,0.5858379602432251,TN
7027,0,0,0.6075145602226257,0.6075145602226257,TN
7028,0,0,0.5741601586341858,0.5741601586341858,TN
7029,0,0,0.5826703310012817,0.5826703310012817,TN
7030,0,0,0.5750218033790588,0.5750218033790588,TN
7031,0,0,0.5745908617973328,0.5745908617973328,TN
7032,0,0,0.5799353718757629,0.5799353718757629,TN
7033,0,0,0.5921266078948975,0.5921266078948975,TN
7034,0,0,0.5807250738143921,0.5807250738143921,TN
7035,0,0,0.5656729340553284,0.5656729340553284,TN
7036,0,0,0.5928259491920471,0.5928259491920471,TN
7037,0,0,0.6002189517021179,0.6002189517021179,TN
7038,0,0,0.5703696608543396,0.5703696608543396,TN
7039,0,0,0.5783696174621582,0.5783696174621582,TN
7040,0,0,0.5923599004745483,0.5923599004745483,TN
7041,0,0,0.582251787185669,0.582251787185669,TN
7042,0,0,0.5924736261367798,0.5924736261367798,TN
7043,0,0,0.580543577671051,0.580543577671051,TN
7044,0,0,0.5866127610206604,0.5866127610206604,TN
7045,0,0,0.5865848064422607,0.5865848064422607,TN
7046,0,0,0.5758890509605408,0.5758890509605408,TN
7047,0,0,0.5681353211402893,0.5681353211402893,TN
7048,0,0,0.5793478488922119,0.5793478488922119,TN
7049,0,0,0.5772764086723328,0.5772764086723328,TN
7050,0,0,0.5797385573387146,0.5797385573387146,TN
7051,0,0,0.5951122641563416,0.5951122641563416,TN
7052,0,0,0.5878857970237732,0.5878857970237732,TN
7053,0,0,0.5894820690155029,0.5894820690155029,TN
7054,0,0,0.5668082237243652,0.5668082237243652,TN
7055,0,0,0.589348316192627,0.589348316192627,TN
7056,0,0,0.5775799751281738,0.5775799751281738,TN
7057,0,0,0.5879162549972534,0.5879162549972534,TN
7058,0,0,0.5722920298576355,0.5722920298576355,TN
7059,0,0,0.5890163779258728,0.5890163779258728,TN
7060,0,0,0.5570652484893799,0.5570652484893799,TN
7061,0,0,0.569722592830658,0.569722592830658,TN
7062,0,0,0.5543989539146423,0.5543989539146423,TN
7063,0,0,0.5678144693374634,0.5678144693374634,TN
7064,0,0,0.5691293478012085,0.5691293478012085,TN
7065,0,0,0.5756092667579651,0.5756092667579651,TN
7066,0,1,0.6302149295806885,0.6302149295806885,FP
7067,0,0,0.5709046721458435,0.5709046721458435,TN
7068,0,0,0.577404797077179,0.577404797077179,TN
7069,0,0,0.5782954692840576,0.5782954692840576,TN
7070,0,0,0.5798041820526123,0.5798041820526123,TN
7071,0,0,0.5793197154998779,0.5793197154998779,TN
7072,0,0,0.5865729451179504,0.5865729451179504,TN
7073,0,0,0.5767754316329956,0.5767754316329956,TN
7074,0,0,0.586042046546936,0.586042046546936,TN
7075,0,1,0.6325232982635498,0.6325232982635498,FP
7076,0,0,0.5843458771705627,0.5843458771705627,TN
7077,0,0,0.5924939513206482,0.5924939513206482,TN
7078,0,0,0.6054390072822571,0.6054390072822571,TN
7079,0,0,0.6027316451072693,0.6027316451072693,TN
7080,0,1,0.6778419017791748,0.6778419017791748,FP
7081,0,0,0.606770396232605,0.606770396232605,TN
7082,0,0,0.5986977219581604,0.5986977219581604,TN
7083,0,0,0.5878649353981018,0.5878649353981018,TN
7084,0,0,0.5959612727165222,0.5959612727165222,TN
7085,0,0,0.5947187542915344,0.5947187542915344,TN
7086,0,0,0.5949587821960449,0.5949587821960449,TN
7087,0,0,0.586834192276001,0.586834192276001,TN
7088,0,0,0.5775688290596008,0.5775688290596008,TN
7089,0,0,0.5680056214332581,0.5680056214332581,TN
7090,0,0,0.5672187209129333,0.5672187209129333,TN
7091,0,0,0.5681359171867371,0.5681359171867371,TN
7092,0,0,0.5761787295341492,0.5761787295341492,TN
7093,0,0,0.5678901076316833,0.5678901076316833,TN
7094,0,0,0.5791375637054443,0.5791375637054443,TN
7095,0,0,0.5793602466583252,0.5793602466583252,TN
7096,0,0,0.5952163934707642,0.5952163934707642,TN
7097,0,0,0.5822736620903015,0.5822736620903015,TN
7098,0,0,0.5984676480293274,0.5984676480293274,TN
7099,0,0,0.5755912065505981,0.5755912065505981,TN
7100,0,0,0.554738461971283,0.554738461971283,TN
7101,0,0,0.5505907535552979,0.5505907535552979,TN
7102,0,0,0.5722042918205261,0.5722042918205261,TN
7103,0,0,0.5812351107597351,0.5812351107597351,TN
7104,0,0,0.5888105034828186,0.5888105034828186,TN
7105,0,0,0.5862700939178467,0.5862700939178467,TN
7106,0,0,0.5690668225288391,0.5690668225288391,TN
7107,0,0,0.584252119064331,0.584252119064331,TN
7108,0,0,0.5639466643333435,0.5639466643333435,TN
7109,0,0,0.5717465877532959,0.5717465877532959,TN
7110,0,0,0.5759621858596802,0.5759621858596802,TN
7111,0,0,0.5788995027542114,0.5788995027542114,TN
7112,0,0,0.57696932554245,0.57696932554245,TN
7113,0,0,0.5674259662628174,0.5674259662628174,TN
7114,0,0,0.5601398348808289,0.5601398348808289,TN
7115,0,0,0.5686073303222656,0.5686073303222656,TN
7116,0,0,0.5818919539451599,0.5818919539451599,TN
7117,0,0,0.5785200595855713,0.5785200595855713,TN
7118,0,0,0.5770400166511536,0.5770400166511536,TN
7119,0,0,0.5726967453956604,0.5726967453956604,TN
7120,0,0,0.569703996181488,0.569703996181488,TN
7121,0,0,0.5824331045150757,0.5824331045150757,TN
7122,0,0,0.5711784958839417,0.5711784958839417,TN
7123,0,0,0.5678947567939758,0.5678947567939758,TN
7124,0,0,0.5653861165046692,0.5653861165046692,TN
7125,0,0,0.5567852854728699,0.5567852854728699,TN
7126,0,0,0.5523658990859985,0.5523658990859985,TN
7127,0,0,0.5412554740905762,0.5412554740905762,TN
7128,0,0,0.5669685006141663,0.5669685006141663,TN
7129,0,0,0.5467180013656616,0.5467180013656616,TN
7130,0,0,0.5421661138534546,0.5421661138534546,TN
7131,0,0,0.5348575115203857,0.5348575115203857,TN
7132,0,0,0.5514430403709412,0.5514430403709412,TN
7133,0,0,0.5433620810508728,0.5433620810508728,TN
7134,0,0,0.5422887802124023,0.5422887802124023,TN
7135,0,0,0.5389522314071655,0.5389522314071655,TN
7136,0,0,0.548941433429718,0.548941433429718,TN
7137,0,0,0.5257149934768677,0.5257149934768677,TN
7138,0,0,0.5248624682426453,0.5248624682426453,TN
7139,0,0,0.5371056199073792,0.5371056199073792,TN
7140,0,0,0.5313504338264465,0.5313504338264465,TN
7141,0,0,0.5206696391105652,0.5206696391105652,TN
7142,0,0,0.5288552641868591,0.5288552641868591,TN
7143,0,0,0.5621618032455444,0.5621618032455444,TN
7144,0,0,0.5376921892166138,0.5376921892166138,TN
7145,0,0,0.5349857807159424,0.5349857807159424,TN
7146,0,0,0.5314679741859436,0.5314679741859436,TN
7147,0,0,0.542044460773468,0.542044460773468,TN
7148,0,0,0.5424585938453674,0.5424585938453674,TN
7149,0,0,0.5343290567398071,0.5343290567398071,TN
7150,0,0,0.5342239737510681,0.5342239737510681,TN
7151,0,0,0.5565866231918335,0.5565866231918335,TN
7152,0,0,0.5429091453552246,0.5429091453552246,TN
7153,0,0,0.5357261896133423,0.5357261896133423,TN
7154,0,0,0.5480920672416687,0.5480920672416687,TN
7155,0,0,0.5561178922653198,0.5561178922653198,TN
7156,0,0,0.5392360091209412,0.5392360091209412,TN
7157,0,0,0.5697734951972961,0.5697734951972961,TN
7158,0,0,0.5401935577392578,0.5401935577392578,TN
7159,0,0,0.5320440530776978,0.5320440530776978,TN
7160,0,0,0.5420860052108765,0.5420860052108765,TN
7161,0,0,0.5295319557189941,0.5295319557189941,TN
7162,0,0,0.5435333847999573,0.5435333847999573,TN
7163,0,0,0.5404994487762451,0.5404994487762451,TN
7164,0,0,0.5397112965583801,0.5397112965583801,TN
7165,0,0,0.5240920782089233,0.5240920782089233,TN
7166,0,0,0.5301253795623779,0.5301253795623779,TN
7167,0,0,0.5240887999534607,0.5240887999534607,TN
7168,0,0,0.5332488417625427,0.5332488417625427,TN
7169,0,0,0.5262756943702698,0.5262756943702698,TN
7170,0,0,0.5281640887260437,0.5281640887260437,TN
7171,0,0,0.5245532393455505,0.5245532393455505,TN
7172,0,0,0.5174497961997986,0.5174497961997986,TN
7173,0,0,0.5399895310401917,0.5399895310401917,TN
7174,0,0,0.5286408066749573,0.5286408066749573,TN
7175,0,0,0.5181366801261902,0.5181366801261902,TN
7176,0,0,0.5269952416419983,0.5269952416419983,TN
7177,0,0,0.5270050168037415,0.5270050168037415,TN
7178,0,0,0.5251114368438721,0.5251114368438721,TN
7179,0,0,0.5274631381034851,0.5274631381034851,TN
7180,0,0,0.5344011783599854,0.5344011783599854,TN
7181,0,0,0.537091851234436,0.537091851234436,TN
7182,0,0,0.5470093488693237,0.5470093488693237,TN
7183,0,0,0.5331836342811584,0.5331836342811584,TN
7184,0,0,0.5570610761642456,0.5570610761642456,TN
7185,0,0,0.5621168613433838,0.5621168613433838,TN
7186,0,0,0.5559585094451904,0.5559585094451904,TN
7187,0,0,0.5712601542472839,0.5712601542472839,TN
7188,0,0,0.5559945702552795,0.5559945702552795,TN
7189,0,0,0.5681124329566956,0.5681124329566956,TN
7190,0,0,0.5631147027015686,0.5631147027015686,TN
7191,0,0,0.5713658332824707,0.5713658332824707,TN
7192,0,0,0.5722789168357849,0.5722789168357849,TN
7193,0,0,0.5653188228607178,0.5653188228607178,TN
7194,0,0,0.5661087036132812,0.5661087036132812,TN
7195,0,0,0.5543307065963745,0.5543307065963745,TN
7196,0,0,0.5628082752227783,0.5628082752227783,TN
7197,0,0,0.5531556606292725,0.5531556606292725,TN
7198,0,0,0.5544683933258057,0.5544683933258057,TN
7199,0,0,0.5470666289329529,0.5470666289329529,TN
7200,0,0,0.5540440082550049,0.5540440082550049,TN
7201,0,0,0.5448231101036072,0.5448231101036072,TN
7202,0,0,0.5363031625747681,0.5363031625747681,TN
7203,0,0,0.5334194898605347,0.5334194898605347,TN
7204,0,0,0.5309123992919922,0.5309123992919922,TN
7205,0,0,0.5465078949928284,0.5465078949928284,TN
7206,0,0,0.5282880067825317,0.5282880067825317,TN
7207,0,0,0.5412343740463257,0.5412343740463257,TN
7208,0,0,0.5516093969345093,0.5516093969345093,TN
7209,0,0,0.5495131015777588,0.5495131015777588,TN
7210,0,0,0.5448142290115356,0.5448142290115356,TN
7211,0,0,0.5531860589981079,0.5531860589981079,TN
7212,0,0,0.5613670945167542,0.5613670945167542,TN
7213,0,0,0.5472362041473389,0.5472362041473389,TN
7214,0,0,0.5547292232513428,0.5547292232513428,TN
7215,0,0,0.5523092746734619,0.5523092746734619,TN
7216,0,0,0.553515613079071,0.553515613079071,TN
7217,0,0,0.5621839165687561,0.5621839165687561,TN
7218,0,0,0.5614496469497681,0.5614496469497681,TN
7219,0,0,0.5662422180175781,0.5662422180175781,TN
7220,0,0,0.5682715773582458,0.5682715773582458,TN
7221,0,0,0.5646970272064209,0.5646970272064209,TN
7222,0,0,0.5659681558609009,0.5659681558609009,TN
7223,0,0,0.5497822165489197,0.5497822165489197,TN
7224,0,0,0.5501925945281982,0.5501925945281982,TN
7225,0,0,0.5508481860160828,0.5508481860160828,TN
7226,0,0,0.5459171533584595,0.5459171533584595,TN
7227,0,0,0.533186137676239,0.533186137676239,TN
7228,0,0,0.5404691100120544,0.5404691100120544,TN
7229,0,0,0.5378521680831909,0.5378521680831909,TN
7230,0,0,0.5363871455192566,0.5363871455192566,TN
7231,0,0,0.5327135324478149,0.5327135324478149,TN
7232,0,0,0.5436365008354187,0.5436365008354187,TN
7233,0,0,0.5409191250801086,0.5409191250801086,TN
7234,0,0,0.533785879611969,0.533785879611969,TN
7235,0,0,0.5389587879180908,0.5389587879180908,TN
7236,0,0,0.539628803730011,0.539628803730011,TN
7237,0,0,0.5344035625457764,0.5344035625457764,TN
7238,0,0,0.5342132449150085,0.5342132449150085,TN
7239,0,0,0.5497936010360718,0.5497936010360718,TN
7240,0,0,0.5529959201812744,0.5529959201812744,TN
7241,0,0,0.550653338432312,0.550653338432312,TN
7242,0,0,0.5522515773773193,0.5522515773773193,TN
7243,0,0,0.5694528222084045,0.5694528222084045,TN
7244,0,0,0.5827509760856628,0.5827509760856628,TN
7245,1,0,0.5996434688568115,0.5996434688568115,FN
7246,1,0,0.6066088080406189,0.6066088080406189,FN
7247,1,1,0.6326490640640259,0.6326490640640259,TP
7248,0,0,0.5479093194007874,0.5479093194007874,TN
7249,0,0,0.5247232913970947,0.5247232913970947,TN
7250,0,0,0.5152029991149902,0.5152029991149902,TN
7251,0,0,0.5220058560371399,0.5220058560371399,TN
7252,0,0,0.5821846127510071,0.5821846127510071,TN
7253,0,0,0.5244969725608826,0.5244969725608826,TN
7254,0,0,0.5331959128379822,0.5331959128379822,TN
7255,0,0,0.5710631012916565,0.5710631012916565,TN
7256,0,0,0.5370836853981018,0.5370836853981018,TN
7257,0,0,0.535270631313324,0.535270631313324,TN
7258,0,0,0.5525314211845398,0.5525314211845398,TN
7259,0,0,0.5498231649398804,0.5498231649398804,TN
7260,0,0,0.5448125004768372,0.5448125004768372,TN
7261,0,0,0.5520563721656799,0.5520563721656799,TN
7262,0,0,0.5430877208709717,0.5430877208709717,TN
7263,0,0,0.5348848104476929,0.5348848104476929,TN
7264,0,0,0.5385036468505859,0.5385036468505859,TN
7265,0,0,0.5291112661361694,0.5291112661361694,TN
7266,0,0,0.5251647233963013,0.5251647233963013,TN
7267,0,0,0.5315985083580017,0.5315985083580017,TN
7268,0,0,0.5541980266571045,0.5541980266571045,TN
7269,0,0,0.5667362809181213,0.5667362809181213,TN
7270,0,0,0.5589321255683899,0.5589321255683899,TN
7271,0,0,0.5435644388198853,0.5435644388198853,TN
7272,0,0,0.5427879691123962,0.5427879691123962,TN
7273,0,0,0.5822277665138245,0.5822277665138245,TN
7274,0,0,0.5439595580101013,0.5439595580101013,TN
7275,0,0,0.5569050312042236,0.5569050312042236,TN
7276,0,0,0.5710845589637756,0.5710845589637756,TN
7277,0,0,0.5728892683982849,0.5728892683982849,TN
7278,0,0,0.5692651271820068,0.5692651271820068,TN
7279,0,0,0.5707331299781799,0.5707331299781799,TN
7280,0,0,0.5582394599914551,0.5582394599914551,TN
7281,0,0,0.5913917422294617,0.5913917422294617,TN
7282,0,0,0.5480182766914368,0.5480182766914368,TN
7283,0,0,0.5926273465156555,0.5926273465156555,TN
7284,0,0,0.5557119250297546,0.5557119250297546,TN
7285,0,0,0.5580968260765076,0.5580968260765076,TN
7286,0,0,0.5710560083389282,0.5710560083389282,TN
7287,0,0,0.5512006282806396,0.5512006282806396,TN
7288,0,0,0.5538535118103027,0.5538535118103027,TN
7289,0,0,0.5583420991897583,0.5583420991897583,TN
7290,0,0,0.5836800336837769,0.5836800336837769,TN
7291,0,0,0.5504947900772095,0.5504947900772095,TN
7292,0,0,0.5559580326080322,0.5559580326080322,TN
7293,0,0,0.5595952272415161,0.5595952272415161,TN
7294,0,0,0.5587069988250732,0.5587069988250732,TN
7295,0,0,0.540829062461853,0.540829062461853,TN
7296,0,0,0.5408610701560974,0.5408610701560974,TN
7297,0,0,0.5468979477882385,0.5468979477882385,TN
7298,0,0,0.5353628396987915,0.5353628396987915,TN
7299,0,0,0.5419719815254211,0.5419719815254211,TN
7300,0,0,0.5158663988113403,0.5158663988113403,TN
7301,0,0,0.5528592467308044,0.5528592467308044,TN
7302,0,0,0.5386182069778442,0.5386182069778442,TN
7303,0,0,0.5013049840927124,0.5013049840927124,TN
7304,0,0,0.5275412797927856,0.5275412797927856,TN
7305,0,0,0.5330036282539368,0.5330036282539368,TN
7306,0,0,0.5210813283920288,0.5210813283920288,TN
7307,0,0,0.5346792340278625,0.5346792340278625,TN
7308,0,0,0.5020850300788879,0.5020850300788879,TN
7309,0,0,0.5273900032043457,0.5273900032043457,TN
7310,0,0,0.5151007771492004,0.5151007771492004,TN
7311,0,0,0.524202823638916,0.524202823638916,TN
7312,0,0,0.5395428538322449,0.5395428538322449,TN
7313,0,0,0.5375694036483765,0.5375694036483765,TN
7314,0,0,0.5448734164237976,0.5448734164237976,TN
7315,0,0,0.5389673709869385,0.5389673709869385,TN
7316,0,0,0.5326334834098816,0.5326334834098816,TN
7317,0,0,0.5555737614631653,0.5555737614631653,TN
7318,0,0,0.5109118819236755,0.5109118819236755,TN
7319,0,0,0.5232681035995483,0.5232681035995483,TN
7320,0,0,0.5352707505226135,0.5352707505226135,TN
7321,0,0,0.5389940142631531,0.5389940142631531,TN
7322,0,0,0.5242599844932556,0.5242599844932556,TN
7323,0,0,0.5163573622703552,0.5163573622703552,TN
7324,0,0,0.5346727967262268,0.5346727967262268,TN
7325,0,0,0.5449420213699341,0.5449420213699341,TN
7326,0,0,0.5496719479560852,0.5496719479560852,TN
7327,0,0,0.5376932621002197,0.5376932621002197,TN
7328,0,0,0.5442227125167847,0.5442227125167847,TN
7329,0,0,0.5312891602516174,0.5312891602516174,TN
7330,0,0,0.5383257269859314,0.5383257269859314,TN
7331,0,0,0.5377702116966248,0.5377702116966248,TN
7332,0,0,0.5409236550331116,0.5409236550331116,TN
7333,0,0,0.5372304916381836,0.5372304916381836,TN
7334,0,0,0.5155110359191895,0.5155110359191895,TN
7335,0,0,0.51612788438797,0.51612788438797,TN
7336,0,0,0.5043757557868958,0.5043757557868958,TN
7337,0,0,0.5065253376960754,0.5065253376960754,TN
7338,0,0,0.5222786068916321,0.5222786068916321,TN
7339,0,0,0.5041326284408569,0.5041326284408569,TN
7340,0,0,0.5303680300712585,0.5303680300712585,TN
7341,0,0,0.507107138633728,0.507107138633728,TN
7342,0,0,0.5272892117500305,0.5272892117500305,TN
7343,0,0,0.5194622874259949,0.5194622874259949,TN
7344,0,0,0.5019944310188293,0.5019944310188293,TN
7345,0,0,0.5148314833641052,0.5148314833641052,TN
7346,0,0,0.5128762722015381,0.5128762722015381,TN
7347,0,0,0.5210682153701782,0.5210682153701782,TN
7348,0,0,0.5071260333061218,0.5071260333061218,TN
7349,0,0,0.5187531113624573,0.5187531113624573,TN
7350,0,0,0.5185088515281677,0.5185088515281677,TN
7351,0,0,0.519183337688446,0.519183337688446,TN
7352,0,0,0.5150688290596008,0.5150688290596008,TN
7353,0,0,0.5203045010566711,0.5203045010566711,TN
7354,0,0,0.5181933045387268,0.5181933045387268,TN
7355,0,0,0.5170107483863831,0.5170107483863831,TN
7356,0,0,0.5198814272880554,0.5198814272880554,TN
7357,0,0,0.5396402478218079,0.5396402478218079,TN
7358,0,0,0.5304117798805237,0.5304117798805237,TN
7359,0,0,0.522134006023407,0.522134006023407,TN
7360,0,0,0.5385887026786804,0.5385887026786804,TN
7361,0,0,0.5226556658744812,0.5226556658744812,TN
7362,0,0,0.5178347229957581,0.5178347229957581,TN
7363,0,0,0.5195128917694092,0.5195128917694092,TN
7364,0,0,0.5236046314239502,0.5236046314239502,TN
7365,0,0,0.5320782661437988,0.5320782661437988,TN
7366,0,0,0.5367273092269897,0.5367273092269897,TN
7367,0,0,0.5403278470039368,0.5403278470039368,TN
7368,0,0,0.530648410320282,0.530648410320282,TN
7369,0,0,0.5389978289604187,0.5389978289604187,TN
7370,0,0,0.5347496867179871,0.5347496867179871,TN
7371,0,0,0.5375317931175232,0.5375317931175232,TN
7372,0,0,0.5390580296516418,0.5390580296516418,TN
7373,0,0,0.5330219864845276,0.5330219864845276,TN
7374,0,0,0.5266166925430298,0.5266166925430298,TN
7375,0,0,0.5165630578994751,0.5165630578994751,TN
7376,0,0,0.5096518993377686,0.5096518993377686,TN
7377,0,0,0.5069274306297302,0.5069274306297302,TN
7378,0,0,0.5135213136672974,0.5135213136672974,TN
7379,0,0,0.5189242362976074,0.5189242362976074,TN
7380,0,0,0.5180690288543701,0.5180690288543701,TN
7381,0,0,0.5263317823410034,0.5263317823410034,TN
7382,0,0,0.530864953994751,0.530864953994751,TN
7383,0,0,0.5254932641983032,0.5254932641983032,TN
7384,0,0,0.5279074907302856,0.5279074907302856,TN
7385,0,0,0.5249818563461304,0.5249818563461304,TN
7386,0,0,0.5256354212760925,0.5256354212760925,TN
7387,0,0,0.519343912601471,0.519343912601471,TN
7388,0,0,0.5249942541122437,0.5249942541122437,TN
7389,0,0,0.525185227394104,0.525185227394104,TN
7390,0,0,0.5239471197128296,0.5239471197128296,TN
7391,0,0,0.5318004488945007,0.5318004488945007,TN
7392,0,0,0.5312475562095642,0.5312475562095642,TN
7393,0,0,0.5329096913337708,0.5329096913337708,TN
7394,0,0,0.5327596068382263,0.5327596068382263,TN
7395,0,0,0.5319132208824158,0.5319132208824158,TN
7396,0,0,0.5334251523017883,0.5334251523017883,TN
7397,0,0,0.5363507866859436,0.5363507866859436,TN
7398,0,0,0.5394715666770935,0.5394715666770935,TN
7399,0,0,0.550193727016449,0.550193727016449,TN
7400,0,0,0.5426333546638489,0.5426333546638489,TN
7401,0,0,0.5454416871070862,0.5454416871070862,TN
7402,0,0,0.5472090840339661,0.5472090840339661,TN
7403,0,0,0.5498992800712585,0.5498992800712585,TN
7404,0,0,0.5756564140319824,0.5756564140319824,TN
7405,0,0,0.5743855237960815,0.5743855237960815,TN
7406,0,0,0.5748201608657837,0.5748201608657837,TN
7407,0,0,0.5831533670425415,0.5831533670425415,TN
7408,0,0,0.5830517411231995,0.5830517411231995,TN
7409,0,0,0.5831143856048584,0.5831143856048584,TN
7410,0,0,0.5822662115097046,0.5822662115097046,TN
7411,0,0,0.5963489413261414,0.5963489413261414,TN
7412,0,0,0.5911379456520081,0.5911379456520081,TN
7413,0,0,0.6050996780395508,0.6050996780395508,TN
7414,0,1,0.6153767108917236,0.6153767108917236,FP
7415,0,1,0.6253377795219421,0.6253377795219421,FP
7416,0,0,0.6102077960968018,0.6102077960968018,TN
7417,0,0,0.6058087944984436,0.6058087944984436,TN
7418,0,1,0.6234238147735596,0.6234238147735596,FP
7419,0,1,0.6458897590637207,0.6458897590637207,FP
7420,0,1,0.661929726600647,0.661929726600647,FP
7421,0,1,0.6576865315437317,0.6576865315437317,FP
7422,0,1,0.6820294260978699,0.6820294260978699,FP
7423,0,1,0.6870826482772827,0.6870826482772827,FP
7424,0,1,0.7051403522491455,0.7051403522491455,FP
7425,0,1,0.7410885691642761,0.7410885691642761,FP
7426,0,1,0.7396548986434937,0.7396548986434937,FP
7427,0,1,0.7659751176834106,0.7659751176834106,FP
7428,0,1,0.7427545189857483,0.7427545189857483,FP
7429,0,1,0.7625206708908081,0.7625206708908081,FP
7430,0,1,0.7966908812522888,0.7966908812522888,FP
7431,0,1,0.7937215566635132,0.7937215566635132,FP
7432,0,1,0.7965233325958252,0.7965233325958252,FP
7433,0,0,0.5193342566490173,0.5193342566490173,TN
7434,0,0,0.5217097997665405,0.5217097997665405,TN
7435,0,0,0.5055400133132935,0.5055400133132935,TN
7436,0,0,0.5175812840461731,0.5175812840461731,TN
7437,0,0,0.5435518026351929,0.5435518026351929,TN
7438,0,0,0.5393321514129639,0.5393321514129639,TN
7439,0,0,0.5224549770355225,0.5224549770355225,TN
7440,0,0,0.5238577723503113,0.5238577723503113,TN
7441,0,0,0.5201911926269531,0.5201911926269531,TN
7442,0,0,0.5346042513847351,0.5346042513847351,TN
7443,0,0,0.5282991528511047,0.5282991528511047,TN
7444,0,0,0.5267140865325928,0.5267140865325928,TN
7445,0,0,0.5219523906707764,0.5219523906707764,TN
7446,0,0,0.5225573778152466,0.5225573778152466,TN
7447,0,0,0.5321655869483948,0.5321655869483948,TN
7448,0,0,0.5159034729003906,0.5159034729003906,TN
7449,0,0,0.5345642566680908,0.5345642566680908,TN
7450,0,0,0.555372416973114,0.555372416973114,TN
7451,0,0,0.5152530670166016,0.5152530670166016,TN
7452,0,0,0.5138383507728577,0.5138383507728577,TN
7453,0,0,0.5514495968818665,0.5514495968818665,TN
7454,0,0,0.5226203203201294,0.5226203203201294,TN
7455,0,0,0.5343900918960571,0.5343900918960571,TN
7456,0,0,0.5230769515037537,0.5230769515037537,TN
7457,0,0,0.5150431990623474,0.5150431990623474,TN
7458,0,0,0.5198383331298828,0.5198383331298828,TN
7459,0,0,0.5235537886619568,0.5235537886619568,TN
7460,0,0,0.5117582082748413,0.5117582082748413,TN
7461,0,0,0.5214129686355591,0.5214129686355591,TN
7462,0,0,0.5226631164550781,0.5226631164550781,TN
7463,0,0,0.5299478769302368,0.5299478769302368,TN
7464,0,0,0.5149480700492859,0.5149480700492859,TN
7465,0,0,0.530714213848114,0.530714213848114,TN
7466,0,0,0.5215056538581848,0.5215056538581848,TN
7467,0,0,0.5153282284736633,0.5153282284736633,TN
7468,0,0,0.5337265133857727,0.5337265133857727,TN
7469,0,0,0.5390499234199524,0.5390499234199524,TN
7470,0,0,0.5373088717460632,0.5373088717460632,TN
7471,0,0,0.5501971244812012,0.5501971244812012,TN
7472,0,0,0.538794994354248,0.538794994354248,TN
7473,0,0,0.5380403995513916,0.5380403995513916,TN
7474,0,0,0.5309914350509644,0.5309914350509644,TN
7475,0,0,0.5407220721244812,0.5407220721244812,TN
7476,0,0,0.5352740287780762,0.5352740287780762,TN
7477,0,0,0.5532812476158142,0.5532812476158142,TN
7478,0,0,0.5493003726005554,0.5493003726005554,TN
7479,0,0,0.5452152490615845,0.5452152490615845,TN
7480,0,0,0.5391820669174194,0.5391820669174194,TN
7481,0,0,0.5402143001556396,0.5402143001556396,TN
7482,0,0,0.5406407117843628,0.5406407117843628,TN
7483,0,0,0.5530078411102295,0.5530078411102295,TN
7484,0,0,0.559863805770874,0.559863805770874,TN
7485,0,0,0.5535760521888733,0.5535760521888733,TN
7486,0,0,0.5370825529098511,0.5370825529098511,TN
7487,0,0,0.5226988792419434,0.5226988792419434,TN
7488,0,0,0.5300353765487671,0.5300353765487671,TN
7489,0,0,0.5163191556930542,0.5163191556930542,TN
7490,0,0,0.5166178345680237,0.5166178345680237,TN
7491,0,0,0.5176750421524048,0.5176750421524048,TN
7492,0,0,0.521781325340271,0.521781325340271,TN
7493,0,0,0.5275878310203552,0.5275878310203552,TN
7494,0,0,0.5317744612693787,0.5317744612693787,TN
7495,0,0,0.538398802280426,0.538398802280426,TN
7496,0,0,0.5511465668678284,0.5511465668678284,TN
7497,0,0,0.5432636737823486,0.5432636737823486,TN
7498,0,0,0.5378676056861877,0.5378676056861877,TN
7499,0,0,0.5441461801528931,0.5441461801528931,TN
7500,0,0,0.5438801050186157,0.5438801050186157,TN
7501,0,0,0.5441331267356873,0.5441331267356873,TN
7502,0,0,0.5534511804580688,0.5534511804580688,TN
7503,0,0,0.5544009208679199,0.5544009208679199,TN
7504,0,0,0.5491122603416443,0.5491122603416443,TN
7505,0,0,0.5653471946716309,0.5653471946716309,TN
7506,0,0,0.5637454390525818,0.5637454390525818,TN
7507,0,0,0.5746029019355774,0.5746029019355774,TN
7508,0,0,0.5620549917221069,0.5620549917221069,TN
7509,0,0,0.5845314264297485,0.5845314264297485,TN
7510,0,0,0.5763733386993408,0.5763733386993408,TN
7511,0,0,0.5884473323822021,0.5884473323822021,TN
7512,0,0,0.6052572131156921,0.6052572131156921,TN
7513,0,0,0.601843535900116,0.601843535900116,TN
7514,0,0,0.6074331402778625,0.6074331402778625,TN
7515,0,0,0.6091089844703674,0.6091089844703674,TN
7516,0,1,0.623933732509613,0.623933732509613,FP
7517,0,1,0.6330165266990662,0.6330165266990662,FP
7518,0,1,0.615215539932251,0.615215539932251,FP
7519,0,1,0.6292213797569275,0.6292213797569275,FP
7520,0,1,0.6516854166984558,0.6516854166984558,FP
7521,0,1,0.6750141978263855,0.6750141978263855,FP
7522,0,1,0.6830974817276001,0.6830974817276001,FP
7523,1,1,0.702046811580658,0.702046811580658,TP
7524,1,1,0.7051258683204651,0.7051258683204651,TP
7525,1,1,0.7287023067474365,0.7287023067474365,TP
7526,1,1,0.7578338384628296,0.7578338384628296,TP
7527,1,1,0.758842945098877,0.758842945098877,TP
7528,1,1,0.7613415718078613,0.7613415718078613,TP
7529,1,1,0.770295262336731,0.770295262336731,TP
7530,1,1,0.7848641872406006,0.7848641872406006,TP
7531,1,1,0.8160658478736877,0.8160658478736877,TP
7532,1,1,0.8379950523376465,0.8379950523376465,TP
7533,1,1,0.8623946309089661,0.8623946309089661,TP
7534,0,0,0.5193073749542236,0.5193073749542236,TN
7535,0,0,0.5218477845191956,0.5218477845191956,TN
7536,0,0,0.5300853848457336,0.5300853848457336,TN
7537,0,0,0.5183101296424866,0.5183101296424866,TN
7538,0,0,0.5166963338851929,0.5166963338851929,TN
7539,0,0,0.5123580694198608,0.5123580694198608,TN
7540,0,0,0.520021378993988,0.520021378993988,TN
7541,0,0,0.5194803476333618,0.5194803476333618,TN
7542,0,0,0.5229337215423584,0.5229337215423584,TN
7543,0,0,0.5254514813423157,0.5254514813423157,TN
7544,0,0,0.5082916021347046,0.5082916021347046,TN
7545,0,0,0.5279921889305115,0.5279921889305115,TN
7546,0,0,0.5134118795394897,0.5134118795394897,TN
7547,0,0,0.5068447589874268,0.5068447589874268,TN
7548,0,0,0.5028479695320129,0.5028479695320129,TN
7549,0,0,0.5090579390525818,0.5090579390525818,TN
7550,0,0,0.5059967637062073,0.5059967637062073,TN
7551,0,0,0.5137183666229248,0.5137183666229248,TN
7552,0,0,0.5310915112495422,0.5310915112495422,TN
7553,0,0,0.504835307598114,0.504835307598114,TN
7554,0,0,0.4968585968017578,0.4968585968017578,TN
7555,0,0,0.49095961451530457,0.49095961451530457,TN
7556,0,0,0.4916839301586151,0.4916839301586151,TN
7557,0,0,0.49687424302101135,0.49687424302101135,TN
7558,0,0,0.4865480363368988,0.4865480363368988,TN
7559,0,0,0.4918164908885956,0.4918164908885956,TN
7560,0,0,0.48003125190734863,0.48003125190734863,TN
7561,0,0,0.4849853813648224,0.4849853813648224,TN
7562,0,0,0.48175203800201416,0.48175203800201416,TN
7563,0,0,0.48286378383636475,0.48286378383636475,TN
7564,0,0,0.4815138280391693,0.4815138280391693,TN
7565,0,0,0.4922107756137848,0.4922107756137848,TN
7566,0,0,0.4718763828277588,0.4718763828277588,TN
7567,0,0,0.48852670192718506,0.48852670192718506,TN
7568,0,0,0.4826277792453766,0.4826277792453766,TN
7569,0,0,0.48661139607429504,0.48661139607429504,TN
7570,0,0,0.4820428788661957,0.4820428788661957,TN
7571,0,0,0.48742926120758057,0.48742926120758057,TN
7572,0,0,0.48472481966018677,0.48472481966018677,TN
7573,0,0,0.48491179943084717,0.48491179943084717,TN
7574,0,0,0.49153003096580505,0.49153003096580505,TN
7575,0,0,0.4947567880153656,0.4947567880153656,TN
7576,0,0,0.4981764853000641,0.4981764853000641,TN
7577,0,0,0.497310608625412,0.497310608625412,TN
7578,0,0,0.507214367389679,0.507214367389679,TN
7579,0,0,0.5127686858177185,0.5127686858177185,TN
7580,0,0,0.5211186408996582,0.5211186408996582,TN
7581,0,0,0.5222803354263306,0.5222803354263306,TN
7582,0,0,0.5153586864471436,0.5153586864471436,TN
7583,0,0,0.5127017498016357,0.5127017498016357,TN
7584,0,0,0.5085395574569702,0.5085395574569702,TN
7585,0,0,0.5130220651626587,0.5130220651626587,TN
7586,0,0,0.5129755139350891,0.5129755139350891,TN
7587,0,0,0.5048792362213135,0.5048792362213135,TN
7588,0,0,0.5038084983825684,0.5038084983825684,TN
7589,0,0,0.5087661147117615,0.5087661147117615,TN
7590,0,0,0.4967377185821533,0.4967377185821533,TN
7591,0,0,0.5040124654769897,0.5040124654769897,TN
7592,0,0,0.516648530960083,0.516648530960083,TN
7593,0,0,0.4984109401702881,0.4984109401702881,TN
7594,0,0,0.5000936985015869,0.5000936985015869,TN
7595,0,0,0.5165860056877136,0.5165860056877136,TN
7596,0,0,0.5059820413589478,0.5059820413589478,TN
7597,0,0,0.5095850825309753,0.5095850825309753,TN
7598,0,0,0.5182762145996094,0.5182762145996094,TN
7599,0,0,0.5145651698112488,0.5145651698112488,TN
7600,0,0,0.5103658437728882,0.5103658437728882,TN
7601,0,0,0.5102143287658691,0.5102143287658691,TN
7602,0,0,0.5064843893051147,0.5064843893051147,TN
7603,0,0,0.5014124512672424,0.5014124512672424,TN
7604,0,0,0.5123167634010315,0.5123167634010315,TN
7605,0,0,0.5085653066635132,0.5085653066635132,TN
7606,0,0,0.5074650645256042,0.5074650645256042,TN
7607,0,0,0.5163922309875488,0.5163922309875488,TN
7608,0,0,0.508609414100647,0.508609414100647,TN
7609,0,0,0.5173769593238831,0.5173769593238831,TN
7610,0,0,0.5211641788482666,0.5211641788482666,TN
7611,0,0,0.5144683718681335,0.5144683718681335,TN
7612,0,0,0.5140316486358643,0.5140316486358643,TN
7613,0,0,0.5077114105224609,0.5077114105224609,TN
7614,0,0,0.5158599615097046,0.5158599615097046,TN
7615,0,0,0.5126059651374817,0.5126059651374817,TN
7616,0,0,0.5218294262886047,0.5218294262886047,TN
7617,0,0,0.5234090685844421,0.5234090685844421,TN
7618,0,0,0.5214239358901978,0.5214239358901978,TN
7619,0,0,0.5263749957084656,0.5263749957084656,TN
7620,0,0,0.5309216976165771,0.5309216976165771,TN
7621,0,0,0.5355848073959351,0.5355848073959351,TN
7622,0,0,0.5516296029090881,0.5516296029090881,TN
7623,0,0,0.5448841452598572,0.5448841452598572,TN
7624,0,0,0.5474746823310852,0.5474746823310852,TN
7625,0,0,0.5416767001152039,0.5416767001152039,TN
7626,0,0,0.5413884520530701,0.5413884520530701,TN
7627,0,0,0.5368101596832275,0.5368101596832275,TN
7628,0,0,0.5272071361541748,0.5272071361541748,TN
7629,0,0,0.5227329730987549,0.5227329730987549,TN
7630,0,0,0.5172752141952515,0.5172752141952515,TN
7631,0,0,0.5112299919128418,0.5112299919128418,TN
7632,0,0,0.515836775302887,0.515836775302887,TN
7633,0,0,0.5197176933288574,0.5197176933288574,TN
7634,0,0,0.530694305896759,0.530694305896759,TN
7635,0,0,0.5276628732681274,0.5276628732681274,TN
7636,0,0,0.5271122455596924,0.5271122455596924,TN
7637,0,0,0.5408196449279785,0.5408196449279785,TN
7638,0,0,0.5472007989883423,0.5472007989883423,TN
7639,0,0,0.5545416474342346,0.5545416474342346,TN
7640,0,0,0.556463897228241,0.556463897228241,TN
7641,0,0,0.5690001845359802,0.5690001845359802,TN
7642,0,0,0.5526116490364075,0.5526116490364075,TN
7643,0,0,0.5589983463287354,0.5589983463287354,TN
7644,0,0,0.5629324913024902,0.5629324913024902,TN
7645,0,0,0.5482701063156128,0.5482701063156128,TN
7646,0,0,0.5507209300994873,0.5507209300994873,TN
7647,0,0,0.54498291015625,0.54498291015625,TN
7648,0,0,0.5464604496955872,0.5464604496955872,TN
7649,0,0,0.5389161109924316,0.5389161109924316,TN
7650,0,0,0.5499296188354492,0.5499296188354492,TN
7651,0,0,0.5516247153282166,0.5516247153282166,TN
7652,0,0,0.5509536266326904,0.5509536266326904,TN
7653,0,0,0.5518301129341125,0.5518301129341125,TN
7654,0,0,0.543957531452179,0.543957531452179,TN
7655,0,0,0.5541999936103821,0.5541999936103821,TN
7656,0,0,0.5503315925598145,0.5503315925598145,TN
7657,0,0,0.5338084697723389,0.5338084697723389,TN
7658,0,0,0.5458908677101135,0.5458908677101135,TN
7659,0,0,0.5375418066978455,0.5375418066978455,TN
7660,0,0,0.5353712439537048,0.5353712439537048,TN
7661,0,0,0.5313721299171448,0.5313721299171448,TN
7662,0,0,0.5318138003349304,0.5318138003349304,TN
7663,0,0,0.5302774906158447,0.5302774906158447,TN
7664,0,0,0.5224798917770386,0.5224798917770386,TN
7665,0,0,0.5263299942016602,0.5263299942016602,TN
7666,0,0,0.527785062789917,0.527785062789917,TN
7667,0,0,0.5212057828903198,0.5212057828903198,TN
7668,0,0,0.5204881429672241,0.5204881429672241,TN
7669,0,0,0.5059928894042969,0.5059928894042969,TN
7670,0,0,0.5065877437591553,0.5065877437591553,TN
7671,0,0,0.5084691643714905,0.5084691643714905,TN
7672,0,0,0.506686806678772,0.506686806678772,TN
7673,0,0,0.5090773701667786,0.5090773701667786,TN
7674,0,0,0.5154843926429749,0.5154843926429749,TN
7675,0,0,0.5091010332107544,0.5091010332107544,TN
7676,0,0,0.5161548852920532,0.5161548852920532,TN
7677,0,0,0.5148444175720215,0.5148444175720215,TN
7678,0,0,0.5244152545928955,0.5244152545928955,TN
7679,0,0,0.5272946357727051,0.5272946357727051,TN
7680,0,0,0.5241979956626892,0.5241979956626892,TN
7681,0,0,0.5203922986984253,0.5203922986984253,TN
7682,0,0,0.5207321643829346,0.5207321643829346,TN
7683,0,0,0.5173451900482178,0.5173451900482178,TN
7684,0,0,0.5219247937202454,0.5219247937202454,TN
7685,0,0,0.524638831615448,0.524638831615448,TN
7686,0,0,0.5236526727676392,0.5236526727676392,TN
7687,0,0,0.5081936120986938,0.5081936120986938,TN
7688,0,0,0.5116020441055298,0.5116020441055298,TN
7689,0,0,0.5094314813613892,0.5094314813613892,TN
7690,0,0,0.5105753540992737,0.5105753540992737,TN
7691,0,0,0.504881739616394,0.504881739616394,TN
7692,0,0,0.5089375376701355,0.5089375376701355,TN
7693,0,0,0.4960375130176544,0.4960375130176544,TN
7694,0,0,0.49701446294784546,0.49701446294784546,TN
7695,0,0,0.4964531362056732,0.4964531362056732,TN
7696,0,0,0.4995880424976349,0.4995880424976349,TN
7697,0,0,0.5057353973388672,0.5057353973388672,TN
7698,0,0,0.5111100673675537,0.5111100673675537,TN
7699,0,0,0.5076777338981628,0.5076777338981628,TN
7700,0,0,0.5030090808868408,0.5030090808868408,TN
7701,0,0,0.503594160079956,0.503594160079956,TN
7702,0,0,0.5016401410102844,0.5016401410102844,TN
7703,0,0,0.5123308300971985,0.5123308300971985,TN
7704,0,0,0.5146558284759521,0.5146558284759521,TN
7705,0,0,0.5113101601600647,0.5113101601600647,TN
7706,0,0,0.5085582733154297,0.5085582733154297,TN
7707,0,0,0.5158067345619202,0.5158067345619202,TN
7708,0,0,0.516968309879303,0.516968309879303,TN
7709,0,0,0.5153471231460571,0.5153471231460571,TN
7710,0,0,0.5184131264686584,0.5184131264686584,TN
7711,0,0,0.5306704640388489,0.5306704640388489,TN
7712,0,0,0.538076639175415,0.538076639175415,TN
7713,0,0,0.5479251146316528,0.5479251146316528,TN
7714,0,0,0.5515838265419006,0.5515838265419006,TN
7715,0,0,0.5470747947692871,0.5470747947692871,TN
7716,0,0,0.5579976439476013,0.5579976439476013,TN
7717,0,0,0.5502313375473022,0.5502313375473022,TN
7718,0,0,0.5581706762313843,0.5581706762313843,TN
7719,0,0,0.5588396191596985,0.5588396191596985,TN
7720,0,0,0.553846001625061,0.553846001625061,TN
7721,0,0,0.5545331835746765,0.5545331835746765,TN
7722,0,0,0.5424899458885193,0.5424899458885193,TN
7723,0,0,0.5377598404884338,0.5377598404884338,TN
7724,0,0,0.5372583866119385,0.5372583866119385,TN
7725,0,0,0.5360179543495178,0.5360179543495178,TN
7726,0,0,0.5557849407196045,0.5557849407196045,TN
7727,0,0,0.5366331338882446,0.5366331338882446,TN
7728,0,0,0.5536032319068909,0.5536032319068909,TN
7729,0,0,0.5108336210250854,0.5108336210250854,TN
7730,0,0,0.5125628709793091,0.5125628709793091,TN
7731,0,0,0.5219590663909912,0.5219590663909912,TN
7732,0,0,0.5027042627334595,0.5027042627334595,TN
7733,0,0,0.5048563480377197,0.5048563480377197,TN
7734,0,0,0.5054396390914917,0.5054396390914917,TN
7735,0,0,0.5224219560623169,0.5224219560623169,TN
7736,0,0,0.5093213319778442,0.5093213319778442,TN
7737,0,0,0.5079824924468994,0.5079824924468994,TN
7738,0,0,0.5071768164634705,0.5071768164634705,TN
7739,0,0,0.522244393825531,0.522244393825531,TN
7740,0,0,0.5204730033874512,0.5204730033874512,TN
7741,0,0,0.5066144466400146,0.5066144466400146,TN
7742,0,0,0.5179570913314819,0.5179570913314819,TN
7743,0,0,0.512108325958252,0.512108325958252,TN
7744,0,0,0.5171903967857361,0.5171903967857361,TN
7745,0,0,0.5138441324234009,0.5138441324234009,TN
7746,0,0,0.5278087258338928,0.5278087258338928,TN
7747,0,0,0.5240040421485901,0.5240040421485901,TN
7748,0,0,0.5358818173408508,0.5358818173408508,TN
7749,0,0,0.5447224974632263,0.5447224974632263,TN
7750,0,0,0.5367862582206726,0.5367862582206726,TN
7751,0,0,0.5344088077545166,0.5344088077545166,TN
7752,0,0,0.5433257222175598,0.5433257222175598,TN
7753,0,0,0.526482880115509,0.526482880115509,TN
7754,0,0,0.5249127745628357,0.5249127745628357,TN
7755,0,0,0.5285195708274841,0.5285195708274841,TN
7756,0,0,0.5319976806640625,0.5319976806640625,TN
7757,0,0,0.5415221452713013,0.5415221452713013,TN
7758,0,0,0.5291131734848022,0.5291131734848022,TN
7759,0,0,0.527478814125061,0.527478814125061,TN
7760,0,0,0.5392543077468872,0.5392543077468872,TN
7761,0,0,0.5358883142471313,0.5358883142471313,TN
7762,0,0,0.5393333435058594,0.5393333435058594,TN
7763,0,0,0.5364311337471008,0.5364311337471008,TN
7764,0,0,0.5373834371566772,0.5373834371566772,TN
7765,0,0,0.5248376727104187,0.5248376727104187,TN
7766,0,0,0.5150143504142761,0.5150143504142761,TN
7767,0,0,0.5175876021385193,0.5175876021385193,TN
7768,0,0,0.5190370082855225,0.5190370082855225,TN
7769,0,0,0.5073772668838501,0.5073772668838501,TN
7770,0,0,0.5190685391426086,0.5190685391426086,TN
7771,0,0,0.505013644695282,0.505013644695282,TN
7772,0,0,0.5168448686599731,0.5168448686599731,TN
7773,0,0,0.5173599720001221,0.5173599720001221,TN
7774,0,0,0.5403079390525818,0.5403079390525818,TN
7775,0,0,0.5334774255752563,0.5334774255752563,TN
7776,0,0,0.5297638773918152,0.5297638773918152,TN
7777,0,0,0.5304262638092041,0.5304262638092041,TN
7778,0,0,0.5210788249969482,0.5210788249969482,TN
7779,0,0,0.5315235257148743,0.5315235257148743,TN
7780,0,0,0.5309717059135437,0.5309717059135437,TN
7781,0,0,0.5560070872306824,0.5560070872306824,TN
7782,0,0,0.5182388424873352,0.5182388424873352,TN
7783,0,0,0.5316121578216553,0.5316121578216553,TN
7784,0,0,0.5391398072242737,0.5391398072242737,TN
7785,0,0,0.5281172394752502,0.5281172394752502,TN
7786,0,0,0.5296377539634705,0.5296377539634705,TN
7787,0,0,0.5244280695915222,0.5244280695915222,TN
7788,0,0,0.5247164964675903,0.5247164964675903,TN
7789,0,0,0.5203651189804077,0.5203651189804077,TN
7790,0,0,0.5332901477813721,0.5332901477813721,TN
7791,0,0,0.5346226692199707,0.5346226692199707,TN
7792,0,0,0.5287926197052002,0.5287926197052002,TN
7793,0,0,0.5198494791984558,0.5198494791984558,TN
7794,0,0,0.5226666927337646,0.5226666927337646,TN
7795,0,0,0.5178270936012268,0.5178270936012268,TN
7796,0,0,0.5216618776321411,0.5216618776321411,TN
7797,0,0,0.5206992030143738,0.5206992030143738,TN
7798,0,0,0.5125405788421631,0.5125405788421631,TN
7799,0,0,0.508733332157135,0.508733332157135,TN
7800,0,0,0.5134261846542358,0.5134261846542358,TN
7801,0,0,0.5277201533317566,0.5277201533317566,TN
7802,0,0,0.5409058928489685,0.5409058928489685,TN
7803,0,0,0.5157968997955322,0.5157968997955322,TN
7804,0,0,0.5191236138343811,0.5191236138343811,TN
7805,0,0,0.5202769041061401,0.5202769041061401,TN
7806,0,0,0.5351075530052185,0.5351075530052185,TN
7807,0,0,0.5162380933761597,0.5162380933761597,TN
7808,0,0,0.5196874737739563,0.5196874737739563,TN
7809,0,0,0.5134387016296387,0.5134387016296387,TN
7810,0,0,0.5136716961860657,0.5136716961860657,TN
7811,0,0,0.5202246308326721,0.5202246308326721,TN
7812,0,0,0.5249477624893188,0.5249477624893188,TN
7813,0,0,0.5546132922172546,0.5546132922172546,TN
7814,0,0,0.5518134832382202,0.5518134832382202,TN
7815,0,0,0.5523518919944763,0.5523518919944763,TN
7816,0,0,0.5277820825576782,0.5277820825576782,TN
7817,0,0,0.5484477877616882,0.5484477877616882,TN
7818,0,0,0.5519125461578369,0.5519125461578369,TN
7819,0,0,0.5335826277732849,0.5335826277732849,TN
7820,0,0,0.5832808017730713,0.5832808017730713,TN
7821,0,0,0.5480611324310303,0.5480611324310303,TN
7822,0,0,0.5511164665222168,0.5511164665222168,TN
7823,0,0,0.5331279039382935,0.5331279039382935,TN
7824,0,0,0.5633403062820435,0.5633403062820435,TN
7825,0,0,0.5323781371116638,0.5323781371116638,TN
7826,0,0,0.5482869148254395,0.5482869148254395,TN
7827,0,0,0.5451550483703613,0.5451550483703613,TN
7828,0,0,0.528570830821991,0.528570830821991,TN
7829,0,0,0.5608596801757812,0.5608596801757812,TN
7830,0,0,0.5399326086044312,0.5399326086044312,TN
7831,0,0,0.5315126776695251,0.5315126776695251,TN
7832,0,0,0.5336623191833496,0.5336623191833496,TN
7833,0,0,0.536979079246521,0.536979079246521,TN
7834,0,0,0.5452237725257874,0.5452237725257874,TN
7835,0,0,0.546459972858429,0.546459972858429,TN
7836,0,0,0.5341804623603821,0.5341804623603821,TN
7837,0,0,0.5222029685974121,0.5222029685974121,TN
7838,0,0,0.5204953551292419,0.5204953551292419,TN
7839,0,0,0.5151326060295105,0.5151326060295105,TN
7840,0,0,0.5258398652076721,0.5258398652076721,TN
7841,0,0,0.536871075630188,0.536871075630188,TN
7842,0,0,0.5405523777008057,0.5405523777008057,TN
7843,0,0,0.540616512298584,0.540616512298584,TN
7844,0,0,0.5561811923980713,0.5561811923980713,TN
7845,0,0,0.5185620188713074,0.5185620188713074,TN
7846,0,0,0.5130255818367004,0.5130255818367004,TN
7847,0,0,0.5391380190849304,0.5391380190849304,TN
7848,0,0,0.5116503238677979,0.5116503238677979,TN
7849,0,0,0.5257989764213562,0.5257989764213562,TN
7850,0,0,0.5238281488418579,0.5238281488418579,TN
7851,0,0,0.5202205777168274,0.5202205777168274,TN
7852,0,0,0.5089420080184937,0.5089420080184937,TN
7853,0,0,0.5246703624725342,0.5246703624725342,TN
7854,0,0,0.5165491104125977,0.5165491104125977,TN
7855,0,0,0.5339610576629639,0.5339610576629639,TN
7856,0,0,0.5270114541053772,0.5270114541053772,TN
7857,0,0,0.5653558373451233,0.5653558373451233,TN
7858,0,0,0.5275846123695374,0.5275846123695374,TN
7859,0,0,0.5231361389160156,0.5231361389160156,TN
7860,0,0,0.5468503832817078,0.5468503832817078,TN
7861,0,0,0.5373761057853699,0.5373761057853699,TN
7862,0,0,0.5669173002243042,0.5669173002243042,TN
7863,0,0,0.5662649273872375,0.5662649273872375,TN
7864,0,0,0.5709633827209473,0.5709633827209473,TN
7865,0,0,0.543814480304718,0.543814480304718,TN
7866,0,0,0.5371997952461243,0.5371997952461243,TN
7867,0,0,0.5687151551246643,0.5687151551246643,TN
7868,0,0,0.546988844871521,0.546988844871521,TN
7869,0,0,0.5381816029548645,0.5381816029548645,TN
7870,0,0,0.568409264087677,0.568409264087677,TN
7871,0,0,0.5437445044517517,0.5437445044517517,TN
7872,0,0,0.56019526720047,0.56019526720047,TN
7873,0,0,0.5533909797668457,0.5533909797668457,TN
7874,0,0,0.5553464293479919,0.5553464293479919,TN
7875,0,0,0.5797852873802185,0.5797852873802185,TN
7876,0,0,0.5787478089332581,0.5787478089332581,TN
7877,0,0,0.5375977158546448,0.5375977158546448,TN
7878,0,0,0.5481988787651062,0.5481988787651062,TN
7879,0,0,0.5736472010612488,0.5736472010612488,TN
7880,0,0,0.5355300903320312,0.5355300903320312,TN
7881,0,0,0.563762903213501,0.563762903213501,TN
7882,0,0,0.5367416143417358,0.5367416143417358,TN
7883,0,0,0.5474548935890198,0.5474548935890198,TN
7884,0,0,0.576447069644928,0.576447069644928,TN
7885,0,0,0.539834201335907,0.539834201335907,TN
7886,0,0,0.5597747564315796,0.5597747564315796,TN
7887,0,0,0.5501390099525452,0.5501390099525452,TN
7888,0,0,0.5551514625549316,0.5551514625549316,TN
7889,0,0,0.5520721673965454,0.5520721673965454,TN
7890,0,0,0.53076171875,0.53076171875,TN
7891,0,0,0.5442668795585632,0.5442668795585632,TN
7892,0,0,0.5275452136993408,0.5275452136993408,TN
7893,0,0,0.5769193172454834,0.5769193172454834,TN
7894,0,0,0.5477844476699829,0.5477844476699829,TN
7895,0,0,0.5319927334785461,0.5319927334785461,TN
7896,0,0,0.5459665060043335,0.5459665060043335,TN
7897,0,0,0.5356619358062744,0.5356619358062744,TN
7898,0,0,0.5618259310722351,0.5618259310722351,TN
7899,0,0,0.5398319959640503,0.5398319959640503,TN
7900,0,0,0.5280622243881226,0.5280622243881226,TN
7901,0,0,0.5292453169822693,0.5292453169822693,TN
7902,0,0,0.5617581605911255,0.5617581605911255,TN
7903,0,0,0.5395857095718384,0.5395857095718384,TN
7904,0,0,0.5531352162361145,0.5531352162361145,TN
7905,0,0,0.5443122982978821,0.5443122982978821,TN
7906,0,0,0.5239918231964111,0.5239918231964111,TN
7907,0,0,0.5290286540985107,0.5290286540985107,TN
7908,0,0,0.531291127204895,0.531291127204895,TN
7909,0,0,0.5554803013801575,0.5554803013801575,TN
7910,0,0,0.5384393930435181,0.5384393930435181,TN
7911,0,0,0.5355211496353149,0.5355211496353149,TN
7912,0,0,0.530295193195343,0.530295193195343,TN
7913,0,0,0.5252383947372437,0.5252383947372437,TN
7914,0,0,0.5461165904998779,0.5461165904998779,TN
7915,0,0,0.5328444242477417,0.5328444242477417,TN
7916,0,0,0.5485363006591797,0.5485363006591797,TN
7917,0,0,0.5138958096504211,0.5138958096504211,TN
7918,0,0,0.554239809513092,0.554239809513092,TN
7919,0,0,0.5463685989379883,0.5463685989379883,TN
7920,0,0,0.5206794738769531,0.5206794738769531,TN
7921,0,0,0.5372416973114014,0.5372416973114014,TN
7922,0,0,0.5152843594551086,0.5152843594551086,TN
7923,0,0,0.5122780203819275,0.5122780203819275,TN
7924,0,0,0.5271871089935303,0.5271871089935303,TN
7925,0,0,0.5423762798309326,0.5423762798309326,TN
7926,0,0,0.5491777062416077,0.5491777062416077,TN
7927,0,0,0.5372694134712219,0.5372694134712219,TN
7928,0,0,0.5581769347190857,0.5581769347190857,TN
7929,0,0,0.5319916605949402,0.5319916605949402,TN
7930,0,0,0.530162513256073,0.530162513256073,TN
7931,0,0,0.5855307579040527,0.5855307579040527,TN
7932,0,0,0.5362670421600342,0.5362670421600342,TN
7933,0,0,0.5384331941604614,0.5384331941604614,TN
7934,0,0,0.5252633094787598,0.5252633094787598,TN
7935,0,0,0.5569949746131897,0.5569949746131897,TN
7936,0,0,0.5379630327224731,0.5379630327224731,TN
7937,0,0,0.5603970289230347,0.5603970289230347,TN
7938,0,0,0.5394760370254517,0.5394760370254517,TN
7939,0,0,0.5312479138374329,0.5312479138374329,TN
7940,0,0,0.556942343711853,0.556942343711853,TN
7941,0,0,0.5400139093399048,0.5400139093399048,TN
7942,0,0,0.529109001159668,0.529109001159668,TN
7943,0,0,0.5556958913803101,0.5556958913803101,TN
7944,0,0,0.549126148223877,0.549126148223877,TN
7945,0,0,0.5427754521369934,0.5427754521369934,TN
7946,0,0,0.5521946549415588,0.5521946549415588,TN
7947,0,0,0.5399519205093384,0.5399519205093384,TN
7948,0,0,0.5395642518997192,0.5395642518997192,TN
7949,0,0,0.5557624697685242,0.5557624697685242,TN
7950,0,0,0.571005642414093,0.571005642414093,TN
7951,0,0,0.5624838471412659,0.5624838471412659,TN
7952,0,0,0.5385341644287109,0.5385341644287109,TN
7953,0,0,0.5497968196868896,0.5497968196868896,TN
7954,0,0,0.5474233031272888,0.5474233031272888,TN
7955,0,0,0.5516086220741272,0.5516086220741272,TN
7956,0,0,0.5294391512870789,0.5294391512870789,TN
7957,0,0,0.5217450857162476,0.5217450857162476,TN
7958,0,0,0.5462056994438171,0.5462056994438171,TN
7959,0,0,0.5214359760284424,0.5214359760284424,TN
7960,0,0,0.5207837224006653,0.5207837224006653,TN
7961,0,0,0.5076960325241089,0.5076960325241089,TN
7962,0,0,0.5650162696838379,0.5650162696838379,TN
7963,0,0,0.5203367471694946,0.5203367471694946,TN
7964,0,0,0.4968511164188385,0.4968511164188385,TN
7965,0,0,0.5185850262641907,0.5185850262641907,TN
7966,0,0,0.527312695980072,0.527312695980072,TN
7967,0,0,0.5232430100440979,0.5232430100440979,TN
7968,0,0,0.5492663979530334,0.5492663979530334,TN
7969,0,0,0.5848438739776611,0.5848438739776611,TN
7970,0,0,0.5397746562957764,0.5397746562957764,TN
7971,0,0,0.5380246639251709,0.5380246639251709,TN
7972,0,0,0.506941020488739,0.506941020488739,TN
7973,0,0,0.5488265752792358,0.5488265752792358,TN
7974,0,0,0.5419011116027832,0.5419011116027832,TN
7975,0,0,0.5736925601959229,0.5736925601959229,TN
7976,0,0,0.5301326513290405,0.5301326513290405,TN
7977,0,0,0.5406121611595154,0.5406121611595154,TN
7978,0,0,0.5469127893447876,0.5469127893447876,TN
7979,0,0,0.5352655053138733,0.5352655053138733,TN
7980,0,0,0.5246138572692871,0.5246138572692871,TN
7981,0,0,0.535784125328064,0.535784125328064,TN
7982,0,0,0.5135085582733154,0.5135085582733154,TN
7983,0,0,0.5530581474304199,0.5530581474304199,TN
7984,0,0,0.5520985126495361,0.5520985126495361,TN
7985,0,0,0.5183010101318359,0.5183010101318359,TN
7986,0,0,0.5198208093643188,0.5198208093643188,TN
7987,0,0,0.521030843257904,0.521030843257904,TN
7988,0,0,0.5080699324607849,0.5080699324607849,TN
7989,0,0,0.5244126319885254,0.5244126319885254,TN
7990,0,0,0.516675591468811,0.516675591468811,TN
7991,0,0,0.540157675743103,0.540157675743103,TN
7992,0,0,0.5082784295082092,0.5082784295082092,TN
7993,0,0,0.5136080384254456,0.5136080384254456,TN
7994,0,0,0.554947555065155,0.554947555065155,TN
7995,0,0,0.5303564667701721,0.5303564667701721,TN
7996,0,0,0.5147932171821594,0.5147932171821594,TN
7997,0,0,0.5440906882286072,0.5440906882286072,TN
7998,0,0,0.5277897715568542,0.5277897715568542,TN
7999,0,0,0.5123866200447083,0.5123866200447083,TN
8000,0,0,0.5314074158668518,0.5314074158668518,TN
8001,0,0,0.5411329865455627,0.5411329865455627,TN
8002,0,0,0.5314031839370728,0.5314031839370728,TN
8003,0,0,0.5192767381668091,0.5192767381668091,TN
8004,0,0,0.5221483707427979,0.5221483707427979,TN
8005,0,0,0.5535674095153809,0.5535674095153809,TN
8006,0,0,0.5535701513290405,0.5535701513290405,TN
8007,0,0,0.5441830158233643,0.5441830158233643,TN
8008,0,0,0.5444212555885315,0.5444212555885315,TN
8009,0,0,0.5677911639213562,0.5677911639213562,TN
8010,0,0,0.5412294268608093,0.5412294268608093,TN
8011,0,0,0.5641910433769226,0.5641910433769226,TN
8012,0,0,0.5669521689414978,0.5669521689414978,TN
8013,0,0,0.5538011193275452,0.5538011193275452,TN
8014,0,0,0.5556671023368835,0.5556671023368835,TN
8015,0,0,0.5470328330993652,0.5470328330993652,TN
8016,0,0,0.5579013824462891,0.5579013824462891,TN
8017,0,0,0.5557800531387329,0.5557800531387329,TN
8018,0,0,0.5560692548751831,0.5560692548751831,TN
8019,0,0,0.5440899729728699,0.5440899729728699,TN
8020,0,0,0.5434015989303589,0.5434015989303589,TN
8021,0,0,0.5338125824928284,0.5338125824928284,TN
8022,0,0,0.5565574765205383,0.5565574765205383,TN
8023,0,0,0.535254716873169,0.535254716873169,TN
8024,0,0,0.5368316173553467,0.5368316173553467,TN
8025,0,0,0.5449787974357605,0.5449787974357605,TN
8026,0,0,0.5529698133468628,0.5529698133468628,TN
8027,0,0,0.5568543076515198,0.5568543076515198,TN
8028,0,0,0.5380253791809082,0.5380253791809082,TN
8029,0,0,0.5280777812004089,0.5280777812004089,TN
8030,0,0,0.5328779220581055,0.5328779220581055,TN
8031,0,0,0.5317326188087463,0.5317326188087463,TN
8032,0,0,0.5506961941719055,0.5506961941719055,TN
8033,0,0,0.5495944023132324,0.5495944023132324,TN
8034,0,0,0.5359580516815186,0.5359580516815186,TN
8035,0,0,0.5422728061676025,0.5422728061676025,TN
8036,0,0,0.5494831204414368,0.5494831204414368,TN
8037,0,0,0.5624326467514038,0.5624326467514038,TN
8038,0,0,0.5386233329772949,0.5386233329772949,TN
8039,0,0,0.5251483917236328,0.5251483917236328,TN
8040,0,0,0.5296810269355774,0.5296810269355774,TN
8041,0,0,0.5181934237480164,0.5181934237480164,TN
8042,0,0,0.5309526324272156,0.5309526324272156,TN
8043,0,0,0.5258810520172119,0.5258810520172119,TN
8044,0,0,0.5153076648712158,0.5153076648712158,TN
8045,0,0,0.5194808840751648,0.5194808840751648,TN
8046,0,0,0.5266566276550293,0.5266566276550293,TN
8047,0,0,0.5214165449142456,0.5214165449142456,TN
8048,0,0,0.5437057018280029,0.5437057018280029,TN
8049,0,0,0.5299034714698792,0.5299034714698792,TN
8050,0,0,0.5343650579452515,0.5343650579452515,TN
8051,0,0,0.5264552235603333,0.5264552235603333,TN
8052,0,0,0.526212751865387,0.526212751865387,TN
8053,0,0,0.5197444558143616,0.5197444558143616,TN
8054,0,0,0.5224430561065674,0.5224430561065674,TN
8055,0,0,0.5106170177459717,0.5106170177459717,TN
8056,0,0,0.4940810799598694,0.4940810799598694,TN
8057,0,0,0.4917314648628235,0.4917314648628235,TN
8058,0,1,0.6575914025306702,0.6575914025306702,FP
8059,0,1,0.6388231515884399,0.6388231515884399,FP
8060,0,1,0.7308780550956726,0.7308780550956726,FP
8061,0,1,0.6386535167694092,0.6386535167694092,FP
8062,0,1,0.6333112120628357,0.6333112120628357,FP
8063,0,0,0.611634373664856,0.611634373664856,TN
8064,0,1,0.6175414323806763,0.6175414323806763,FP
8065,0,1,0.6185737252235413,0.6185737252235413,FP
8066,0,1,0.6378120183944702,0.6378120183944702,FP
8067,0,1,0.6222002506256104,0.6222002506256104,FP
8068,0,1,0.61899733543396,0.61899733543396,FP
8069,0,0,0.5942406058311462,0.5942406058311462,TN
8070,0,1,0.6280068755149841,0.6280068755149841,FP
8071,0,0,0.6091863512992859,0.6091863512992859,TN
8072,0,1,0.6489120721817017,0.6489120721817017,FP
8073,0,1,0.6292414665222168,0.6292414665222168,FP
8074,0,1,0.6349306106567383,0.6349306106567383,FP
8075,0,1,0.6438178420066833,0.6438178420066833,FP
8076,0,1,0.6449232697486877,0.6449232697486877,FP
8077,0,0,0.5938560366630554,0.5938560366630554,TN
8078,0,0,0.6080418825149536,0.6080418825149536,TN
8079,0,1,0.6477040648460388,0.6477040648460388,FP
8080,0,0,0.5977466106414795,0.5977466106414795,TN
8081,0,0,0.6112284660339355,0.6112284660339355,TN
8082,0,1,0.6145257353782654,0.6145257353782654,FP
8083,0,1,0.647708535194397,0.647708535194397,FP
8084,0,1,0.6474424600601196,0.6474424600601196,FP
8085,0,1,0.6132634878158569,0.6132634878158569,FP
8086,0,0,0.6120766997337341,0.6120766997337341,TN
8087,0,1,0.6216530799865723,0.6216530799865723,FP
8088,0,0,0.5976489186286926,0.5976489186286926,TN
8089,0,1,0.6261018514633179,0.6261018514633179,FP
8090,0,0,0.6078363656997681,0.6078363656997681,TN
8091,0,0,0.5840585827827454,0.5840585827827454,TN
8092,0,1,0.6410602331161499,0.6410602331161499,FP
8093,0,0,0.5845450758934021,0.5845450758934021,TN
8094,0,0,0.5697996616363525,0.5697996616363525,TN
8095,0,0,0.5679231286048889,0.5679231286048889,TN
8096,0,0,0.5849870443344116,0.5849870443344116,TN
8097,0,0,0.5599783658981323,0.5599783658981323,TN
8098,0,0,0.5611618161201477,0.5611618161201477,TN
8099,0,0,0.5775163173675537,0.5775163173675537,TN
8100,0,0,0.5542080402374268,0.5542080402374268,TN
8101,0,0,0.5702755451202393,0.5702755451202393,TN
8102,0,0,0.5435726046562195,0.5435726046562195,TN
8103,0,0,0.526484489440918,0.526484489440918,TN
8104,0,0,0.5266317129135132,0.5266317129135132,TN
8105,0,0,0.5568808317184448,0.5568808317184448,TN
8106,0,0,0.5522304773330688,0.5522304773330688,TN
8107,0,0,0.5125038027763367,0.5125038027763367,TN
8108,0,0,0.5239282846450806,0.5239282846450806,TN
8109,0,0,0.5303153395652771,0.5303153395652771,TN
8110,0,0,0.5624148845672607,0.5624148845672607,TN
8111,0,0,0.5618549585342407,0.5618549585342407,TN
8112,0,0,0.554705023765564,0.554705023765564,TN
8113,0,0,0.5629392862319946,0.5629392862319946,TN
8114,0,0,0.5749348998069763,0.5749348998069763,TN
8115,0,0,0.5337347984313965,0.5337347984313965,TN
8116,0,0,0.5639609694480896,0.5639609694480896,TN
8117,0,0,0.554094672203064,0.554094672203064,TN
8118,0,0,0.5647280812263489,0.5647280812263489,TN
8119,0,0,0.528186023235321,0.528186023235321,TN
8120,0,0,0.5204359889030457,0.5204359889030457,TN
8121,0,0,0.5565011501312256,0.5565011501312256,TN
8122,0,0,0.5468971133232117,0.5468971133232117,TN
8123,0,0,0.5364116430282593,0.5364116430282593,TN
8124,0,0,0.513506293296814,0.513506293296814,TN
8125,0,0,0.5326829552650452,0.5326829552650452,TN
8126,0,0,0.5579943656921387,0.5579943656921387,TN
8127,0,0,0.5405306220054626,0.5405306220054626,TN
8128,0,0,0.5574613213539124,0.5574613213539124,TN
8129,0,0,0.5494857430458069,0.5494857430458069,TN
8130,0,0,0.5282793641090393,0.5282793641090393,TN
8131,0,0,0.5375215411186218,0.5375215411186218,TN
8132,0,0,0.5173035264015198,0.5173035264015198,TN
8133,0,0,0.5648178458213806,0.5648178458213806,TN
8134,0,0,0.5275247693061829,0.5275247693061829,TN
8135,0,0,0.5426461696624756,0.5426461696624756,TN
8136,0,0,0.5480856895446777,0.5480856895446777,TN
8137,0,0,0.5421483516693115,0.5421483516693115,TN
8138,0,0,0.5544301867485046,0.5544301867485046,TN
8139,0,0,0.5364463329315186,0.5364463329315186,TN
8140,0,0,0.5369489789009094,0.5369489789009094,TN
8141,0,0,0.5538196563720703,0.5538196563720703,TN
8142,0,0,0.5311029553413391,0.5311029553413391,TN
8143,0,0,0.5377480983734131,0.5377480983734131,TN
8144,0,0,0.5563915371894836,0.5563915371894836,TN
8145,0,0,0.5516660213470459,0.5516660213470459,TN
8146,0,0,0.540507972240448,0.540507972240448,TN
8147,0,0,0.5482012033462524,0.5482012033462524,TN
8148,0,0,0.5659410357475281,0.5659410357475281,TN
8149,0,0,0.5560703873634338,0.5560703873634338,TN
8150,0,0,0.5463866591453552,0.5463866591453552,TN
8151,0,0,0.5471744537353516,0.5471744537353516,TN
8152,0,0,0.5582801103591919,0.5582801103591919,TN
8153,0,0,0.5505874156951904,0.5505874156951904,TN
8154,0,0,0.567475438117981,0.567475438117981,TN
8155,0,0,0.5800946950912476,0.5800946950912476,TN
8156,0,0,0.560025155544281,0.560025155544281,TN
8157,0,0,0.584174633026123,0.584174633026123,TN
8158,0,0,0.5456844568252563,0.5456844568252563,TN
8159,0,0,0.5604480504989624,0.5604480504989624,TN
8160,0,0,0.5547911524772644,0.5547911524772644,TN
8161,0,0,0.5885632038116455,0.5885632038116455,TN
8162,0,0,0.5655429363250732,0.5655429363250732,TN
8163,0,0,0.560853123664856,0.560853123664856,TN
8164,0,0,0.5372799634933472,0.5372799634933472,TN
8165,0,0,0.5633292198181152,0.5633292198181152,TN
8166,0,0,0.5898216962814331,0.5898216962814331,TN
8167,0,0,0.540123462677002,0.540123462677002,TN
8168,0,0,0.5384950041770935,0.5384950041770935,TN
8169,0,0,0.5535683631896973,0.5535683631896973,TN
8170,0,0,0.570457935333252,0.570457935333252,TN
8171,0,0,0.5368901491165161,0.5368901491165161,TN
8172,0,0,0.5263849496841431,0.5263849496841431,TN
8173,0,0,0.5886228084564209,0.5886228084564209,TN
8174,0,0,0.5705610513687134,0.5705610513687134,TN
8175,0,0,0.5411211252212524,0.5411211252212524,TN
8176,0,0,0.5155314803123474,0.5155314803123474,TN
8177,0,0,0.5865563750267029,0.5865563750267029,TN
8178,0,0,0.5449384450912476,0.5449384450912476,TN
8179,0,0,0.5256175994873047,0.5256175994873047,TN
8180,0,0,0.5215436220169067,0.5215436220169067,TN
8181,0,0,0.5792009234428406,0.5792009234428406,TN
8182,0,0,0.5799515247344971,0.5799515247344971,TN
8183,0,0,0.5818725824356079,0.5818725824356079,TN
8184,0,0,0.5831299424171448,0.5831299424171448,TN
8185,0,0,0.5955707430839539,0.5955707430839539,TN
8186,0,0,0.5454648733139038,0.5454648733139038,TN
8187,0,0,0.5977728366851807,0.5977728366851807,TN
8188,0,0,0.5758887529373169,0.5758887529373169,TN
8189,0,0,0.5693263411521912,0.5693263411521912,TN
8190,0,0,0.6018030047416687,0.6018030047416687,TN
8191,0,0,0.5923965573310852,0.5923965573310852,TN
8192,0,0,0.6047142148017883,0.6047142148017883,TN
8193,0,0,0.5921301245689392,0.5921301245689392,TN
8194,0,0,0.5898589491844177,0.5898589491844177,TN
8195,0,0,0.5976282358169556,0.5976282358169556,TN
8196,0,0,0.5809224843978882,0.5809224843978882,TN
8197,0,1,0.6137601733207703,0.6137601733207703,FP
8198,0,0,0.5804693102836609,0.5804693102836609,TN
8199,0,0,0.5940071940422058,0.5940071940422058,TN
8200,0,0,0.5775703191757202,0.5775703191757202,TN
8201,0,0,0.568681538105011,0.568681538105011,TN
8202,0,0,0.5536234974861145,0.5536234974861145,TN
8203,0,0,0.5495913028717041,0.5495913028717041,TN
8204,0,0,0.5481275916099548,0.5481275916099548,TN
8205,0,0,0.554799497127533,0.554799497127533,TN
8206,0,0,0.5494289994239807,0.5494289994239807,TN
8207,0,0,0.5600109696388245,0.5600109696388245,TN
8208,0,0,0.5776453614234924,0.5776453614234924,TN
8209,0,0,0.5394800901412964,0.5394800901412964,TN
8210,0,0,0.5398065447807312,0.5398065447807312,TN
8211,0,0,0.560062050819397,0.560062050819397,TN
8212,0,0,0.570311963558197,0.570311963558197,TN
8213,0,0,0.5409197211265564,0.5409197211265564,TN
8214,0,0,0.5406583547592163,0.5406583547592163,TN
8215,0,0,0.6063945293426514,0.6063945293426514,TN
8216,0,0,0.5479635000228882,0.5479635000228882,TN
8217,0,0,0.5394577383995056,0.5394577383995056,TN
8218,0,0,0.5560303330421448,0.5560303330421448,TN
8219,0,0,0.5496596097946167,0.5496596097946167,TN
8220,0,0,0.5597785711288452,0.5597785711288452,TN
8221,0,0,0.5615317821502686,0.5615317821502686,TN
8222,0,0,0.5559136271476746,0.5559136271476746,TN
8223,0,0,0.5870642066001892,0.5870642066001892,TN
8224,0,0,0.5660250186920166,0.5660250186920166,TN
8225,0,0,0.560859203338623,0.560859203338623,TN
8226,0,0,0.5647791624069214,0.5647791624069214,TN
8227,0,0,0.5589577555656433,0.5589577555656433,TN
8228,0,0,0.5752448439598083,0.5752448439598083,TN
8229,0,0,0.56919926404953,0.56919926404953,TN
8230,0,1,0.6136358380317688,0.6136358380317688,FP
8231,0,0,0.5759524703025818,0.5759524703025818,TN
8232,0,0,0.6108040809631348,0.6108040809631348,TN
8233,0,0,0.6069459319114685,0.6069459319114685,TN
8234,0,1,0.6396380662918091,0.6396380662918091,FP
8235,0,1,0.6873040199279785,0.6873040199279785,FP
8236,0,1,0.6671813130378723,0.6671813130378723,FP
8237,0,1,0.7280726432800293,0.7280726432800293,FP
8238,0,1,0.724782407283783,0.724782407283783,FP
8239,0,1,0.7412727475166321,0.7412727475166321,FP
8240,0,1,0.792499840259552,0.792499840259552,FP
8241,0,1,0.8246411085128784,0.8246411085128784,FP
8242,0,1,0.8716891407966614,0.8716891407966614,FP
8243,0,1,0.8881682753562927,0.8881682753562927,FP
8244,1,1,0.9586325883865356,0.9586325883865356,TP
8245,1,1,1.029200553894043,1.029200553894043,TP
8246,1,1,1.1273529529571533,1.1273529529571533,TP
8247,1,1,1.2188241481781006,1.2188241481781006,TP
8248,1,1,1.2408764362335205,1.2408764362335205,TP
8249,1,1,1.362248182296753,1.362248182296753,TP
8250,1,1,1.4685184955596924,1.4685184955596924,TP
8251,1,1,1.6059335470199585,1.6059335470199585,TP
8252,1,1,1.6239498853683472,1.6239498853683472,TP
8253,1,1,1.754245638847351,1.754245638847351,TP
8254,1,1,1.8571929931640625,1.8571929931640625,TP
