sample_id,ground_truth,prediction,anomaly_score,reconstruction_error,classification
0,0,1,1.0177119970321655,1.0177119970321655,FP
1,0,1,1.0185902118682861,1.0185902118682861,FP
2,0,1,1.0461337566375732,1.0461337566375732,FP
3,0,1,0.974720299243927,0.974720299243927,FP
4,0,1,1.001918077468872,1.001918077468872,FP
5,0,1,0.9725565314292908,0.9725565314292908,FP
6,0,1,1.0086451768875122,1.0086451768875122,FP
7,0,1,0.9804298877716064,0.9804298877716064,FP
8,0,1,0.9291762709617615,0.9291762709617615,FP
9,0,1,0.9699350595474243,0.9699350595474243,FP
10,0,1,0.9291917681694031,0.9291917681694031,FP
11,0,1,0.9151554703712463,0.9151554703712463,FP
12,0,1,0.9419019818305969,0.9419019818305969,FP
13,0,1,0.9582664370536804,0.9582664370536804,FP
14,0,1,0.9750856757164001,0.9750856757164001,FP
15,0,1,0.9519351720809937,0.9519351720809937,FP
16,0,1,0.9664003252983093,0.9664003252983093,FP
17,0,1,0.9835204482078552,0.9835204482078552,FP
18,0,1,0.9019075632095337,0.9019075632095337,FP
19,0,1,0.9419581890106201,0.9419581890106201,FP
20,0,1,0.9277610778808594,0.9277610778808594,FP
21,0,1,1.0194398164749146,1.0194398164749146,FP
22,0,1,0.9930332899093628,0.9930332899093628,FP
23,0,1,0.9420844316482544,0.9420844316482544,FP
24,0,1,0.9591593146324158,0.9591593146324158,FP
25,0,1,0.9572576880455017,0.9572576880455017,FP
26,0,1,0.9901150465011597,0.9901150465011597,FP
27,0,1,0.9340518116950989,0.9340518116950989,FP
28,0,1,0.8920000195503235,0.8920000195503235,FP
29,0,1,0.9093612432479858,0.9093612432479858,FP
30,0,1,0.960366427898407,0.960366427898407,FP
31,0,1,0.9511160850524902,0.9511160850524902,FP
32,0,1,1.0061594247817993,1.0061594247817993,FP
33,0,1,0.9563695788383484,0.9563695788383484,FP
34,0,1,0.9427294731140137,0.9427294731140137,FP
35,0,1,0.8931514620780945,0.8931514620780945,FP
36,0,1,0.9375252723693848,0.9375252723693848,FP
37,0,1,0.9598773121833801,0.9598773121833801,FP
38,0,1,0.8897446990013123,0.8897446990013123,FP
39,0,1,0.8837937712669373,0.8837937712669373,FP
40,0,1,0.8754470944404602,0.8754470944404602,FP
41,0,1,0.8931426405906677,0.8931426405906677,FP
42,0,1,0.9216463565826416,0.9216463565826416,FP
43,0,1,0.8872940540313721,0.8872940540313721,FP
44,0,1,0.9298423528671265,0.9298423528671265,FP
45,0,1,0.8733257055282593,0.8733257055282593,FP
46,0,1,0.8728564977645874,0.8728564977645874,FP
47,0,1,0.887474536895752,0.887474536895752,FP
48,0,1,0.9104694128036499,0.9104694128036499,FP
49,0,1,0.9108725190162659,0.9108725190162659,FP
50,0,1,0.8876557350158691,0.8876557350158691,FP
51,0,1,0.8611109852790833,0.8611109852790833,FP
52,0,1,0.8858448266983032,0.8858448266983032,FP
53,0,1,0.878598690032959,0.878598690032959,FP
54,0,1,0.8612499237060547,0.8612499237060547,FP
55,0,1,0.8189383149147034,0.8189383149147034,FP
56,0,1,0.8426854610443115,0.8426854610443115,FP
57,0,1,0.8549256920814514,0.8549256920814514,FP
58,0,1,0.8044183254241943,0.8044183254241943,FP
59,0,1,0.8308389186859131,0.8308389186859131,FP
60,0,1,0.802489697933197,0.802489697933197,FP
61,0,1,0.8215516805648804,0.8215516805648804,FP
62,0,1,0.7955756187438965,0.7955756187438965,FP
63,0,1,0.8056963086128235,0.8056963086128235,FP
64,0,1,0.8124961853027344,0.8124961853027344,FP
65,0,1,0.7968242764472961,0.7968242764472961,FP
66,0,1,0.7893327474594116,0.7893327474594116,FP
67,0,1,0.7759523987770081,0.7759523987770081,FP
68,0,1,0.7733666896820068,0.7733666896820068,FP
69,0,1,0.757884681224823,0.757884681224823,FP
70,0,1,0.7606263756752014,0.7606263756752014,FP
71,0,1,0.7682668566703796,0.7682668566703796,FP
72,0,1,0.7737165689468384,0.7737165689468384,FP
73,0,1,0.748416006565094,0.748416006565094,FP
74,0,1,0.7464762330055237,0.7464762330055237,FP
75,0,1,0.7260886430740356,0.7260886430740356,FP
76,0,1,0.7353912591934204,0.7353912591934204,FP
77,0,1,1.3568304777145386,1.3568304777145386,FP
78,0,1,0.7479045391082764,0.7479045391082764,FP
79,0,1,0.7696026563644409,0.7696026563644409,FP
80,0,1,1.3501803874969482,1.3501803874969482,FP
81,0,1,0.6770536303520203,0.6770536303520203,FP
82,0,1,1.5147203207015991,1.5147203207015991,FP
83,0,1,0.7842222452163696,0.7842222452163696,FP
84,0,1,1.6848762035369873,1.6848762035369873,FP
85,0,1,0.6706295013427734,0.6706295013427734,FP
86,0,1,0.6784646511077881,0.6784646511077881,FP
87,0,1,1.3330845832824707,1.3330845832824707,FP
88,0,1,1.3627448081970215,1.3627448081970215,FP
89,0,1,1.6172475814819336,1.6172475814819336,FP
90,0,1,0.9148317575454712,0.9148317575454712,FP
91,0,1,1.3032257556915283,1.3032257556915283,FP
92,0,1,1.3501499891281128,1.3501499891281128,FP
93,0,1,1.2689896821975708,1.2689896821975708,FP
94,0,1,0.6076186299324036,0.6076186299324036,FP
95,0,1,1.2559443712234497,1.2559443712234497,FP
96,0,1,1.2528221607208252,1.2528221607208252,FP
97,0,1,1.2509682178497314,1.2509682178497314,FP
98,0,1,1.2906157970428467,1.2906157970428467,FP
99,0,1,1.2109700441360474,1.2109700441360474,FP
100,0,1,1.2036131620407104,1.2036131620407104,FP
101,0,1,1.1991764307022095,1.1991764307022095,FP
102,0,1,0.6026293039321899,0.6026293039321899,FP
103,0,1,0.6129395961761475,0.6129395961761475,FP
104,0,1,1.1280287504196167,1.1280287504196167,FP
105,0,1,1.1246109008789062,1.1246109008789062,FP
106,0,1,1.1785948276519775,1.1785948276519775,FP
107,0,1,1.2061561346054077,1.2061561346054077,FP
108,0,1,1.1571639776229858,1.1571639776229858,FP
109,0,1,1.1032840013504028,1.1032840013504028,FP
110,0,1,1.0906105041503906,1.0906105041503906,FP
111,0,1,1.1209946870803833,1.1209946870803833,FP
112,0,1,1.0588772296905518,1.0588772296905518,FP
113,0,1,1.0659621953964233,1.0659621953964233,FP
114,0,1,1.1498451232910156,1.1498451232910156,FP
115,0,1,1.0470763444900513,1.0470763444900513,FP
116,0,1,1.0894994735717773,1.0894994735717773,FP
117,0,1,0.9907422065734863,0.9907422065734863,FP
118,0,1,1.081020712852478,1.081020712852478,FP
119,0,1,1.0689799785614014,1.0689799785614014,FP
120,0,1,1.0160374641418457,1.0160374641418457,FP
121,0,1,1.0692020654678345,1.0692020654678345,FP
122,0,1,1.0726592540740967,1.0726592540740967,FP
123,0,1,0.9944277405738831,0.9944277405738831,FP
124,0,1,0.9686541557312012,0.9686541557312012,FP
125,0,1,0.9455563426017761,0.9455563426017761,FP
126,0,1,0.9531942009925842,0.9531942009925842,FP
127,0,1,0.9673404693603516,0.9673404693603516,FP
128,0,1,0.9702132344245911,0.9702132344245911,FP
129,0,1,0.942057728767395,0.942057728767395,FP
130,0,1,0.9052006602287292,0.9052006602287292,FP
131,0,1,0.8737062215805054,0.8737062215805054,FP
132,0,1,0.9209049344062805,0.9209049344062805,FP
133,0,1,0.9269648194313049,0.9269648194313049,FP
134,0,1,1.222029447555542,1.222029447555542,FP
135,0,1,1.2847890853881836,1.2847890853881836,FP
136,0,1,1.2024286985397339,1.2024286985397339,FP
137,0,1,1.3140145540237427,1.3140145540237427,FP
138,0,1,1.180301547050476,1.180301547050476,FP
139,0,1,1.1501526832580566,1.1501526832580566,FP
140,0,1,1.2326558828353882,1.2326558828353882,FP
141,0,1,1.1543564796447754,1.1543564796447754,FP
142,0,1,1.21499502658844,1.21499502658844,FP
143,0,1,1.1753718852996826,1.1753718852996826,FP
144,0,1,1.1741024255752563,1.1741024255752563,FP
145,0,1,0.5768890380859375,0.5768890380859375,FP
146,0,1,1.149234652519226,1.149234652519226,FP
147,0,1,1.1440505981445312,1.1440505981445312,FP
148,0,1,1.3612655401229858,1.3612655401229858,FP
149,0,1,0.5570138692855835,0.5570138692855835,FP
150,0,1,0.7964733242988586,0.7964733242988586,FP
151,0,1,1.1312731504440308,1.1312731504440308,FP
152,0,1,1.1348280906677246,1.1348280906677246,FP
153,0,1,1.1167434453964233,1.1167434453964233,FP
154,0,1,1.1222255229949951,1.1222255229949951,FP
155,0,1,1.1438449621200562,1.1438449621200562,FP
156,0,1,1.0787235498428345,1.0787235498428345,FP
157,0,1,0.9873722195625305,0.9873722195625305,FP
158,0,1,1.0546574592590332,1.0546574592590332,FP
159,0,1,1.042830228805542,1.042830228805542,FP
160,0,1,1.0819767713546753,1.0819767713546753,FP
161,0,1,1.1182034015655518,1.1182034015655518,FP
162,0,1,1.0389530658721924,1.0389530658721924,FP
163,0,1,1.1114720106124878,1.1114720106124878,FP
164,0,1,1.098392128944397,1.098392128944397,FP
165,0,1,1.013606071472168,1.013606071472168,FP
166,0,1,1.0579167604446411,1.0579167604446411,FP
167,0,1,1.1076936721801758,1.1076936721801758,FP
168,0,1,1.0659959316253662,1.0659959316253662,FP
169,0,1,0.9861775040626526,0.9861775040626526,FP
170,0,1,1.0383886098861694,1.0383886098861694,FP
171,0,1,1.0618482828140259,1.0618482828140259,FP
172,0,1,0.9638417959213257,0.9638417959213257,FP
173,0,1,0.998614490032196,0.998614490032196,FP
174,0,1,0.9641837477684021,0.9641837477684021,FP
175,0,1,0.9561249017715454,0.9561249017715454,FP
176,0,1,0.9643591046333313,0.9643591046333313,FP
177,0,1,0.9543260335922241,0.9543260335922241,FP
178,0,1,1.0335021018981934,1.0335021018981934,FP
179,0,1,0.9698526859283447,0.9698526859283447,FP
180,0,1,0.9900090098381042,0.9900090098381042,FP
181,0,1,0.9272150993347168,0.9272150993347168,FP
182,0,1,0.8955219388008118,0.8955219388008118,FP
183,0,1,0.5210755467414856,0.5210755467414856,FP
184,0,1,0.5335322618484497,0.5335322618484497,FP
185,0,1,0.528062641620636,0.528062641620636,FP
186,0,1,0.5211507081985474,0.5211507081985474,FP
187,0,1,0.5279901623725891,0.5279901623725891,FP
188,0,1,0.5130882263183594,0.5130882263183594,FP
189,0,1,0.5238735675811768,0.5238735675811768,FP
190,0,1,0.5200821161270142,0.5200821161270142,FP
191,0,1,0.5320178270339966,0.5320178270339966,FP
192,0,1,0.5307701826095581,0.5307701826095581,FP
193,0,1,0.529194176197052,0.529194176197052,FP
194,0,1,0.5319972634315491,0.5319972634315491,FP
195,0,1,0.5307289361953735,0.5307289361953735,FP
196,0,1,0.5261594653129578,0.5261594653129578,FP
197,0,1,0.5495918393135071,0.5495918393135071,FP
198,0,1,0.521970808506012,0.521970808506012,FP
199,0,1,0.5220869183540344,0.5220869183540344,FP
200,0,1,0.5366119146347046,0.5366119146347046,FP
201,0,1,1.3018124103546143,1.3018124103546143,FP
202,0,1,1.2405673265457153,1.2405673265457153,FP
203,0,1,1.2243508100509644,1.2243508100509644,FP
204,0,1,0.5586994290351868,0.5586994290351868,FP
205,0,1,0.8407491445541382,0.8407491445541382,FP
206,0,1,1.2424277067184448,1.2424277067184448,FP
207,0,1,1.2269198894500732,1.2269198894500732,FP
208,0,1,1.2411298751831055,1.2411298751831055,FP
209,0,1,1.2087892293930054,1.2087892293930054,FP
210,0,1,1.2111129760742188,1.2111129760742188,FP
211,0,1,1.2275525331497192,1.2275525331497192,FP
212,0,1,1.2100945711135864,1.2100945711135864,FP
213,0,1,1.176703929901123,1.176703929901123,FP
214,0,1,1.242620825767517,1.242620825767517,FP
215,0,1,1.1944624185562134,1.1944624185562134,FP
216,0,1,1.189283013343811,1.189283013343811,FP
217,0,1,1.1883330345153809,1.1883330345153809,FP
218,0,1,1.3382338285446167,1.3382338285446167,FP
219,0,1,0.5801386833190918,0.5801386833190918,FP
220,0,1,1.2361664772033691,1.2361664772033691,FP
221,0,1,0.6266313195228577,0.6266313195228577,FP
222,0,1,1.125188946723938,1.125188946723938,FP
223,0,1,1.125851035118103,1.125851035118103,FP
224,0,1,1.4357486963272095,1.4357486963272095,FP
225,0,1,1.1029930114746094,1.1029930114746094,FP
226,0,1,1.4409915208816528,1.4409915208816528,FP
227,0,1,1.1236892938613892,1.1236892938613892,FP
228,0,1,0.5534031391143799,0.5534031391143799,FP
229,0,1,1.2032657861709595,1.2032657861709595,FP
230,0,1,1.1593910455703735,1.1593910455703735,FP
231,0,1,0.7587558627128601,0.7587558627128601,FP
232,0,1,1.0867799520492554,1.0867799520492554,FP
233,0,1,1.07713782787323,1.07713782787323,FP
234,0,1,1.3942927122116089,1.3942927122116089,FP
235,0,1,1.0609996318817139,1.0609996318817139,FP
236,0,1,1.0547778606414795,1.0547778606414795,FP
237,0,1,1.040889024734497,1.040889024734497,FP
238,0,1,1.0657896995544434,1.0657896995544434,FP
239,0,1,0.9435639977455139,0.9435639977455139,FP
240,0,1,0.9760342240333557,0.9760342240333557,FP
241,0,1,0.9404725432395935,0.9404725432395935,FP
242,0,1,0.9304530620574951,0.9304530620574951,FP
243,0,1,0.9711959958076477,0.9711959958076477,FP
244,0,1,0.943560779094696,0.943560779094696,FP
245,0,1,0.962882399559021,0.962882399559021,FP
246,0,1,0.9703816771507263,0.9703816771507263,FP
247,0,1,1.0266327857971191,1.0266327857971191,FP
248,0,1,0.934156060218811,0.934156060218811,FP
249,0,1,0.9472776055335999,0.9472776055335999,FP
250,0,1,0.9717255234718323,0.9717255234718323,FP
251,0,1,0.9670695662498474,0.9670695662498474,FP
252,0,1,0.9856154918670654,0.9856154918670654,FP
253,0,1,0.962583601474762,0.962583601474762,FP
254,0,1,0.9232712388038635,0.9232712388038635,FP
255,0,1,0.9161757826805115,0.9161757826805115,FP
256,0,1,0.9208044409751892,0.9208044409751892,FP
257,0,1,0.867037832736969,0.867037832736969,FP
258,0,1,0.9030440449714661,0.9030440449714661,FP
259,0,1,0.8979775309562683,0.8979775309562683,FP
260,0,1,0.8625757694244385,0.8625757694244385,FP
261,0,1,0.9027535319328308,0.9027535319328308,FP
262,0,1,0.9274824261665344,0.9274824261665344,FP
263,0,1,0.8704795837402344,0.8704795837402344,FP
264,0,1,0.85332852602005,0.85332852602005,FP
265,0,1,0.8505051136016846,0.8505051136016846,FP
266,0,1,0.8162829875946045,0.8162829875946045,FP
267,0,1,0.856152355670929,0.856152355670929,FP
268,0,1,0.8320614099502563,0.8320614099502563,FP
269,0,1,0.8430433869361877,0.8430433869361877,FP
270,0,1,0.8429820537567139,0.8429820537567139,FP
271,0,1,0.8544646501541138,0.8544646501541138,FP
272,0,1,0.8307527899742126,0.8307527899742126,FP
273,0,1,0.8698460459709167,0.8698460459709167,FP
274,0,1,0.811798632144928,0.811798632144928,FP
275,0,1,0.8423714637756348,0.8423714637756348,FP
276,0,1,0.9007720947265625,0.9007720947265625,FP
277,0,1,0.8124483227729797,0.8124483227729797,FP
278,0,1,0.8508507013320923,0.8508507013320923,FP
279,0,1,0.8637863993644714,0.8637863993644714,FP
280,0,1,0.816180944442749,0.816180944442749,FP
281,0,1,0.8839470148086548,0.8839470148086548,FP
282,0,1,0.8770714402198792,0.8770714402198792,FP
283,0,1,0.8078854084014893,0.8078854084014893,FP
284,0,1,0.8332157135009766,0.8332157135009766,FP
285,0,1,0.8541595339775085,0.8541595339775085,FP
286,0,1,0.8404955267906189,0.8404955267906189,FP
287,0,1,0.8006891012191772,0.8006891012191772,FP
288,0,1,0.789081871509552,0.789081871509552,FP
289,0,1,0.7992498278617859,0.7992498278617859,FP
290,0,1,0.768474280834198,0.768474280834198,FP
291,0,1,0.8187524676322937,0.8187524676322937,FP
292,0,1,0.7846015691757202,0.7846015691757202,FP
293,0,1,0.7693302035331726,0.7693302035331726,FP
294,0,1,0.7793899774551392,0.7793899774551392,FP
295,0,1,0.781684160232544,0.781684160232544,FP
296,0,1,0.7345167398452759,0.7345167398452759,FP
297,0,1,0.7433651685714722,0.7433651685714722,FP
298,0,1,0.7453379034996033,0.7453379034996033,FP
299,0,1,0.7610542178153992,0.7610542178153992,FP
300,0,1,0.720350444316864,0.720350444316864,FP
301,0,1,0.7895164489746094,0.7895164489746094,FP
302,0,1,0.7398800849914551,0.7398800849914551,FP
303,0,1,0.7507376670837402,0.7507376670837402,FP
304,0,1,0.7077622413635254,0.7077622413635254,FP
305,0,1,0.7559958696365356,0.7559958696365356,FP
306,0,1,0.6908566355705261,0.6908566355705261,FP
307,0,1,0.7040724158287048,0.7040724158287048,FP
308,0,1,0.6764492988586426,0.6764492988586426,FP
309,0,1,0.6969299912452698,0.6969299912452698,FP
310,0,1,0.6641387343406677,0.6641387343406677,FP
311,0,1,0.6636430621147156,0.6636430621147156,FP
312,0,1,0.7067248821258545,0.7067248821258545,FP
313,0,1,0.6636077761650085,0.6636077761650085,FP
314,0,1,0.6643297672271729,0.6643297672271729,FP
315,0,1,0.6826345920562744,0.6826345920562744,FP
316,0,1,0.6707552075386047,0.6707552075386047,FP
317,0,1,0.6818774342536926,0.6818774342536926,FP
318,0,1,0.6437679529190063,0.6437679529190063,FP
319,0,1,0.656399667263031,0.656399667263031,FP
320,0,1,0.6392041444778442,0.6392041444778442,FP
321,0,1,0.6326131820678711,0.6326131820678711,FP
322,0,1,0.6527494192123413,0.6527494192123413,FP
323,0,1,0.6232143044471741,0.6232143044471741,FP
324,0,1,0.6315864324569702,0.6315864324569702,FP
325,0,1,0.6513445377349854,0.6513445377349854,FP
326,0,1,0.626695454120636,0.626695454120636,FP
327,0,1,0.6175653338432312,0.6175653338432312,FP
328,0,1,0.6369034647941589,0.6369034647941589,FP
329,0,1,0.618868887424469,0.618868887424469,FP
330,0,1,0.6260731220245361,0.6260731220245361,FP
331,0,1,0.6159254312515259,0.6159254312515259,FP
332,0,1,0.60149085521698,0.60149085521698,FP
333,0,1,0.5908715724945068,0.5908715724945068,FP
334,0,1,0.5804173946380615,0.5804173946380615,FP
335,0,1,0.589047908782959,0.589047908782959,FP
336,0,1,0.5746257305145264,0.5746257305145264,FP
337,0,1,0.5649575591087341,0.5649575591087341,FP
338,0,1,0.5743486285209656,0.5743486285209656,FP
339,0,1,0.5619080066680908,0.5619080066680908,FP
340,0,1,0.5831749439239502,0.5831749439239502,FP
341,0,1,0.5632047057151794,0.5632047057151794,FP
342,0,1,0.5622530579566956,0.5622530579566956,FP
343,0,1,0.568001389503479,0.568001389503479,FP
344,0,1,0.558219850063324,0.558219850063324,FP
345,0,1,0.5564537644386292,0.5564537644386292,FP
346,0,1,0.5538753271102905,0.5538753271102905,FP
347,0,1,0.5633386373519897,0.5633386373519897,FP
348,0,1,0.5434095859527588,0.5434095859527588,FP
349,0,1,0.5396443009376526,0.5396443009376526,FP
350,0,1,0.6044800281524658,0.6044800281524658,FP
351,0,1,0.6029255986213684,0.6029255986213684,FP
352,0,1,0.6197109818458557,0.6197109818458557,FP
353,0,1,0.606365978717804,0.606365978717804,FP
354,0,1,0.611401379108429,0.611401379108429,FP
355,0,1,0.6019231677055359,0.6019231677055359,FP
356,0,1,0.6277914047241211,0.6277914047241211,FP
357,0,1,0.5883981585502625,0.5883981585502625,FP
358,0,1,0.6267741322517395,0.6267741322517395,FP
359,0,1,0.592989444732666,0.592989444732666,FP
360,0,1,0.6040382981300354,0.6040382981300354,FP
361,0,1,0.6099889278411865,0.6099889278411865,FP
362,0,1,0.600716769695282,0.600716769695282,FP
363,0,1,0.6027589440345764,0.6027589440345764,FP
364,0,1,0.5850806832313538,0.5850806832313538,FP
365,0,1,0.5982305407524109,0.5982305407524109,FP
366,0,1,0.6164311170578003,0.6164311170578003,FP
367,0,1,0.5955169796943665,0.5955169796943665,FP
368,0,1,0.6230216026306152,0.6230216026306152,FP
369,0,1,0.6068713665008545,0.6068713665008545,FP
370,0,1,0.6210756897926331,0.6210756897926331,FP
371,0,1,0.6044963002204895,0.6044963002204895,FP
372,0,1,1.1689869165420532,1.1689869165420532,FP
373,0,1,1.7126230001449585,1.7126230001449585,FP
374,0,1,0.8058544993400574,0.8058544993400574,FP
375,0,1,0.6086090207099915,0.6086090207099915,FP
376,0,1,0.6188023686408997,0.6188023686408997,FP
377,0,1,0.6286064982414246,0.6286064982414246,FP
378,0,1,1.6777340173721313,1.6777340173721313,FP
379,0,1,1.6601687669754028,1.6601687669754028,FP
380,0,1,1.6614172458648682,1.6614172458648682,FP
381,0,1,1.020714282989502,1.020714282989502,FP
382,0,1,0.6155745983123779,0.6155745983123779,FP
383,0,1,0.6185870170593262,0.6185870170593262,FP
384,0,1,0.627072274684906,0.627072274684906,FP
385,0,1,0.6248154640197754,0.6248154640197754,FP
386,0,1,0.6486399173736572,0.6486399173736572,FP
387,0,1,0.6233963966369629,0.6233963966369629,FP
388,0,1,0.6107779145240784,0.6107779145240784,FP
389,0,1,0.7170007824897766,0.7170007824897766,FP
390,0,1,0.6357528567314148,0.6357528567314148,FP
391,0,1,1.8754130601882935,1.8754130601882935,FP
392,0,1,1.5219719409942627,1.5219719409942627,FP
393,0,1,1.6593493223190308,1.6593493223190308,FP
394,0,1,1.4892933368682861,1.4892933368682861,FP
395,0,1,1.4808650016784668,1.4808650016784668,FP
396,0,1,1.5528233051300049,1.5528233051300049,FP
397,0,1,0.7209005951881409,0.7209005951881409,FP
398,0,1,1.4493408203125,1.4493408203125,FP
399,0,1,1.6050735712051392,1.6050735712051392,FP
400,0,1,1.4205234050750732,1.4205234050750732,FP
401,0,1,1.502729892730713,1.502729892730713,FP
402,0,1,1.4848757982254028,1.4848757982254028,FP
403,0,1,1.4132332801818848,1.4132332801818848,FP
404,0,1,1.4858912229537964,1.4858912229537964,FP
405,0,1,1.3959449529647827,1.3959449529647827,FP
406,0,1,1.4157204627990723,1.4157204627990723,FP
407,0,1,1.4092408418655396,1.4092408418655396,FP
408,0,1,1.4228781461715698,1.4228781461715698,FP
409,0,1,1.4810051918029785,1.4810051918029785,FP
410,0,1,1.503300666809082,1.503300666809082,FP
411,0,1,1.392126202583313,1.392126202583313,FP
412,0,1,1.4110738039016724,1.4110738039016724,FP
413,0,1,1.3828920125961304,1.3828920125961304,FP
414,0,1,1.3989239931106567,1.3989239931106567,FP
415,0,1,1.3616235256195068,1.3616235256195068,FP
416,0,1,1.3727742433547974,1.3727742433547974,FP
417,0,1,1.444667935371399,1.444667935371399,FP
418,0,1,1.4503753185272217,1.4503753185272217,FP
419,0,1,1.4407386779785156,1.4407386779785156,FP
420,0,1,1.3073104619979858,1.3073104619979858,FP
421,0,1,1.3108429908752441,1.3108429908752441,FP
422,0,1,1.3025511503219604,1.3025511503219604,FP
423,0,1,1.3150314092636108,1.3150314092636108,FP
424,0,1,1.2909550666809082,1.2909550666809082,FP
425,0,1,1.3599553108215332,1.3599553108215332,FP
426,0,1,1.299145221710205,1.299145221710205,FP
427,0,1,1.3267878293991089,1.3267878293991089,FP
428,0,1,1.28818941116333,1.28818941116333,FP
429,0,1,1.277309775352478,1.277309775352478,FP
430,0,1,1.2512931823730469,1.2512931823730469,FP
431,0,1,1.252753734588623,1.252753734588623,FP
432,0,1,1.2913563251495361,1.2913563251495361,FP
433,0,1,1.2272138595581055,1.2272138595581055,FP
434,0,1,1.2409712076187134,1.2409712076187134,FP
435,0,1,1.196853756904602,1.196853756904602,FP
436,0,1,1.224036455154419,1.224036455154419,FP
437,0,1,1.1606988906860352,1.1606988906860352,FP
438,0,1,1.1887601613998413,1.1887601613998413,FP
439,0,1,1.1566581726074219,1.1566581726074219,FP
440,0,1,1.1788039207458496,1.1788039207458496,FP
441,0,1,1.2154953479766846,1.2154953479766846,FP
442,0,1,1.220410704612732,1.220410704612732,FP
443,0,1,1.2665796279907227,1.2665796279907227,FP
444,0,1,1.2189258337020874,1.2189258337020874,FP
445,0,1,1.0745115280151367,1.0745115280151367,FP
446,0,1,1.1525375843048096,1.1525375843048096,FP
447,0,1,1.2128061056137085,1.2128061056137085,FP
448,0,1,1.176010012626648,1.176010012626648,FP
449,0,1,1.2368228435516357,1.2368228435516357,FP
450,0,1,1.149879813194275,1.149879813194275,FP
451,0,1,1.0924928188323975,1.0924928188323975,FP
452,0,1,1.099632740020752,1.099632740020752,FP
453,0,1,1.112788438796997,1.112788438796997,FP
454,0,1,1.106635332107544,1.106635332107544,FP
455,0,1,1.1626135110855103,1.1626135110855103,FP
456,0,1,1.1299110651016235,1.1299110651016235,FP
457,0,1,1.0401579141616821,1.0401579141616821,FP
458,0,1,1.105246663093567,1.105246663093567,FP
459,0,1,1.103331208229065,1.103331208229065,FP
460,0,1,1.062868595123291,1.062868595123291,FP
461,0,1,1.094287395477295,1.094287395477295,FP
462,0,1,1.0749051570892334,1.0749051570892334,FP
463,0,1,1.074160099029541,1.074160099029541,FP
464,0,1,1.061732530593872,1.061732530593872,FP
465,0,1,1.0214320421218872,1.0214320421218872,FP
466,0,1,1.0114022493362427,1.0114022493362427,FP
467,0,1,1.0854723453521729,1.0854723453521729,FP
468,0,1,1.04349946975708,1.04349946975708,FP
469,0,1,1.1091634035110474,1.1091634035110474,FP
470,0,1,0.9889948964118958,0.9889948964118958,FP
471,0,1,1.0930744409561157,1.0930744409561157,FP
472,0,1,1.1424458026885986,1.1424458026885986,FP
473,0,1,0.907523512840271,0.907523512840271,FP
474,0,1,0.917324960231781,0.917324960231781,FP
475,0,1,0.879374086856842,0.879374086856842,FP
476,0,1,0.8904073238372803,0.8904073238372803,FP
477,0,1,0.8834046721458435,0.8834046721458435,FP
478,0,1,0.8775566220283508,0.8775566220283508,FP
479,0,1,0.8847377300262451,0.8847377300262451,FP
480,0,1,0.8706008791923523,0.8706008791923523,FP
481,0,1,0.8838487267494202,0.8838487267494202,FP
482,0,1,0.8491646647453308,0.8491646647453308,FP
483,0,1,0.8358762860298157,0.8358762860298157,FP
484,0,1,0.8304542303085327,0.8304542303085327,FP
485,0,1,0.8323416709899902,0.8323416709899902,FP
486,0,1,0.8494398593902588,0.8494398593902588,FP
487,0,1,0.8437249064445496,0.8437249064445496,FP
488,0,1,0.8441230654716492,0.8441230654716492,FP
489,0,1,0.8405885100364685,0.8405885100364685,FP
490,0,1,0.9393743872642517,0.9393743872642517,FP
491,0,1,0.8737043738365173,0.8737043738365173,FP
492,0,1,0.8398377299308777,0.8398377299308777,FP
493,0,1,0.8175506591796875,0.8175506591796875,FP
494,0,1,0.8329330682754517,0.8329330682754517,FP
495,0,1,0.8270788788795471,0.8270788788795471,FP
496,0,1,0.8165043592453003,0.8165043592453003,FP
497,0,1,0.8009905219078064,0.8009905219078064,FP
498,0,1,0.7918298244476318,0.7918298244476318,FP
499,0,1,0.837658703327179,0.837658703327179,FP
500,0,1,0.7874330282211304,0.7874330282211304,FP
501,0,1,0.8245118856430054,0.8245118856430054,FP
502,0,1,0.8344410061836243,0.8344410061836243,FP
503,0,1,0.8251848816871643,0.8251848816871643,FP
504,0,1,0.8717759847640991,0.8717759847640991,FP
505,0,1,0.8392241597175598,0.8392241597175598,FP
506,0,1,0.8626591563224792,0.8626591563224792,FP
507,0,1,0.8151369690895081,0.8151369690895081,FP
508,0,1,0.8535496592521667,0.8535496592521667,FP
509,0,1,0.8367265462875366,0.8367265462875366,FP
510,0,1,0.8471202254295349,0.8471202254295349,FP
511,0,1,0.8289747834205627,0.8289747834205627,FP
512,0,1,0.8120060563087463,0.8120060563087463,FP
513,0,1,0.8074626922607422,0.8074626922607422,FP
514,0,1,0.7940872311592102,0.7940872311592102,FP
515,0,1,0.8091351985931396,0.8091351985931396,FP
516,0,1,0.7983235120773315,0.7983235120773315,FP
517,0,1,0.8106454610824585,0.8106454610824585,FP
518,0,1,0.80289626121521,0.80289626121521,FP
519,0,1,0.7853416204452515,0.7853416204452515,FP
520,0,1,0.8157469034194946,0.8157469034194946,FP
521,0,1,0.7687612175941467,0.7687612175941467,FP
522,0,1,0.815744936466217,0.815744936466217,FP
523,0,1,0.7986493110656738,0.7986493110656738,FP
524,0,1,0.8714396953582764,0.8714396953582764,FP
525,0,1,0.7791317105293274,0.7791317105293274,FP
526,0,1,0.7665847539901733,0.7665847539901733,FP
527,0,1,0.7911998629570007,0.7911998629570007,FP
528,0,1,0.7615820169448853,0.7615820169448853,FP
529,0,1,0.7725636959075928,0.7725636959075928,FP
530,0,1,0.7591577172279358,0.7591577172279358,FP
531,0,1,0.7304444313049316,0.7304444313049316,FP
532,0,1,0.7326779365539551,0.7326779365539551,FP
533,0,1,0.7429105639457703,0.7429105639457703,FP
534,0,1,0.7593390941619873,0.7593390941619873,FP
535,0,1,0.7119302153587341,0.7119302153587341,FP
536,0,1,0.7270596027374268,0.7270596027374268,FP
537,0,1,0.7002114057540894,0.7002114057540894,FP
538,0,1,0.7341910004615784,0.7341910004615784,FP
539,0,1,0.6832218170166016,0.6832218170166016,FP
540,0,1,0.6954176425933838,0.6954176425933838,FP
541,0,1,0.7226030230522156,0.7226030230522156,FP
542,0,1,0.6943154335021973,0.6943154335021973,FP
543,0,1,0.7076237201690674,0.7076237201690674,FP
544,0,1,0.703559398651123,0.703559398651123,FP
545,0,1,0.7211596965789795,0.7211596965789795,FP
546,0,1,0.7077752947807312,0.7077752947807312,FP
547,0,1,0.6948556303977966,0.6948556303977966,FP
548,0,1,0.6670992970466614,0.6670992970466614,FP
549,0,1,0.7177919149398804,0.7177919149398804,FP
550,0,1,0.6799107193946838,0.6799107193946838,FP
551,0,1,0.661622941493988,0.661622941493988,FP
552,0,1,0.6529691815376282,0.6529691815376282,FP
553,0,1,0.6579482555389404,0.6579482555389404,FP
554,0,1,0.6440393328666687,0.6440393328666687,FP
555,0,1,0.6297122836112976,0.6297122836112976,FP
556,0,1,0.6236850619316101,0.6236850619316101,FP
557,0,1,0.6094588041305542,0.6094588041305542,FP
558,0,1,0.6125138998031616,0.6125138998031616,FP
559,0,1,0.596609890460968,0.596609890460968,FP
560,0,1,0.6031057834625244,0.6031057834625244,FP
561,0,1,0.584496021270752,0.584496021270752,FP
562,0,1,0.5863925814628601,0.5863925814628601,FP
563,0,1,0.579500675201416,0.579500675201416,FP
564,0,1,0.5992829203605652,0.5992829203605652,FP
565,0,1,0.5771989822387695,0.5771989822387695,FP
566,0,1,0.6016740798950195,0.6016740798950195,FP
567,0,1,0.5845595002174377,0.5845595002174377,FP
568,0,1,0.5845578908920288,0.5845578908920288,FP
569,0,1,0.573337733745575,0.573337733745575,FP
570,0,1,0.566221296787262,0.566221296787262,FP
571,0,1,0.5659528374671936,0.5659528374671936,FP
572,0,1,0.5664162635803223,0.5664162635803223,FP
573,0,1,0.5660107135772705,0.5660107135772705,FP
574,0,1,0.5646055340766907,0.5646055340766907,FP
575,0,1,0.5595789551734924,0.5595789551734924,FP
576,0,1,0.5941280126571655,0.5941280126571655,FP
577,0,1,0.5390507578849792,0.5390507578849792,FP
578,0,1,0.5222278833389282,0.5222278833389282,FP
579,0,1,0.5260953903198242,0.5260953903198242,FP
580,0,1,0.5233132839202881,0.5233132839202881,FP
581,0,1,0.5173255801200867,0.5173255801200867,FP
582,0,1,0.5228620767593384,0.5228620767593384,FP
583,0,1,0.5072218179702759,0.5072218179702759,FP
584,0,1,0.5039708614349365,0.5039708614349365,FP
585,0,1,0.5045463442802429,0.5045463442802429,FP
586,0,1,0.49675828218460083,0.49675828218460083,FP
587,0,0,0.4912182688713074,0.4912182688713074,TN
588,0,0,0.4903949499130249,0.4903949499130249,TN
589,0,0,0.4912510812282562,0.4912510812282562,TN
590,0,0,0.49173203110694885,0.49173203110694885,TN
591,0,1,0.4965800940990448,0.4965800940990448,FP
592,0,0,0.48169514536857605,0.48169514536857605,TN
593,0,0,0.48547857999801636,0.48547857999801636,TN
594,0,0,0.48465293645858765,0.48465293645858765,TN
595,0,0,0.48004966974258423,0.48004966974258423,TN
596,0,0,0.4818551540374756,0.4818551540374756,TN
597,0,1,0.5073561668395996,0.5073561668395996,FP
598,0,0,0.486044317483902,0.486044317483902,TN
599,0,0,0.4799056649208069,0.4799056649208069,TN
600,0,1,0.4962608218193054,0.4962608218193054,FP
601,0,1,0.51515793800354,0.51515793800354,FP
602,0,0,0.4864950478076935,0.4864950478076935,TN
603,0,1,0.5173797011375427,0.5173797011375427,FP
604,0,0,0.4935813844203949,0.4935813844203949,TN
605,0,1,0.5344963669776917,0.5344963669776917,FP
606,0,1,0.49720442295074463,0.49720442295074463,FP
607,0,1,0.5240023136138916,0.5240023136138916,FP
608,0,1,0.5064947605133057,0.5064947605133057,FP
609,0,1,0.5042133927345276,0.5042133927345276,FP
610,0,1,0.5540767908096313,0.5540767908096313,FP
611,0,1,0.5748475790023804,0.5748475790023804,FP
612,0,1,0.5685226321220398,0.5685226321220398,FP
613,0,1,0.566568911075592,0.566568911075592,FP
614,0,1,0.5339200496673584,0.5339200496673584,FP
615,0,1,0.5990792512893677,0.5990792512893677,FP
616,0,1,1.302537441253662,1.302537441253662,FP
617,0,1,1.2892699241638184,1.2892699241638184,FP
618,0,1,1.293772578239441,1.293772578239441,FP
619,0,1,1.2864539623260498,1.2864539623260498,FP
620,0,1,1.2752970457077026,1.2752970457077026,FP
621,0,1,1.2487761974334717,1.2487761974334717,FP
622,0,1,1.259963035583496,1.259963035583496,FP
623,0,1,1.2617104053497314,1.2617104053497314,FP
624,0,1,1.237358570098877,1.237358570098877,FP
625,0,1,1.2456488609313965,1.2456488609313965,FP
626,0,1,1.2422665357589722,1.2422665357589722,FP
627,0,1,1.2500293254852295,1.2500293254852295,FP
628,0,1,1.2470284700393677,1.2470284700393677,FP
629,0,1,1.2388386726379395,1.2388386726379395,FP
630,0,1,1.2300769090652466,1.2300769090652466,FP
631,0,1,1.2158900499343872,1.2158900499343872,FP
632,0,1,1.2313162088394165,1.2313162088394165,FP
633,0,1,1.2529079914093018,1.2529079914093018,FP
634,0,1,1.2428985834121704,1.2428985834121704,FP
635,0,1,1.2370805740356445,1.2370805740356445,FP
636,0,1,1.2275383472442627,1.2275383472442627,FP
637,0,1,1.2305002212524414,1.2305002212524414,FP
638,0,1,1.2115488052368164,1.2115488052368164,FP
639,0,1,1.2196171283721924,1.2196171283721924,FP
640,0,1,1.2066797018051147,1.2066797018051147,FP
641,0,1,1.2131192684173584,1.2131192684173584,FP
642,0,1,1.2006146907806396,1.2006146907806396,FP
643,0,1,1.1846545934677124,1.1846545934677124,FP
644,0,1,1.1720668077468872,1.1720668077468872,FP
645,0,1,1.1701644659042358,1.1701644659042358,FP
646,0,1,1.174747109413147,1.174747109413147,FP
647,0,1,1.1795227527618408,1.1795227527618408,FP
648,0,1,1.164741039276123,1.164741039276123,FP
649,0,1,1.1498842239379883,1.1498842239379883,FP
650,0,1,1.011216640472412,1.011216640472412,FP
651,0,1,0.9925615191459656,0.9925615191459656,FP
652,0,1,0.9980578422546387,0.9980578422546387,FP
653,0,1,1.0125476121902466,1.0125476121902466,FP
654,0,1,1.0005871057510376,1.0005871057510376,FP
655,0,1,1.0159579515457153,1.0159579515457153,FP
656,0,1,1.0384989976882935,1.0384989976882935,FP
657,0,1,0.9788652062416077,0.9788652062416077,FP
658,0,1,1.0093748569488525,1.0093748569488525,FP
659,0,1,1.0050134658813477,1.0050134658813477,FP
660,0,1,1.0591174364089966,1.0591174364089966,FP
661,0,1,1.1348880529403687,1.1348880529403687,FP
662,0,1,1.0164815187454224,1.0164815187454224,FP
663,0,1,1.0203664302825928,1.0203664302825928,FP
664,0,1,1.0285319089889526,1.0285319089889526,FP
665,0,1,0.9884570837020874,0.9884570837020874,FP
666,0,1,1.0049290657043457,1.0049290657043457,FP
667,0,1,1.0340664386749268,1.0340664386749268,FP
668,0,1,0.9650287628173828,0.9650287628173828,FP
669,0,1,1.00979745388031,1.00979745388031,FP
670,0,1,0.9655698537826538,0.9655698537826538,FP
671,0,1,0.9479515552520752,0.9479515552520752,FP
672,0,1,0.9580535888671875,0.9580535888671875,FP
673,0,1,0.9739903211593628,0.9739903211593628,FP
674,0,1,1.0435397624969482,1.0435397624969482,FP
675,0,1,0.9155529737472534,0.9155529737472534,FP
676,0,1,0.9390836358070374,0.9390836358070374,FP
677,0,1,0.9311174750328064,0.9311174750328064,FP
678,0,1,0.9463984966278076,0.9463984966278076,FP
679,0,1,0.8882236480712891,0.8882236480712891,FP
680,0,1,0.893775999546051,0.893775999546051,FP
681,0,1,0.9427716135978699,0.9427716135978699,FP
682,0,1,0.9696033000946045,0.9696033000946045,FP
683,0,1,0.9655173420906067,0.9655173420906067,FP
684,0,1,0.9046084880828857,0.9046084880828857,FP
685,0,1,0.8640109896659851,0.8640109896659851,FP
686,0,1,0.8435491323471069,0.8435491323471069,FP
687,0,1,0.8387570381164551,0.8387570381164551,FP
688,0,1,0.8451995849609375,0.8451995849609375,FP
689,0,1,0.8464310169219971,0.8464310169219971,FP
690,0,1,0.8511121273040771,0.8511121273040771,FP
691,0,1,0.8443681597709656,0.8443681597709656,FP
692,0,1,0.8358817100524902,0.8358817100524902,FP
693,0,1,0.878854513168335,0.878854513168335,FP
694,0,1,0.8240358233451843,0.8240358233451843,FP
695,0,1,0.8518238067626953,0.8518238067626953,FP
696,0,1,0.789691150188446,0.789691150188446,FP
697,0,1,0.857155442237854,0.857155442237854,FP
698,0,1,0.8004708886146545,0.8004708886146545,FP
699,0,1,0.8091228604316711,0.8091228604316711,FP
700,0,1,0.7974324226379395,0.7974324226379395,FP
701,0,1,0.8844085931777954,0.8844085931777954,FP
702,0,1,0.8441857099533081,0.8441857099533081,FP
703,0,1,0.8147948980331421,0.8147948980331421,FP
704,0,1,0.7864600419998169,0.7864600419998169,FP
705,0,1,0.7915875911712646,0.7915875911712646,FP
706,0,1,0.8016561269760132,0.8016561269760132,FP
707,0,1,0.8131700158119202,0.8131700158119202,FP
708,0,1,0.8165504336357117,0.8165504336357117,FP
709,0,1,0.7699763774871826,0.7699763774871826,FP
710,0,1,0.766069233417511,0.766069233417511,FP
711,0,1,0.7477596402168274,0.7477596402168274,FP
712,0,1,0.7701662182807922,0.7701662182807922,FP
713,0,1,0.7554392218589783,0.7554392218589783,FP
714,0,1,0.7534990906715393,0.7534990906715393,FP
715,0,1,0.7519109845161438,0.7519109845161438,FP
716,0,1,0.7406335473060608,0.7406335473060608,FP
717,0,1,0.8015711307525635,0.8015711307525635,FP
718,0,1,0.7580685615539551,0.7580685615539551,FP
719,0,1,0.7470609545707703,0.7470609545707703,FP
720,0,1,0.7537059187889099,0.7537059187889099,FP
721,0,1,0.7726574540138245,0.7726574540138245,FP
722,0,1,0.7952774167060852,0.7952774167060852,FP
723,0,1,0.8078510165214539,0.8078510165214539,FP
724,0,1,0.7297856211662292,0.7297856211662292,FP
725,0,1,0.7048631310462952,0.7048631310462952,FP
726,0,1,0.7247511148452759,0.7247511148452759,FP
727,0,1,0.7589055895805359,0.7589055895805359,FP
728,0,1,0.7712422013282776,0.7712422013282776,FP
729,0,1,0.7285197973251343,0.7285197973251343,FP
730,0,1,0.7298734784126282,0.7298734784126282,FP
731,0,1,0.7545774579048157,0.7545774579048157,FP
732,0,1,0.7021329402923584,0.7021329402923584,FP
733,0,1,0.7167413234710693,0.7167413234710693,FP
734,0,1,0.6980241537094116,0.6980241537094116,FP
735,0,1,0.7144288420677185,0.7144288420677185,FP
736,0,1,0.7418828010559082,0.7418828010559082,FP
737,0,1,0.6885037422180176,0.6885037422180176,FP
738,0,1,0.7145130038261414,0.7145130038261414,FP
739,0,1,0.6951611042022705,0.6951611042022705,FP
740,0,1,0.717397153377533,0.717397153377533,FP
741,0,1,0.6928152441978455,0.6928152441978455,FP
742,0,1,0.7063642144203186,0.7063642144203186,FP
743,0,1,0.7030535936355591,0.7030535936355591,FP
744,0,1,0.7175920009613037,0.7175920009613037,FP
745,0,1,0.667188286781311,0.667188286781311,FP
746,0,1,0.6718377470970154,0.6718377470970154,FP
747,0,1,0.681023359298706,0.681023359298706,FP
748,0,1,0.6430037617683411,0.6430037617683411,FP
749,0,1,0.6398425102233887,0.6398425102233887,FP
750,0,1,0.6305931210517883,0.6305931210517883,FP
751,0,1,0.6357184648513794,0.6357184648513794,FP
752,0,1,0.643046498298645,0.643046498298645,FP
753,0,1,0.6454522013664246,0.6454522013664246,FP
754,0,1,0.6156961917877197,0.6156961917877197,FP
755,0,1,0.6187309622764587,0.6187309622764587,FP
756,0,1,0.6535614728927612,0.6535614728927612,FP
757,0,1,0.6431653499603271,0.6431653499603271,FP
758,0,1,0.6003597974777222,0.6003597974777222,FP
759,0,1,0.6120689511299133,0.6120689511299133,FP
760,0,1,0.6007782816886902,0.6007782816886902,FP
761,0,1,0.6019180417060852,0.6019180417060852,FP
762,0,1,0.6244874000549316,0.6244874000549316,FP
763,0,1,0.6047571301460266,0.6047571301460266,FP
764,0,1,0.6015990972518921,0.6015990972518921,FP
765,0,1,0.5979619026184082,0.5979619026184082,FP
766,0,1,0.6176201105117798,0.6176201105117798,FP
767,0,1,0.5982030034065247,0.5982030034065247,FP
768,0,1,0.5887219905853271,0.5887219905853271,FP
769,0,1,0.5895499587059021,0.5895499587059021,FP
770,0,1,0.57379549741745,0.57379549741745,FP
771,0,1,0.5823976993560791,0.5823976993560791,FP
772,0,1,0.5784959197044373,0.5784959197044373,FP
773,0,1,0.5677508115768433,0.5677508115768433,FP
774,0,1,0.5627477169036865,0.5627477169036865,FP
775,0,1,0.5573168396949768,0.5573168396949768,FP
776,0,1,0.5677165389060974,0.5677165389060974,FP
777,0,1,0.5608701109886169,0.5608701109886169,FP
778,0,1,0.5604605078697205,0.5604605078697205,FP
779,0,1,0.5621699094772339,0.5621699094772339,FP
780,0,1,0.5709955096244812,0.5709955096244812,FP
781,0,1,0.5852725505828857,0.5852725505828857,FP
782,0,1,0.5717864036560059,0.5717864036560059,FP
783,0,1,0.5653928518295288,0.5653928518295288,FP
784,0,1,0.5682899951934814,0.5682899951934814,FP
785,0,1,0.5636441707611084,0.5636441707611084,FP
786,0,1,0.5668521523475647,0.5668521523475647,FP
787,0,1,0.5621243715286255,0.5621243715286255,FP
788,0,1,0.5772356986999512,0.5772356986999512,FP
789,0,1,0.5578239560127258,0.5578239560127258,FP
790,0,1,0.5512086153030396,0.5512086153030396,FP
791,0,1,0.5658644437789917,0.5658644437789917,FP
792,0,1,0.5617784857749939,0.5617784857749939,FP
793,0,1,0.5444358587265015,0.5444358587265015,FP
794,0,1,0.5445672869682312,0.5445672869682312,FP
795,0,1,0.5430161952972412,0.5430161952972412,FP
796,0,1,0.5471745133399963,0.5471745133399963,FP
797,0,1,0.5444172024726868,0.5444172024726868,FP
798,0,1,0.5427861213684082,0.5427861213684082,FP
799,0,1,0.5404616594314575,0.5404616594314575,FP
800,0,1,0.5440226793289185,0.5440226793289185,FP
801,0,1,0.5339526534080505,0.5339526534080505,FP
802,0,1,0.5379398465156555,0.5379398465156555,FP
803,0,1,0.5446312427520752,0.5446312427520752,FP
804,0,1,0.5391155481338501,0.5391155481338501,FP
805,0,1,0.5489576458930969,0.5489576458930969,FP
806,0,1,0.5351362228393555,0.5351362228393555,FP
807,0,1,0.527773380279541,0.527773380279541,FP
808,0,1,0.5261010527610779,0.5261010527610779,FP
809,0,1,0.5237057209014893,0.5237057209014893,FP
810,0,1,0.5256067514419556,0.5256067514419556,FP
811,0,1,0.5389925241470337,0.5389925241470337,FP
812,0,1,0.5252119302749634,0.5252119302749634,FP
813,0,1,0.5207821130752563,0.5207821130752563,FP
814,0,1,0.5169459581375122,0.5169459581375122,FP
815,0,1,0.5187972187995911,0.5187972187995911,FP
816,0,1,0.5145782828330994,0.5145782828330994,FP
817,0,1,0.514711320400238,0.514711320400238,FP
818,0,1,0.9073948860168457,0.9073948860168457,FP
819,0,1,0.8947418928146362,0.8947418928146362,FP
820,0,1,0.8917454481124878,0.8917454481124878,FP
821,0,1,0.8890830278396606,0.8890830278396606,FP
822,0,1,0.8634097576141357,0.8634097576141357,FP
823,0,1,0.9208528995513916,0.9208528995513916,FP
824,0,1,0.9175839424133301,0.9175839424133301,FP
825,0,1,0.8687204718589783,0.8687204718589783,FP
826,0,1,0.8816596269607544,0.8816596269607544,FP
827,0,1,0.9206903576850891,0.9206903576850891,FP
828,0,1,0.8667187690734863,0.8667187690734863,FP
829,0,1,0.8542155623435974,0.8542155623435974,FP
830,0,1,0.8651185035705566,0.8651185035705566,FP
831,0,1,0.8821582794189453,0.8821582794189453,FP
832,0,1,0.9171423316001892,0.9171423316001892,FP
833,0,1,0.8608880639076233,0.8608880639076233,FP
834,0,1,0.87209153175354,0.87209153175354,FP
835,0,1,0.8755919933319092,0.8755919933319092,FP
836,0,1,0.8832334876060486,0.8832334876060486,FP
837,0,1,0.8165629506111145,0.8165629506111145,FP
838,0,1,0.8205116987228394,0.8205116987228394,FP
839,0,1,0.8112938404083252,0.8112938404083252,FP
840,0,1,0.7940798997879028,0.7940798997879028,FP
841,0,1,0.8192135691642761,0.8192135691642761,FP
842,0,1,0.79627525806427,0.79627525806427,FP
843,0,1,0.8351208567619324,0.8351208567619324,FP
844,0,1,0.8100958466529846,0.8100958466529846,FP
845,0,1,0.8112605214118958,0.8112605214118958,FP
846,0,1,0.7928903102874756,0.7928903102874756,FP
847,0,1,0.8105732798576355,0.8105732798576355,FP
848,0,1,0.7892377972602844,0.7892377972602844,FP
849,0,1,0.7902180552482605,0.7902180552482605,FP
850,0,1,0.7856047749519348,0.7856047749519348,FP
851,0,1,0.7664631605148315,0.7664631605148315,FP
852,0,1,0.7886306643486023,0.7886306643486023,FP
853,0,1,0.7521332502365112,0.7521332502365112,FP
854,0,1,0.745612382888794,0.745612382888794,FP
855,0,1,0.7364603281021118,0.7364603281021118,FP
856,0,1,0.7300291657447815,0.7300291657447815,FP
857,0,1,0.745018482208252,0.745018482208252,FP
858,0,1,0.7526616454124451,0.7526616454124451,FP
859,0,1,0.7107124924659729,0.7107124924659729,FP
860,0,1,0.7233180403709412,0.7233180403709412,FP
861,0,1,0.7356343269348145,0.7356343269348145,FP
862,0,1,0.7264199256896973,0.7264199256896973,FP
863,0,1,0.7084003686904907,0.7084003686904907,FP
864,0,1,0.7084366083145142,0.7084366083145142,FP
865,0,1,0.6843690276145935,0.6843690276145935,FP
866,0,1,0.7010899186134338,0.7010899186134338,FP
867,0,1,0.7339467406272888,0.7339467406272888,FP
868,0,1,0.7539820671081543,0.7539820671081543,FP
869,0,1,0.7070852518081665,0.7070852518081665,FP
870,0,1,0.7071401476860046,0.7071401476860046,FP
871,0,1,0.7003136277198792,0.7003136277198792,FP
872,0,1,0.6927763223648071,0.6927763223648071,FP
873,0,1,0.6923295855522156,0.6923295855522156,FP
874,0,1,0.6829980611801147,0.6829980611801147,FP
875,0,1,0.7452042102813721,0.7452042102813721,FP
876,0,1,0.6632360816001892,0.6632360816001892,FP
877,0,1,0.6699466109275818,0.6699466109275818,FP
878,0,1,0.6747636198997498,0.6747636198997498,FP
879,0,1,0.665282130241394,0.665282130241394,FP
880,0,1,0.6987872123718262,0.6987872123718262,FP
881,0,1,0.6782753467559814,0.6782753467559814,FP
882,0,1,0.6487999558448792,0.6487999558448792,FP
883,0,1,0.6794270873069763,0.6794270873069763,FP
884,0,1,0.6542641520500183,0.6542641520500183,FP
885,0,1,0.6443508267402649,0.6443508267402649,FP
886,0,1,0.6396009922027588,0.6396009922027588,FP
887,0,1,0.6265157461166382,0.6265157461166382,FP
888,0,1,0.6285285353660583,0.6285285353660583,FP
889,0,1,0.6007362604141235,0.6007362604141235,FP
890,0,1,0.5944787263870239,0.5944787263870239,FP
891,0,1,0.6026562452316284,0.6026562452316284,FP
892,0,1,0.5818967223167419,0.5818967223167419,FP
893,0,1,0.565377414226532,0.565377414226532,FP
894,0,1,0.5636070966720581,0.5636070966720581,FP
895,0,1,0.5615174174308777,0.5615174174308777,FP
896,0,1,0.5570532083511353,0.5570532083511353,FP
897,0,1,0.5521737933158875,0.5521737933158875,FP
898,0,1,0.5548834800720215,0.5548834800720215,FP
899,0,1,0.5608239769935608,0.5608239769935608,FP
900,0,1,0.553733766078949,0.553733766078949,FP
901,0,1,0.5740664005279541,0.5740664005279541,FP
902,0,1,0.5425254106521606,0.5425254106521606,FP
903,0,1,0.5679153203964233,0.5679153203964233,FP
904,0,1,0.5535487532615662,0.5535487532615662,FP
905,0,1,0.5413702130317688,0.5413702130317688,FP
906,0,1,0.530690610408783,0.530690610408783,FP
907,0,1,0.5391114950180054,0.5391114950180054,FP
908,0,1,0.5301481485366821,0.5301481485366821,FP
909,0,1,0.5228015184402466,0.5228015184402466,FP
910,0,1,0.5288127660751343,0.5288127660751343,FP
911,0,1,0.5257928371429443,0.5257928371429443,FP
912,0,1,0.526048481464386,0.526048481464386,FP
913,0,1,0.5311571359634399,0.5311571359634399,FP
914,0,1,0.5420124530792236,0.5420124530792236,FP
915,0,1,0.5219164490699768,0.5219164490699768,FP
916,0,1,0.511793315410614,0.511793315410614,FP
917,0,1,0.5157060623168945,0.5157060623168945,FP
918,0,1,0.5067666172981262,0.5067666172981262,FP
919,0,1,0.5047636032104492,0.5047636032104492,FP
920,0,1,0.49505943059921265,0.49505943059921265,FP
921,0,1,0.4948315918445587,0.4948315918445587,FP
922,0,1,0.4986916482448578,0.4986916482448578,FP
923,0,0,0.4926910698413849,0.4926910698413849,TN
924,0,0,0.49197375774383545,0.49197375774383545,TN
925,0,1,0.493940532207489,0.493940532207489,FP
926,0,0,0.48025262355804443,0.48025262355804443,TN
927,0,0,0.48420703411102295,0.48420703411102295,TN
928,0,1,0.4940882921218872,0.4940882921218872,FP
929,0,1,0.49697864055633545,0.49697864055633545,FP
930,0,1,0.4973680377006531,0.4973680377006531,FP
931,0,1,0.4960196316242218,0.4960196316242218,FP
932,0,1,0.5132737159729004,0.5132737159729004,FP
933,0,1,0.5203161835670471,0.5203161835670471,FP
934,0,1,0.5045716762542725,0.5045716762542725,FP
935,0,1,0.505785346031189,0.505785346031189,FP
936,0,1,0.5080932974815369,0.5080932974815369,FP
937,0,1,0.5068570971488953,0.5068570971488953,FP
938,0,1,0.5111460089683533,0.5111460089683533,FP
939,0,1,0.5194058418273926,0.5194058418273926,FP
940,0,1,0.5204174518585205,0.5204174518585205,FP
941,0,1,0.5136211514472961,0.5136211514472961,FP
942,0,1,0.50201016664505,0.50201016664505,FP
943,0,1,0.49746987223625183,0.49746987223625183,FP
944,0,1,0.5028716325759888,0.5028716325759888,FP
945,0,1,0.6727101802825928,0.6727101802825928,FP
946,0,1,0.49601060152053833,0.49601060152053833,FP
947,0,1,0.5053907036781311,0.5053907036781311,FP
948,0,1,0.5204553604125977,0.5204553604125977,FP
949,0,1,0.519563615322113,0.519563615322113,FP
950,0,0,0.4918081760406494,0.4918081760406494,TN
951,0,0,0.4909765124320984,0.4909765124320984,TN
952,0,1,0.49434375762939453,0.49434375762939453,FP
953,0,0,0.4745060205459595,0.4745060205459595,TN
954,0,0,0.4641096591949463,0.4641096591949463,TN
955,0,1,0.5349839329719543,0.5349839329719543,FP
956,0,0,0.4744311571121216,0.4744311571121216,TN
957,0,1,0.5073565244674683,0.5073565244674683,FP
958,0,0,0.48672690987586975,0.48672690987586975,TN
959,0,1,0.5147479772567749,0.5147479772567749,FP
960,0,1,0.5676261782646179,0.5676261782646179,FP
961,0,1,0.5353715419769287,0.5353715419769287,FP
962,0,1,0.528010904788971,0.528010904788971,FP
963,0,1,0.5537863969802856,0.5537863969802856,FP
964,0,1,0.7138513326644897,0.7138513326644897,FP
965,0,1,0.7039685249328613,0.7039685249328613,FP
966,0,1,0.7393604516983032,0.7393604516983032,FP
967,0,1,0.7094085216522217,0.7094085216522217,FP
968,0,1,0.7371232509613037,0.7371232509613037,FP
969,0,1,0.6973710656166077,0.6973710656166077,FP
970,0,1,0.6847770810127258,0.6847770810127258,FP
971,0,1,0.6898741126060486,0.6898741126060486,FP
972,0,1,0.676443338394165,0.676443338394165,FP
973,0,1,0.6629264950752258,0.6629264950752258,FP
974,0,1,0.6545997858047485,0.6545997858047485,FP
975,0,1,0.6670787930488586,0.6670787930488586,FP
976,0,1,0.6589455604553223,0.6589455604553223,FP
977,0,1,0.6475716233253479,0.6475716233253479,FP
978,0,1,0.6780851483345032,0.6780851483345032,FP
979,0,1,0.6521614789962769,0.6521614789962769,FP
980,0,1,0.6393190622329712,0.6393190622329712,FP
981,0,1,0.6343339681625366,0.6343339681625366,FP
982,0,1,0.638877272605896,0.638877272605896,FP
983,0,1,0.6409576535224915,0.6409576535224915,FP
984,0,1,0.6625543832778931,0.6625543832778931,FP
985,0,1,0.6399334073066711,0.6399334073066711,FP
986,0,1,0.641965925693512,0.641965925693512,FP
987,0,1,0.6377608776092529,0.6377608776092529,FP
988,0,1,0.6438604593276978,0.6438604593276978,FP
989,0,1,0.6267406940460205,0.6267406940460205,FP
990,0,1,0.615456223487854,0.615456223487854,FP
991,0,1,0.8496286273002625,0.8496286273002625,FP
992,0,1,0.8491377830505371,0.8491377830505371,FP
993,0,1,0.8760334849357605,0.8760334849357605,FP
994,0,1,1.494096040725708,1.494096040725708,FP
995,0,1,0.835174560546875,0.835174560546875,FP
996,0,1,0.8381001949310303,0.8381001949310303,FP
997,0,1,0.8341026306152344,0.8341026306152344,FP
998,0,1,0.8370295166969299,0.8370295166969299,FP
999,0,1,0.827384352684021,0.827384352684021,FP
1000,0,1,0.8548262119293213,0.8548262119293213,FP
1001,0,1,0.8181753754615784,0.8181753754615784,FP
1002,0,1,0.8279339671134949,0.8279339671134949,FP
1003,0,1,0.8212149143218994,0.8212149143218994,FP
1004,0,1,0.805428683757782,0.805428683757782,FP
1005,0,1,0.8029749393463135,0.8029749393463135,FP
1006,0,1,0.8058174252510071,0.8058174252510071,FP
1007,0,1,0.7952249646186829,0.7952249646186829,FP
1008,0,1,0.7921937704086304,0.7921937704086304,FP
1009,0,1,0.8047444820404053,0.8047444820404053,FP
1010,0,1,0.7769086360931396,0.7769086360931396,FP
1011,0,1,0.7578085064888,0.7578085064888,FP
1012,0,1,0.7541128396987915,0.7541128396987915,FP
1013,0,1,0.792702317237854,0.792702317237854,FP
1014,0,1,0.769743800163269,0.769743800163269,FP
1015,0,1,0.7761592864990234,0.7761592864990234,FP
1016,0,1,0.7642366886138916,0.7642366886138916,FP
1017,0,1,0.7408774495124817,0.7408774495124817,FP
1018,0,1,0.7366465926170349,0.7366465926170349,FP
1019,0,1,0.7477564811706543,0.7477564811706543,FP
1020,0,1,0.7333001494407654,0.7333001494407654,FP
1021,0,1,0.7256544232368469,0.7256544232368469,FP
1022,0,1,0.7170866131782532,0.7170866131782532,FP
1023,0,1,0.721792995929718,0.721792995929718,FP
1024,0,1,0.7121873497962952,0.7121873497962952,FP
1025,0,1,0.7023870944976807,0.7023870944976807,FP
1026,0,1,0.7203126549720764,0.7203126549720764,FP
1027,0,1,0.7165713310241699,0.7165713310241699,FP
1028,0,1,0.7168060541152954,0.7168060541152954,FP
1029,0,1,0.690733790397644,0.690733790397644,FP
1030,0,1,0.7020809650421143,0.7020809650421143,FP
1031,0,1,0.6910903453826904,0.6910903453826904,FP
1032,0,1,0.6974277496337891,0.6974277496337891,FP
1033,0,1,0.6908593773841858,0.6908593773841858,FP
1034,0,1,0.695960521697998,0.695960521697998,FP
1035,0,1,0.677203893661499,0.677203893661499,FP
1036,0,1,0.6743823885917664,0.6743823885917664,FP
1037,0,1,0.6811427474021912,0.6811427474021912,FP
1038,0,1,0.6675702929496765,0.6675702929496765,FP
1039,0,1,0.6584216952323914,0.6584216952323914,FP
1040,0,1,0.6500118374824524,0.6500118374824524,FP
1041,0,1,0.6505693197250366,0.6505693197250366,FP
1042,0,1,0.6500158905982971,0.6500158905982971,FP
1043,0,1,0.6450672745704651,0.6450672745704651,FP
1044,0,1,0.6493638753890991,0.6493638753890991,FP
1045,0,1,0.6333556175231934,0.6333556175231934,FP
1046,0,1,0.621354877948761,0.621354877948761,FP
1047,0,1,0.6203662753105164,0.6203662753105164,FP
1048,0,1,0.6263495087623596,0.6263495087623596,FP
1049,0,1,0.6125222444534302,0.6125222444534302,FP
1050,0,1,0.6207677721977234,0.6207677721977234,FP
1051,0,1,0.6050692796707153,0.6050692796707153,FP
1052,0,1,0.5980067253112793,0.5980067253112793,FP
1053,0,1,0.5904218554496765,0.5904218554496765,FP
1054,0,1,0.5879051089286804,0.5879051089286804,FP
1055,0,1,0.8157386779785156,0.8157386779785156,FP
1056,0,1,0.8118169903755188,0.8118169903755188,FP
1057,0,1,0.8094779849052429,0.8094779849052429,FP
1058,0,1,0.7904543876647949,0.7904543876647949,FP
1059,0,1,0.7881432175636292,0.7881432175636292,FP
1060,0,1,0.7821887731552124,0.7821887731552124,FP
1061,0,1,0.7980185747146606,0.7980185747146606,FP
1062,0,1,0.7938618659973145,0.7938618659973145,FP
1063,0,1,0.7701573371887207,0.7701573371887207,FP
1064,0,1,0.7883633971214294,0.7883633971214294,FP
1065,0,1,0.7502460479736328,0.7502460479736328,FP
1066,0,1,0.7440100908279419,0.7440100908279419,FP
1067,0,1,0.7552016973495483,0.7552016973495483,FP
1068,0,1,0.7544602751731873,0.7544602751731873,FP
1069,0,1,0.7478658556938171,0.7478658556938171,FP
1070,0,1,0.7335574626922607,0.7335574626922607,FP
1071,0,1,0.7250248193740845,0.7250248193740845,FP
1072,0,1,0.7422013282775879,0.7422013282775879,FP
1073,0,1,0.7411490082740784,0.7411490082740784,FP
1074,0,1,0.7323966026306152,0.7323966026306152,FP
1075,0,1,0.7247808575630188,0.7247808575630188,FP
1076,0,1,0.7212889194488525,0.7212889194488525,FP
1077,0,1,0.7149530649185181,0.7149530649185181,FP
1078,0,1,0.7030437588691711,0.7030437588691711,FP
1079,0,1,0.7118986248970032,0.7118986248970032,FP
1080,0,1,0.6993139386177063,0.6993139386177063,FP
1081,0,1,0.6954404711723328,0.6954404711723328,FP
1082,0,1,0.7003558874130249,0.7003558874130249,FP
1083,0,1,0.6901669502258301,0.6901669502258301,FP
1084,0,1,0.6893720030784607,0.6893720030784607,FP
1085,0,1,0.6958975195884705,0.6958975195884705,FP
1086,0,1,0.6992542147636414,0.6992542147636414,FP
1087,0,1,0.6893746852874756,0.6893746852874756,FP
1088,0,1,0.7065913677215576,0.7065913677215576,FP
1089,0,1,0.7010867595672607,0.7010867595672607,FP
1090,0,1,0.6800817251205444,0.6800817251205444,FP
1091,0,1,0.6818656921386719,0.6818656921386719,FP
1092,0,1,0.6905380487442017,0.6905380487442017,FP
1093,0,1,0.6638785600662231,0.6638785600662231,FP
1094,0,1,0.6769145727157593,0.6769145727157593,FP
1095,0,1,0.6733444929122925,0.6733444929122925,FP
1096,0,1,0.6709827184677124,0.6709827184677124,FP
1097,0,1,0.67762291431427,0.67762291431427,FP
1098,0,1,0.6607922315597534,0.6607922315597534,FP
1099,0,1,0.6775040626525879,0.6775040626525879,FP
1100,0,1,0.6679825782775879,0.6679825782775879,FP
1101,0,1,0.6674150228500366,0.6674150228500366,FP
1102,0,1,0.6583290696144104,0.6583290696144104,FP
1103,0,1,0.6637069582939148,0.6637069582939148,FP
1104,0,1,0.6734622120857239,0.6734622120857239,FP
1105,0,1,0.657817542552948,0.657817542552948,FP
1106,0,1,0.6500800251960754,0.6500800251960754,FP
1107,0,1,0.6512029767036438,0.6512029767036438,FP
1108,0,1,0.6499857306480408,0.6499857306480408,FP
1109,0,1,0.6441026329994202,0.6441026329994202,FP
1110,0,1,0.6416763067245483,0.6416763067245483,FP
1111,0,1,0.6437559723854065,0.6437559723854065,FP
1112,0,1,0.630028247833252,0.630028247833252,FP
1113,0,1,0.6221005916595459,0.6221005916595459,FP
1114,0,1,0.6159404516220093,0.6159404516220093,FP
1115,0,1,0.6178317070007324,0.6178317070007324,FP
1116,0,1,0.61643385887146,0.61643385887146,FP
1117,0,1,0.5997731685638428,0.5997731685638428,FP
1118,0,1,0.5984316468238831,0.5984316468238831,FP
1119,0,1,0.606678307056427,0.606678307056427,FP
1120,0,1,0.609626054763794,0.609626054763794,FP
1121,0,1,0.6038534641265869,0.6038534641265869,FP
1122,0,1,0.5888886451721191,0.5888886451721191,FP
1123,0,1,0.5854175686836243,0.5854175686836243,FP
1124,0,1,0.5881859660148621,0.5881859660148621,FP
1125,0,1,0.5986851453781128,0.5986851453781128,FP
1126,0,1,0.5909897089004517,0.5909897089004517,FP
1127,0,1,0.5849974155426025,0.5849974155426025,FP
1128,0,1,0.5822494626045227,0.5822494626045227,FP
1129,0,1,0.5911155939102173,0.5911155939102173,FP
1130,0,1,0.5642144680023193,0.5642144680023193,FP
1131,0,1,0.5594265460968018,0.5594265460968018,FP
1132,0,1,0.5653531551361084,0.5653531551361084,FP
1133,0,1,0.5532999038696289,0.5532999038696289,FP
1134,0,1,0.5612143874168396,0.5612143874168396,FP
1135,0,1,0.5327792763710022,0.5327792763710022,FP
1136,0,1,0.5331075191497803,0.5331075191497803,FP
1137,0,1,0.5376980304718018,0.5376980304718018,FP
1138,0,1,0.522625744342804,0.522625744342804,FP
1139,0,1,0.5329551100730896,0.5329551100730896,FP
1140,0,1,0.5233428478240967,0.5233428478240967,FP
1141,0,1,0.5644128918647766,0.5644128918647766,FP
1142,0,1,0.5258049964904785,0.5258049964904785,FP
1143,0,1,0.5200086832046509,0.5200086832046509,FP
1144,0,1,0.5171464085578918,0.5171464085578918,FP
1145,0,1,0.5203633904457092,0.5203633904457092,FP
1146,0,1,0.5154955983161926,0.5154955983161926,FP
1147,0,1,0.5324732065200806,0.5324732065200806,FP
1148,0,1,0.5274296998977661,0.5274296998977661,FP
1149,0,1,0.5109303593635559,0.5109303593635559,FP
1150,0,1,0.515256404876709,0.515256404876709,FP
1151,0,1,0.504217267036438,0.504217267036438,FP
1152,0,1,0.5830477476119995,0.5830477476119995,FP
1153,0,1,0.5736278891563416,0.5736278891563416,FP
1154,0,1,0.631484866142273,0.631484866142273,FP
1155,0,1,0.5175564289093018,0.5175564289093018,FP
1156,0,1,0.6187028288841248,0.6187028288841248,FP
1157,0,1,0.5308780670166016,0.5308780670166016,FP
1158,0,1,0.5218013525009155,0.5218013525009155,FP
1159,0,1,0.6209965944290161,0.6209965944290161,FP
1160,0,1,0.6449111700057983,0.6449111700057983,FP
1161,0,1,0.680009126663208,0.680009126663208,FP
1162,0,1,0.6557121872901917,0.6557121872901917,FP
1163,0,1,0.6654638648033142,0.6654638648033142,FP
1164,0,1,0.6713725328445435,0.6713725328445435,FP
1165,0,1,0.6731847524642944,0.6731847524642944,FP
1166,0,1,0.686219334602356,0.686219334602356,FP
1167,0,1,0.6853795647621155,0.6853795647621155,FP
1168,0,1,0.7099342346191406,0.7099342346191406,FP
1169,0,1,0.7398938536643982,0.7398938536643982,FP
1170,0,1,0.7543447613716125,0.7543447613716125,FP
1171,0,1,0.773090660572052,0.773090660572052,FP
1172,0,1,0.7561403512954712,0.7561403512954712,FP
1173,0,1,0.765379011631012,0.765379011631012,FP
1174,0,1,0.7362246513366699,0.7362246513366699,FP
1175,0,1,0.7541811466217041,0.7541811466217041,FP
1176,0,1,0.7480127811431885,0.7480127811431885,FP
1177,0,1,0.729329526424408,0.729329526424408,FP
1178,0,1,0.7220674157142639,0.7220674157142639,FP
1179,0,1,0.754689633846283,0.754689633846283,FP
1180,0,1,0.7321142554283142,0.7321142554283142,FP
1181,0,1,0.722994863986969,0.722994863986969,FP
1182,0,1,0.7078342437744141,0.7078342437744141,FP
1183,0,1,0.7062748074531555,0.7062748074531555,FP
1184,0,1,0.6729758977890015,0.6729758977890015,FP
1185,0,1,0.6607391238212585,0.6607391238212585,FP
1186,0,1,0.6528413891792297,0.6528413891792297,FP
1187,0,1,0.6465460062026978,0.6465460062026978,FP
1188,0,1,0.6987535953521729,0.6987535953521729,FP
1189,0,1,0.6885710954666138,0.6885710954666138,FP
1190,0,1,0.6785021424293518,0.6785021424293518,FP
1191,0,1,0.6569281220436096,0.6569281220436096,FP
1192,0,1,0.6803264617919922,0.6803264617919922,FP
1193,0,1,0.6679679751396179,0.6679679751396179,FP
1194,0,1,0.6841748952865601,0.6841748952865601,FP
1195,0,1,0.673198938369751,0.673198938369751,FP
1196,0,1,0.6381697654724121,0.6381697654724121,FP
1197,0,1,0.6423263549804688,0.6423263549804688,FP
1198,0,1,0.645700991153717,0.645700991153717,FP
1199,0,1,0.6259921193122864,0.6259921193122864,FP
1200,0,1,0.608721137046814,0.608721137046814,FP
1201,0,1,0.6110448837280273,0.6110448837280273,FP
1202,0,1,0.6053979992866516,0.6053979992866516,FP
1203,0,1,0.6031375527381897,0.6031375527381897,FP
1204,0,1,0.5793396830558777,0.5793396830558777,FP
1205,0,1,0.5737124085426331,0.5737124085426331,FP
1206,0,1,0.5717194676399231,0.5717194676399231,FP
1207,0,1,0.5636823773384094,0.5636823773384094,FP
1208,0,1,0.5527207255363464,0.5527207255363464,FP
1209,0,1,0.5517997741699219,0.5517997741699219,FP
1210,0,1,0.5500520467758179,0.5500520467758179,FP
1211,0,1,0.5467071533203125,0.5467071533203125,FP
1212,0,1,0.543010950088501,0.543010950088501,FP
1213,0,1,0.5464203357696533,0.5464203357696533,FP
1214,0,1,0.5373018980026245,0.5373018980026245,FP
1215,0,1,0.5288455486297607,0.5288455486297607,FP
1216,0,1,0.5244554281234741,0.5244554281234741,FP
1217,0,1,0.5328420996665955,0.5328420996665955,FP
1218,0,1,0.5184095501899719,0.5184095501899719,FP
1219,0,1,0.5093644857406616,0.5093644857406616,FP
1220,0,1,0.5392300486564636,0.5392300486564636,FP
1221,0,1,0.5118667483329773,0.5118667483329773,FP
1222,0,1,0.5239803791046143,0.5239803791046143,FP
1223,0,1,0.5137341618537903,0.5137341618537903,FP
1224,0,1,0.5068303942680359,0.5068303942680359,FP
1225,0,1,0.514650821685791,0.514650821685791,FP
1226,0,1,0.50579434633255,0.50579434633255,FP
1227,0,1,0.5147131681442261,0.5147131681442261,FP
1228,0,1,0.5223687887191772,0.5223687887191772,FP
1229,0,1,0.5324170589447021,0.5324170589447021,FP
1230,0,1,0.5165935158729553,0.5165935158729553,FP
1231,0,1,0.536420464515686,0.536420464515686,FP
1232,0,1,0.5412597060203552,0.5412597060203552,FP
1233,0,1,0.5491693019866943,0.5491693019866943,FP
1234,0,1,0.6013689637184143,0.6013689637184143,FP
1235,0,1,0.5583356618881226,0.5583356618881226,FP
1236,0,1,0.5580042004585266,0.5580042004585266,FP
1237,0,1,0.5629369616508484,0.5629369616508484,FP
1238,0,1,0.5550698637962341,0.5550698637962341,FP
1239,0,1,0.6358204483985901,0.6358204483985901,FP
1240,0,1,0.6193581819534302,0.6193581819534302,FP
1241,0,1,0.5809454917907715,0.5809454917907715,FP
1242,0,1,0.5988271236419678,0.5988271236419678,FP
1243,0,1,0.6239492893218994,0.6239492893218994,FP
1244,0,1,0.5933647155761719,0.5933647155761719,FP
1245,0,1,0.6211922764778137,0.6211922764778137,FP
1246,0,1,0.6364012956619263,0.6364012956619263,FP
1247,0,1,0.6518328785896301,0.6518328785896301,FP
1248,0,1,0.6597754955291748,0.6597754955291748,FP
1249,0,1,0.6686131954193115,0.6686131954193115,FP
1250,0,1,0.6886452436447144,0.6886452436447144,FP
1251,0,1,0.6921069622039795,0.6921069622039795,FP
1252,1,1,0.7037234306335449,0.7037234306335449,TP
1253,1,1,0.714791476726532,0.714791476726532,TP
1254,1,1,0.7270368933677673,0.7270368933677673,TP
1255,0,1,0.9019047617912292,0.9019047617912292,FP
1256,0,1,0.9366040229797363,0.9366040229797363,FP
1257,0,1,0.9188861846923828,0.9188861846923828,FP
1258,0,1,0.9608802795410156,0.9608802795410156,FP
1259,0,1,0.9054521322250366,0.9054521322250366,FP
1260,0,1,0.9156118631362915,0.9156118631362915,FP
1261,0,1,0.894001305103302,0.894001305103302,FP
1262,0,1,0.9477384090423584,0.9477384090423584,FP
1263,0,1,0.8904843330383301,0.8904843330383301,FP
1264,0,1,0.8954631090164185,0.8954631090164185,FP
1265,0,1,0.8684539198875427,0.8684539198875427,FP
1266,0,1,0.8803645372390747,0.8803645372390747,FP
1267,0,1,0.9328100085258484,0.9328100085258484,FP
1268,0,1,0.8319252729415894,0.8319252729415894,FP
1269,0,1,0.826592206954956,0.826592206954956,FP
1270,0,1,0.8442749977111816,0.8442749977111816,FP
1271,0,1,0.8245857357978821,0.8245857357978821,FP
1272,0,1,0.8516445755958557,0.8516445755958557,FP
1273,0,1,0.8273666501045227,0.8273666501045227,FP
1274,0,1,0.8380210995674133,0.8380210995674133,FP
1275,0,1,0.8118411898612976,0.8118411898612976,FP
1276,0,1,0.8130348324775696,0.8130348324775696,FP
1277,0,1,0.8335134983062744,0.8335134983062744,FP
1278,0,1,0.803886890411377,0.803886890411377,FP
1279,0,1,0.819283127784729,0.819283127784729,FP
1280,0,1,0.84322190284729,0.84322190284729,FP
1281,0,1,0.8109416365623474,0.8109416365623474,FP
1282,0,1,0.7982285022735596,0.7982285022735596,FP
1283,0,1,0.7900877594947815,0.7900877594947815,FP
1284,0,1,0.7976801991462708,0.7976801991462708,FP
1285,0,1,0.7886378765106201,0.7886378765106201,FP
1286,0,1,0.7559715509414673,0.7559715509414673,FP
1287,0,1,0.7750307321548462,0.7750307321548462,FP
1288,0,1,0.8324440121650696,0.8324440121650696,FP
1289,0,1,0.795081377029419,0.795081377029419,FP
1290,0,1,0.7892518639564514,0.7892518639564514,FP
1291,0,1,0.786090612411499,0.786090612411499,FP
1292,0,1,0.7767025232315063,0.7767025232315063,FP
1293,0,1,0.789267361164093,0.789267361164093,FP
1294,0,1,0.8351911902427673,0.8351911902427673,FP
1295,0,1,0.7743105888366699,0.7743105888366699,FP
1296,0,1,0.7585628628730774,0.7585628628730774,FP
1297,0,1,0.7686619758605957,0.7686619758605957,FP
1298,0,1,0.7562446594238281,0.7562446594238281,FP
1299,0,1,0.7325788140296936,0.7325788140296936,FP
1300,0,1,0.7305353283882141,0.7305353283882141,FP
1301,0,1,0.7303115129470825,0.7303115129470825,FP
1302,0,1,0.7206389904022217,0.7206389904022217,FP
1303,0,1,0.7219170331954956,0.7219170331954956,FP
1304,0,1,0.6923481822013855,0.6923481822013855,FP
1305,0,1,0.7023231983184814,0.7023231983184814,FP
1306,0,1,0.6822471022605896,0.6822471022605896,FP
1307,0,1,0.6918478608131409,0.6918478608131409,FP
1308,0,1,0.696265459060669,0.696265459060669,FP
1309,0,1,0.6951178908348083,0.6951178908348083,FP
1310,0,1,0.6973345875740051,0.6973345875740051,FP
1311,0,1,0.6893435120582581,0.6893435120582581,FP
1312,0,1,0.6888850331306458,0.6888850331306458,FP
1313,0,1,0.6856727600097656,0.6856727600097656,FP
1314,0,1,0.6888929009437561,0.6888929009437561,FP
1315,0,1,0.6800182461738586,0.6800182461738586,FP
1316,0,1,0.6857686638832092,0.6857686638832092,FP
1317,0,1,0.6967811584472656,0.6967811584472656,FP
1318,0,1,0.6795204281806946,0.6795204281806946,FP
1319,0,1,0.6742910146713257,0.6742910146713257,FP
1320,0,1,0.6699774265289307,0.6699774265289307,FP
1321,0,1,0.6647520661354065,0.6647520661354065,FP
1322,0,1,0.6555311679840088,0.6555311679840088,FP
1323,0,1,0.6475517153739929,0.6475517153739929,FP
1324,0,1,0.6369344592094421,0.6369344592094421,FP
1325,0,1,0.6385971307754517,0.6385971307754517,FP
1326,0,1,0.6302152872085571,0.6302152872085571,FP
1327,0,1,0.6311349272727966,0.6311349272727966,FP
1328,0,1,0.6261520385742188,0.6261520385742188,FP
1329,0,1,0.6193408966064453,0.6193408966064453,FP
1330,0,1,0.5968247056007385,0.5968247056007385,FP
1331,0,1,0.5963448286056519,0.5963448286056519,FP
1332,0,1,0.5876805782318115,0.5876805782318115,FP
1333,0,1,0.5824865102767944,0.5824865102767944,FP
1334,0,1,0.5834659934043884,0.5834659934043884,FP
1335,0,1,0.6027470231056213,0.6027470231056213,FP
1336,0,1,0.5880004167556763,0.5880004167556763,FP
1337,0,1,0.5790340900421143,0.5790340900421143,FP
1338,0,1,0.5730183720588684,0.5730183720588684,FP
1339,0,1,0.5858582854270935,0.5858582854270935,FP
1340,0,1,0.5619816780090332,0.5619816780090332,FP
1341,0,1,0.5509471297264099,0.5509471297264099,FP
1342,0,1,0.542036771774292,0.542036771774292,FP
1343,0,1,0.5392530560493469,0.5392530560493469,FP
1344,0,1,0.5360618829727173,0.5360618829727173,FP
1345,0,1,0.547258198261261,0.547258198261261,FP
1346,0,1,0.5554274916648865,0.5554274916648865,FP
1347,0,1,0.5284895896911621,0.5284895896911621,FP
1348,0,1,0.5425453186035156,0.5425453186035156,FP
1349,0,1,0.5479357242584229,0.5479357242584229,FP
1350,0,1,0.5414572358131409,0.5414572358131409,FP
1351,0,1,0.5293402075767517,0.5293402075767517,FP
1352,0,1,0.5339499115943909,0.5339499115943909,FP
1353,0,1,0.5508859753608704,0.5508859753608704,FP
1354,0,1,0.5523480176925659,0.5523480176925659,FP
1355,0,1,0.5472432374954224,0.5472432374954224,FP
1356,0,1,0.5449337363243103,0.5449337363243103,FP
1357,0,1,0.55140221118927,0.55140221118927,FP
1358,0,1,0.5396714806556702,0.5396714806556702,FP
1359,0,1,0.5502855181694031,0.5502855181694031,FP
1360,0,1,0.57591712474823,0.57591712474823,FP
1361,0,1,0.5485258102416992,0.5485258102416992,FP
1362,0,1,0.5581332445144653,0.5581332445144653,FP
1363,0,1,0.5612119436264038,0.5612119436264038,FP
1364,0,1,0.5796937942504883,0.5796937942504883,FP
1365,0,1,0.5696502923965454,0.5696502923965454,FP
1366,0,1,0.590178906917572,0.590178906917572,FP
1367,0,1,0.5435653924942017,0.5435653924942017,FP
1368,0,1,0.5463566184043884,0.5463566184043884,FP
1369,0,1,0.5302781462669373,0.5302781462669373,FP
1370,0,1,0.5534418225288391,0.5534418225288391,FP
1371,0,1,0.6016110777854919,0.6016110777854919,FP
1372,0,1,0.5697652697563171,0.5697652697563171,FP
1373,0,1,0.5589357614517212,0.5589357614517212,FP
1374,0,1,0.5427987575531006,0.5427987575531006,FP
1375,0,1,0.5607916712760925,0.5607916712760925,FP
1376,0,1,0.5601351261138916,0.5601351261138916,FP
1377,0,1,0.5438440442085266,0.5438440442085266,FP
1378,0,1,0.5856581330299377,0.5856581330299377,FP
1379,0,1,0.5877710580825806,0.5877710580825806,FP
1380,0,1,0.5811923146247864,0.5811923146247864,FP
1381,0,1,0.6031216382980347,0.6031216382980347,FP
1382,0,1,0.5813952088356018,0.5813952088356018,FP
1383,0,1,0.6621752977371216,0.6621752977371216,FP
1384,0,1,0.5942993760108948,0.5942993760108948,FP
1385,0,1,0.5932372212409973,0.5932372212409973,FP
1386,0,1,0.6544389128684998,0.6544389128684998,FP
1387,0,1,0.5947890877723694,0.5947890877723694,FP
1388,0,1,0.5765969157218933,0.5765969157218933,FP
1389,0,1,0.6023903489112854,0.6023903489112854,FP
1390,0,1,0.6012722849845886,0.6012722849845886,FP
1391,0,1,0.5377355813980103,0.5377355813980103,FP
1392,0,1,0.546668529510498,0.546668529510498,FP
1393,0,1,0.605613112449646,0.605613112449646,FP
1394,0,1,0.625750720500946,0.625750720500946,FP
1395,0,1,0.5772213935852051,0.5772213935852051,FP
1396,0,1,0.6476549506187439,0.6476549506187439,FP
1397,0,1,0.6299105286598206,0.6299105286598206,FP
1398,0,1,0.6263346672058105,0.6263346672058105,FP
1399,0,1,0.6196495294570923,0.6196495294570923,FP
1400,0,1,0.5977330207824707,0.5977330207824707,FP
1401,0,1,0.6022538542747498,0.6022538542747498,FP
1402,0,1,0.6199328899383545,0.6199328899383545,FP
1403,0,1,0.6288721561431885,0.6288721561431885,FP
1404,0,1,0.6246865391731262,0.6246865391731262,FP
1405,0,1,0.6349996328353882,0.6349996328353882,FP
1406,0,1,0.5984373092651367,0.5984373092651367,FP
1407,0,1,0.6020814776420593,0.6020814776420593,FP
1408,0,1,0.6284956336021423,0.6284956336021423,FP
1409,0,1,0.6130836009979248,0.6130836009979248,FP
1410,0,1,0.6159791350364685,0.6159791350364685,FP
1411,0,1,0.6168009042739868,0.6168009042739868,FP
1412,0,1,0.6122618317604065,0.6122618317604065,FP
1413,0,1,0.6129586100578308,0.6129586100578308,FP
1414,0,1,0.6023150086402893,0.6023150086402893,FP
1415,0,1,0.6039748787879944,0.6039748787879944,FP
1416,0,1,0.5992143154144287,0.5992143154144287,FP
1417,0,1,0.6073749661445618,0.6073749661445618,FP
1418,0,1,0.6033311486244202,0.6033311486244202,FP
1419,0,1,0.5992909073829651,0.5992909073829651,FP
1420,0,1,0.5989182591438293,0.5989182591438293,FP
1421,0,1,0.5994006991386414,0.5994006991386414,FP
1422,0,1,0.587592601776123,0.587592601776123,FP
1423,0,1,0.5967370867729187,0.5967370867729187,FP
1424,0,1,0.5944108366966248,0.5944108366966248,FP
1425,0,1,0.5947906970977783,0.5947906970977783,FP
1426,0,1,0.6047438979148865,0.6047438979148865,FP
1427,0,1,0.596268892288208,0.596268892288208,FP
1428,0,1,0.5823633670806885,0.5823633670806885,FP
1429,0,1,0.5716984868049622,0.5716984868049622,FP
1430,0,1,0.5782592296600342,0.5782592296600342,FP
1431,0,1,0.5760772228240967,0.5760772228240967,FP
1432,0,1,0.5673766136169434,0.5673766136169434,FP
1433,0,1,0.5805583596229553,0.5805583596229553,FP
1434,0,1,0.5821977853775024,0.5821977853775024,FP
1435,0,1,0.5668966770172119,0.5668966770172119,FP
1436,0,1,0.585345983505249,0.585345983505249,FP
1437,0,1,0.5720211267471313,0.5720211267471313,FP
1438,0,1,0.5613018274307251,0.5613018274307251,FP
1439,0,1,0.5874825119972229,0.5874825119972229,FP
1440,0,1,0.597935140132904,0.597935140132904,FP
1441,0,1,0.5662108063697815,0.5662108063697815,FP
1442,0,1,0.5771687030792236,0.5771687030792236,FP
1443,0,1,0.575758695602417,0.575758695602417,FP
1444,0,1,0.5783563852310181,0.5783563852310181,FP
1445,0,1,0.5417565703392029,0.5417565703392029,FP
1446,0,1,0.5463011264801025,0.5463011264801025,FP
1447,0,1,0.5643919706344604,0.5643919706344604,FP
1448,0,1,0.5483595132827759,0.5483595132827759,FP
1449,0,1,0.5620438456535339,0.5620438456535339,FP
1450,0,1,0.5624696612358093,0.5624696612358093,FP
1451,0,1,0.5381966233253479,0.5381966233253479,FP
1452,0,1,0.5728853344917297,0.5728853344917297,FP
1453,0,1,0.573920726776123,0.573920726776123,FP
1454,0,1,0.5767567157745361,0.5767567157745361,FP
1455,0,1,0.5429970026016235,0.5429970026016235,FP
1456,0,1,0.5510448813438416,0.5510448813438416,FP
1457,0,1,0.5686467289924622,0.5686467289924622,FP
1458,0,1,0.6161152124404907,0.6161152124404907,FP
1459,0,1,0.6049982309341431,0.6049982309341431,FP
1460,0,1,0.5945836901664734,0.5945836901664734,FP
1461,1,1,0.5948195457458496,0.5948195457458496,TP
1462,1,1,0.6098164319992065,0.6098164319992065,TP
1463,1,1,0.6119446754455566,0.6119446754455566,TP
1464,1,1,0.6416656374931335,0.6416656374931335,TP
1465,1,1,0.6199923753738403,0.6199923753738403,TP
1466,1,1,0.621260404586792,0.621260404586792,TP
1467,1,1,0.6458519101142883,0.6458519101142883,TP
1468,1,1,0.6687781810760498,0.6687781810760498,TP
1469,1,1,0.6625960469245911,0.6625960469245911,TP
1470,1,1,0.7261766195297241,0.7261766195297241,TP
1471,1,1,0.7441750168800354,0.7441750168800354,TP
1472,1,1,0.7947408556938171,0.7947408556938171,TP
1473,1,1,0.8005422949790955,0.8005422949790955,TP
1474,1,1,0.6519447565078735,0.6519447565078735,TP
1475,1,1,0.9605830311775208,0.9605830311775208,TP
1476,0,1,0.8839394450187683,0.8839394450187683,FP
1477,0,1,0.8756041526794434,0.8756041526794434,FP
1478,0,1,0.8992245197296143,0.8992245197296143,FP
1479,0,1,0.8819395303726196,0.8819395303726196,FP
1480,0,1,0.8886926174163818,0.8886926174163818,FP
1481,0,1,0.8625243306159973,0.8625243306159973,FP
1482,0,1,0.857069730758667,0.857069730758667,FP
1483,0,1,0.8464235067367554,0.8464235067367554,FP
1484,0,1,0.8508204817771912,0.8508204817771912,FP
1485,0,1,0.8476078510284424,0.8476078510284424,FP
1486,0,1,0.8531711101531982,0.8531711101531982,FP
1487,0,1,0.8714125752449036,0.8714125752449036,FP
1488,0,1,0.9043981432914734,0.9043981432914734,FP
1489,0,1,0.8791594505310059,0.8791594505310059,FP
1490,0,1,0.8902605175971985,0.8902605175971985,FP
1491,0,1,0.8805618286132812,0.8805618286132812,FP
1492,0,1,0.853867769241333,0.853867769241333,FP
1493,0,1,0.8440486788749695,0.8440486788749695,FP
1494,0,1,0.9354583024978638,0.9354583024978638,FP
1495,0,1,0.8517991900444031,0.8517991900444031,FP
1496,0,1,0.8337087035179138,0.8337087035179138,FP
1497,0,1,0.842387318611145,0.842387318611145,FP
1498,0,1,0.8666795492172241,0.8666795492172241,FP
1499,0,1,0.8985193371772766,0.8985193371772766,FP
1500,0,1,0.866273820400238,0.866273820400238,FP
1501,0,1,0.8712283968925476,0.8712283968925476,FP
1502,0,1,0.8423646688461304,0.8423646688461304,FP
1503,0,1,0.8433811664581299,0.8433811664581299,FP
1504,0,1,0.8450355529785156,0.8450355529785156,FP
1505,0,1,0.8595184087753296,0.8595184087753296,FP
1506,0,1,0.8411543965339661,0.8411543965339661,FP
1507,0,1,0.8605296611785889,0.8605296611785889,FP
1508,0,1,0.8470022678375244,0.8470022678375244,FP
1509,0,1,0.8964628577232361,0.8964628577232361,FP
1510,0,1,0.8492120504379272,0.8492120504379272,FP
1511,0,1,0.8426086902618408,0.8426086902618408,FP
1512,0,1,0.8953734040260315,0.8953734040260315,FP
1513,0,1,0.8617153167724609,0.8617153167724609,FP
1514,0,1,0.8492693305015564,0.8492693305015564,FP
1515,0,1,0.8525913953781128,0.8525913953781128,FP
1516,0,1,0.8517827391624451,0.8517827391624451,FP
1517,0,1,0.8273877501487732,0.8273877501487732,FP
1518,0,1,0.8328527808189392,0.8328527808189392,FP
1519,0,1,0.824626088142395,0.824626088142395,FP
1520,0,1,0.8062970638275146,0.8062970638275146,FP
1521,0,1,0.855225682258606,0.855225682258606,FP
1522,0,1,0.7992017865180969,0.7992017865180969,FP
1523,0,1,0.8065711259841919,0.8065711259841919,FP
1524,0,1,0.7929283380508423,0.7929283380508423,FP
1525,0,1,0.8078849911689758,0.8078849911689758,FP
1526,0,1,0.787768542766571,0.787768542766571,FP
1527,0,1,0.7742992639541626,0.7742992639541626,FP
1528,0,1,0.7746519446372986,0.7746519446372986,FP
1529,0,1,0.7625067830085754,0.7625067830085754,FP
1530,0,1,0.7575189471244812,0.7575189471244812,FP
1531,0,1,0.7870510220527649,0.7870510220527649,FP
1532,0,1,0.7883197069168091,0.7883197069168091,FP
1533,0,1,0.7697587013244629,0.7697587013244629,FP
1534,0,1,0.7716862559318542,0.7716862559318542,FP
1535,0,1,0.7586982846260071,0.7586982846260071,FP
1536,0,1,0.762403666973114,0.762403666973114,FP
1537,0,1,0.7190630435943604,0.7190630435943604,FP
1538,0,1,0.7194957137107849,0.7194957137107849,FP
1539,0,1,0.7218736410140991,0.7218736410140991,FP
1540,0,1,0.7149244546890259,0.7149244546890259,FP
1541,0,1,0.7191742658615112,0.7191742658615112,FP
1542,0,1,0.6941184401512146,0.6941184401512146,FP
1543,0,1,0.6888800263404846,0.6888800263404846,FP
1544,0,1,0.7394412755966187,0.7394412755966187,FP
1545,0,1,0.6879262328147888,0.6879262328147888,FP
1546,0,1,0.6832507848739624,0.6832507848739624,FP
1547,0,1,0.6790845394134521,0.6790845394134521,FP
1548,0,1,0.6668404936790466,0.6668404936790466,FP
1549,0,1,0.6493565440177917,0.6493565440177917,FP
1550,0,1,0.640462338924408,0.640462338924408,FP
1551,0,1,0.6480739116668701,0.6480739116668701,FP
1552,0,1,0.6391748785972595,0.6391748785972595,FP
1553,0,1,0.6319481730461121,0.6319481730461121,FP
1554,0,1,0.6596417427062988,0.6596417427062988,FP
1555,0,1,0.6298565864562988,0.6298565864562988,FP
1556,0,1,0.6225348114967346,0.6225348114967346,FP
1557,0,1,0.6165988445281982,0.6165988445281982,FP
1558,0,1,0.6173471212387085,0.6173471212387085,FP
1559,0,1,0.6156511902809143,0.6156511902809143,FP
1560,0,1,0.6277061700820923,0.6277061700820923,FP
1561,0,1,0.6245502233505249,0.6245502233505249,FP
1562,0,1,0.598320484161377,0.598320484161377,FP
1563,0,1,0.6069573760032654,0.6069573760032654,FP
1564,0,1,0.6083625555038452,0.6083625555038452,FP
1565,0,1,0.6093223094940186,0.6093223094940186,FP
1566,0,1,0.6122356057167053,0.6122356057167053,FP
1567,0,1,0.6449615359306335,0.6449615359306335,FP
1568,0,1,0.6201049089431763,0.6201049089431763,FP
1569,0,1,0.6200356483459473,0.6200356483459473,FP
1570,0,1,0.62552809715271,0.62552809715271,FP
1571,0,1,0.6248050332069397,0.6248050332069397,FP
1572,0,1,0.6200821399688721,0.6200821399688721,FP
1573,0,1,0.6198925375938416,0.6198925375938416,FP
1574,0,1,0.632847011089325,0.632847011089325,FP
1575,0,1,1.2500780820846558,1.2500780820846558,FP
1576,0,1,1.2260143756866455,1.2260143756866455,FP
1577,0,1,1.30427885055542,1.30427885055542,FP
1578,0,1,1.2839220762252808,1.2839220762252808,FP
1579,0,1,1.2522435188293457,1.2522435188293457,FP
1580,0,1,1.2399815320968628,1.2399815320968628,FP
1581,0,1,1.302170991897583,1.302170991897583,FP
1582,0,1,1.1716935634613037,1.1716935634613037,FP
1583,0,1,1.2054232358932495,1.2054232358932495,FP
1584,0,1,1.1617097854614258,1.1617097854614258,FP
1585,0,1,1.2087509632110596,1.2087509632110596,FP
1586,0,1,1.1852633953094482,1.1852633953094482,FP
1587,0,1,1.1531434059143066,1.1531434059143066,FP
1588,0,1,1.189461588859558,1.189461588859558,FP
1589,0,1,1.1408363580703735,1.1408363580703735,FP
1590,0,1,1.1692200899124146,1.1692200899124146,FP
1591,0,1,1.1404550075531006,1.1404550075531006,FP
1592,0,1,1.1506223678588867,1.1506223678588867,FP
1593,0,1,1.2176529169082642,1.2176529169082642,FP
1594,0,1,1.1347216367721558,1.1347216367721558,FP
1595,0,1,1.1851630210876465,1.1851630210876465,FP
1596,0,1,1.1997188329696655,1.1997188329696655,FP
1597,0,1,1.176662564277649,1.176662564277649,FP
1598,0,1,1.1450039148330688,1.1450039148330688,FP
1599,0,1,1.1377894878387451,1.1377894878387451,FP
1600,0,1,1.1546217203140259,1.1546217203140259,FP
1601,0,1,1.1012399196624756,1.1012399196624756,FP
1602,0,1,1.0942177772521973,1.0942177772521973,FP
1603,0,1,1.092258334159851,1.092258334159851,FP
1604,0,1,1.0582982301712036,1.0582982301712036,FP
1605,0,1,1.0847105979919434,1.0847105979919434,FP
1606,0,1,1.0813193321228027,1.0813193321228027,FP
1607,0,1,1.1100999116897583,1.1100999116897583,FP
1608,0,1,1.101924180984497,1.101924180984497,FP
1609,0,1,1.053031325340271,1.053031325340271,FP
1610,0,1,1.120844841003418,1.120844841003418,FP
1611,0,1,1.0742465257644653,1.0742465257644653,FP
1612,0,1,1.0376579761505127,1.0376579761505127,FP
1613,0,1,1.0132250785827637,1.0132250785827637,FP
1614,0,1,0.9894182682037354,0.9894182682037354,FP
1615,0,1,1.0109024047851562,1.0109024047851562,FP
1616,0,1,1.047714114189148,1.047714114189148,FP
1617,0,1,0.9865186810493469,0.9865186810493469,FP
1618,0,1,0.9892629981040955,0.9892629981040955,FP
1619,0,1,1.040015697479248,1.040015697479248,FP
1620,0,1,0.9586858153343201,0.9586858153343201,FP
1621,0,1,1.0063177347183228,1.0063177347183228,FP
1622,0,1,0.9570373296737671,0.9570373296737671,FP
1623,0,1,0.9726943969726562,0.9726943969726562,FP
1624,0,1,0.9119001626968384,0.9119001626968384,FP
1625,0,1,0.9430751204490662,0.9430751204490662,FP
1626,0,1,0.9647802114486694,0.9647802114486694,FP
1627,0,1,0.9109545350074768,0.9109545350074768,FP
1628,0,1,0.891103208065033,0.891103208065033,FP
1629,0,1,0.8845939636230469,0.8845939636230469,FP
1630,0,1,0.9091122150421143,0.9091122150421143,FP
1631,0,1,0.9123930335044861,0.9123930335044861,FP
1632,0,1,0.8636575937271118,0.8636575937271118,FP
1633,0,1,0.8633277416229248,0.8633277416229248,FP
1634,0,1,0.8666418194770813,0.8666418194770813,FP
1635,0,1,0.8984225392341614,0.8984225392341614,FP
1636,0,1,0.8616058230400085,0.8616058230400085,FP
1637,0,1,0.8634738326072693,0.8634738326072693,FP
1638,0,1,0.854000449180603,0.854000449180603,FP
1639,0,1,0.8380031585693359,0.8380031585693359,FP
1640,0,1,0.8657184839248657,0.8657184839248657,FP
1641,0,1,0.8296497464179993,0.8296497464179993,FP
1642,0,1,0.8377537727355957,0.8377537727355957,FP
1643,0,1,0.8231886029243469,0.8231886029243469,FP
1644,0,1,0.8479018211364746,0.8479018211364746,FP
1645,0,1,0.8165179491043091,0.8165179491043091,FP
1646,0,1,0.8175179362297058,0.8175179362297058,FP
1647,0,1,0.8331350684165955,0.8331350684165955,FP
1648,0,1,0.8188713788986206,0.8188713788986206,FP
1649,0,1,0.8062869310379028,0.8062869310379028,FP
1650,0,1,0.7974572777748108,0.7974572777748108,FP
1651,0,1,0.7928848266601562,0.7928848266601562,FP
1652,0,1,0.7844027876853943,0.7844027876853943,FP
1653,0,1,0.7961238026618958,0.7961238026618958,FP
1654,0,1,0.7881009578704834,0.7881009578704834,FP
1655,0,1,0.7952957153320312,0.7952957153320312,FP
1656,0,1,1.0669900178909302,1.0669900178909302,FP
1657,0,1,1.091220498085022,1.091220498085022,FP
1658,0,1,1.0556389093399048,1.0556389093399048,FP
1659,0,1,1.053554892539978,1.053554892539978,FP
1660,0,1,1.0528006553649902,1.0528006553649902,FP
1661,0,1,1.0450977087020874,1.0450977087020874,FP
1662,0,1,1.0222699642181396,1.0222699642181396,FP
1663,0,1,1.0383379459381104,1.0383379459381104,FP
1664,0,1,1.0278372764587402,1.0278372764587402,FP
1665,0,1,1.033402919769287,1.033402919769287,FP
1666,0,1,1.0299125909805298,1.0299125909805298,FP
1667,0,1,1.0330418348312378,1.0330418348312378,FP
1668,0,1,1.03485906124115,1.03485906124115,FP
1669,0,1,1.0149604082107544,1.0149604082107544,FP
1670,0,1,1.0354273319244385,1.0354273319244385,FP
1671,0,1,1.0077905654907227,1.0077905654907227,FP
1672,0,1,1.043877363204956,1.043877363204956,FP
1673,0,1,1.0176700353622437,1.0176700353622437,FP
1674,0,1,1.0165886878967285,1.0165886878967285,FP
1675,0,1,1.0445332527160645,1.0445332527160645,FP
1676,0,1,1.0638360977172852,1.0638360977172852,FP
1677,0,1,1.009009599685669,1.009009599685669,FP
1678,0,1,1.018832802772522,1.018832802772522,FP
1679,0,1,1.0010771751403809,1.0010771751403809,FP
1680,0,1,0.9895785450935364,0.9895785450935364,FP
1681,0,1,0.9886926412582397,0.9886926412582397,FP
1682,0,1,0.9996289610862732,0.9996289610862732,FP
1683,0,1,1.0015099048614502,1.0015099048614502,FP
1684,0,1,0.9853836297988892,0.9853836297988892,FP
1685,0,1,0.9892758131027222,0.9892758131027222,FP
1686,0,1,0.9835128784179688,0.9835128784179688,FP
1687,0,1,0.962297260761261,0.962297260761261,FP
1688,0,1,0.951056718826294,0.951056718826294,FP
1689,0,1,0.969078004360199,0.969078004360199,FP
1690,0,1,1.0223057270050049,1.0223057270050049,FP
1691,0,1,0.9623371362686157,0.9623371362686157,FP
1692,0,1,0.9720060229301453,0.9720060229301453,FP
1693,0,1,0.9596314430236816,0.9596314430236816,FP
1694,0,1,0.9589977860450745,0.9589977860450745,FP
1695,0,1,0.9348351359367371,0.9348351359367371,FP
1696,0,1,0.9346054792404175,0.9346054792404175,FP
1697,0,1,0.9186903238296509,0.9186903238296509,FP
1698,0,1,0.9246329665184021,0.9246329665184021,FP
1699,0,1,0.9104758501052856,0.9104758501052856,FP
1700,0,1,0.9073779582977295,0.9073779582977295,FP
1701,0,1,0.9039790630340576,0.9039790630340576,FP
1702,0,1,0.9130393862724304,0.9130393862724304,FP
1703,0,1,0.9054789543151855,0.9054789543151855,FP
1704,0,1,0.8914943933486938,0.8914943933486938,FP
1705,0,1,0.8917487263679504,0.8917487263679504,FP
1706,0,1,0.8737175464630127,0.8737175464630127,FP
1707,0,1,0.8598409295082092,0.8598409295082092,FP
1708,0,1,0.872031569480896,0.872031569480896,FP
1709,0,1,0.8751579523086548,0.8751579523086548,FP
1710,0,1,0.8801416158676147,0.8801416158676147,FP
1711,0,1,0.8581150770187378,0.8581150770187378,FP
1712,0,1,0.8510589003562927,0.8510589003562927,FP
1713,0,1,0.8522132635116577,0.8522132635116577,FP
1714,0,1,0.8313154578208923,0.8313154578208923,FP
1715,0,1,0.8385805487632751,0.8385805487632751,FP
1716,0,1,0.8385651111602783,0.8385651111602783,FP
1717,0,1,0.8488564491271973,0.8488564491271973,FP
1718,0,1,0.8338499665260315,0.8338499665260315,FP
1719,0,1,0.8375990986824036,0.8375990986824036,FP
1720,0,1,0.8215680122375488,0.8215680122375488,FP
1721,0,1,0.8148477077484131,0.8148477077484131,FP
1722,0,1,0.8064274787902832,0.8064274787902832,FP
1723,0,1,0.7955676317214966,0.7955676317214966,FP
1724,0,1,0.7937448620796204,0.7937448620796204,FP
1725,0,1,0.7926526665687561,0.7926526665687561,FP
1726,0,1,0.779013454914093,0.779013454914093,FP
1727,0,1,0.7766271829605103,0.7766271829605103,FP
1728,0,1,0.7783660888671875,0.7783660888671875,FP
1729,0,1,0.7703498601913452,0.7703498601913452,FP
1730,0,1,0.7647011280059814,0.7647011280059814,FP
1731,0,1,0.7616010904312134,0.7616010904312134,FP
1732,0,1,0.7463890314102173,0.7463890314102173,FP
1733,0,1,0.7574039697647095,0.7574039697647095,FP
1734,0,1,0.7543379068374634,0.7543379068374634,FP
1735,0,1,0.7503417134284973,0.7503417134284973,FP
1736,0,1,0.7459138631820679,0.7459138631820679,FP
1737,0,1,0.747475266456604,0.747475266456604,FP
1738,0,1,0.7495021820068359,0.7495021820068359,FP
1739,0,1,0.7380626797676086,0.7380626797676086,FP
1740,0,1,0.7199127078056335,0.7199127078056335,FP
1741,0,1,0.731181800365448,0.731181800365448,FP
1742,0,1,0.7305858731269836,0.7305858731269836,FP
1743,0,1,0.7223456501960754,0.7223456501960754,FP
1744,0,1,0.717012345790863,0.717012345790863,FP
1745,0,1,0.7172290086746216,0.7172290086746216,FP
1746,0,1,0.7197447419166565,0.7197447419166565,FP
1747,0,1,0.7215031385421753,0.7215031385421753,FP
1748,0,1,0.7253862023353577,0.7253862023353577,FP
1749,0,1,0.7443490624427795,0.7443490624427795,FP
1750,0,1,0.7250123023986816,0.7250123023986816,FP
1751,0,1,0.7071678638458252,0.7071678638458252,FP
1752,0,1,0.7038336396217346,0.7038336396217346,FP
1753,0,1,0.7070655822753906,0.7070655822753906,FP
1754,0,1,0.7113454341888428,0.7113454341888428,FP
1755,0,1,0.7231863141059875,0.7231863141059875,FP
1756,0,1,0.7268573045730591,0.7268573045730591,FP
1757,0,1,0.7543197870254517,0.7543197870254517,FP
1758,0,1,0.7316874861717224,0.7316874861717224,FP
1759,0,1,0.7380043864250183,0.7380043864250183,FP
1760,0,1,0.7395691871643066,0.7395691871643066,FP
1761,0,1,0.74908846616745,0.74908846616745,FP
1762,0,1,0.7579225897789001,0.7579225897789001,FP
1763,0,1,0.7628195285797119,0.7628195285797119,FP
1764,0,1,0.7778252959251404,0.7778252959251404,FP
1765,0,1,0.782050371170044,0.782050371170044,FP
1766,0,1,0.7903793454170227,0.7903793454170227,FP
1767,0,1,0.8104726672172546,0.8104726672172546,FP
1768,0,1,0.8320087194442749,0.8320087194442749,FP
1769,0,1,0.8643597960472107,0.8643597960472107,FP
1770,0,1,0.8791892528533936,0.8791892528533936,FP
1771,0,1,0.9089066386222839,0.9089066386222839,FP
1772,0,1,0.9440411925315857,0.9440411925315857,FP
1773,0,1,1.2504435777664185,1.2504435777664185,FP
1774,0,1,1.2614823579788208,1.2614823579788208,FP
1775,0,1,1.3725650310516357,1.3725650310516357,FP
1776,0,1,1.4473834037780762,1.4473834037780762,FP
1777,0,1,1.4989259243011475,1.4989259243011475,FP
1778,0,1,1.5616116523742676,1.5616116523742676,FP
1779,0,1,1.6695669889450073,1.6695669889450073,FP
1780,0,1,1.725154161453247,1.725154161453247,FP
1781,0,1,1.8078182935714722,1.8078182935714722,FP
1782,1,1,1.9116806983947754,1.9116806983947754,TP
1783,1,1,1.9705941677093506,1.9705941677093506,TP
1784,1,1,2.0297718048095703,2.0297718048095703,TP
1785,1,1,2.1617701053619385,2.1617701053619385,TP
1786,1,1,2.283942937850952,2.283942937850952,TP
1787,1,1,2.3926689624786377,2.3926689624786377,TP
1788,1,1,2.525692939758301,2.525692939758301,TP
1789,1,1,2.6521124839782715,2.6521124839782715,TP
1790,1,1,2.7905690670013428,2.7905690670013428,TP
1791,1,1,2.9279327392578125,2.9279327392578125,TP
1792,1,1,3.061612129211426,3.061612129211426,TP
1793,0,1,0.6327216029167175,0.6327216029167175,FP
1794,0,1,0.6286316514015198,0.6286316514015198,FP
1795,0,1,0.6307924389839172,0.6307924389839172,FP
1796,0,1,0.6259422302246094,0.6259422302246094,FP
1797,0,1,0.6317645907402039,0.6317645907402039,FP
1798,0,1,0.6589537858963013,0.6589537858963013,FP
1799,0,1,0.6384093761444092,0.6384093761444092,FP
1800,0,1,0.6358621120452881,0.6358621120452881,FP
1801,0,1,0.6356396079063416,0.6356396079063416,FP
1802,0,1,0.6212863326072693,0.6212863326072693,FP
1803,0,1,0.6227933764457703,0.6227933764457703,FP
1804,0,1,0.6163777709007263,0.6163777709007263,FP
1805,0,1,0.6471447944641113,0.6471447944641113,FP
1806,0,1,0.6237630844116211,0.6237630844116211,FP
1807,0,1,0.6332613825798035,0.6332613825798035,FP
1808,0,1,0.6075744032859802,0.6075744032859802,FP
1809,0,1,0.6087881326675415,0.6087881326675415,FP
1810,0,1,0.6070418953895569,0.6070418953895569,FP
1811,0,1,0.593732476234436,0.593732476234436,FP
1812,0,1,0.6004772186279297,0.6004772186279297,FP
1813,0,1,0.5987592935562134,0.5987592935562134,FP
1814,0,1,0.6258254051208496,0.6258254051208496,FP
1815,0,1,0.6461309790611267,0.6461309790611267,FP
1816,0,1,0.6543790698051453,0.6543790698051453,FP
1817,0,1,0.61570143699646,0.61570143699646,FP
1818,0,1,0.6162058115005493,0.6162058115005493,FP
1819,0,1,0.6189951300621033,0.6189951300621033,FP
1820,0,1,1.0863913297653198,1.0863913297653198,FP
1821,0,1,1.0504825115203857,1.0504825115203857,FP
1822,0,1,1.0718772411346436,1.0718772411346436,FP
1823,0,1,1.0431461334228516,1.0431461334228516,FP
1824,0,1,1.1756715774536133,1.1756715774536133,FP
1825,0,1,1.0341299772262573,1.0341299772262573,FP
1826,0,1,1.1413668394088745,1.1413668394088745,FP
1827,0,1,1.064399003982544,1.064399003982544,FP
1828,0,1,1.0411407947540283,1.0411407947540283,FP
1829,0,1,1.027756690979004,1.027756690979004,FP
1830,0,1,1.1350457668304443,1.1350457668304443,FP
1831,0,1,1.0204750299453735,1.0204750299453735,FP
1832,0,1,1.1192559003829956,1.1192559003829956,FP
1833,0,1,1.0194236040115356,1.0194236040115356,FP
1834,0,1,1.0060093402862549,1.0060093402862549,FP
1835,0,1,1.0110286474227905,1.0110286474227905,FP
1836,0,1,1.0542652606964111,1.0542652606964111,FP
1837,0,1,0.9971086382865906,0.9971086382865906,FP
1838,0,1,1.0294650793075562,1.0294650793075562,FP
1839,0,1,1.0149624347686768,1.0149624347686768,FP
1840,0,1,1.0152126550674438,1.0152126550674438,FP
1841,0,1,0.945228636264801,0.945228636264801,FP
1842,0,1,1.0105781555175781,1.0105781555175781,FP
1843,0,1,0.9360561966896057,0.9360561966896057,FP
1844,0,1,0.9698323607444763,0.9698323607444763,FP
1845,0,1,0.9056149125099182,0.9056149125099182,FP
1846,0,1,0.9042866230010986,0.9042866230010986,FP
1847,0,1,0.8798010945320129,0.8798010945320129,FP
1848,0,1,0.8840903639793396,0.8840903639793396,FP
1849,0,1,0.8935081362724304,0.8935081362724304,FP
1850,0,1,0.8681215047836304,0.8681215047836304,FP
1851,0,1,0.8669079542160034,0.8669079542160034,FP
1852,0,1,0.8519330024719238,0.8519330024719238,FP
1853,0,1,0.8327845931053162,0.8327845931053162,FP
1854,0,1,0.8340471386909485,0.8340471386909485,FP
1855,0,1,0.8828592896461487,0.8828592896461487,FP
1856,0,1,0.8539375066757202,0.8539375066757202,FP
1857,0,1,0.8311589956283569,0.8311589956283569,FP
1858,0,1,0.8194540143013,0.8194540143013,FP
1859,0,1,0.8246162533760071,0.8246162533760071,FP
1860,0,1,0.8110063672065735,0.8110063672065735,FP
1861,0,1,0.8048773407936096,0.8048773407936096,FP
1862,0,1,0.8159627318382263,0.8159627318382263,FP
1863,0,1,0.8004682660102844,0.8004682660102844,FP
1864,0,1,0.7619285583496094,0.7619285583496094,FP
1865,0,1,0.7488391399383545,0.7488391399383545,FP
1866,0,1,0.7491673827171326,0.7491673827171326,FP
1867,0,1,0.7412430047988892,0.7412430047988892,FP
1868,0,1,0.762338399887085,0.762338399887085,FP
1869,0,1,0.7276527285575867,0.7276527285575867,FP
1870,0,1,0.7237064242362976,0.7237064242362976,FP
1871,0,1,0.7753769159317017,0.7753769159317017,FP
1872,0,1,0.7312700152397156,0.7312700152397156,FP
1873,0,1,0.7306758761405945,0.7306758761405945,FP
1874,0,1,0.7172105312347412,0.7172105312347412,FP
1875,0,1,0.7054725885391235,0.7054725885391235,FP
1876,0,1,0.6988926529884338,0.6988926529884338,FP
1877,0,1,0.6940019726753235,0.6940019726753235,FP
1878,0,1,0.6898689270019531,0.6898689270019531,FP
1879,0,1,0.6765382885932922,0.6765382885932922,FP
1880,0,1,0.6820529699325562,0.6820529699325562,FP
1881,0,1,0.6875270009040833,0.6875270009040833,FP
1882,0,1,0.6727943420410156,0.6727943420410156,FP
1883,0,1,0.661552906036377,0.661552906036377,FP
1884,0,1,0.6594668626785278,0.6594668626785278,FP
1885,0,1,0.660673201084137,0.660673201084137,FP
1886,0,1,0.6505314707756042,0.6505314707756042,FP
1887,0,1,0.6489444971084595,0.6489444971084595,FP
1888,0,1,0.640764594078064,0.640764594078064,FP
1889,0,1,0.6328228116035461,0.6328228116035461,FP
1890,0,1,0.6451934576034546,0.6451934576034546,FP
1891,0,1,0.633948564529419,0.633948564529419,FP
1892,0,1,0.6194833517074585,0.6194833517074585,FP
1893,0,1,0.6367873549461365,0.6367873549461365,FP
1894,0,1,0.6084088683128357,0.6084088683128357,FP
1895,0,1,0.5995581150054932,0.5995581150054932,FP
1896,0,1,0.6143311858177185,0.6143311858177185,FP
1897,0,1,0.6021311283111572,0.6021311283111572,FP
1898,0,1,0.6016790866851807,0.6016790866851807,FP
1899,0,1,0.5948368906974792,0.5948368906974792,FP
1900,0,1,0.5921459197998047,0.5921459197998047,FP
1901,0,1,0.5892780423164368,0.5892780423164368,FP
1902,0,1,0.5843238830566406,0.5843238830566406,FP
1903,0,1,0.579862117767334,0.579862117767334,FP
1904,0,1,0.5700546503067017,0.5700546503067017,FP
1905,0,1,0.5754984021186829,0.5754984021186829,FP
1906,0,1,0.5595424771308899,0.5595424771308899,FP
1907,0,1,0.5765918493270874,0.5765918493270874,FP
1908,0,1,0.5450924038887024,0.5450924038887024,FP
1909,0,1,0.5383684039115906,0.5383684039115906,FP
1910,0,1,0.5485174655914307,0.5485174655914307,FP
1911,0,1,0.6414535641670227,0.6414535641670227,FP
1912,0,1,0.6378412842750549,0.6378412842750549,FP
1913,0,1,0.6356814503669739,0.6356814503669739,FP
1914,0,1,0.6419723033905029,0.6419723033905029,FP
1915,0,1,1.7307072877883911,1.7307072877883911,FP
1916,0,1,1.777495265007019,1.777495265007019,FP
1917,0,1,0.6665180921554565,0.6665180921554565,FP
1918,0,1,0.6605914831161499,0.6605914831161499,FP
1919,0,1,1.7156617641448975,1.7156617641448975,FP
1920,0,1,0.9747381806373596,0.9747381806373596,FP
1921,0,1,1.7685840129852295,1.7685840129852295,FP
1922,0,1,1.765459418296814,1.765459418296814,FP
1923,0,1,1.672581434249878,1.672581434249878,FP
1924,0,1,1.659670352935791,1.659670352935791,FP
1925,0,1,1.7537121772766113,1.7537121772766113,FP
1926,0,1,1.6891767978668213,1.6891767978668213,FP
1927,0,1,1.6810553073883057,1.6810553073883057,FP
1928,0,1,1.7412489652633667,1.7412489652633667,FP
1929,0,1,1.7168240547180176,1.7168240547180176,FP
1930,0,1,1.7638131380081177,1.7638131380081177,FP
1931,0,1,1.7034804821014404,1.7034804821014404,FP
1932,0,1,1.732418417930603,1.732418417930603,FP
1933,0,1,1.7184147834777832,1.7184147834777832,FP
1934,0,1,0.6632594466209412,0.6632594466209412,FP
1935,0,1,0.6663256883621216,0.6663256883621216,FP
1936,0,1,0.7102444171905518,0.7102444171905518,FP
1937,0,1,0.6833868622779846,0.6833868622779846,FP
1938,0,1,1.941746711730957,1.941746711730957,FP
1939,0,1,0.6487001776695251,0.6487001776695251,FP
1940,0,1,1.7857049703598022,1.7857049703598022,FP
1941,0,1,1.7270697355270386,1.7270697355270386,FP
1942,0,1,1.6761263608932495,1.6761263608932495,FP
1943,0,1,1.7358189821243286,1.7358189821243286,FP
1944,0,1,1.7631562948226929,1.7631562948226929,FP
1945,0,1,1.6797839403152466,1.6797839403152466,FP
1946,0,1,1.6939719915390015,1.6939719915390015,FP
1947,0,1,1.7373344898223877,1.7373344898223877,FP
1948,0,1,1.6712524890899658,1.6712524890899658,FP
1949,0,1,0.6976111531257629,0.6976111531257629,FP
1950,0,1,0.6680855751037598,0.6680855751037598,FP
1951,0,1,0.6846730709075928,0.6846730709075928,FP
1952,0,1,0.6679682731628418,0.6679682731628418,FP
1953,0,1,1.6257156133651733,1.6257156133651733,FP
1954,0,1,1.6567351818084717,1.6567351818084717,FP
1955,0,1,1.6402313709259033,1.6402313709259033,FP
1956,0,1,1.6197412014007568,1.6197412014007568,FP
1957,0,1,1.6076098680496216,1.6076098680496216,FP
1958,0,1,1.6935527324676514,1.6935527324676514,FP
1959,0,1,1.6953489780426025,1.6953489780426025,FP
1960,0,1,1.75712251663208,1.75712251663208,FP
1961,0,1,1.6549209356307983,1.6549209356307983,FP
1962,0,1,1.698990821838379,1.698990821838379,FP
1963,0,1,1.5895804166793823,1.5895804166793823,FP
1964,0,1,1.6806756258010864,1.6806756258010864,FP
1965,0,1,1.6908981800079346,1.6908981800079346,FP
1966,0,1,1.6034138202667236,1.6034138202667236,FP
1967,0,1,1.5482145547866821,1.5482145547866821,FP
1968,0,1,1.594362735748291,1.594362735748291,FP
1969,0,1,1.5485124588012695,1.5485124588012695,FP
1970,0,1,1.545711636543274,1.545711636543274,FP
1971,0,1,1.515154242515564,1.515154242515564,FP
1972,0,1,1.5761289596557617,1.5761289596557617,FP
1973,0,1,1.51177978515625,1.51177978515625,FP
1974,0,1,0.7599635124206543,0.7599635124206543,FP
1975,0,1,1.4754482507705688,1.4754482507705688,FP
1976,0,1,1.5527007579803467,1.5527007579803467,FP
1977,0,1,1.5136758089065552,1.5136758089065552,FP
1978,0,1,1.434314250946045,1.434314250946045,FP
1979,0,1,1.540471076965332,1.540471076965332,FP
1980,0,1,1.5555169582366943,1.5555169582366943,FP
1981,0,1,1.4464489221572876,1.4464489221572876,FP
1982,0,1,1.5961463451385498,1.5961463451385498,FP
1983,0,1,1.5423187017440796,1.5423187017440796,FP
1984,0,1,1.5192757844924927,1.5192757844924927,FP
1985,0,1,1.8401594161987305,1.8401594161987305,FP
1986,0,1,1.4229321479797363,1.4229321479797363,FP
1987,0,1,1.4710289239883423,1.4710289239883423,FP
1988,0,1,1.5388182401657104,1.5388182401657104,FP
1989,0,1,1.6569043397903442,1.6569043397903442,FP
1990,0,1,0.7834498882293701,0.7834498882293701,FP
1991,0,1,1.4472699165344238,1.4472699165344238,FP
1992,0,1,1.4392260313034058,1.4392260313034058,FP
1993,0,1,1.3739945888519287,1.3739945888519287,FP
1994,0,1,1.2977250814437866,1.2977250814437866,FP
1995,0,1,1.4047765731811523,1.4047765731811523,FP
1996,0,1,1.3051608800888062,1.3051608800888062,FP
1997,0,1,1.2618426084518433,1.2618426084518433,FP
1998,0,1,1.2874833345413208,1.2874833345413208,FP
1999,0,1,1.249659776687622,1.249659776687622,FP
2000,0,1,1.2386834621429443,1.2386834621429443,FP
2001,0,1,1.2379192113876343,1.2379192113876343,FP
2002,0,1,1.2101702690124512,1.2101702690124512,FP
2003,0,1,1.2475838661193848,1.2475838661193848,FP
2004,0,1,1.2045173645019531,1.2045173645019531,FP
2005,0,1,1.1929198503494263,1.1929198503494263,FP
2006,0,1,1.1865277290344238,1.1865277290344238,FP
2007,0,1,1.1708568334579468,1.1708568334579468,FP
2008,0,1,1.1630151271820068,1.1630151271820068,FP
2009,0,1,1.1817678213119507,1.1817678213119507,FP
2010,0,1,1.2177201509475708,1.2177201509475708,FP
2011,0,1,1.1584876775741577,1.1584876775741577,FP
2012,0,1,1.1939170360565186,1.1939170360565186,FP
2013,0,1,1.1575026512145996,1.1575026512145996,FP
2014,0,1,1.1143536567687988,1.1143536567687988,FP
2015,0,1,1.1060806512832642,1.1060806512832642,FP
2016,0,1,1.173315167427063,1.173315167427063,FP
2017,0,1,1.0972388982772827,1.0972388982772827,FP
2018,0,1,1.0812386274337769,1.0812386274337769,FP
2019,0,1,1.139082431793213,1.139082431793213,FP
2020,0,1,0.7250948548316956,0.7250948548316956,FP
2021,0,1,0.7143011689186096,0.7143011689186096,FP
2022,0,1,0.7017706036567688,0.7017706036567688,FP
2023,0,1,0.7049024105072021,0.7049024105072021,FP
2024,0,1,0.7113221883773804,0.7113221883773804,FP
2025,0,1,0.6817450523376465,0.6817450523376465,FP
2026,0,1,0.681560218334198,0.681560218334198,FP
2027,0,1,0.6900051832199097,0.6900051832199097,FP
2028,0,1,0.7010810971260071,0.7010810971260071,FP
2029,0,1,0.681003749370575,0.681003749370575,FP
2030,0,1,0.6767171621322632,0.6767171621322632,FP
2031,0,1,0.6648669242858887,0.6648669242858887,FP
2032,0,1,0.6758926510810852,0.6758926510810852,FP
2033,0,1,0.6597297787666321,0.6597297787666321,FP
2034,0,1,0.6717140674591064,0.6717140674591064,FP
2035,0,1,0.6868187189102173,0.6868187189102173,FP
2036,0,1,0.6712872385978699,0.6712872385978699,FP
2037,0,1,0.6724259853363037,0.6724259853363037,FP
2038,0,1,0.6717139482498169,0.6717139482498169,FP
2039,0,1,0.6665894389152527,0.6665894389152527,FP
2040,0,1,0.6615396738052368,0.6615396738052368,FP
2041,0,1,0.6739874482154846,0.6739874482154846,FP
2042,0,1,0.6491258144378662,0.6491258144378662,FP
2043,0,1,0.6583458781242371,0.6583458781242371,FP
2044,0,1,0.6591238379478455,0.6591238379478455,FP
2045,0,1,0.6531192064285278,0.6531192064285278,FP
2046,0,1,0.6711437702178955,0.6711437702178955,FP
2047,0,1,0.6593709588050842,0.6593709588050842,FP
2048,0,1,0.667510449886322,0.667510449886322,FP
2049,0,1,0.6535715460777283,0.6535715460777283,FP
2050,0,1,0.648861289024353,0.648861289024353,FP
2051,0,1,0.6380192041397095,0.6380192041397095,FP
2052,0,1,0.6282915472984314,0.6282915472984314,FP
2053,0,1,0.6199873089790344,0.6199873089790344,FP
2054,0,1,0.6254527568817139,0.6254527568817139,FP
2055,0,1,0.6219300031661987,0.6219300031661987,FP
2056,0,1,0.6155786514282227,0.6155786514282227,FP
2057,0,1,0.6103717088699341,0.6103717088699341,FP
2058,0,1,0.61933833360672,0.61933833360672,FP
2059,0,1,0.6150315403938293,0.6150315403938293,FP
2060,0,1,0.6182709336280823,0.6182709336280823,FP
2061,0,1,0.6063104867935181,0.6063104867935181,FP
2062,0,1,0.5965168476104736,0.5965168476104736,FP
2063,0,1,0.6018701791763306,0.6018701791763306,FP
2064,0,1,0.591963529586792,0.591963529586792,FP
2065,0,1,0.5906602740287781,0.5906602740287781,FP
2066,0,1,0.5903552770614624,0.5903552770614624,FP
2067,0,1,0.5959511399269104,0.5959511399269104,FP
2068,0,1,0.5905207991600037,0.5905207991600037,FP
2069,0,1,0.587810754776001,0.587810754776001,FP
2070,0,1,0.5818902850151062,0.5818902850151062,FP
2071,0,1,0.5691832900047302,0.5691832900047302,FP
2072,0,1,0.5707553625106812,0.5707553625106812,FP
2073,0,1,0.59263014793396,0.59263014793396,FP
2074,0,1,0.5845643877983093,0.5845643877983093,FP
2075,0,1,0.5868649482727051,0.5868649482727051,FP
2076,0,1,0.5885752439498901,0.5885752439498901,FP
2077,0,1,0.5840555429458618,0.5840555429458618,FP
2078,0,1,0.5858327746391296,0.5858327746391296,FP
2079,0,1,0.5853227376937866,0.5853227376937866,FP
2080,0,1,0.5977622866630554,0.5977622866630554,FP
2081,0,1,0.590717077255249,0.590717077255249,FP
2082,0,1,0.5961459875106812,0.5961459875106812,FP
2083,0,1,0.5902432799339294,0.5902432799339294,FP
2084,0,1,0.5862412452697754,0.5862412452697754,FP
2085,0,1,0.5872300863265991,0.5872300863265991,FP
2086,0,1,0.5721294283866882,0.5721294283866882,FP
2087,0,1,0.5764873027801514,0.5764873027801514,FP
2088,0,1,0.5715049505233765,0.5715049505233765,FP
2089,0,1,0.5619071125984192,0.5619071125984192,FP
2090,0,1,0.5677610039710999,0.5677610039710999,FP
2091,0,1,0.5685251355171204,0.5685251355171204,FP
2092,0,1,0.5631076097488403,0.5631076097488403,FP
2093,0,1,0.5705392956733704,0.5705392956733704,FP
2094,0,1,0.6217212080955505,0.6217212080955505,FP
2095,0,1,0.560907781124115,0.560907781124115,FP
2096,0,1,0.5570448637008667,0.5570448637008667,FP
2097,0,1,0.5406055450439453,0.5406055450439453,FP
2098,0,1,0.5429858565330505,0.5429858565330505,FP
2099,0,1,0.5467313528060913,0.5467313528060913,FP
2100,0,1,0.5498192310333252,0.5498192310333252,FP
2101,0,1,0.5366486310958862,0.5366486310958862,FP
2102,0,1,0.5454685688018799,0.5454685688018799,FP
2103,0,1,0.564791202545166,0.564791202545166,FP
2104,0,1,0.5605382919311523,0.5605382919311523,FP
2105,0,1,0.5415070056915283,0.5415070056915283,FP
2106,0,1,0.5606552362442017,0.5606552362442017,FP
2107,0,1,0.5504465103149414,0.5504465103149414,FP
2108,0,1,0.570305347442627,0.570305347442627,FP
2109,0,1,0.5593263506889343,0.5593263506889343,FP
2110,0,1,0.5315043926239014,0.5315043926239014,FP
2111,0,1,0.5373485684394836,0.5373485684394836,FP
2112,0,1,0.5719842314720154,0.5719842314720154,FP
2113,0,1,0.5367693305015564,0.5367693305015564,FP
2114,0,1,0.5546147227287292,0.5546147227287292,FP
2115,0,1,0.543945848941803,0.543945848941803,FP
2116,0,1,0.5569121837615967,0.5569121837615967,FP
2117,0,1,0.5255032181739807,0.5255032181739807,FP
2118,0,1,0.5498262643814087,0.5498262643814087,FP
2119,0,1,0.6002118587493896,0.6002118587493896,FP
2120,0,1,0.5505773425102234,0.5505773425102234,FP
2121,0,1,0.5344199538230896,0.5344199538230896,FP
2122,0,1,0.5388211607933044,0.5388211607933044,FP
2123,0,1,0.5489795804023743,0.5489795804023743,FP
2124,0,1,0.6355113983154297,0.6355113983154297,FP
2125,0,1,0.530444324016571,0.530444324016571,FP
2126,0,1,0.5658239126205444,0.5658239126205444,FP
2127,0,1,0.5705904960632324,0.5705904960632324,FP
2128,0,1,0.551237165927887,0.551237165927887,FP
2129,0,1,0.5772508382797241,0.5772508382797241,FP
2130,0,1,0.6495494246482849,0.6495494246482849,FP
2131,0,1,0.663750171661377,0.663750171661377,FP
2132,0,1,0.6407198309898376,0.6407198309898376,FP
2133,0,1,0.650005578994751,0.650005578994751,FP
2134,0,1,0.6204221248626709,0.6204221248626709,FP
2135,0,1,0.603206992149353,0.603206992149353,FP
2136,0,1,0.6664462089538574,0.6664462089538574,FP
2137,0,1,0.7003704905509949,0.7003704905509949,FP
2138,0,1,0.6784547567367554,0.6784547567367554,FP
2139,0,1,0.6989495754241943,0.6989495754241943,FP
2140,0,1,0.6904403567314148,0.6904403567314148,FP
2141,0,1,0.7068756818771362,0.7068756818771362,FP
2142,0,1,1.3484256267547607,1.3484256267547607,FP
2143,0,1,1.3213441371917725,1.3213441371917725,FP
2144,0,1,1.3781492710113525,1.3781492710113525,FP
2145,0,1,1.4149366617202759,1.4149366617202759,FP
2146,0,1,1.3450294733047485,1.3450294733047485,FP
2147,0,1,1.4154411554336548,1.4154411554336548,FP
2148,0,1,1.3588327169418335,1.3588327169418335,FP
2149,0,1,1.3582181930541992,1.3582181930541992,FP
2150,0,1,1.3104380369186401,1.3104380369186401,FP
2151,0,1,1.3071763515472412,1.3071763515472412,FP
2152,0,1,1.397904396057129,1.397904396057129,FP
2153,0,1,1.2407026290893555,1.2407026290893555,FP
2154,0,1,1.2911700010299683,1.2911700010299683,FP
2155,0,1,1.3030706644058228,1.3030706644058228,FP
2156,0,1,1.3423370122909546,1.3423370122909546,FP
2157,0,1,1.3397324085235596,1.3397324085235596,FP
2158,0,1,1.2891520261764526,1.2891520261764526,FP
2159,0,1,1.3500829935073853,1.3500829935073853,FP
2160,0,1,1.3110836744308472,1.3110836744308472,FP
2161,0,1,1.285862684249878,1.285862684249878,FP
2162,0,1,1.2404284477233887,1.2404284477233887,FP
2163,0,1,1.2231090068817139,1.2231090068817139,FP
2164,0,1,1.343896746635437,1.343896746635437,FP
2165,0,1,1.3489422798156738,1.3489422798156738,FP
2166,0,1,1.3335670232772827,1.3335670232772827,FP
2167,0,1,1.2853481769561768,1.2853481769561768,FP
2168,0,1,1.3345032930374146,1.3345032930374146,FP
2169,0,1,1.2902880907058716,1.2902880907058716,FP
2170,0,1,1.2832294702529907,1.2832294702529907,FP
2171,0,1,1.3150373697280884,1.3150373697280884,FP
2172,0,1,1.2561489343643188,1.2561489343643188,FP
2173,0,1,1.2713265419006348,1.2713265419006348,FP
2174,0,1,1.307533860206604,1.307533860206604,FP
2175,0,1,1.3049288988113403,1.3049288988113403,FP
2176,0,1,1.1931618452072144,1.1931618452072144,FP
2177,0,1,1.3050966262817383,1.3050966262817383,FP
2178,0,1,1.25132417678833,1.25132417678833,FP
2179,0,1,1.2348552942276,1.2348552942276,FP
2180,0,1,1.2449464797973633,1.2449464797973633,FP
2181,0,1,1.2104581594467163,1.2104581594467163,FP
2182,0,1,1.1973170042037964,1.1973170042037964,FP
2183,0,1,1.301194667816162,1.301194667816162,FP
2184,0,1,1.2344592809677124,1.2344592809677124,FP
2185,0,1,1.2046564817428589,1.2046564817428589,FP
2186,0,1,1.230848789215088,1.230848789215088,FP
2187,0,1,1.2776488065719604,1.2776488065719604,FP
2188,0,1,1.167140007019043,1.167140007019043,FP
2189,0,1,1.2583270072937012,1.2583270072937012,FP
2190,0,1,1.195887565612793,1.195887565612793,FP
2191,0,1,1.2036712169647217,1.2036712169647217,FP
2192,0,1,1.1425201892852783,1.1425201892852783,FP
2193,0,1,1.2151089906692505,1.2151089906692505,FP
2194,0,1,1.25825834274292,1.25825834274292,FP
2195,0,1,1.205323338508606,1.205323338508606,FP
2196,0,1,1.2085788249969482,1.2085788249969482,FP
2197,0,1,1.2354599237442017,1.2354599237442017,FP
2198,0,1,1.2145073413848877,1.2145073413848877,FP
2199,0,1,1.1118710041046143,1.1118710041046143,FP
2200,0,1,1.1735037565231323,1.1735037565231323,FP
2201,0,1,1.1642400026321411,1.1642400026321411,FP
2202,0,1,1.1878012418746948,1.1878012418746948,FP
2203,0,1,1.2030516862869263,1.2030516862869263,FP
2204,0,1,1.1238791942596436,1.1238791942596436,FP
2205,0,1,1.1304795742034912,1.1304795742034912,FP
2206,0,1,1.0836869478225708,1.0836869478225708,FP
2207,0,1,1.0621315240859985,1.0621315240859985,FP
2208,0,1,1.1149948835372925,1.1149948835372925,FP
2209,0,1,1.0971142053604126,1.0971142053604126,FP
2210,0,1,1.072820782661438,1.072820782661438,FP
2211,0,1,1.1261968612670898,1.1261968612670898,FP
2212,0,1,1.0715622901916504,1.0715622901916504,FP
2213,0,1,1.0505197048187256,1.0505197048187256,FP
2214,0,1,1.0299484729766846,1.0299484729766846,FP
2215,0,1,1.0956716537475586,1.0956716537475586,FP
2216,0,1,1.0421143770217896,1.0421143770217896,FP
2217,0,1,1.0052756071090698,1.0052756071090698,FP
2218,0,1,1.0202155113220215,1.0202155113220215,FP
2219,0,1,1.0078998804092407,1.0078998804092407,FP
2220,0,1,1.0169498920440674,1.0169498920440674,FP
2221,0,1,0.9565243721008301,0.9565243721008301,FP
2222,0,1,0.954357922077179,0.954357922077179,FP
2223,0,1,0.9618222117424011,0.9618222117424011,FP
2224,0,1,0.96873939037323,0.96873939037323,FP
2225,0,1,0.9296168684959412,0.9296168684959412,FP
2226,0,1,0.9343815445899963,0.9343815445899963,FP
2227,0,1,0.9240338206291199,0.9240338206291199,FP
2228,0,1,0.9053799510002136,0.9053799510002136,FP
2229,0,1,0.9549683928489685,0.9549683928489685,FP
2230,0,1,0.8959565162658691,0.8959565162658691,FP
2231,0,1,0.9084408283233643,0.9084408283233643,FP
2232,0,1,0.8986209630966187,0.8986209630966187,FP
2233,0,1,0.9085521697998047,0.9085521697998047,FP
2234,0,1,0.8991789817810059,0.8991789817810059,FP
2235,0,1,0.9058361649513245,0.9058361649513245,FP
2236,0,1,0.6513906121253967,0.6513906121253967,FP
2237,0,1,0.633020281791687,0.633020281791687,FP
2238,0,1,0.6407851576805115,0.6407851576805115,FP
2239,0,1,0.6233775615692139,0.6233775615692139,FP
2240,0,1,0.6148092150688171,0.6148092150688171,FP
2241,0,1,0.6233140826225281,0.6233140826225281,FP
2242,0,1,0.6158380508422852,0.6158380508422852,FP
2243,0,1,0.6025903224945068,0.6025903224945068,FP
2244,0,1,0.6096352934837341,0.6096352934837341,FP
2245,0,1,0.5966602563858032,0.5966602563858032,FP
2246,0,1,0.5816660523414612,0.5816660523414612,FP
2247,0,1,0.5738068222999573,0.5738068222999573,FP
2248,0,1,0.5655643343925476,0.5655643343925476,FP
2249,0,1,0.574238657951355,0.574238657951355,FP
2250,0,1,0.5446784496307373,0.5446784496307373,FP
2251,0,1,0.5427498817443848,0.5427498817443848,FP
2252,0,1,0.5399959087371826,0.5399959087371826,FP
2253,0,1,0.5550323128700256,0.5550323128700256,FP
2254,0,1,0.5370321869850159,0.5370321869850159,FP
2255,0,1,0.5284761190414429,0.5284761190414429,FP
2256,0,1,0.5540084838867188,0.5540084838867188,FP
2257,0,1,0.5262610912322998,0.5262610912322998,FP
2258,0,1,0.5257853865623474,0.5257853865623474,FP
2259,0,1,0.5168938636779785,0.5168938636779785,FP
2260,0,1,0.5036921501159668,0.5036921501159668,FP
2261,0,1,0.5055311918258667,0.5055311918258667,FP
2262,0,1,0.5189400911331177,0.5189400911331177,FP
2263,0,1,0.5084211826324463,0.5084211826324463,FP
2264,0,0,0.49340251088142395,0.49340251088142395,TN
2265,0,0,0.49030962586402893,0.49030962586402893,TN
2266,0,1,0.5241062045097351,0.5241062045097351,FP
2267,0,0,0.4892018139362335,0.4892018139362335,TN
2268,0,0,0.4866713583469391,0.4866713583469391,TN
2269,0,0,0.47715866565704346,0.47715866565704346,TN
2270,0,1,0.5010570883750916,0.5010570883750916,FP
2271,0,0,0.4897664189338684,0.4897664189338684,TN
2272,0,0,0.48092448711395264,0.48092448711395264,TN
2273,0,0,0.4823820888996124,0.4823820888996124,TN
2274,0,0,0.4885714650154114,0.4885714650154114,TN
2275,0,0,0.4722194969654083,0.4722194969654083,TN
2276,0,0,0.48030567169189453,0.48030567169189453,TN
2277,0,0,0.4736747443675995,0.4736747443675995,TN
2278,0,0,0.4692705273628235,0.4692705273628235,TN
2279,0,0,0.47072651982307434,0.47072651982307434,TN
2280,0,1,0.527991771697998,0.527991771697998,FP
2281,0,0,0.47753456234931946,0.47753456234931946,TN
2282,0,1,0.5225549936294556,0.5225549936294556,FP
2283,0,0,0.49045050144195557,0.49045050144195557,TN
2284,0,0,0.48662224411964417,0.48662224411964417,TN
2285,0,1,0.5069093108177185,0.5069093108177185,FP
2286,0,1,0.5061421394348145,0.5061421394348145,FP
2287,0,1,0.4989767372608185,0.4989767372608185,FP
2288,0,1,0.5361895561218262,0.5361895561218262,FP
2289,0,1,0.5304233431816101,0.5304233431816101,FP
2290,0,1,0.5142595171928406,0.5142595171928406,FP
2291,0,1,0.5246762037277222,0.5246762037277222,FP
2292,0,1,0.5678728222846985,0.5678728222846985,FP
2293,0,1,0.5507805347442627,0.5507805347442627,FP
2294,0,1,0.5462459921836853,0.5462459921836853,FP
2295,0,1,0.5477674007415771,0.5477674007415771,FP
2296,0,1,0.559326708316803,0.559326708316803,FP
2297,0,1,0.5654899477958679,0.5654899477958679,FP
2298,0,1,0.561613917350769,0.561613917350769,FP
2299,0,1,0.6056358218193054,0.6056358218193054,FP
2300,0,1,0.5931044220924377,0.5931044220924377,FP
2301,0,1,0.6227958798408508,0.6227958798408508,FP
2302,0,1,0.5986501574516296,0.5986501574516296,FP
2303,0,1,0.5885825157165527,0.5885825157165527,FP
2304,0,1,0.5943189859390259,0.5943189859390259,FP
2305,0,1,0.5952776074409485,0.5952776074409485,FP
2306,0,1,0.5762443542480469,0.5762443542480469,FP
2307,0,1,0.5839343070983887,0.5839343070983887,FP
2308,0,1,0.5573278665542603,0.5573278665542603,FP
2309,0,1,0.5906622409820557,0.5906622409820557,FP
2310,0,1,0.5895822644233704,0.5895822644233704,FP
2311,0,1,0.5795130729675293,0.5795130729675293,FP
2312,0,1,0.5736153721809387,0.5736153721809387,FP
2313,0,1,0.5708180069923401,0.5708180069923401,FP
2314,0,1,0.5677432417869568,0.5677432417869568,FP
2315,0,1,0.5531288981437683,0.5531288981437683,FP
2316,0,1,0.5433354377746582,0.5433354377746582,FP
2317,0,1,0.5684376358985901,0.5684376358985901,FP
2318,0,1,0.5551153421401978,0.5551153421401978,FP
2319,0,1,0.564619779586792,0.564619779586792,FP
2320,0,1,0.5761119723320007,0.5761119723320007,FP
2321,0,1,0.572360634803772,0.572360634803772,FP
2322,0,1,0.557269275188446,0.557269275188446,FP
2323,0,1,0.5780660510063171,0.5780660510063171,FP
2324,0,1,0.5808697938919067,0.5808697938919067,FP
2325,0,1,0.5915626287460327,0.5915626287460327,FP
2326,0,1,0.5871840119361877,0.5871840119361877,FP
2327,0,1,0.5857117176055908,0.5857117176055908,FP
2328,0,1,0.5875964760780334,0.5875964760780334,FP
2329,0,1,0.5798806548118591,0.5798806548118591,FP
2330,0,1,0.5782397985458374,0.5782397985458374,FP
2331,0,1,0.5882335305213928,0.5882335305213928,FP
2332,0,1,0.5842332243919373,0.5842332243919373,FP
2333,0,1,0.5761364698410034,0.5761364698410034,FP
2334,0,1,0.5894440412521362,0.5894440412521362,FP
2335,0,1,0.5924478769302368,0.5924478769302368,FP
2336,0,1,0.6051711440086365,0.6051711440086365,FP
2337,0,1,0.6054314374923706,0.6054314374923706,FP
2338,0,1,0.6064038872718811,0.6064038872718811,FP
2339,0,1,0.6146592497825623,0.6146592497825623,FP
2340,0,1,0.6271531581878662,0.6271531581878662,FP
2341,0,1,0.7904987335205078,0.7904987335205078,FP
2342,0,1,0.9332049489021301,0.9332049489021301,FP
2343,0,1,0.9091214537620544,0.9091214537620544,FP
2344,0,1,0.9167213439941406,0.9167213439941406,FP
2345,0,1,1.055605411529541,1.055605411529541,FP
2346,0,1,1.143613338470459,1.143613338470459,FP
2347,0,1,1.0249329805374146,1.0249329805374146,FP
2348,0,1,1.1401153802871704,1.1401153802871704,FP
2349,0,1,1.221916675567627,1.221916675567627,FP
2350,0,1,0.9546369314193726,0.9546369314193726,FP
2351,0,1,0.87568199634552,0.87568199634552,FP
2352,0,1,1.0227553844451904,1.0227553844451904,FP
2353,0,1,1.15000319480896,1.15000319480896,FP
2354,0,1,1.129140019416809,1.129140019416809,FP
2355,0,1,1.1057255268096924,1.1057255268096924,FP
2356,0,1,0.8964819312095642,0.8964819312095642,FP
2357,0,1,0.944417417049408,0.944417417049408,FP
2358,0,1,0.8388835191726685,0.8388835191726685,FP
2359,0,1,0.8332826495170593,0.8332826495170593,FP
2360,1,1,1.0012038946151733,1.0012038946151733,TP
2361,1,1,0.7897529006004333,0.7897529006004333,TP
2362,1,1,0.8218370079994202,0.8218370079994202,TP
2363,1,1,0.8835381269454956,0.8835381269454956,TP
2364,1,1,0.8884361982345581,0.8884361982345581,TP
2365,1,1,0.8970372080802917,0.8970372080802917,TP
2366,1,1,0.9597936868667603,0.9597936868667603,TP
2367,1,1,0.9529762864112854,0.9529762864112854,TP
2368,1,1,0.9883186221122742,0.9883186221122742,TP
2369,1,1,0.9973853826522827,0.9973853826522827,TP
2370,1,1,0.9794360399246216,0.9794360399246216,TP
2371,1,1,1.020506739616394,1.020506739616394,TP
2372,1,1,1.0396445989608765,1.0396445989608765,TP
2373,1,1,1.1008703708648682,1.1008703708648682,TP
2374,1,1,1.1064625978469849,1.1064625978469849,TP
2375,1,1,1.1574571132659912,1.1574571132659912,TP
2376,1,1,1.1440671682357788,1.1440671682357788,TP
2377,1,1,1.1799055337905884,1.1799055337905884,TP
2378,1,1,1.288385272026062,1.288385272026062,TP
2379,1,1,1.2932833433151245,1.2932833433151245,TP
2380,1,1,1.4641575813293457,1.4641575813293457,TP
2381,1,1,1.4021787643432617,1.4021787643432617,TP
2382,1,1,1.9146780967712402,1.9146780967712402,TP
2383,0,1,1.1705361604690552,1.1705361604690552,FP
2384,0,1,1.1826083660125732,1.1826083660125732,FP
2385,0,1,1.1624611616134644,1.1624611616134644,FP
2386,0,1,1.1566064357757568,1.1566064357757568,FP
2387,0,1,1.1421407461166382,1.1421407461166382,FP
2388,0,1,1.1613221168518066,1.1613221168518066,FP
2389,0,1,1.157357096672058,1.157357096672058,FP
2390,0,1,1.1656150817871094,1.1656150817871094,FP
2391,0,1,1.1724019050598145,1.1724019050598145,FP
2392,0,1,1.1911625862121582,1.1911625862121582,FP
2393,0,1,1.1704680919647217,1.1704680919647217,FP
2394,0,1,1.1760454177856445,1.1760454177856445,FP
2395,0,1,1.1463311910629272,1.1463311910629272,FP
2396,0,1,1.131386637687683,1.131386637687683,FP
2397,0,1,1.1341748237609863,1.1341748237609863,FP
2398,0,1,1.1313835382461548,1.1313835382461548,FP
2399,0,1,1.116696834564209,1.116696834564209,FP
2400,0,1,1.1190474033355713,1.1190474033355713,FP
2401,0,1,1.1185606718063354,1.1185606718063354,FP
2402,0,1,1.0928940773010254,1.0928940773010254,FP
2403,0,1,1.0924084186553955,1.0924084186553955,FP
2404,0,1,1.062647819519043,1.062647819519043,FP
2405,0,1,1.0626410245895386,1.0626410245895386,FP
2406,0,1,1.0649974346160889,1.0649974346160889,FP
2407,0,1,1.0656765699386597,1.0656765699386597,FP
2408,0,1,1.0795643329620361,1.0795643329620361,FP
2409,0,1,1.0391255617141724,1.0391255617141724,FP
2410,0,1,1.0494146347045898,1.0494146347045898,FP
2411,0,1,1.0443507432937622,1.0443507432937622,FP
2412,0,1,1.0446500778198242,1.0446500778198242,FP
2413,0,1,1.036813735961914,1.036813735961914,FP
2414,0,1,1.007883071899414,1.007883071899414,FP
2415,0,1,1.001783013343811,1.001783013343811,FP
2416,0,1,1.0034781694412231,1.0034781694412231,FP
2417,0,1,1.0018986463546753,1.0018986463546753,FP
2418,0,1,1.0287739038467407,1.0287739038467407,FP
2419,0,1,0.9928433895111084,0.9928433895111084,FP
2420,0,1,0.997863233089447,0.997863233089447,FP
2421,0,1,0.9976893663406372,0.9976893663406372,FP
2422,0,1,0.9991245865821838,0.9991245865821838,FP
2423,0,1,0.9775984287261963,0.9775984287261963,FP
2424,0,1,0.9787434339523315,0.9787434339523315,FP
2425,0,1,0.9595484733581543,0.9595484733581543,FP
2426,0,1,0.9466577172279358,0.9466577172279358,FP
2427,0,1,0.9490833878517151,0.9490833878517151,FP
2428,0,1,0.9298355579376221,0.9298355579376221,FP
2429,0,1,0.9252107739448547,0.9252107739448547,FP
2430,0,1,0.9244747757911682,0.9244747757911682,FP
2431,0,1,0.9068291187286377,0.9068291187286377,FP
2432,0,1,0.8935002088546753,0.8935002088546753,FP
2433,0,1,0.8912904858589172,0.8912904858589172,FP
2434,0,1,0.8725588321685791,0.8725588321685791,FP
2435,0,1,0.8709871768951416,0.8709871768951416,FP
2436,0,1,0.8647792339324951,0.8647792339324951,FP
2437,0,1,0.8562144637107849,0.8562144637107849,FP
2438,0,1,0.836524486541748,0.836524486541748,FP
2439,0,1,0.8374442458152771,0.8374442458152771,FP
2440,0,1,0.8129377961158752,0.8129377961158752,FP
2441,0,1,0.8051367402076721,0.8051367402076721,FP
2442,0,1,0.7823888659477234,0.7823888659477234,FP
2443,0,1,0.7736279368400574,0.7736279368400574,FP
2444,0,1,0.7626941204071045,0.7626941204071045,FP
2445,0,1,0.7621711492538452,0.7621711492538452,FP
2446,0,1,0.7499850392341614,0.7499850392341614,FP
2447,0,1,0.7592340111732483,0.7592340111732483,FP
2448,0,1,0.7358992099761963,0.7358992099761963,FP
2449,0,1,0.7358603477478027,0.7358603477478027,FP
2450,0,1,0.7478283643722534,0.7478283643722534,FP
2451,0,1,0.7255541086196899,0.7255541086196899,FP
2452,0,1,0.7187093496322632,0.7187093496322632,FP
2453,0,1,0.7112932801246643,0.7112932801246643,FP
2454,0,1,0.7038573622703552,0.7038573622703552,FP
2455,0,1,0.6985811591148376,0.6985811591148376,FP
2456,0,1,0.6838765144348145,0.6838765144348145,FP
2457,0,1,0.6902275085449219,0.6902275085449219,FP
2458,0,1,0.7016303539276123,0.7016303539276123,FP
2459,0,1,0.6924357414245605,0.6924357414245605,FP
2460,0,1,0.6636090278625488,0.6636090278625488,FP
2461,0,1,0.6578894257545471,0.6578894257545471,FP
2462,0,1,0.6539954543113708,0.6539954543113708,FP
2463,0,1,0.654289186000824,0.654289186000824,FP
2464,0,1,0.6723204255104065,0.6723204255104065,FP
2465,0,1,0.6574888825416565,0.6574888825416565,FP
2466,0,1,0.6554750204086304,0.6554750204086304,FP
2467,0,1,0.6442462205886841,0.6442462205886841,FP
2468,0,1,0.6471053957939148,0.6471053957939148,FP
2469,0,1,0.6546415090560913,0.6546415090560913,FP
2470,0,1,0.6505657434463501,0.6505657434463501,FP
2471,0,1,0.6611668467521667,0.6611668467521667,FP
2472,0,1,0.6619014739990234,0.6619014739990234,FP
2473,0,1,0.6587998867034912,0.6587998867034912,FP
2474,0,1,0.6546111106872559,0.6546111106872559,FP
2475,0,1,0.668057918548584,0.668057918548584,FP
2476,0,1,0.6740161180496216,0.6740161180496216,FP
2477,0,1,0.6895620822906494,0.6895620822906494,FP
2478,0,1,0.68865567445755,0.68865567445755,FP
2479,0,1,0.7875270247459412,0.7875270247459412,FP
2480,0,1,1.1813781261444092,1.1813781261444092,FP
2481,0,1,1.2087801694869995,1.2087801694869995,FP
2482,0,1,1.1837831735610962,1.1837831735610962,FP
2483,0,1,1.1873663663864136,1.1873663663864136,FP
2484,0,1,1.158839464187622,1.158839464187622,FP
2485,0,1,1.170475959777832,1.170475959777832,FP
2486,0,1,1.1523053646087646,1.1523053646087646,FP
2487,0,1,1.2016901969909668,1.2016901969909668,FP
2488,0,1,1.1400783061981201,1.1400783061981201,FP
2489,0,1,1.1220782995224,1.1220782995224,FP
2490,0,1,1.130977749824524,1.130977749824524,FP
2491,0,1,1.1232491731643677,1.1232491731643677,FP
2492,0,1,1.093271255493164,1.093271255493164,FP
2493,0,1,1.095220685005188,1.095220685005188,FP
2494,0,1,1.1120270490646362,1.1120270490646362,FP
2495,0,1,1.0658600330352783,1.0658600330352783,FP
2496,0,1,1.0796914100646973,1.0796914100646973,FP
2497,0,1,1.1241456270217896,1.1241456270217896,FP
2498,0,1,1.058939814567566,1.058939814567566,FP
2499,0,1,1.0687100887298584,1.0687100887298584,FP
2500,0,1,1.0390892028808594,1.0390892028808594,FP
2501,0,1,1.046455979347229,1.046455979347229,FP
2502,0,1,1.0275075435638428,1.0275075435638428,FP
2503,0,1,1.0094971656799316,1.0094971656799316,FP
2504,0,1,1.0297632217407227,1.0297632217407227,FP
2505,0,1,1.0166466236114502,1.0166466236114502,FP
2506,0,1,1.0340896844863892,1.0340896844863892,FP
2507,0,1,0.9909780621528625,0.9909780621528625,FP
2508,0,1,0.9643089771270752,0.9643089771270752,FP
2509,0,1,0.976167619228363,0.976167619228363,FP
2510,0,1,0.9887629747390747,0.9887629747390747,FP
2511,0,1,0.9580955505371094,0.9580955505371094,FP
2512,0,1,0.9406893849372864,0.9406893849372864,FP
2513,0,1,0.9550275206565857,0.9550275206565857,FP
2514,0,1,0.9699156880378723,0.9699156880378723,FP
2515,0,1,0.9689421057701111,0.9689421057701111,FP
2516,0,1,0.9526939988136292,0.9526939988136292,FP
2517,0,1,0.9455961585044861,0.9455961585044861,FP
2518,0,1,0.9435384273529053,0.9435384273529053,FP
2519,0,1,0.9269447922706604,0.9269447922706604,FP
2520,0,1,0.9532154202461243,0.9532154202461243,FP
2521,0,1,0.8897568583488464,0.8897568583488464,FP
2522,0,1,0.9031314849853516,0.9031314849853516,FP
2523,0,1,0.8822956681251526,0.8822956681251526,FP
2524,0,1,0.8580663204193115,0.8580663204193115,FP
2525,0,1,0.8954037427902222,0.8954037427902222,FP
2526,0,1,0.855652928352356,0.855652928352356,FP
2527,0,1,0.8576492071151733,0.8576492071151733,FP
2528,0,1,0.8535401821136475,0.8535401821136475,FP
2529,0,1,0.8638295531272888,0.8638295531272888,FP
2530,0,1,0.8484989404678345,0.8484989404678345,FP
2531,0,1,0.8311982154846191,0.8311982154846191,FP
2532,0,1,0.7921304106712341,0.7921304106712341,FP
2533,0,1,0.8075536489486694,0.8075536489486694,FP
2534,0,1,0.796343207359314,0.796343207359314,FP
2535,0,1,0.7814538478851318,0.7814538478851318,FP
2536,0,1,0.7658398151397705,0.7658398151397705,FP
2537,0,1,0.7674473524093628,0.7674473524093628,FP
2538,0,1,0.7351542711257935,0.7351542711257935,FP
2539,0,1,0.7520815134048462,0.7520815134048462,FP
2540,0,1,0.7391641139984131,0.7391641139984131,FP
2541,0,1,0.7641854882240295,0.7641854882240295,FP
2542,0,1,0.7384507060050964,0.7384507060050964,FP
2543,0,1,0.700710117816925,0.700710117816925,FP
2544,0,1,0.7014599442481995,0.7014599442481995,FP
2545,0,1,0.7156748175621033,0.7156748175621033,FP
2546,0,1,0.6783250570297241,0.6783250570297241,FP
2547,0,1,0.6597195267677307,0.6597195267677307,FP
2548,0,1,0.6437890529632568,0.6437890529632568,FP
2549,0,1,0.6430151462554932,0.6430151462554932,FP
2550,0,1,0.6205549240112305,0.6205549240112305,FP
2551,0,1,0.6175971031188965,0.6175971031188965,FP
2552,0,1,0.6078169941902161,0.6078169941902161,FP
2553,0,1,0.6494287848472595,0.6494287848472595,FP
2554,0,1,0.6011463403701782,0.6011463403701782,FP
2555,0,1,0.5828233957290649,0.5828233957290649,FP
2556,0,1,0.5806335806846619,0.5806335806846619,FP
2557,0,1,0.5664555430412292,0.5664555430412292,FP
2558,0,1,0.5535857677459717,0.5535857677459717,FP
2559,0,1,0.5524652004241943,0.5524652004241943,FP
2560,0,1,0.5565118789672852,0.5565118789672852,FP
2561,0,1,0.572232186794281,0.572232186794281,FP
2562,0,1,0.5546391010284424,0.5546391010284424,FP
2563,0,1,0.556226909160614,0.556226909160614,FP
2564,0,1,0.5579733848571777,0.5579733848571777,FP
2565,0,1,0.5397497415542603,0.5397497415542603,FP
2566,0,1,0.5407227873802185,0.5407227873802185,FP
2567,0,1,0.541860818862915,0.541860818862915,FP
2568,0,1,0.5430968999862671,0.5430968999862671,FP
2569,0,1,0.5518978834152222,0.5518978834152222,FP
2570,0,1,0.532704770565033,0.532704770565033,FP
2571,0,1,0.5311537384986877,0.5311537384986877,FP
2572,0,1,0.538400411605835,0.538400411605835,FP
2573,0,1,0.5354129672050476,0.5354129672050476,FP
2574,0,1,0.5290229320526123,0.5290229320526123,FP
2575,0,1,0.5381070971488953,0.5381070971488953,FP
2576,0,1,0.5540579557418823,0.5540579557418823,FP
2577,0,1,0.5385415554046631,0.5385415554046631,FP
2578,0,1,0.532315194606781,0.532315194606781,FP
2579,0,1,0.555173933506012,0.555173933506012,FP
2580,0,1,0.5499042272567749,0.5499042272567749,FP
2581,0,1,0.5836775302886963,0.5836775302886963,FP
2582,0,1,0.5548994541168213,0.5548994541168213,FP
2583,0,1,0.5458672642707825,0.5458672642707825,FP
2584,0,1,0.5438147187232971,0.5438147187232971,FP
2585,0,1,0.5382185578346252,0.5382185578346252,FP
2586,0,1,0.5526368618011475,0.5526368618011475,FP
2587,0,1,0.5746766924858093,0.5746766924858093,FP
2588,0,1,0.6086627840995789,0.6086627840995789,FP
2589,0,1,0.5727962255477905,0.5727962255477905,FP
2590,0,1,0.5762683153152466,0.5762683153152466,FP
2591,0,1,0.6020813584327698,0.6020813584327698,FP
2592,0,1,0.6102328896522522,0.6102328896522522,FP
2593,0,1,0.6178116798400879,0.6178116798400879,FP
2594,0,1,0.6279691457748413,0.6279691457748413,FP
2595,0,1,0.6362911462783813,0.6362911462783813,FP
2596,0,1,0.6318234801292419,0.6318234801292419,FP
2597,0,1,0.6502663493156433,0.6502663493156433,FP
2598,0,1,0.6432743668556213,0.6432743668556213,FP
2599,0,1,0.6668387651443481,0.6668387651443481,FP
2600,0,1,0.6831735968589783,0.6831735968589783,FP
2601,0,1,0.6974287629127502,0.6974287629127502,FP
2602,0,1,0.7162244319915771,0.7162244319915771,FP
2603,0,1,0.7069838643074036,0.7069838643074036,FP
2604,0,1,0.7078877091407776,0.7078877091407776,FP
2605,0,1,0.7213674187660217,0.7213674187660217,FP
2606,0,1,0.7351875305175781,0.7351875305175781,FP
2607,0,1,0.7519879341125488,0.7519879341125488,FP
2608,0,1,0.750140368938446,0.750140368938446,FP
2609,0,1,0.7679298520088196,0.7679298520088196,FP
2610,1,1,0.7918785214424133,0.7918785214424133,TP
2611,1,1,0.8151852488517761,0.8151852488517761,TP
2612,1,1,0.8489038348197937,0.8489038348197937,TP
2613,1,1,0.8064835071563721,0.8064835071563721,TP
2614,1,1,0.8753870129585266,0.8753870129585266,TP
2615,1,1,0.9300310611724854,0.9300310611724854,TP
2616,1,1,0.9859538078308105,0.9859538078308105,TP
2617,1,1,1.0193438529968262,1.0193438529968262,TP
2618,1,1,1.089632511138916,1.089632511138916,TP
2619,1,1,1.192154049873352,1.192154049873352,TP
2620,1,1,1.1978715658187866,1.1978715658187866,TP
2621,1,1,1.2884105443954468,1.2884105443954468,TP
2622,1,1,1.2133744955062866,1.2133744955062866,TP
2623,1,1,1.3785977363586426,1.3785977363586426,TP
2624,1,1,0.9398379325866699,0.9398379325866699,TP
2625,1,1,1.4996337890625,1.4996337890625,TP
2626,1,1,0.8378441333770752,0.8378441333770752,TP
2627,1,1,0.8406907916069031,0.8406907916069031,TP
2628,1,1,0.882260799407959,0.882260799407959,TP
2629,1,1,0.8315633535385132,0.8315633535385132,TP
2630,1,1,0.8564044833183289,0.8564044833183289,TP
2631,1,1,0.9275352358818054,0.9275352358818054,TP
2632,1,1,0.9124534726142883,0.9124534726142883,TP
2633,1,1,0.9385049343109131,0.9385049343109131,TP
2634,0,1,1.0779238939285278,1.0779238939285278,FP
2635,0,1,1.0768159627914429,1.0768159627914429,FP
2636,0,1,1.0452868938446045,1.0452868938446045,FP
2637,0,1,1.0078415870666504,1.0078415870666504,FP
2638,0,1,1.0048797130584717,1.0048797130584717,FP
2639,0,1,1.0320780277252197,1.0320780277252197,FP
2640,0,1,1.0707734823226929,1.0707734823226929,FP
2641,0,1,0.9682878851890564,0.9682878851890564,FP
2642,0,1,1.0681769847869873,1.0681769847869873,FP
2643,0,1,1.0169070959091187,1.0169070959091187,FP
2644,0,1,1.063909649848938,1.063909649848938,FP
2645,0,1,1.0675944089889526,1.0675944089889526,FP
2646,0,1,1.0029057264328003,1.0029057264328003,FP
2647,0,1,0.9646608233451843,0.9646608233451843,FP
2648,0,1,1.0221915245056152,1.0221915245056152,FP
2649,0,1,1.0392990112304688,1.0392990112304688,FP
2650,0,1,1.063697099685669,1.063697099685669,FP
2651,0,1,0.9540734887123108,0.9540734887123108,FP
2652,0,1,1.0194281339645386,1.0194281339645386,FP
2653,0,1,1.0444928407669067,1.0444928407669067,FP
2654,0,1,1.0131328105926514,1.0131328105926514,FP
2655,0,1,0.9935023784637451,0.9935023784637451,FP
2656,0,1,1.0083729028701782,1.0083729028701782,FP
2657,0,1,0.9946988821029663,0.9946988821029663,FP
2658,0,1,0.987942099571228,0.987942099571228,FP
2659,0,1,1.0085698366165161,1.0085698366165161,FP
2660,0,1,1.0438063144683838,1.0438063144683838,FP
2661,0,1,1.0199954509735107,1.0199954509735107,FP
2662,0,1,0.9680589437484741,0.9680589437484741,FP
2663,0,1,0.9397122263908386,0.9397122263908386,FP
2664,0,1,0.9945007562637329,0.9945007562637329,FP
2665,0,1,1.0012996196746826,1.0012996196746826,FP
2666,0,1,1.0078738927841187,1.0078738927841187,FP
2667,0,1,0.998778223991394,0.998778223991394,FP
2668,0,1,0.9122007489204407,0.9122007489204407,FP
2669,0,1,0.9040252566337585,0.9040252566337585,FP
2670,0,1,1.0544155836105347,1.0544155836105347,FP
2671,0,1,0.9174153804779053,0.9174153804779053,FP
2672,0,1,0.9877780675888062,0.9877780675888062,FP
2673,0,1,0.9932329058647156,0.9932329058647156,FP
2674,0,1,0.938937783241272,0.938937783241272,FP
2675,0,1,0.9594695568084717,0.9594695568084717,FP
2676,0,1,0.9335501194000244,0.9335501194000244,FP
2677,0,1,0.9260891675949097,0.9260891675949097,FP
2678,0,1,0.8751299381256104,0.8751299381256104,FP
2679,0,1,0.8589761853218079,0.8589761853218079,FP
2680,0,1,0.8700379729270935,0.8700379729270935,FP
2681,0,1,0.8723814487457275,0.8723814487457275,FP
2682,0,1,0.8600802421569824,0.8600802421569824,FP
2683,0,1,0.8861362338066101,0.8861362338066101,FP
2684,0,1,0.8889390826225281,0.8889390826225281,FP
2685,0,1,0.8314814567565918,0.8314814567565918,FP
2686,0,1,0.8246083855628967,0.8246083855628967,FP
2687,0,1,0.882341206073761,0.882341206073761,FP
2688,0,1,0.8138977289199829,0.8138977289199829,FP
2689,0,1,0.8643506765365601,0.8643506765365601,FP
2690,0,1,0.8474335670471191,0.8474335670471191,FP
2691,0,1,0.8492369651794434,0.8492369651794434,FP
2692,0,1,0.8162537217140198,0.8162537217140198,FP
2693,0,1,0.8125359416007996,0.8125359416007996,FP
2694,0,1,0.806262195110321,0.806262195110321,FP
2695,0,1,0.8658273220062256,0.8658273220062256,FP
2696,0,1,0.7907707095146179,0.7907707095146179,FP
2697,0,1,0.7632160186767578,0.7632160186767578,FP
2698,0,1,0.7547092437744141,0.7547092437744141,FP
2699,0,1,0.7385586500167847,0.7385586500167847,FP
2700,0,1,0.8023918867111206,0.8023918867111206,FP
2701,0,1,0.7528729438781738,0.7528729438781738,FP
2702,0,1,0.733379065990448,0.733379065990448,FP
2703,0,1,0.7260263562202454,0.7260263562202454,FP
2704,0,1,0.7175875306129456,0.7175875306129456,FP
2705,0,1,0.7127929925918579,0.7127929925918579,FP
2706,0,1,0.7079408168792725,0.7079408168792725,FP
2707,0,1,0.6986342072486877,0.6986342072486877,FP
2708,0,1,0.6942198872566223,0.6942198872566223,FP
2709,0,1,0.7098786234855652,0.7098786234855652,FP
2710,0,1,0.6981195211410522,0.6981195211410522,FP
2711,0,1,0.6828582286834717,0.6828582286834717,FP
2712,0,1,0.6748344302177429,0.6748344302177429,FP
2713,0,1,0.7003137469291687,0.7003137469291687,FP
2714,0,1,0.653664231300354,0.653664231300354,FP
2715,0,1,0.6449337005615234,0.6449337005615234,FP
2716,0,1,0.6517146229743958,0.6517146229743958,FP
2717,0,1,0.6360024213790894,0.6360024213790894,FP
2718,0,1,0.64116370677948,0.64116370677948,FP
2719,0,1,0.6312969326972961,0.6312969326972961,FP
2720,0,1,0.6204016208648682,0.6204016208648682,FP
2721,0,1,0.6063898801803589,0.6063898801803589,FP
2722,0,1,0.5898522138595581,0.5898522138595581,FP
2723,0,1,0.6173191666603088,0.6173191666603088,FP
2724,0,1,0.5915445685386658,0.5915445685386658,FP
2725,0,1,0.5895246267318726,0.5895246267318726,FP
2726,0,1,0.5957881808280945,0.5957881808280945,FP
2727,0,1,0.5767911672592163,0.5767911672592163,FP
2728,0,1,0.5702278017997742,0.5702278017997742,FP
2729,0,1,0.5695216655731201,0.5695216655731201,FP
2730,0,1,0.5810908675193787,0.5810908675193787,FP
2731,0,1,0.6285212635993958,0.6285212635993958,FP
2732,0,1,0.5768069624900818,0.5768069624900818,FP
2733,0,1,0.5660566091537476,0.5660566091537476,FP
2734,0,1,0.5494410991668701,0.5494410991668701,FP
2735,0,1,0.5751986503601074,0.5751986503601074,FP
2736,0,1,0.5663169622421265,0.5663169622421265,FP
2737,0,1,0.5586417317390442,0.5586417317390442,FP
2738,0,1,0.5774558782577515,0.5774558782577515,FP
2739,0,1,0.5726515054702759,0.5726515054702759,FP
2740,0,1,0.5858367681503296,0.5858367681503296,FP
2741,0,1,0.5494747757911682,0.5494747757911682,FP
2742,0,1,0.5523457527160645,0.5523457527160645,FP
2743,0,1,0.5568652153015137,0.5568652153015137,FP
2744,0,1,0.5505176186561584,0.5505176186561584,FP
2745,0,1,0.5446422696113586,0.5446422696113586,FP
2746,0,1,0.5641310811042786,0.5641310811042786,FP
2747,0,1,0.5535941123962402,0.5535941123962402,FP
2748,0,1,0.5500028133392334,0.5500028133392334,FP
2749,0,1,0.5628048181533813,0.5628048181533813,FP
2750,0,1,0.5562931299209595,0.5562931299209595,FP
2751,0,1,0.5567021369934082,0.5567021369934082,FP
2752,0,1,0.560029923915863,0.560029923915863,FP
2753,0,1,0.5575011968612671,0.5575011968612671,FP
2754,0,1,0.5578674077987671,0.5578674077987671,FP
2755,0,1,0.5450839996337891,0.5450839996337891,FP
2756,0,1,0.5409926772117615,0.5409926772117615,FP
2757,0,1,0.5434944033622742,0.5434944033622742,FP
2758,0,1,0.5354071259498596,0.5354071259498596,FP
2759,0,1,0.5506295561790466,0.5506295561790466,FP
2760,0,1,0.578853964805603,0.578853964805603,FP
2761,0,1,0.587954580783844,0.587954580783844,FP
2762,0,1,0.6099578738212585,0.6099578738212585,FP
2763,1,1,0.6101574897766113,0.6101574897766113,TP
2764,1,1,0.6055167317390442,0.6055167317390442,TP
2765,1,1,0.6131494641304016,0.6131494641304016,TP
2766,1,1,0.6179565191268921,0.6179565191268921,TP
2767,1,1,0.6887683868408203,0.6887683868408203,TP
2768,1,1,0.6423092484474182,0.6423092484474182,TP
2769,1,1,0.7063553333282471,0.7063553333282471,TP
2770,1,1,0.6874811053276062,0.6874811053276062,TP
2771,1,1,0.7113641500473022,0.7113641500473022,TP
2772,1,1,0.7577346563339233,0.7577346563339233,TP
2773,1,1,0.7709624767303467,0.7709624767303467,TP
2774,1,1,0.7929524183273315,0.7929524183273315,TP
2775,1,1,0.7936448454856873,0.7936448454856873,TP
2776,1,1,0.8132343888282776,0.8132343888282776,TP
2777,1,1,0.8402925729751587,0.8402925729751587,TP
2778,1,1,0.8545012474060059,0.8545012474060059,TP
2779,1,1,0.8866357207298279,0.8866357207298279,TP
2780,1,1,1.0963108539581299,1.0963108539581299,TP
2781,1,1,0.9749413132667542,0.9749413132667542,TP
2782,1,1,1.0008872747421265,1.0008872747421265,TP
2783,0,1,0.6663832664489746,0.6663832664489746,FP
2784,0,1,0.6511473059654236,0.6511473059654236,FP
2785,0,1,0.8178159594535828,0.8178159594535828,FP
2786,0,1,0.6555237770080566,0.6555237770080566,FP
2787,0,1,0.6662493348121643,0.6662493348121643,FP
2788,0,1,0.6614723801612854,0.6614723801612854,FP
2789,0,1,0.6765008568763733,0.6765008568763733,FP
2790,0,1,0.6467491388320923,0.6467491388320923,FP
2791,0,1,0.6356459856033325,0.6356459856033325,FP
2792,0,1,0.6490831971168518,0.6490831971168518,FP
2793,0,1,0.634824275970459,0.634824275970459,FP
2794,0,1,0.6876879930496216,0.6876879930496216,FP
2795,0,1,0.6227120161056519,0.6227120161056519,FP
2796,0,1,0.6310979723930359,0.6310979723930359,FP
2797,0,1,0.6346374750137329,0.6346374750137329,FP
2798,0,1,0.6278516054153442,0.6278516054153442,FP
2799,0,1,0.6118350028991699,0.6118350028991699,FP
2800,0,1,0.604002833366394,0.604002833366394,FP
2801,0,1,0.623548686504364,0.623548686504364,FP
2802,0,1,0.5966388583183289,0.5966388583183289,FP
2803,0,1,0.6467806100845337,0.6467806100845337,FP
2804,0,1,0.6176359057426453,0.6176359057426453,FP
2805,0,1,0.6084510684013367,0.6084510684013367,FP
2806,0,1,0.6038711667060852,0.6038711667060852,FP
2807,0,1,0.6175453066825867,0.6175453066825867,FP
2808,0,1,0.6170651912689209,0.6170651912689209,FP
2809,0,1,0.6141059994697571,0.6141059994697571,FP
2810,0,1,0.592144250869751,0.592144250869751,FP
2811,0,1,0.6049180030822754,0.6049180030822754,FP
2812,0,1,0.5781667828559875,0.5781667828559875,FP
2813,0,1,0.5671597123146057,0.5671597123146057,FP
2814,0,1,0.5604009032249451,0.5604009032249451,FP
2815,0,1,0.5772179961204529,0.5772179961204529,FP
2816,0,1,0.6236023902893066,0.6236023902893066,FP
2817,0,1,0.5935994982719421,0.5935994982719421,FP
2818,0,1,0.592901885509491,0.592901885509491,FP
2819,0,1,0.5636680722236633,0.5636680722236633,FP
2820,0,1,0.5730997920036316,0.5730997920036316,FP
2821,0,1,0.572861909866333,0.572861909866333,FP
2822,0,1,0.5695903301239014,0.5695903301239014,FP
2823,0,1,0.5769292712211609,0.5769292712211609,FP
2824,0,1,0.5849047303199768,0.5849047303199768,FP
2825,0,1,0.5601450204849243,0.5601450204849243,FP
2826,0,1,0.6130608916282654,0.6130608916282654,FP
2827,0,1,0.579572319984436,0.579572319984436,FP
2828,0,1,0.550630509853363,0.550630509853363,FP
2829,0,1,0.5698481202125549,0.5698481202125549,FP
2830,0,1,0.5885068774223328,0.5885068774223328,FP
2831,0,1,0.5553776621818542,0.5553776621818542,FP
2832,0,1,0.5599350929260254,0.5599350929260254,FP
2833,0,1,0.5625972151756287,0.5625972151756287,FP
2834,0,1,0.5685407519340515,0.5685407519340515,FP
2835,0,1,0.5625244975090027,0.5625244975090027,FP
2836,0,1,0.580213725566864,0.580213725566864,FP
2837,0,1,0.5702250003814697,0.5702250003814697,FP
2838,0,1,0.5539867877960205,0.5539867877960205,FP
2839,0,1,0.5696730613708496,0.5696730613708496,FP
2840,0,1,0.55771803855896,0.55771803855896,FP
2841,0,1,0.5656259655952454,0.5656259655952454,FP
2842,0,1,0.5614264011383057,0.5614264011383057,FP
2843,0,1,0.5573641061782837,0.5573641061782837,FP
2844,0,1,0.5567213296890259,0.5567213296890259,FP
2845,0,1,0.5513443946838379,0.5513443946838379,FP
2846,0,1,0.5474604964256287,0.5474604964256287,FP
2847,0,1,0.5622266530990601,0.5622266530990601,FP
2848,1,1,0.5616547465324402,0.5616547465324402,TP
2849,1,1,0.5757681727409363,0.5757681727409363,TP
2850,1,1,0.5662153959274292,0.5662153959274292,TP
2851,1,1,0.5871980786323547,0.5871980786323547,TP
2852,1,1,0.6565763354301453,0.6565763354301453,TP
2853,1,1,0.7434704303741455,0.7434704303741455,TP
2854,1,1,0.5649884939193726,0.5649884939193726,TP
2855,1,1,0.578132688999176,0.578132688999176,TP
2856,1,1,0.6186449527740479,0.6186449527740479,TP
2857,1,1,0.6127761602401733,0.6127761602401733,TP
2858,1,1,0.8028857707977295,0.8028857707977295,TP
2859,1,1,0.6301315426826477,0.6301315426826477,TP
2860,0,1,0.8902906775474548,0.8902906775474548,FP
2861,0,1,0.834388256072998,0.834388256072998,FP
2862,0,1,0.8279803395271301,0.8279803395271301,FP
2863,0,1,0.8500020503997803,0.8500020503997803,FP
2864,0,1,0.803800642490387,0.803800642490387,FP
2865,0,1,0.8027990460395813,0.8027990460395813,FP
2866,0,1,0.8213686347007751,0.8213686347007751,FP
2867,0,1,0.8079778552055359,0.8079778552055359,FP
2868,0,1,0.780768632888794,0.780768632888794,FP
2869,0,1,0.7970109581947327,0.7970109581947327,FP
2870,0,1,0.8081783056259155,0.8081783056259155,FP
2871,0,1,0.7724432945251465,0.7724432945251465,FP
2872,0,1,0.7815762162208557,0.7815762162208557,FP
2873,0,1,0.7670727372169495,0.7670727372169495,FP
2874,0,1,0.7681213617324829,0.7681213617324829,FP
2875,0,1,0.7655039429664612,0.7655039429664612,FP
2876,0,1,0.7544920444488525,0.7544920444488525,FP
2877,0,1,0.7499146461486816,0.7499146461486816,FP
2878,0,1,0.752643346786499,0.752643346786499,FP
2879,0,1,0.7281944751739502,0.7281944751739502,FP
2880,0,1,0.760128378868103,0.760128378868103,FP
2881,0,1,0.7081993222236633,0.7081993222236633,FP
2882,0,1,0.7184091210365295,0.7184091210365295,FP
2883,0,1,0.7032495737075806,0.7032495737075806,FP
2884,0,1,0.7135391235351562,0.7135391235351562,FP
2885,0,1,0.7058342695236206,0.7058342695236206,FP
2886,0,1,0.7132519483566284,0.7132519483566284,FP
2887,0,1,0.7151058316230774,0.7151058316230774,FP
2888,0,1,0.6822716593742371,0.6822716593742371,FP
2889,0,1,0.6799706816673279,0.6799706816673279,FP
2890,0,1,0.6857857704162598,0.6857857704162598,FP
2891,0,1,0.676176905632019,0.676176905632019,FP
2892,0,1,0.6801345944404602,0.6801345944404602,FP
2893,0,1,0.6772648692131042,0.6772648692131042,FP
2894,0,1,0.6984751224517822,0.6984751224517822,FP
2895,0,1,0.6725835204124451,0.6725835204124451,FP
2896,0,1,0.6734430193901062,0.6734430193901062,FP
2897,0,1,0.6716209650039673,0.6716209650039673,FP
2898,0,1,0.6683381795883179,0.6683381795883179,FP
2899,0,1,0.6479887366294861,0.6479887366294861,FP
2900,0,1,0.6336040496826172,0.6336040496826172,FP
2901,0,1,0.6285308003425598,0.6285308003425598,FP
2902,0,1,0.6339181065559387,0.6339181065559387,FP
2903,0,1,0.6239478588104248,0.6239478588104248,FP
2904,0,1,0.6292251944541931,0.6292251944541931,FP
2905,0,1,0.6260671019554138,0.6260671019554138,FP
2906,0,1,0.6385251879692078,0.6385251879692078,FP
2907,0,1,0.6329829692840576,0.6329829692840576,FP
2908,0,1,0.6342300176620483,0.6342300176620483,FP
2909,0,1,0.6340420246124268,0.6340420246124268,FP
2910,0,1,0.6356515288352966,0.6356515288352966,FP
2911,0,1,0.6413576602935791,0.6413576602935791,FP
2912,0,1,0.6821280717849731,0.6821280717849731,FP
2913,0,1,0.6411035060882568,0.6411035060882568,FP
2914,0,1,0.6506450772285461,0.6506450772285461,FP
2915,0,1,0.6527037620544434,0.6527037620544434,FP
2916,0,1,0.651456892490387,0.651456892490387,FP
2917,0,1,0.6505481004714966,0.6505481004714966,FP
2918,0,1,0.6617586612701416,0.6617586612701416,FP
2919,0,1,0.678976833820343,0.678976833820343,FP
2920,0,1,0.6800446510314941,0.6800446510314941,FP
2921,0,1,0.6971080303192139,0.6971080303192139,FP
2922,1,1,0.7195004224777222,0.7195004224777222,TP
2923,1,1,0.7655585408210754,0.7655585408210754,TP
2924,1,1,0.756152868270874,0.756152868270874,TP
2925,1,1,0.7616956830024719,0.7616956830024719,TP
2926,1,1,0.8323530554771423,0.8323530554771423,TP
2927,1,1,0.7920604944229126,0.7920604944229126,TP
2928,1,1,0.828795850276947,0.828795850276947,TP
2929,1,1,0.8655864596366882,0.8655864596366882,TP
2930,1,1,0.9133262634277344,0.9133262634277344,TP
2931,1,1,0.9813480377197266,0.9813480377197266,TP
2932,0,1,0.8000258803367615,0.8000258803367615,FP
2933,0,1,0.7614010572433472,0.7614010572433472,FP
2934,0,1,0.7143300771713257,0.7143300771713257,FP
2935,0,1,0.7598593235015869,0.7598593235015869,FP
2936,0,1,0.750255823135376,0.750255823135376,FP
2937,0,1,0.7233843207359314,0.7233843207359314,FP
2938,0,1,0.7333368062973022,0.7333368062973022,FP
2939,0,1,0.7102108597755432,0.7102108597755432,FP
2940,0,1,0.6999773979187012,0.6999773979187012,FP
2941,0,1,0.6926541924476624,0.6926541924476624,FP
2942,0,1,0.7436361908912659,0.7436361908912659,FP
2943,0,1,0.6933331489562988,0.6933331489562988,FP
2944,0,1,0.7066408395767212,0.7066408395767212,FP
2945,0,1,0.7039642930030823,0.7039642930030823,FP
2946,0,1,0.7262753248214722,0.7262753248214722,FP
2947,0,1,0.7027778029441833,0.7027778029441833,FP
2948,0,1,0.7018158435821533,0.7018158435821533,FP
2949,0,1,0.7336550354957581,0.7336550354957581,FP
2950,0,1,0.6995258331298828,0.6995258331298828,FP
2951,0,1,0.7034052014350891,0.7034052014350891,FP
2952,0,1,0.6887003183364868,0.6887003183364868,FP
2953,0,1,0.700925886631012,0.700925886631012,FP
2954,0,1,0.6746861934661865,0.6746861934661865,FP
2955,0,1,0.6876559257507324,0.6876559257507324,FP
2956,0,1,0.660582959651947,0.660582959651947,FP
2957,0,1,0.6514123678207397,0.6514123678207397,FP
2958,0,1,0.6630339026451111,0.6630339026451111,FP
2959,0,1,0.6582750678062439,0.6582750678062439,FP
2960,0,1,0.652881920337677,0.652881920337677,FP
2961,0,1,0.6750048995018005,0.6750048995018005,FP
2962,0,1,0.6527870297431946,0.6527870297431946,FP
2963,0,1,0.638795018196106,0.638795018196106,FP
2964,0,1,0.6810991168022156,0.6810991168022156,FP
2965,0,1,0.6648913025856018,0.6648913025856018,FP
2966,0,1,0.6143415570259094,0.6143415570259094,FP
2967,0,1,0.6423786282539368,0.6423786282539368,FP
2968,0,1,0.6280566453933716,0.6280566453933716,FP
2969,0,1,0.626980721950531,0.626980721950531,FP
2970,0,1,0.5976667404174805,0.5976667404174805,FP
2971,0,1,0.6279596090316772,0.6279596090316772,FP
2972,0,1,0.622270941734314,0.622270941734314,FP
2973,0,1,0.5713679790496826,0.5713679790496826,FP
2974,0,1,0.6095136404037476,0.6095136404037476,FP
2975,0,1,0.6090805530548096,0.6090805530548096,FP
2976,0,1,0.5701357126235962,0.5701357126235962,FP
2977,0,1,0.5784713625907898,0.5784713625907898,FP
2978,0,1,0.5968956351280212,0.5968956351280212,FP
2979,0,1,0.58072429895401,0.58072429895401,FP
2980,0,1,0.5396834015846252,0.5396834015846252,FP
2981,0,1,0.5757307410240173,0.5757307410240173,FP
2982,0,1,0.543215274810791,0.543215274810791,FP
2983,0,1,0.5827044248580933,0.5827044248580933,FP
2984,0,1,0.5904991030693054,0.5904991030693054,FP
2985,0,1,0.5481138825416565,0.5481138825416565,FP
2986,0,1,0.560964822769165,0.560964822769165,FP
2987,0,1,0.5538596510887146,0.5538596510887146,FP
2988,0,1,0.5387173295021057,0.5387173295021057,FP
2989,0,1,0.5494089722633362,0.5494089722633362,FP
2990,0,1,0.5441792011260986,0.5441792011260986,FP
2991,0,1,0.5384411811828613,0.5384411811828613,FP
2992,0,1,0.5749837160110474,0.5749837160110474,FP
2993,0,1,0.5597374439239502,0.5597374439239502,FP
2994,0,1,0.5480072498321533,0.5480072498321533,FP
2995,0,1,0.5468847155570984,0.5468847155570984,FP
2996,0,1,0.5704044103622437,0.5704044103622437,FP
2997,0,1,0.5832265615463257,0.5832265615463257,FP
2998,0,1,0.5881076455116272,0.5881076455116272,FP
2999,0,1,0.6060178875923157,0.6060178875923157,FP
3000,0,1,0.5674893856048584,0.5674893856048584,FP
3001,0,1,0.5782278776168823,0.5782278776168823,FP
3002,0,1,0.5717210173606873,0.5717210173606873,FP
3003,0,1,0.6438866257667542,0.6438866257667542,FP
3004,0,1,0.5677759051322937,0.5677759051322937,FP
3005,0,1,0.5972874760627747,0.5972874760627747,FP
3006,0,1,0.6068853139877319,0.6068853139877319,FP
3007,0,1,0.6182395815849304,0.6182395815849304,FP
3008,0,1,0.7811007499694824,0.7811007499694824,FP
3009,0,1,0.7703149914741516,0.7703149914741516,FP
3010,0,1,0.7523861527442932,0.7523861527442932,FP
3011,0,1,0.7423825263977051,0.7423825263977051,FP
3012,0,1,0.7272303700447083,0.7272303700447083,FP
3013,0,1,0.7256390452384949,0.7256390452384949,FP
3014,0,1,0.7417024374008179,0.7417024374008179,FP
3015,0,1,0.7143917083740234,0.7143917083740234,FP
3016,0,1,0.7410082817077637,0.7410082817077637,FP
3017,0,1,0.7110196948051453,0.7110196948051453,FP
3018,0,1,0.7311100959777832,0.7311100959777832,FP
3019,0,1,0.6986861228942871,0.6986861228942871,FP
3020,0,1,0.7024306654930115,0.7024306654930115,FP
3021,0,1,0.7589769959449768,0.7589769959449768,FP
3022,0,1,0.7705565094947815,0.7705565094947815,FP
3023,0,1,0.6906959414482117,0.6906959414482117,FP
3024,0,1,0.7600862979888916,0.7600862979888916,FP
3025,0,1,0.689953625202179,0.689953625202179,FP
3026,0,1,0.7249575257301331,0.7249575257301331,FP
3027,0,1,0.6755436658859253,0.6755436658859253,FP
3028,0,1,0.6415307521820068,0.6415307521820068,FP
3029,0,1,0.6436076164245605,0.6436076164245605,FP
3030,0,1,0.6524698138237,0.6524698138237,FP
3031,0,1,0.6683774590492249,0.6683774590492249,FP
3032,0,1,0.6873049736022949,0.6873049736022949,FP
3033,0,1,0.6948308348655701,0.6948308348655701,FP
3034,0,1,0.6248758435249329,0.6248758435249329,FP
3035,0,1,0.6095333695411682,0.6095333695411682,FP
3036,0,1,0.615487277507782,0.615487277507782,FP
3037,0,1,0.6105897426605225,0.6105897426605225,FP
3038,0,1,0.5983394384384155,0.5983394384384155,FP
3039,0,1,0.5885114073753357,0.5885114073753357,FP
3040,0,1,0.5805712938308716,0.5805712938308716,FP
3041,0,1,0.6013858914375305,0.6013858914375305,FP
3042,0,1,0.6124072074890137,0.6124072074890137,FP
3043,0,1,0.5761141777038574,0.5761141777038574,FP
3044,0,1,0.5819302797317505,0.5819302797317505,FP
3045,0,1,0.5835619568824768,0.5835619568824768,FP
3046,0,1,0.5785685777664185,0.5785685777664185,FP
3047,0,1,0.5624168515205383,0.5624168515205383,FP
3048,0,1,0.5572053790092468,0.5572053790092468,FP
3049,0,1,0.5702359676361084,0.5702359676361084,FP
3050,0,1,0.5605092644691467,0.5605092644691467,FP
3051,0,1,0.5500656366348267,0.5500656366348267,FP
3052,0,1,0.554408073425293,0.554408073425293,FP
3053,0,1,0.5770599246025085,0.5770599246025085,FP
3054,0,1,0.5531547665596008,0.5531547665596008,FP
3055,0,1,0.5648348331451416,0.5648348331451416,FP
3056,0,1,0.5569548606872559,0.5569548606872559,FP
3057,0,1,0.5697804689407349,0.5697804689407349,FP
3058,0,1,0.5609878301620483,0.5609878301620483,FP
3059,0,1,0.5560315251350403,0.5560315251350403,FP
3060,0,1,0.5588277578353882,0.5588277578353882,FP
3061,0,1,0.5619755983352661,0.5619755983352661,FP
3062,0,1,0.5521597266197205,0.5521597266197205,FP
3063,0,1,0.5800591111183167,0.5800591111183167,FP
3064,0,1,0.5458382368087769,0.5458382368087769,FP
3065,0,1,0.5425460338592529,0.5425460338592529,FP
3066,0,1,0.5400809645652771,0.5400809645652771,FP
3067,0,1,0.5385357141494751,0.5385357141494751,FP
3068,0,1,0.5441210269927979,0.5441210269927979,FP
3069,0,1,0.5597492456436157,0.5597492456436157,FP
3070,0,1,0.542003870010376,0.542003870010376,FP
3071,0,1,0.5340156555175781,0.5340156555175781,FP
3072,0,1,0.5241029858589172,0.5241029858589172,FP
3073,0,1,0.5298428535461426,0.5298428535461426,FP
3074,0,1,0.5322214365005493,0.5322214365005493,FP
3075,0,1,0.5354084372520447,0.5354084372520447,FP
3076,0,1,0.5708492398262024,0.5708492398262024,FP
3077,0,1,0.5344297885894775,0.5344297885894775,FP
3078,0,1,0.5421139597892761,0.5421139597892761,FP
3079,0,1,0.5351879000663757,0.5351879000663757,FP
3080,0,1,0.5414939522743225,0.5414939522743225,FP
3081,0,1,0.5304952263832092,0.5304952263832092,FP
3082,0,1,0.5249040126800537,0.5249040126800537,FP
3083,0,1,0.529663622379303,0.529663622379303,FP
3084,0,1,0.5403106808662415,0.5403106808662415,FP
3085,0,1,0.5499356985092163,0.5499356985092163,FP
3086,0,1,0.5712223649024963,0.5712223649024963,FP
3087,0,1,0.5563865900039673,0.5563865900039673,FP
3088,0,1,0.5671617388725281,0.5671617388725281,FP
3089,1,1,0.5619423389434814,0.5619423389434814,TP
3090,1,1,0.5691988468170166,0.5691988468170166,TP
3091,1,1,0.6152850985527039,0.6152850985527039,TP
3092,0,1,0.9798282384872437,0.9798282384872437,FP
3093,0,1,0.9835267066955566,0.9835267066955566,FP
3094,0,1,0.9860165119171143,0.9860165119171143,FP
3095,0,1,0.9802137613296509,0.9802137613296509,FP
3096,0,1,0.9625737071037292,0.9625737071037292,FP
3097,0,1,0.9756417274475098,0.9756417274475098,FP
3098,0,1,0.9792030453681946,0.9792030453681946,FP
3099,0,1,0.9644998908042908,0.9644998908042908,FP
3100,0,1,1.0038483142852783,1.0038483142852783,FP
3101,0,1,0.9494831562042236,0.9494831562042236,FP
3102,0,1,0.9637771844863892,0.9637771844863892,FP
3103,0,1,0.9367615580558777,0.9367615580558777,FP
3104,0,1,0.951961874961853,0.951961874961853,FP
3105,0,1,0.9511569738388062,0.9511569738388062,FP
3106,0,1,0.9569559693336487,0.9569559693336487,FP
3107,0,1,0.933451235294342,0.933451235294342,FP
3108,0,1,0.9532835483551025,0.9532835483551025,FP
3109,0,1,0.9310070872306824,0.9310070872306824,FP
3110,0,1,0.9370781183242798,0.9370781183242798,FP
3111,0,1,0.9206252098083496,0.9206252098083496,FP
3112,0,1,0.909217119216919,0.909217119216919,FP
3113,0,1,0.9176499843597412,0.9176499843597412,FP
3114,0,1,0.9115561842918396,0.9115561842918396,FP
3115,0,1,0.9423834085464478,0.9423834085464478,FP
3116,0,1,0.8956900835037231,0.8956900835037231,FP
3117,0,1,0.8927243947982788,0.8927243947982788,FP
3118,0,1,0.9029147624969482,0.9029147624969482,FP
3119,0,1,0.9087582230567932,0.9087582230567932,FP
3120,0,1,0.8925630450248718,0.8925630450248718,FP
3121,0,1,0.8839296698570251,0.8839296698570251,FP
3122,0,1,0.8844936490058899,0.8844936490058899,FP
3123,0,1,0.880115270614624,0.880115270614624,FP
3124,0,1,0.8697754144668579,0.8697754144668579,FP
3125,0,1,0.8638373613357544,0.8638373613357544,FP
3126,0,1,0.8515234589576721,0.8515234589576721,FP
3127,0,1,0.8729647994041443,0.8729647994041443,FP
3128,0,1,0.85526442527771,0.85526442527771,FP
3129,0,1,0.8422935605049133,0.8422935605049133,FP
3130,0,1,0.847513735294342,0.847513735294342,FP
3131,0,1,0.8494117259979248,0.8494117259979248,FP
3132,0,1,0.8569087386131287,0.8569087386131287,FP
3133,0,1,0.8372284173965454,0.8372284173965454,FP
3134,0,1,0.8734462857246399,0.8734462857246399,FP
3135,0,1,0.8568694591522217,0.8568694591522217,FP
3136,0,1,0.8349617719650269,0.8349617719650269,FP
3137,0,1,0.8368628025054932,0.8368628025054932,FP
3138,0,1,0.8515173196792603,0.8515173196792603,FP
3139,0,1,0.824267566204071,0.824267566204071,FP
3140,0,1,0.8424034714698792,0.8424034714698792,FP
3141,0,1,0.8079079985618591,0.8079079985618591,FP
3142,0,1,0.8364172577857971,0.8364172577857971,FP
3143,0,1,0.8149577975273132,0.8149577975273132,FP
3144,0,1,0.8221237659454346,0.8221237659454346,FP
3145,0,1,0.8181604743003845,0.8181604743003845,FP
3146,0,1,0.8097822070121765,0.8097822070121765,FP
3147,0,1,0.8338600397109985,0.8338600397109985,FP
3148,0,1,0.8203914761543274,0.8203914761543274,FP
3149,0,1,0.8340247869491577,0.8340247869491577,FP
3150,0,1,0.8443143367767334,0.8443143367767334,FP
3151,0,1,0.856468915939331,0.856468915939331,FP
3152,0,1,0.8974212408065796,0.8974212408065796,FP
3153,1,1,0.8774707317352295,0.8774707317352295,TP
3154,1,1,1.0115433931350708,1.0115433931350708,TP
3155,1,1,0.9459364414215088,0.9459364414215088,TP
3156,1,1,0.968655526638031,0.968655526638031,TP
3157,1,1,0.9735368490219116,0.9735368490219116,TP
3158,1,1,0.9951682090759277,0.9951682090759277,TP
3159,1,1,1.0771429538726807,1.0771429538726807,TP
3160,1,1,1.1336102485656738,1.1336102485656738,TP
3161,1,1,1.099280834197998,1.099280834197998,TP
3162,1,1,1.1502783298492432,1.1502783298492432,TP
3163,1,1,1.1688411235809326,1.1688411235809326,TP
3164,1,1,1.2393521070480347,1.2393521070480347,TP
3165,1,1,1.2598737478256226,1.2598737478256226,TP
3166,0,1,1.0488331317901611,1.0488331317901611,FP
3167,0,1,1.0345125198364258,1.0345125198364258,FP
3168,0,1,1.0402133464813232,1.0402133464813232,FP
3169,0,1,1.0618984699249268,1.0618984699249268,FP
3170,0,1,1.0408697128295898,1.0408697128295898,FP
3171,0,1,1.0733325481414795,1.0733325481414795,FP
3172,0,1,1.0280417203903198,1.0280417203903198,FP
3173,0,1,1.0170520544052124,1.0170520544052124,FP
3174,0,1,1.0192475318908691,1.0192475318908691,FP
3175,0,1,1.0250266790390015,1.0250266790390015,FP
3176,0,1,0.9809055924415588,0.9809055924415588,FP
3177,0,1,0.9862684607505798,0.9862684607505798,FP
3178,0,1,0.9884111285209656,0.9884111285209656,FP
3179,0,1,1.000374674797058,1.000374674797058,FP
3180,0,1,0.9826982021331787,0.9826982021331787,FP
3181,0,1,0.9762895703315735,0.9762895703315735,FP
3182,0,1,0.9809393882751465,0.9809393882751465,FP
3183,0,1,0.9919577836990356,0.9919577836990356,FP
3184,0,1,0.9703930616378784,0.9703930616378784,FP
3185,0,1,0.9572120904922485,0.9572120904922485,FP
3186,0,1,0.9505093097686768,0.9505093097686768,FP
3187,0,1,0.9472435712814331,0.9472435712814331,FP
3188,0,1,0.9531585574150085,0.9531585574150085,FP
3189,0,1,0.9549195170402527,0.9549195170402527,FP
3190,0,1,0.9301520586013794,0.9301520586013794,FP
3191,0,1,0.9306517839431763,0.9306517839431763,FP
3192,0,1,0.9679189324378967,0.9679189324378967,FP
3193,0,1,0.9213038086891174,0.9213038086891174,FP
3194,0,1,0.925649106502533,0.925649106502533,FP
3195,0,1,0.9137975573539734,0.9137975573539734,FP
3196,0,1,0.9019478559494019,0.9019478559494019,FP
3197,0,1,0.8856661915779114,0.8856661915779114,FP
3198,0,1,0.8776992559432983,0.8776992559432983,FP
3199,0,1,0.8824163675308228,0.8824163675308228,FP
3200,0,1,0.8615893721580505,0.8615893721580505,FP
3201,0,1,0.8776199817657471,0.8776199817657471,FP
3202,0,1,0.8473166823387146,0.8473166823387146,FP
3203,0,1,0.8365428447723389,0.8365428447723389,FP
3204,0,1,0.8262542486190796,0.8262542486190796,FP
3205,0,1,0.8416194915771484,0.8416194915771484,FP
3206,0,1,0.8390835523605347,0.8390835523605347,FP
3207,0,1,0.8100827932357788,0.8100827932357788,FP
3208,0,1,0.809313178062439,0.809313178062439,FP
3209,0,1,0.8117529153823853,0.8117529153823853,FP
3210,0,1,0.7911017537117004,0.7911017537117004,FP
3211,0,1,0.7840097546577454,0.7840097546577454,FP
3212,0,1,0.7832658886909485,0.7832658886909485,FP
3213,0,1,0.7762448787689209,0.7762448787689209,FP
3214,0,1,0.777382493019104,0.777382493019104,FP
3215,0,1,0.7667811512947083,0.7667811512947083,FP
3216,0,1,0.7476428747177124,0.7476428747177124,FP
3217,0,1,0.7379041910171509,0.7379041910171509,FP
3218,0,1,0.7263164520263672,0.7263164520263672,FP
3219,0,1,0.7280504703521729,0.7280504703521729,FP
3220,0,1,0.7300955057144165,0.7300955057144165,FP
3221,0,1,0.719565749168396,0.719565749168396,FP
3222,0,1,0.7259414792060852,0.7259414792060852,FP
3223,0,1,0.7076645493507385,0.7076645493507385,FP
3224,0,1,0.7404394745826721,0.7404394745826721,FP
3225,0,1,0.6973075866699219,0.6973075866699219,FP
3226,0,1,0.7014898061752319,0.7014898061752319,FP
3227,0,1,0.6896861791610718,0.6896861791610718,FP
3228,0,1,0.7383858561515808,0.7383858561515808,FP
3229,0,1,0.697856605052948,0.697856605052948,FP
3230,0,1,0.6935098171234131,0.6935098171234131,FP
3231,0,1,0.6861860752105713,0.6861860752105713,FP
3232,0,1,0.677041232585907,0.677041232585907,FP
3233,0,1,0.6757726073265076,0.6757726073265076,FP
3234,0,1,0.6919538378715515,0.6919538378715515,FP
3235,0,1,0.6846424341201782,0.6846424341201782,FP
3236,0,1,0.7248249053955078,0.7248249053955078,FP
3237,0,1,0.6719658374786377,0.6719658374786377,FP
3238,0,1,0.6917387247085571,0.6917387247085571,FP
3239,0,1,0.6885778307914734,0.6885778307914734,FP
3240,0,1,0.692955732345581,0.692955732345581,FP
3241,0,1,0.697171151638031,0.697171151638031,FP
3242,0,1,0.6995403170585632,0.6995403170585632,FP
3243,0,1,0.7089980840682983,0.7089980840682983,FP
3244,0,1,0.7629544734954834,0.7629544734954834,FP
3245,0,1,0.7204110622406006,0.7204110622406006,FP
3246,0,1,0.7476450204849243,0.7476450204849243,FP
3247,0,1,0.7611751556396484,0.7611751556396484,FP
3248,0,1,0.7843164205551147,0.7843164205551147,FP
3249,0,1,0.7741096615791321,0.7741096615791321,FP
3250,0,1,0.8950636982917786,0.8950636982917786,FP
3251,0,1,0.8542988300323486,0.8542988300323486,FP
3252,1,1,0.8992936015129089,0.8992936015129089,TP
3253,1,1,0.929755687713623,0.929755687713623,TP
3254,1,1,0.9307479858398438,0.9307479858398438,TP
3255,1,1,1.0872769355773926,1.0872769355773926,TP
3256,1,1,1.0359324216842651,1.0359324216842651,TP
3257,1,1,1.2008694410324097,1.2008694410324097,TP
3258,1,1,1.112934947013855,1.112934947013855,TP
3259,1,1,1.0951112508773804,1.0951112508773804,TP
3260,1,1,1.2683610916137695,1.2683610916137695,TP
3261,1,1,1.2032496929168701,1.2032496929168701,TP
3262,1,1,1.2248311042785645,1.2248311042785645,TP
3263,1,1,1.2852076292037964,1.2852076292037964,TP
3264,1,1,1.2966606616973877,1.2966606616973877,TP
3265,1,1,1.2617913484573364,1.2617913484573364,TP
3266,1,1,1.8259145021438599,1.8259145021438599,TP
3267,1,1,1.6383417844772339,1.6383417844772339,TP
3268,1,1,1.2434887886047363,1.2434887886047363,TP
3269,1,1,1.233835220336914,1.233835220336914,TP
3270,1,1,1.2297502756118774,1.2297502756118774,TP
3271,1,1,1.2323317527770996,1.2323317527770996,TP
3272,1,1,1.2401745319366455,1.2401745319366455,TP
3273,0,1,0.6534330248832703,0.6534330248832703,FP
3274,0,1,0.6430560350418091,0.6430560350418091,FP
3275,0,1,0.6456369161605835,0.6456369161605835,FP
3276,0,1,0.6415531039237976,0.6415531039237976,FP
3277,0,1,0.6352179050445557,0.6352179050445557,FP
3278,0,1,0.6548255681991577,0.6548255681991577,FP
3279,0,1,0.6447269320487976,0.6447269320487976,FP
3280,0,1,0.6171860694885254,0.6171860694885254,FP
3281,0,1,0.6325228810310364,0.6325228810310364,FP
3282,0,1,0.6237009167671204,0.6237009167671204,FP
3283,0,1,0.6215193271636963,0.6215193271636963,FP
3284,0,1,0.6328830122947693,0.6328830122947693,FP
3285,0,1,0.6288841366767883,0.6288841366767883,FP
3286,0,1,0.6096757650375366,0.6096757650375366,FP
3287,0,1,0.6068486571311951,0.6068486571311951,FP
3288,0,1,0.6114031672477722,0.6114031672477722,FP
3289,0,1,0.6212394833564758,0.6212394833564758,FP
3290,0,1,0.6101016998291016,0.6101016998291016,FP
3291,0,1,0.6153386831283569,0.6153386831283569,FP
3292,0,1,0.6326788067817688,0.6326788067817688,FP
3293,0,1,0.6089732646942139,0.6089732646942139,FP
3294,0,1,0.5926409959793091,0.5926409959793091,FP
3295,0,1,0.6035826206207275,0.6035826206207275,FP
3296,0,1,0.5850085020065308,0.5850085020065308,FP
3297,0,1,0.5984970331192017,0.5984970331192017,FP
3298,0,1,0.6070154905319214,0.6070154905319214,FP
3299,0,1,0.6183082461357117,0.6183082461357117,FP
3300,0,1,0.634655773639679,0.634655773639679,FP
3301,0,1,0.6200392842292786,0.6200392842292786,FP
3302,0,1,0.6076161861419678,0.6076161861419678,FP
3303,0,1,0.6026902794837952,0.6026902794837952,FP
3304,0,1,0.6057826280593872,0.6057826280593872,FP
3305,0,1,0.6020790338516235,0.6020790338516235,FP
3306,0,1,0.600277841091156,0.600277841091156,FP
3307,0,1,0.6063105463981628,0.6063105463981628,FP
3308,0,1,0.6016777157783508,0.6016777157783508,FP
3309,0,1,0.6042367815971375,0.6042367815971375,FP
3310,0,1,0.609299898147583,0.609299898147583,FP
3311,0,1,0.613217830657959,0.613217830657959,FP
3312,0,1,0.607835590839386,0.607835590839386,FP
3313,0,1,0.6012863516807556,0.6012863516807556,FP
3314,0,1,0.6171661615371704,0.6171661615371704,FP
3315,0,1,0.5984222292900085,0.5984222292900085,FP
3316,0,1,0.5978620648384094,0.5978620648384094,FP
3317,0,1,0.5905442237854004,0.5905442237854004,FP
3318,0,1,0.5926458835601807,0.5926458835601807,FP
3319,0,1,0.6040642261505127,0.6040642261505127,FP
3320,0,1,0.5770772695541382,0.5770772695541382,FP
3321,0,1,0.5840008854866028,0.5840008854866028,FP
3322,0,1,0.5833654403686523,0.5833654403686523,FP
3323,0,1,0.5850821733474731,0.5850821733474731,FP
3324,0,1,0.5844650864601135,0.5844650864601135,FP
3325,0,1,0.5869120955467224,0.5869120955467224,FP
3326,0,1,0.5829446315765381,0.5829446315765381,FP
3327,0,1,0.5793028473854065,0.5793028473854065,FP
3328,0,1,0.5787787437438965,0.5787787437438965,FP
3329,0,1,0.5828899145126343,0.5828899145126343,FP
3330,0,1,0.5846866369247437,0.5846866369247437,FP
3331,0,1,0.5807043313980103,0.5807043313980103,FP
3332,0,1,0.5843321681022644,0.5843321681022644,FP
3333,0,1,0.6122654676437378,0.6122654676437378,FP
3334,0,1,0.5833461880683899,0.5833461880683899,FP
3335,0,1,0.5819050073623657,0.5819050073623657,FP
3336,0,1,0.5944947600364685,0.5944947600364685,FP
3337,0,1,0.5797107815742493,0.5797107815742493,FP
3338,0,1,0.5783748030662537,0.5783748030662537,FP
3339,0,1,0.5550758838653564,0.5550758838653564,FP
3340,0,1,0.5658859014511108,0.5658859014511108,FP
3341,0,1,0.5927132368087769,0.5927132368087769,FP
3342,0,1,0.5884146094322205,0.5884146094322205,FP
3343,0,1,0.5918960571289062,0.5918960571289062,FP
3344,0,1,0.5943784713745117,0.5943784713745117,FP
3345,0,1,0.594346821308136,0.594346821308136,FP
3346,0,1,0.58884596824646,0.58884596824646,FP
3347,0,1,0.5727195739746094,0.5727195739746094,FP
3348,0,1,0.5662034153938293,0.5662034153938293,FP
3349,0,1,0.5540740489959717,0.5540740489959717,FP
3350,0,1,0.5522782802581787,0.5522782802581787,FP
3351,0,1,0.5763858556747437,0.5763858556747437,FP
3352,0,1,0.5647052526473999,0.5647052526473999,FP
3353,0,1,0.559879720211029,0.559879720211029,FP
3354,0,1,0.5628918409347534,0.5628918409347534,FP
3355,0,1,0.5635157227516174,0.5635157227516174,FP
3356,0,1,0.5596171021461487,0.5596171021461487,FP
3357,0,1,0.5687177181243896,0.5687177181243896,FP
3358,0,1,0.5685393214225769,0.5685393214225769,FP
3359,0,1,0.5844668745994568,0.5844668745994568,FP
3360,0,1,0.5802679657936096,0.5802679657936096,FP
3361,0,1,0.7605757713317871,0.7605757713317871,FP
3362,0,1,1.3992294073104858,1.3992294073104858,FP
3363,0,1,1.296144962310791,1.296144962310791,FP
3364,0,1,1.3516013622283936,1.3516013622283936,FP
3365,0,1,0.5534070730209351,0.5534070730209351,FP
3366,0,1,0.5784738659858704,0.5784738659858704,FP
3367,0,1,0.5756239891052246,0.5756239891052246,FP
3368,0,1,0.5613778829574585,0.5613778829574585,FP
3369,0,1,0.5999830365180969,0.5999830365180969,FP
3370,0,1,1.139136791229248,1.139136791229248,FP
3371,0,1,1.187260389328003,1.187260389328003,FP
3372,0,1,1.155553936958313,1.155553936958313,FP
3373,0,1,1.2490252256393433,1.2490252256393433,FP
3374,0,1,1.1307718753814697,1.1307718753814697,FP
3375,0,1,1.1671150922775269,1.1671150922775269,FP
3376,0,1,1.114880084991455,1.114880084991455,FP
3377,0,1,1.1303960084915161,1.1303960084915161,FP
3378,0,1,1.128261685371399,1.128261685371399,FP
3379,0,1,1.127954363822937,1.127954363822937,FP
3380,0,1,1.0591078996658325,1.0591078996658325,FP
3381,0,1,1.0453921556472778,1.0453921556472778,FP
3382,0,1,1.0367509126663208,1.0367509126663208,FP
3383,0,1,1.048862099647522,1.048862099647522,FP
3384,0,1,0.686758279800415,0.686758279800415,FP
3385,0,1,1.0070087909698486,1.0070087909698486,FP
3386,0,1,1.0246013402938843,1.0246013402938843,FP
3387,0,1,1.0657061338424683,1.0657061338424683,FP
3388,0,1,1.0247958898544312,1.0247958898544312,FP
3389,0,1,0.9538514614105225,0.9538514614105225,FP
3390,0,1,0.9363152980804443,0.9363152980804443,FP
3391,0,1,0.9100098609924316,0.9100098609924316,FP
3392,0,1,1.1257952451705933,1.1257952451705933,FP
3393,0,1,0.9422685503959656,0.9422685503959656,FP
3394,0,1,0.9246721863746643,0.9246721863746643,FP
3395,0,1,0.8861058950424194,0.8861058950424194,FP
3396,0,1,0.582095205783844,0.582095205783844,FP
3397,0,1,0.5855276584625244,0.5855276584625244,FP
3398,0,1,0.5817148089408875,0.5817148089408875,FP
3399,0,1,0.5857799053192139,0.5857799053192139,FP
3400,0,1,0.583474338054657,0.583474338054657,FP
3401,0,1,0.5927966833114624,0.5927966833114624,FP
3402,0,1,0.5796025991439819,0.5796025991439819,FP
3403,0,1,0.5719120502471924,0.5719120502471924,FP
3404,0,1,0.5571916103363037,0.5571916103363037,FP
3405,0,1,0.564767599105835,0.564767599105835,FP
3406,0,1,0.5589373111724854,0.5589373111724854,FP
3407,0,1,0.5901814103126526,0.5901814103126526,FP
3408,0,1,0.5775639414787292,0.5775639414787292,FP
3409,0,1,0.5780721306800842,0.5780721306800842,FP
3410,0,1,0.5729933381080627,0.5729933381080627,FP
3411,0,1,0.5701541304588318,0.5701541304588318,FP
3412,0,1,0.5831935405731201,0.5831935405731201,FP
3413,0,1,0.5480936169624329,0.5480936169624329,FP
3414,0,1,0.5915041565895081,0.5915041565895081,FP
3415,0,1,0.5401369333267212,0.5401369333267212,FP
3416,0,1,0.5449743270874023,0.5449743270874023,FP
3417,0,1,0.5525206923484802,0.5525206923484802,FP
3418,0,1,0.5398809313774109,0.5398809313774109,FP
3419,0,1,0.5352174043655396,0.5352174043655396,FP
3420,0,1,0.5260204076766968,0.5260204076766968,FP
3421,0,1,0.5386028289794922,0.5386028289794922,FP
3422,0,1,0.529808521270752,0.529808521270752,FP
3423,0,1,0.5244481563568115,0.5244481563568115,FP
3424,0,1,0.521411120891571,0.521411120891571,FP
3425,0,1,0.5540227293968201,0.5540227293968201,FP
3426,0,1,0.5269898772239685,0.5269898772239685,FP
3427,0,1,0.5221648216247559,0.5221648216247559,FP
3428,0,1,0.523521363735199,0.523521363735199,FP
3429,0,1,0.5139515399932861,0.5139515399932861,FP
3430,0,1,0.5247687697410583,0.5247687697410583,FP
3431,0,1,0.5256059765815735,0.5256059765815735,FP
3432,0,1,0.5167762637138367,0.5167762637138367,FP
3433,0,1,0.5227630734443665,0.5227630734443665,FP
3434,0,1,0.5201408863067627,0.5201408863067627,FP
3435,0,1,0.515350878238678,0.515350878238678,FP
3436,0,1,0.5098738074302673,0.5098738074302673,FP
3437,0,1,0.5212404727935791,0.5212404727935791,FP
3438,0,1,0.5114407539367676,0.5114407539367676,FP
3439,0,1,0.5132479071617126,0.5132479071617126,FP
3440,0,1,0.5018603205680847,0.5018603205680847,FP
3441,0,1,0.5081688761711121,0.5081688761711121,FP
3442,0,1,0.5174838304519653,0.5174838304519653,FP
3443,0,1,0.5043814778327942,0.5043814778327942,FP
3444,0,1,0.4965837895870209,0.4965837895870209,FP
3445,0,1,0.5045515894889832,0.5045515894889832,FP
3446,0,1,0.5120602250099182,0.5120602250099182,FP
3447,0,1,0.5087910890579224,0.5087910890579224,FP
3448,0,0,0.4895782768726349,0.4895782768726349,TN
3449,0,0,0.4938678443431854,0.4938678443431854,TN
3450,0,1,0.5110180974006653,0.5110180974006653,FP
3451,0,1,0.4944956600666046,0.4944956600666046,FP
3452,0,0,0.4895825684070587,0.4895825684070587,TN
3453,0,1,0.5050353407859802,0.5050353407859802,FP
3454,0,1,0.5029756426811218,0.5029756426811218,FP
3455,0,0,0.48827579617500305,0.48827579617500305,TN
3456,0,0,0.4820529520511627,0.4820529520511627,TN
3457,0,0,0.48622801899909973,0.48622801899909973,TN
3458,0,0,0.4856129586696625,0.4856129586696625,TN
3459,0,0,0.48609215021133423,0.48609215021133423,TN
3460,0,0,0.4920104146003723,0.4920104146003723,TN
3461,0,0,0.47740691900253296,0.47740691900253296,TN
3462,0,0,0.46698254346847534,0.46698254346847534,TN
3463,0,0,0.4929622709751129,0.4929622709751129,TN
3464,0,0,0.4804222881793976,0.4804222881793976,TN
3465,0,0,0.4802187979221344,0.4802187979221344,TN
3466,0,1,0.49596089124679565,0.49596089124679565,FP
3467,0,0,0.4852394163608551,0.4852394163608551,TN
3468,0,0,0.4885531961917877,0.4885531961917877,TN
3469,0,1,0.5023003220558167,0.5023003220558167,FP
3470,0,1,0.5001064538955688,0.5001064538955688,FP
3471,0,0,0.4846048057079315,0.4846048057079315,TN
3472,0,0,0.4874533712863922,0.4874533712863922,TN
3473,0,0,0.4837185740470886,0.4837185740470886,TN
3474,0,0,0.4846486747264862,0.4846486747264862,TN
3475,0,0,0.47587576508522034,0.47587576508522034,TN
3476,0,0,0.4743691384792328,0.4743691384792328,TN
3477,0,0,0.47120314836502075,0.47120314836502075,TN
3478,0,0,0.47757017612457275,0.47757017612457275,TN
3479,0,0,0.4876549541950226,0.4876549541950226,TN
3480,0,0,0.4883289337158203,0.4883289337158203,TN
3481,0,0,0.48601481318473816,0.48601481318473816,TN
3482,0,0,0.47385624051094055,0.47385624051094055,TN
3483,0,0,0.46837320923805237,0.46837320923805237,TN
3484,0,0,0.476999968290329,0.476999968290329,TN
3485,0,0,0.4783323407173157,0.4783323407173157,TN
3486,0,0,0.47430282831192017,0.47430282831192017,TN
3487,0,0,0.47356173396110535,0.47356173396110535,TN
3488,0,0,0.46411430835723877,0.46411430835723877,TN
3489,0,0,0.46673083305358887,0.46673083305358887,TN
3490,0,0,0.4690365493297577,0.4690365493297577,TN
3491,0,0,0.4564039707183838,0.4564039707183838,TN
3492,0,0,0.4482598900794983,0.4482598900794983,TN
3493,0,0,0.4737258553504944,0.4737258553504944,TN
3494,0,0,0.46415379643440247,0.46415379643440247,TN
3495,0,0,0.45600655674934387,0.45600655674934387,TN
3496,0,0,0.46862953901290894,0.46862953901290894,TN
3497,0,0,0.4570888578891754,0.4570888578891754,TN
3498,0,0,0.45959678292274475,0.45959678292274475,TN
3499,0,0,0.45968931913375854,0.45968931913375854,TN
3500,0,0,0.47080641984939575,0.47080641984939575,TN
3501,0,0,0.4764139652252197,0.4764139652252197,TN
3502,0,0,0.4716126322746277,0.4716126322746277,TN
3503,0,0,0.48398295044898987,0.48398295044898987,TN
3504,0,1,0.6509273052215576,0.6509273052215576,FP
3505,0,1,0.6861865520477295,0.6861865520477295,FP
3506,0,1,0.6862755417823792,0.6862755417823792,FP
3507,0,1,0.684302568435669,0.684302568435669,FP
3508,0,1,0.6773135662078857,0.6773135662078857,FP
3509,0,1,0.677208662033081,0.677208662033081,FP
3510,0,1,0.6932571530342102,0.6932571530342102,FP
3511,0,1,0.6823939681053162,0.6823939681053162,FP
3512,0,1,0.6934484243392944,0.6934484243392944,FP
3513,0,1,0.7029058933258057,0.7029058933258057,FP
3514,0,1,0.7044329643249512,0.7044329643249512,FP
3515,0,1,0.6967548131942749,0.6967548131942749,FP
3516,0,1,0.7009558081626892,0.7009558081626892,FP
3517,0,1,0.7130073308944702,0.7130073308944702,FP
3518,0,1,0.7026998996734619,0.7026998996734619,FP
3519,0,1,0.6972242593765259,0.6972242593765259,FP
3520,0,1,0.6891818046569824,0.6891818046569824,FP
3521,0,1,0.6927682757377625,0.6927682757377625,FP
3522,0,1,0.686553955078125,0.686553955078125,FP
3523,0,1,0.6750050187110901,0.6750050187110901,FP
3524,0,1,0.6687118411064148,0.6687118411064148,FP
3525,0,1,0.6697739362716675,0.6697739362716675,FP
3526,0,1,0.6686772108078003,0.6686772108078003,FP
3527,0,1,0.6689363718032837,0.6689363718032837,FP
3528,0,1,0.6772214770317078,0.6772214770317078,FP
3529,0,1,0.6796318888664246,0.6796318888664246,FP
3530,0,1,0.6677902340888977,0.6677902340888977,FP
3531,0,1,0.6837009191513062,0.6837009191513062,FP
3532,0,1,0.6865664124488831,0.6865664124488831,FP
3533,0,1,0.6906222701072693,0.6906222701072693,FP
3534,0,1,0.687031626701355,0.687031626701355,FP
3535,0,1,0.6796672344207764,0.6796672344207764,FP
3536,0,1,0.6893965005874634,0.6893965005874634,FP
3537,0,1,0.6867823004722595,0.6867823004722595,FP
3538,0,1,0.6856740713119507,0.6856740713119507,FP
3539,0,1,0.6893588304519653,0.6893588304519653,FP
3540,0,1,0.6947649121284485,0.6947649121284485,FP
3541,0,1,0.6756141185760498,0.6756141185760498,FP
3542,0,1,0.6641847491264343,0.6641847491264343,FP
3543,0,1,0.7023730278015137,0.7023730278015137,FP
3544,0,1,0.6591605544090271,0.6591605544090271,FP
3545,0,1,0.670123279094696,0.670123279094696,FP
3546,0,1,0.6902278661727905,0.6902278661727905,FP
3547,0,1,0.6775385141372681,0.6775385141372681,FP
3548,0,1,0.668302595615387,0.668302595615387,FP
3549,0,1,0.6550871133804321,0.6550871133804321,FP
3550,0,1,0.6677789092063904,0.6677789092063904,FP
3551,0,1,0.6710922718048096,0.6710922718048096,FP
3552,0,1,0.7060095071792603,0.7060095071792603,FP
3553,0,1,0.6829421520233154,0.6829421520233154,FP
3554,0,1,0.6708019971847534,0.6708019971847534,FP
3555,0,1,0.6768366098403931,0.6768366098403931,FP
3556,0,1,0.6835545301437378,0.6835545301437378,FP
3557,0,1,0.6739634871482849,0.6739634871482849,FP
3558,0,1,0.6694128513336182,0.6694128513336182,FP
3559,0,1,0.6614003777503967,0.6614003777503967,FP
3560,0,1,0.6405522227287292,0.6405522227287292,FP
3561,0,1,0.6658014059066772,0.6658014059066772,FP
3562,0,1,0.6235819458961487,0.6235819458961487,FP
3563,0,1,0.659727931022644,0.659727931022644,FP
3564,0,1,0.6520393490791321,0.6520393490791321,FP
3565,0,1,0.6381756067276001,0.6381756067276001,FP
3566,0,1,0.6633093357086182,0.6633093357086182,FP
3567,0,1,0.7041084170341492,0.7041084170341492,FP
3568,0,1,0.7120163440704346,0.7120163440704346,FP
3569,0,1,0.7078296542167664,0.7078296542167664,FP
3570,0,1,0.7159442901611328,0.7159442901611328,FP
3571,0,1,0.6878925561904907,0.6878925561904907,FP
3572,0,1,0.6192812919616699,0.6192812919616699,FP
3573,0,1,0.7034543752670288,0.7034543752670288,FP
3574,0,1,0.7639163136482239,0.7639163136482239,FP
3575,0,1,0.7939856648445129,0.7939856648445129,FP
3576,0,1,0.8044254779815674,0.8044254779815674,FP
3577,0,1,0.814995288848877,0.814995288848877,FP
3578,0,1,0.7294216156005859,0.7294216156005859,FP
3579,0,1,0.8555110096931458,0.8555110096931458,FP
3580,0,1,0.7289621233940125,0.7289621233940125,FP
3581,0,1,0.727874755859375,0.727874755859375,FP
3582,0,1,0.7598333954811096,0.7598333954811096,FP
3583,0,1,0.7608900666236877,0.7608900666236877,FP
3584,0,1,0.7301791906356812,0.7301791906356812,FP
3585,0,1,1.0662628412246704,1.0662628412246704,FP
3586,0,1,0.7096703052520752,0.7096703052520752,FP
3587,0,1,0.6958749890327454,0.6958749890327454,FP
3588,0,1,0.9683874249458313,0.9683874249458313,FP
3589,0,1,0.8526696562767029,0.8526696562767029,FP
3590,0,1,0.876749575138092,0.876749575138092,FP
3591,0,1,0.9532209634780884,0.9532209634780884,FP
3592,0,1,0.8543161749839783,0.8543161749839783,FP
3593,0,1,1.1750226020812988,1.1750226020812988,FP
3594,0,1,0.8744027614593506,0.8744027614593506,FP
3595,0,1,0.9774169325828552,0.9774169325828552,FP
3596,0,1,0.7896502017974854,0.7896502017974854,FP
3597,0,1,1.1586405038833618,1.1586405038833618,FP
3598,0,1,0.8649803400039673,0.8649803400039673,FP
3599,0,1,1.1383897066116333,1.1383897066116333,FP
3600,0,1,1.1092473268508911,1.1092473268508911,FP
3601,0,1,1.0867472887039185,1.0867472887039185,FP
3602,0,1,1.0986384153366089,1.0986384153366089,FP
3603,0,1,1.1095902919769287,1.1095902919769287,FP
3604,0,1,1.1145029067993164,1.1145029067993164,FP
3605,0,1,1.1286382675170898,1.1286382675170898,FP
3606,0,1,1.0969648361206055,1.0969648361206055,FP
3607,0,1,1.1007111072540283,1.1007111072540283,FP
3608,0,1,1.0863935947418213,1.0863935947418213,FP
3609,0,1,1.0936157703399658,1.0936157703399658,FP
3610,0,1,1.0763840675354004,1.0763840675354004,FP
3611,0,1,1.06327223777771,1.06327223777771,FP
3612,0,1,1.0636340379714966,1.0636340379714966,FP
3613,0,1,1.0662357807159424,1.0662357807159424,FP
3614,0,1,1.068946123123169,1.068946123123169,FP
3615,0,1,1.0775327682495117,1.0775327682495117,FP
3616,0,1,1.063053011894226,1.063053011894226,FP
3617,0,1,1.0573416948318481,1.0573416948318481,FP
3618,0,1,1.06597101688385,1.06597101688385,FP
3619,0,1,1.093382477760315,1.093382477760315,FP
3620,0,1,1.0941168069839478,1.0941168069839478,FP
3621,0,1,1.085705041885376,1.085705041885376,FP
3622,0,1,1.0922913551330566,1.0922913551330566,FP
3623,0,1,1.1036282777786255,1.1036282777786255,FP
3624,0,1,1.1075644493103027,1.1075644493103027,FP
3625,0,1,0.5130254626274109,0.5130254626274109,FP
3626,0,1,0.511070191860199,0.511070191860199,FP
3627,0,1,0.5202407240867615,0.5202407240867615,FP
3628,0,1,0.5152357220649719,0.5152357220649719,FP
3629,0,1,0.5161784887313843,0.5161784887313843,FP
3630,0,1,0.5149616003036499,0.5149616003036499,FP
3631,0,1,0.509387731552124,0.509387731552124,FP
3632,0,1,0.5078352093696594,0.5078352093696594,FP
3633,0,1,0.5119839310646057,0.5119839310646057,FP
3634,0,1,0.5021183490753174,0.5021183490753174,FP
3635,0,1,0.5138144493103027,0.5138144493103027,FP
3636,0,1,0.5079447031021118,0.5079447031021118,FP
3637,0,1,0.5047581195831299,0.5047581195831299,FP
3638,0,1,0.5109937191009521,0.5109937191009521,FP
3639,0,1,0.5167922377586365,0.5167922377586365,FP
3640,0,1,0.5169064998626709,0.5169064998626709,FP
3641,0,1,0.5172263979911804,0.5172263979911804,FP
3642,0,1,0.5122334361076355,0.5122334361076355,FP
3643,0,1,0.5063478350639343,0.5063478350639343,FP
3644,0,1,0.5019269585609436,0.5019269585609436,FP
3645,0,1,0.5045304894447327,0.5045304894447327,FP
3646,0,1,0.5067211985588074,0.5067211985588074,FP
3647,0,1,0.5062004327774048,0.5062004327774048,FP
3648,0,1,0.49517494440078735,0.49517494440078735,FP
3649,0,0,0.485874742269516,0.485874742269516,TN
3650,0,0,0.4854830503463745,0.4854830503463745,TN
3651,0,0,0.48330438137054443,0.48330438137054443,TN
3652,0,0,0.48588788509368896,0.48588788509368896,TN
3653,0,0,0.4926759600639343,0.4926759600639343,TN
3654,0,1,1.0145891904830933,1.0145891904830933,FP
3655,0,1,0.9765194058418274,0.9765194058418274,FP
3656,0,1,1.0204522609710693,1.0204522609710693,FP
3657,0,1,1.0392513275146484,1.0392513275146484,FP
3658,0,1,0.9789895415306091,0.9789895415306091,FP
3659,0,1,1.0067623853683472,1.0067623853683472,FP
3660,0,1,0.9643566012382507,0.9643566012382507,FP
3661,0,1,0.9969830513000488,0.9969830513000488,FP
3662,0,1,0.9826270937919617,0.9826270937919617,FP
3663,0,1,0.9964428544044495,0.9964428544044495,FP
3664,0,1,0.9819259643554688,0.9819259643554688,FP
3665,0,1,1.0126240253448486,1.0126240253448486,FP
3666,0,1,0.9266123175621033,0.9266123175621033,FP
3667,0,1,0.9751753211021423,0.9751753211021423,FP
3668,0,1,1.0024160146713257,1.0024160146713257,FP
3669,0,1,0.9723110795021057,0.9723110795021057,FP
3670,0,1,0.9992226362228394,0.9992226362228394,FP
3671,0,1,1.003036618232727,1.003036618232727,FP
3672,0,1,0.9512986540794373,0.9512986540794373,FP
3673,0,1,0.9563243985176086,0.9563243985176086,FP
3674,0,1,0.9285258650779724,0.9285258650779724,FP
3675,0,1,0.9408029317855835,0.9408029317855835,FP
3676,0,1,0.9334204792976379,0.9334204792976379,FP
3677,0,1,0.9235155582427979,0.9235155582427979,FP
3678,0,1,0.9588091373443604,0.9588091373443604,FP
3679,0,1,0.9067373871803284,0.9067373871803284,FP
3680,0,1,0.9164484143257141,0.9164484143257141,FP
3681,0,1,0.9316553473472595,0.9316553473472595,FP
3682,0,1,0.9668766260147095,0.9668766260147095,FP
3683,0,1,0.9245918393135071,0.9245918393135071,FP
3684,0,1,0.903764009475708,0.903764009475708,FP
3685,0,1,0.9128901958465576,0.9128901958465576,FP
3686,0,1,0.9124616980552673,0.9124616980552673,FP
3687,0,1,0.914550244808197,0.914550244808197,FP
3688,0,1,0.9621557593345642,0.9621557593345642,FP
3689,0,1,0.9344773888587952,0.9344773888587952,FP
3690,0,1,0.911781370639801,0.911781370639801,FP
3691,0,1,0.9327079653739929,0.9327079653739929,FP
3692,0,1,0.8851026296615601,0.8851026296615601,FP
3693,0,1,0.9184682369232178,0.9184682369232178,FP
3694,0,1,0.8865757584571838,0.8865757584571838,FP
3695,0,1,0.9270155429840088,0.9270155429840088,FP
3696,0,1,0.9267180562019348,0.9267180562019348,FP
3697,0,1,0.878572940826416,0.878572940826416,FP
3698,0,1,0.88397616147995,0.88397616147995,FP
3699,0,1,0.8877636790275574,0.8877636790275574,FP
3700,0,1,0.8868858814239502,0.8868858814239502,FP
3701,0,1,0.8854446411132812,0.8854446411132812,FP
3702,0,1,0.8530054688453674,0.8530054688453674,FP
3703,0,1,0.8607321977615356,0.8607321977615356,FP
3704,0,1,0.8729028105735779,0.8729028105735779,FP
3705,0,1,0.8685064911842346,0.8685064911842346,FP
3706,0,1,0.8721044659614563,0.8721044659614563,FP
3707,0,1,0.8562613129615784,0.8562613129615784,FP
3708,0,1,0.8731470704078674,0.8731470704078674,FP
3709,0,1,0.8993770480155945,0.8993770480155945,FP
3710,0,1,0.8386190533638,0.8386190533638,FP
3711,0,1,0.9050198197364807,0.9050198197364807,FP
3712,0,1,0.8566610813140869,0.8566610813140869,FP
3713,0,1,0.8536945581436157,0.8536945581436157,FP
3714,0,1,0.8939501047134399,0.8939501047134399,FP
3715,0,1,0.8473772406578064,0.8473772406578064,FP
3716,0,1,0.8358840942382812,0.8358840942382812,FP
3717,0,1,0.8334829807281494,0.8334829807281494,FP
3718,0,1,0.8419440388679504,0.8419440388679504,FP
3719,0,1,0.7973188757896423,0.7973188757896423,FP
3720,0,1,0.8324931263923645,0.8324931263923645,FP
3721,0,1,0.8049490451812744,0.8049490451812744,FP
3722,0,1,0.8346323370933533,0.8346323370933533,FP
3723,0,1,0.7894627451896667,0.7894627451896667,FP
3724,0,1,0.8037331104278564,0.8037331104278564,FP
3725,0,1,0.7818312048912048,0.7818312048912048,FP
3726,0,1,0.7666952013969421,0.7666952013969421,FP
3727,0,1,0.793867290019989,0.793867290019989,FP
3728,0,1,0.7481706738471985,0.7481706738471985,FP
3729,0,1,0.7662444114685059,0.7662444114685059,FP
3730,0,1,0.7651711106300354,0.7651711106300354,FP
3731,0,1,0.7864884734153748,0.7864884734153748,FP
3732,0,1,0.7684391736984253,0.7684391736984253,FP
3733,0,1,0.7521162629127502,0.7521162629127502,FP
3734,0,1,0.7525604963302612,0.7525604963302612,FP
3735,0,1,0.7488890290260315,0.7488890290260315,FP
3736,0,1,0.740206778049469,0.740206778049469,FP
3737,0,1,0.7109742164611816,0.7109742164611816,FP
3738,0,1,0.7293520569801331,0.7293520569801331,FP
3739,0,1,0.7435356378555298,0.7435356378555298,FP
3740,0,1,0.7456076145172119,0.7456076145172119,FP
3741,0,1,0.7298331260681152,0.7298331260681152,FP
3742,0,1,0.756072998046875,0.756072998046875,FP
3743,0,1,0.7160037159919739,0.7160037159919739,FP
3744,0,1,0.8141196370124817,0.8141196370124817,FP
3745,0,1,0.7211268544197083,0.7211268544197083,FP
3746,0,1,0.7328976988792419,0.7328976988792419,FP
3747,0,1,0.7130093574523926,0.7130093574523926,FP
3748,0,1,0.7125838398933411,0.7125838398933411,FP
3749,0,1,0.7012192606925964,0.7012192606925964,FP
3750,0,1,0.693488597869873,0.693488597869873,FP
3751,0,1,0.6935150623321533,0.6935150623321533,FP
3752,0,1,0.6659525036811829,0.6659525036811829,FP
3753,0,1,0.6633529663085938,0.6633529663085938,FP
3754,0,1,0.6477752923965454,0.6477752923965454,FP
3755,0,1,0.6460810899734497,0.6460810899734497,FP
3756,0,1,0.6809672713279724,0.6809672713279724,FP
3757,0,1,0.6519511938095093,0.6519511938095093,FP
3758,0,1,0.699800431728363,0.699800431728363,FP
3759,0,1,0.6842503547668457,0.6842503547668457,FP
3760,0,1,0.666435956954956,0.666435956954956,FP
3761,0,1,0.6980287432670593,0.6980287432670593,FP
3762,0,1,0.6661110520362854,0.6661110520362854,FP
3763,0,1,0.6924278140068054,0.6924278140068054,FP
3764,0,1,0.6613181829452515,0.6613181829452515,FP
3765,0,1,0.7010470628738403,0.7010470628738403,FP
3766,0,1,0.6519573926925659,0.6519573926925659,FP
3767,0,1,0.6524295806884766,0.6524295806884766,FP
3768,0,1,0.6509988307952881,0.6509988307952881,FP
3769,0,1,0.6367955207824707,0.6367955207824707,FP
3770,0,1,0.6222920417785645,0.6222920417785645,FP
3771,0,1,0.6116507649421692,0.6116507649421692,FP
3772,0,1,0.6086790561676025,0.6086790561676025,FP
3773,0,1,0.6181266903877258,0.6181266903877258,FP
3774,0,1,0.59836745262146,0.59836745262146,FP
3775,0,1,0.6041965484619141,0.6041965484619141,FP
3776,0,1,0.6073128581047058,0.6073128581047058,FP
3777,0,1,0.5810602307319641,0.5810602307319641,FP
3778,0,1,0.5907745957374573,0.5907745957374573,FP
3779,0,1,0.5846797823905945,0.5846797823905945,FP
3780,0,1,0.5966688394546509,0.5966688394546509,FP
3781,0,1,0.6247794032096863,0.6247794032096863,FP
3782,0,1,0.5839292407035828,0.5839292407035828,FP
3783,0,1,0.5853815674781799,0.5853815674781799,FP
3784,0,1,0.5877388119697571,0.5877388119697571,FP
3785,0,1,0.5807051062583923,0.5807051062583923,FP
3786,0,1,0.5933820605278015,0.5933820605278015,FP
3787,0,1,0.5843783617019653,0.5843783617019653,FP
3788,0,1,0.5833722949028015,0.5833722949028015,FP
3789,0,1,0.5713143348693848,0.5713143348693848,FP
3790,0,1,0.5858801007270813,0.5858801007270813,FP
3791,0,1,0.5573942065238953,0.5573942065238953,FP
3792,0,1,0.5595414042472839,0.5595414042472839,FP
3793,0,1,0.5552414059638977,0.5552414059638977,FP
3794,0,1,0.5621469616889954,0.5621469616889954,FP
3795,0,1,0.5460470914840698,0.5460470914840698,FP
3796,0,1,0.556442141532898,0.556442141532898,FP
3797,0,1,0.5419518947601318,0.5419518947601318,FP
3798,0,1,0.5455368161201477,0.5455368161201477,FP
3799,0,1,0.5379285216331482,0.5379285216331482,FP
3800,0,1,0.5342352390289307,0.5342352390289307,FP
3801,0,1,0.5288410782814026,0.5288410782814026,FP
3802,0,1,0.5191550850868225,0.5191550850868225,FP
3803,0,1,0.5279648303985596,0.5279648303985596,FP
3804,0,1,0.5275437235832214,0.5275437235832214,FP
3805,0,1,0.52781081199646,0.52781081199646,FP
3806,0,1,0.5181407928466797,0.5181407928466797,FP
3807,0,1,0.5109168887138367,0.5109168887138367,FP
3808,0,1,0.5149524807929993,0.5149524807929993,FP
3809,0,1,0.5136959552764893,0.5136959552764893,FP
3810,0,0,0.49205055832862854,0.49205055832862854,TN
3811,0,1,0.4964075982570648,0.4964075982570648,FP
3812,0,1,0.5089768767356873,0.5089768767356873,FP
3813,0,1,0.5179690718650818,0.5179690718650818,FP
3814,0,0,0.4893936514854431,0.4893936514854431,TN
3815,0,1,0.5009058117866516,0.5009058117866516,FP
3816,0,1,0.5040613412857056,0.5040613412857056,FP
3817,0,0,0.4853005111217499,0.4853005111217499,TN
3818,0,0,0.48739320039749146,0.48739320039749146,TN
3819,0,1,0.5068176984786987,0.5068176984786987,FP
3820,0,0,0.4769425094127655,0.4769425094127655,TN
3821,0,0,0.472713828086853,0.472713828086853,TN
3822,0,1,0.5372304320335388,0.5372304320335388,FP
3823,0,1,0.5565699934959412,0.5565699934959412,FP
3824,0,0,0.48121190071105957,0.48121190071105957,TN
3825,0,0,0.46654805541038513,0.46654805541038513,TN
3826,0,0,0.4618745744228363,0.4618745744228363,TN
3827,0,0,0.46677926182746887,0.46677926182746887,TN
3828,0,1,0.4980379343032837,0.4980379343032837,FP
3829,0,0,0.49360716342926025,0.49360716342926025,TN
3830,0,0,0.47000324726104736,0.47000324726104736,TN
3831,0,0,0.48971807956695557,0.48971807956695557,TN
3832,0,0,0.47849875688552856,0.47849875688552856,TN
3833,0,0,0.4774639904499054,0.4774639904499054,TN
3834,0,0,0.46906113624572754,0.46906113624572754,TN
3835,0,0,0.4795475900173187,0.4795475900173187,TN
3836,0,0,0.477618932723999,0.477618932723999,TN
3837,0,0,0.4815477728843689,0.4815477728843689,TN
3838,0,0,0.4716064929962158,0.4716064929962158,TN
3839,0,0,0.4768698215484619,0.4768698215484619,TN
3840,0,0,0.48025715351104736,0.48025715351104736,TN
3841,0,0,0.472976416349411,0.472976416349411,TN
3842,0,0,0.4792698621749878,0.4792698621749878,TN
3843,0,0,0.477651447057724,0.477651447057724,TN
3844,0,0,0.474884033203125,0.474884033203125,TN
3845,0,0,0.4799240827560425,0.4799240827560425,TN
3846,0,0,0.48411521315574646,0.48411521315574646,TN
3847,0,0,0.4886540174484253,0.4886540174484253,TN
3848,0,0,0.48865097761154175,0.48865097761154175,TN
3849,0,0,0.48581942915916443,0.48581942915916443,TN
3850,0,0,0.4875273108482361,0.4875273108482361,TN
3851,0,1,0.5020806789398193,0.5020806789398193,FP
3852,0,1,0.5049452185630798,0.5049452185630798,FP
3853,0,1,0.5046340823173523,0.5046340823173523,FP
3854,0,1,0.5153694748878479,0.5153694748878479,FP
3855,0,1,0.5029761791229248,0.5029761791229248,FP
3856,0,1,0.5115471482276917,0.5115471482276917,FP
3857,0,1,0.5172431468963623,0.5172431468963623,FP
3858,0,1,0.5130519866943359,0.5130519866943359,FP
3859,0,1,0.514585018157959,0.514585018157959,FP
3860,0,1,0.5075623393058777,0.5075623393058777,FP
3861,0,1,0.5158330798149109,0.5158330798149109,FP
3862,0,1,0.5089284777641296,0.5089284777641296,FP
3863,0,1,0.5185743570327759,0.5185743570327759,FP
3864,0,1,0.5278048515319824,0.5278048515319824,FP
3865,0,1,0.5288786888122559,0.5288786888122559,FP
3866,0,1,0.5372880697250366,0.5372880697250366,FP
3867,0,1,0.5661993622779846,0.5661993622779846,FP
3868,0,1,0.5919392704963684,0.5919392704963684,FP
3869,0,1,0.5756078362464905,0.5756078362464905,FP
3870,0,1,0.5774855613708496,0.5774855613708496,FP
3871,0,1,0.6073341369628906,0.6073341369628906,FP
3872,0,1,0.5985838174819946,0.5985838174819946,FP
3873,0,1,0.619890570640564,0.619890570640564,FP
3874,0,1,0.620989978313446,0.620989978313446,FP
3875,0,1,0.9708608984947205,0.9708608984947205,FP
3876,0,1,0.620612621307373,0.620612621307373,FP
3877,0,1,0.5747404098510742,0.5747404098510742,FP
3878,0,1,0.5757788419723511,0.5757788419723511,FP
3879,0,1,0.6467310190200806,0.6467310190200806,FP
3880,0,1,0.6068019270896912,0.6068019270896912,FP
3881,0,1,0.6510318517684937,0.6510318517684937,FP
3882,0,1,0.7454599738121033,0.7454599738121033,FP
3883,0,1,0.6716898083686829,0.6716898083686829,FP
3884,0,1,0.7483506798744202,0.7483506798744202,FP
3885,0,1,0.6406967639923096,0.6406967639923096,FP
3886,0,1,0.6599820852279663,0.6599820852279663,FP
3887,0,1,0.6209897398948669,0.6209897398948669,FP
3888,0,1,0.610309362411499,0.610309362411499,FP
3889,0,1,0.5820903778076172,0.5820903778076172,FP
3890,0,1,0.5881664752960205,0.5881664752960205,FP
3891,0,1,0.5788016319274902,0.5788016319274902,FP
3892,0,1,0.5743181109428406,0.5743181109428406,FP
3893,0,1,0.5878473520278931,0.5878473520278931,FP
3894,0,1,0.5779533982276917,0.5779533982276917,FP
3895,0,1,0.5721396207809448,0.5721396207809448,FP
3896,0,1,0.598015308380127,0.598015308380127,FP
3897,0,1,0.5984954237937927,0.5984954237937927,FP
3898,1,1,0.6121228933334351,0.6121228933334351,TP
3899,1,1,0.6198423504829407,0.6198423504829407,TP
3900,1,1,0.6337283253669739,0.6337283253669739,TP
3901,1,1,0.6366558074951172,0.6366558074951172,TP
3902,1,1,0.6476609110832214,0.6476609110832214,TP
3903,1,1,0.6483278870582581,0.6483278870582581,TP
3904,1,1,0.6653233170509338,0.6653233170509338,TP
3905,1,1,0.6618613600730896,0.6618613600730896,TP
3906,1,1,0.6603854298591614,0.6603854298591614,TP
3907,1,1,0.7138018012046814,0.7138018012046814,TP
3908,0,1,0.5573040843009949,0.5573040843009949,FP
3909,0,1,0.5520735383033752,0.5520735383033752,FP
3910,0,1,0.5513105988502502,0.5513105988502502,FP
3911,0,1,0.5586657524108887,0.5586657524108887,FP
3912,0,1,0.5496504306793213,0.5496504306793213,FP
3913,0,1,0.6078060865402222,0.6078060865402222,FP
3914,0,1,0.5519850254058838,0.5519850254058838,FP
3915,0,1,0.5501693487167358,0.5501693487167358,FP
3916,0,1,0.5454174280166626,0.5454174280166626,FP
3917,0,1,0.5537044405937195,0.5537044405937195,FP
3918,0,1,0.5388574004173279,0.5388574004173279,FP
3919,0,1,0.5356338024139404,0.5356338024139404,FP
3920,0,1,0.5344859957695007,0.5344859957695007,FP
3921,0,1,0.5355693697929382,0.5355693697929382,FP
3922,0,1,0.5362141132354736,0.5362141132354736,FP
3923,0,1,0.5241835713386536,0.5241835713386536,FP
3924,0,1,0.5179826021194458,0.5179826021194458,FP
3925,0,1,0.5145896077156067,0.5145896077156067,FP
3926,0,1,0.5055219531059265,0.5055219531059265,FP
3927,0,1,0.5087732076644897,0.5087732076644897,FP
3928,0,1,0.5252954959869385,0.5252954959869385,FP
3929,0,1,0.5153917670249939,0.5153917670249939,FP
3930,0,1,0.5201139450073242,0.5201139450073242,FP
3931,0,1,0.5087873339653015,0.5087873339653015,FP
3932,0,1,0.500399112701416,0.500399112701416,FP
3933,0,1,0.6089044213294983,0.6089044213294983,FP
3934,0,1,0.6209573149681091,0.6209573149681091,FP
3935,0,1,0.608437180519104,0.608437180519104,FP
3936,0,1,0.6083365678787231,0.6083365678787231,FP
3937,0,1,0.6194551587104797,0.6194551587104797,FP
3938,0,1,0.6080976128578186,0.6080976128578186,FP
3939,0,1,0.6173875331878662,0.6173875331878662,FP
3940,0,1,0.6016448140144348,0.6016448140144348,FP
3941,0,1,0.6048839688301086,0.6048839688301086,FP
3942,0,1,0.6158444285392761,0.6158444285392761,FP
3943,0,1,0.6070327758789062,0.6070327758789062,FP
3944,0,1,0.6056903600692749,0.6056903600692749,FP
3945,0,1,0.6172685027122498,0.6172685027122498,FP
3946,0,1,0.6028658151626587,0.6028658151626587,FP
3947,0,1,0.5986597537994385,0.5986597537994385,FP
3948,0,1,0.6093356609344482,0.6093356609344482,FP
3949,0,1,0.6023944020271301,0.6023944020271301,FP
3950,0,1,0.6040289402008057,0.6040289402008057,FP
3951,0,1,0.6035902500152588,0.6035902500152588,FP
3952,0,1,0.6112583875656128,0.6112583875656128,FP
3953,0,1,0.6079512238502502,0.6079512238502502,FP
3954,0,1,0.6094293594360352,0.6094293594360352,FP
3955,0,1,0.6033385992050171,0.6033385992050171,FP
3956,0,1,0.6117804050445557,0.6117804050445557,FP
3957,0,1,0.605728030204773,0.605728030204773,FP
3958,0,1,0.5974655747413635,0.5974655747413635,FP
3959,0,1,0.5959318280220032,0.5959318280220032,FP
3960,0,1,0.60244220495224,0.60244220495224,FP
3961,0,1,0.6034388542175293,0.6034388542175293,FP
3962,0,1,0.5975921750068665,0.5975921750068665,FP
3963,0,1,0.6034678220748901,0.6034678220748901,FP
3964,0,1,0.6147709488868713,0.6147709488868713,FP
3965,0,1,0.6013562679290771,0.6013562679290771,FP
3966,0,1,0.6000189781188965,0.6000189781188965,FP
3967,0,1,0.5914055109024048,0.5914055109024048,FP
3968,0,1,0.6216133832931519,0.6216133832931519,FP
3969,0,1,0.5844101309776306,0.5844101309776306,FP
3970,0,1,0.5819740891456604,0.5819740891456604,FP
3971,0,1,0.5865753889083862,0.5865753889083862,FP
3972,0,1,0.5879442095756531,0.5879442095756531,FP
3973,0,1,0.5854527950286865,0.5854527950286865,FP
3974,0,1,0.5829880237579346,0.5829880237579346,FP
3975,0,1,0.5877246856689453,0.5877246856689453,FP
3976,0,1,0.6063166856765747,0.6063166856765747,FP
3977,0,1,0.5942274332046509,0.5942274332046509,FP
3978,0,1,0.5798245072364807,0.5798245072364807,FP
3979,0,1,0.5743514895439148,0.5743514895439148,FP
3980,0,1,0.5744823217391968,0.5744823217391968,FP
3981,0,1,0.5853716135025024,0.5853716135025024,FP
3982,0,1,0.5996221303939819,0.5996221303939819,FP
3983,0,1,0.5829832553863525,0.5829832553863525,FP
3984,0,1,0.5763724446296692,0.5763724446296692,FP
3985,0,1,0.5875107049942017,0.5875107049942017,FP
3986,0,1,0.593183159828186,0.593183159828186,FP
3987,0,1,0.5791492462158203,0.5791492462158203,FP
3988,0,1,0.5711442828178406,0.5711442828178406,FP
3989,0,1,0.5805380344390869,0.5805380344390869,FP
3990,0,1,0.5813291668891907,0.5813291668891907,FP
3991,0,1,0.5852664709091187,0.5852664709091187,FP
3992,0,1,0.6070255637168884,0.6070255637168884,FP
3993,0,1,0.6032261252403259,0.6032261252403259,FP
3994,0,1,0.5916014909744263,0.5916014909744263,FP
3995,0,1,0.5850731134414673,0.5850731134414673,FP
3996,0,1,0.6110432147979736,0.6110432147979736,FP
3997,0,1,0.5860790014266968,0.5860790014266968,FP
3998,0,1,0.5853679180145264,0.5853679180145264,FP
3999,0,1,0.5877825617790222,0.5877825617790222,FP
4000,0,1,0.5977315902709961,0.5977315902709961,FP
4001,0,1,0.5932431221008301,0.5932431221008301,FP
4002,0,1,0.5841309428215027,0.5841309428215027,FP
4003,0,1,0.6024366021156311,0.6024366021156311,FP
4004,0,1,0.6072680950164795,0.6072680950164795,FP
4005,0,1,0.6195868849754333,0.6195868849754333,FP
4006,0,1,0.6067426800727844,0.6067426800727844,FP
4007,0,1,0.6196008920669556,0.6196008920669556,FP
4008,0,1,0.647080659866333,0.647080659866333,FP
4009,0,1,0.6291450262069702,0.6291450262069702,FP
4010,0,1,1.5310925245285034,1.5310925245285034,FP
4011,0,1,0.9755071401596069,0.9755071401596069,FP
4012,0,1,0.6180166006088257,0.6180166006088257,FP
4013,0,1,1.4820791482925415,1.4820791482925415,FP
4014,0,1,0.6513816714286804,0.6513816714286804,FP
4015,0,1,0.6218888759613037,0.6218888759613037,FP
4016,0,1,0.5986985564231873,0.5986985564231873,FP
4017,0,1,1.4107141494750977,1.4107141494750977,FP
4018,0,1,1.456935167312622,1.456935167312622,FP
4019,0,1,1.3954668045043945,1.3954668045043945,FP
4020,0,1,1.3810328245162964,1.3810328245162964,FP
4021,0,1,1.377578616142273,1.377578616142273,FP
4022,0,1,1.369144320487976,1.369144320487976,FP
4023,0,1,1.4496906995773315,1.4496906995773315,FP
4024,0,1,1.3428219556808472,1.3428219556808472,FP
4025,0,1,1.326665997505188,1.326665997505188,FP
4026,0,1,1.3379019498825073,1.3379019498825073,FP
4027,0,1,1.345717191696167,1.345717191696167,FP
4028,0,1,1.6159112453460693,1.6159112453460693,FP
4029,0,1,1.5029525756835938,1.5029525756835938,FP
4030,0,1,1.6144505739212036,1.6144505739212036,FP
4031,0,1,1.553431749343872,1.553431749343872,FP
4032,0,1,1.5780383348464966,1.5780383348464966,FP
4033,0,1,1.542738676071167,1.542738676071167,FP
4034,0,1,1.5437694787979126,1.5437694787979126,FP
4035,0,1,1.5407285690307617,1.5407285690307617,FP
4036,0,1,1.4939587116241455,1.4939587116241455,FP
4037,0,1,1.4952374696731567,1.4952374696731567,FP
4038,0,1,1.4431124925613403,1.4431124925613403,FP
4039,0,1,1.5152150392532349,1.5152150392532349,FP
4040,0,1,1.464949131011963,1.464949131011963,FP
4041,0,1,1.4624384641647339,1.4624384641647339,FP
4042,0,1,1.4789040088653564,1.4789040088653564,FP
4043,0,1,1.4868347644805908,1.4868347644805908,FP
4044,0,1,1.5293294191360474,1.5293294191360474,FP
4045,0,1,1.4842149019241333,1.4842149019241333,FP
4046,0,1,1.453460693359375,1.453460693359375,FP
4047,0,1,1.3953617811203003,1.3953617811203003,FP
4048,0,1,1.4464229345321655,1.4464229345321655,FP
4049,0,1,1.4636712074279785,1.4636712074279785,FP
4050,0,1,1.437069296836853,1.437069296836853,FP
4051,0,1,1.3794819116592407,1.3794819116592407,FP
4052,0,1,1.4486041069030762,1.4486041069030762,FP
4053,0,1,1.4208773374557495,1.4208773374557495,FP
4054,0,1,1.3812888860702515,1.3812888860702515,FP
4055,0,1,1.437186598777771,1.437186598777771,FP
4056,0,1,1.4578648805618286,1.4578648805618286,FP
4057,0,1,1.3404639959335327,1.3404639959335327,FP
4058,0,1,1.3560658693313599,1.3560658693313599,FP
4059,0,1,1.371951937675476,1.371951937675476,FP
4060,0,1,1.3421412706375122,1.3421412706375122,FP
4061,0,1,1.3423643112182617,1.3423643112182617,FP
4062,0,1,1.4183223247528076,1.4183223247528076,FP
4063,0,1,1.332821249961853,1.332821249961853,FP
4064,0,1,1.309360384941101,1.309360384941101,FP
4065,0,1,1.3856428861618042,1.3856428861618042,FP
4066,0,1,1.2808642387390137,1.2808642387390137,FP
4067,0,1,1.354294776916504,1.354294776916504,FP
4068,0,1,1.2820910215377808,1.2820910215377808,FP
4069,0,1,1.406633734703064,1.406633734703064,FP
4070,0,1,1.2397099733352661,1.2397099733352661,FP
4071,0,1,1.3001351356506348,1.3001351356506348,FP
4072,0,1,1.2208744287490845,1.2208744287490845,FP
4073,0,1,1.278040885925293,1.278040885925293,FP
4074,0,1,1.2059657573699951,1.2059657573699951,FP
4075,0,1,1.248175024986267,1.248175024986267,FP
4076,0,1,1.3002396821975708,1.3002396821975708,FP
4077,0,1,1.1790542602539062,1.1790542602539062,FP
4078,0,1,1.2187861204147339,1.2187861204147339,FP
4079,0,1,1.2040965557098389,1.2040965557098389,FP
4080,0,1,1.2458034753799438,1.2458034753799438,FP
4081,0,1,1.1479744911193848,1.1479744911193848,FP
4082,0,1,1.1760823726654053,1.1760823726654053,FP
4083,0,1,1.1702520847320557,1.1702520847320557,FP
4084,0,1,1.138749122619629,1.138749122619629,FP
4085,0,1,1.135416865348816,1.135416865348816,FP
4086,0,1,1.1047539710998535,1.1047539710998535,FP
4087,0,1,1.200822353363037,1.200822353363037,FP
4088,0,1,1.1231276988983154,1.1231276988983154,FP
4089,0,1,1.095475673675537,1.095475673675537,FP
4090,0,1,1.0651700496673584,1.0651700496673584,FP
4091,0,1,1.0905708074569702,1.0905708074569702,FP
4092,0,1,1.1020160913467407,1.1020160913467407,FP
4093,0,1,1.0815482139587402,1.0815482139587402,FP
4094,0,1,1.0460565090179443,1.0460565090179443,FP
4095,0,1,1.0592955350875854,1.0592955350875854,FP
4096,0,1,1.10646390914917,1.10646390914917,FP
4097,0,1,1.0178567171096802,1.0178567171096802,FP
4098,0,1,1.01211416721344,1.01211416721344,FP
4099,0,1,0.948598325252533,0.948598325252533,FP
4100,0,1,0.9688229560852051,0.9688229560852051,FP
4101,0,1,1.037744164466858,1.037744164466858,FP
4102,0,1,0.9739237427711487,0.9739237427711487,FP
4103,0,1,0.9561025500297546,0.9561025500297546,FP
4104,0,1,0.9875205755233765,0.9875205755233765,FP
4105,0,1,0.9489755034446716,0.9489755034446716,FP
4106,0,1,0.9103358387947083,0.9103358387947083,FP
4107,0,1,0.9230830669403076,0.9230830669403076,FP
4108,0,1,0.9672052264213562,0.9672052264213562,FP
4109,0,1,0.8934621214866638,0.8934621214866638,FP
4110,0,1,0.9019344449043274,0.9019344449043274,FP
4111,0,1,0.8934617638587952,0.8934617638587952,FP
4112,0,1,0.8995211720466614,0.8995211720466614,FP
4113,0,1,0.8507172465324402,0.8507172465324402,FP
4114,0,1,0.8408796787261963,0.8408796787261963,FP
4115,0,1,0.8335172533988953,0.8335172533988953,FP
4116,0,1,0.8286544680595398,0.8286544680595398,FP
4117,0,1,0.7880238890647888,0.7880238890647888,FP
4118,0,1,0.7758538126945496,0.7758538126945496,FP
4119,0,1,0.7607122659683228,0.7607122659683228,FP
4120,0,1,0.768707275390625,0.768707275390625,FP
4121,0,1,0.7508241534233093,0.7508241534233093,FP
4122,0,1,0.7478623986244202,0.7478623986244202,FP
4123,0,1,0.7017030119895935,0.7017030119895935,FP
4124,0,1,0.717074990272522,0.717074990272522,FP
4125,0,1,0.713269054889679,0.713269054889679,FP
4126,0,1,0.6865604519844055,0.6865604519844055,FP
4127,0,1,0.7046595215797424,0.7046595215797424,FP
4128,0,1,0.6883256435394287,0.6883256435394287,FP
4129,0,1,0.6817468404769897,0.6817468404769897,FP
4130,0,1,0.655853271484375,0.655853271484375,FP
4131,0,1,0.6486141681671143,0.6486141681671143,FP
4132,0,1,0.6357490420341492,0.6357490420341492,FP
4133,0,1,0.6232175230979919,0.6232175230979919,FP
4134,0,1,0.6124888062477112,0.6124888062477112,FP
4135,0,1,0.5970348715782166,0.5970348715782166,FP
4136,0,1,0.6151729822158813,0.6151729822158813,FP
4137,0,1,0.6031544208526611,0.6031544208526611,FP
4138,0,1,0.6048177480697632,0.6048177480697632,FP
4139,0,1,0.5896492004394531,0.5896492004394531,FP
4140,0,1,0.588215172290802,0.588215172290802,FP
4141,0,1,0.5672493577003479,0.5672493577003479,FP
4142,0,1,0.5548849701881409,0.5548849701881409,FP
4143,0,1,0.5561681985855103,0.5561681985855103,FP
4144,0,1,0.5488712191581726,0.5488712191581726,FP
4145,0,1,0.5527097582817078,0.5527097582817078,FP
4146,0,1,0.5492565035820007,0.5492565035820007,FP
4147,0,1,0.5478261709213257,0.5478261709213257,FP
4148,0,1,0.5475054383277893,0.5475054383277893,FP
4149,0,1,0.5553199052810669,0.5553199052810669,FP
4150,0,1,0.5565570592880249,0.5565570592880249,FP
4151,0,1,0.5492367744445801,0.5492367744445801,FP
4152,0,1,0.5531582832336426,0.5531582832336426,FP
4153,0,1,0.5678806304931641,0.5678806304931641,FP
4154,0,1,0.5738945007324219,0.5738945007324219,FP
4155,0,1,0.578224241733551,0.578224241733551,FP
4156,0,1,0.593309223651886,0.593309223651886,FP
4157,0,1,0.6192825436592102,0.6192825436592102,FP
4158,0,1,0.620962917804718,0.620962917804718,FP
4159,0,1,0.6695699095726013,0.6695699095726013,FP
4160,0,1,0.6785392761230469,0.6785392761230469,FP
4161,0,1,0.7928416728973389,0.7928416728973389,FP
4162,0,1,0.8249873518943787,0.8249873518943787,FP
4163,0,1,0.7285118103027344,0.7285118103027344,FP
4164,0,1,0.9220561385154724,0.9220561385154724,FP
4165,0,1,0.9212585687637329,0.9212585687637329,FP
4166,1,1,0.9686670899391174,0.9686670899391174,TP
4167,1,1,1.068565845489502,1.068565845489502,TP
4168,0,1,0.6571862101554871,0.6571862101554871,FP
4169,0,1,0.6718502640724182,0.6718502640724182,FP
4170,0,1,0.6587855815887451,0.6587855815887451,FP
4171,0,1,0.6467587351799011,0.6467587351799011,FP
4172,0,1,0.6549949049949646,0.6549949049949646,FP
4173,0,1,0.6424345970153809,0.6424345970153809,FP
4174,0,1,0.6523331999778748,0.6523331999778748,FP
4175,0,1,0.6548363566398621,0.6548363566398621,FP
4176,0,1,0.6416063904762268,0.6416063904762268,FP
4177,0,1,0.640317440032959,0.640317440032959,FP
4178,0,1,0.6455478668212891,0.6455478668212891,FP
4179,0,1,0.635256290435791,0.635256290435791,FP
4180,0,1,0.6360211372375488,0.6360211372375488,FP
4181,0,1,0.628307044506073,0.628307044506073,FP
4182,0,1,0.640561580657959,0.640561580657959,FP
4183,0,1,0.6282027959823608,0.6282027959823608,FP
4184,0,1,0.6227385997772217,0.6227385997772217,FP
4185,0,1,0.6257829666137695,0.6257829666137695,FP
4186,0,1,0.6302677989006042,0.6302677989006042,FP
4187,0,1,0.6101070046424866,0.6101070046424866,FP
4188,0,1,0.6052563786506653,0.6052563786506653,FP
4189,0,1,0.5973392724990845,0.5973392724990845,FP
4190,0,1,0.5980406403541565,0.5980406403541565,FP
4191,0,1,0.5925761461257935,0.5925761461257935,FP
4192,0,1,0.5877589583396912,0.5877589583396912,FP
4193,0,1,0.5907409191131592,0.5907409191131592,FP
4194,0,1,0.5784692168235779,0.5784692168235779,FP
4195,0,1,0.5772606134414673,0.5772606134414673,FP
4196,0,1,0.5866827964782715,0.5866827964782715,FP
4197,0,1,0.5817031264305115,0.5817031264305115,FP
4198,0,1,0.5897895097732544,0.5897895097732544,FP
4199,0,1,0.6004341840744019,0.6004341840744019,FP
4200,0,1,0.6041465401649475,0.6041465401649475,FP
4201,0,1,0.6172871589660645,0.6172871589660645,FP
4202,0,1,0.5994617938995361,0.5994617938995361,FP
4203,0,1,0.6321743130683899,0.6321743130683899,FP
4204,0,1,0.5985930562019348,0.5985930562019348,FP
4205,0,1,0.6145867705345154,0.6145867705345154,FP
4206,0,1,0.6049835681915283,0.6049835681915283,FP
4207,0,1,0.6147491931915283,0.6147491931915283,FP
4208,0,1,0.6091721057891846,0.6091721057891846,FP
4209,0,1,0.6147558689117432,0.6147558689117432,FP
4210,0,1,0.611847996711731,0.611847996711731,FP
4211,0,1,0.6089666485786438,0.6089666485786438,FP
4212,0,1,0.636257529258728,0.636257529258728,FP
4213,0,1,0.6379659175872803,0.6379659175872803,FP
4214,0,1,0.6380280256271362,0.6380280256271362,FP
4215,0,1,0.6443526744842529,0.6443526744842529,FP
4216,0,1,0.6359854936599731,0.6359854936599731,FP
4217,0,1,0.6289483904838562,0.6289483904838562,FP
4218,0,1,0.6547392010688782,0.6547392010688782,FP
4219,0,1,0.6468279361724854,0.6468279361724854,FP
4220,0,1,0.6811123490333557,0.6811123490333557,FP
4221,0,1,0.6390981078147888,0.6390981078147888,FP
4222,0,1,0.6444089412689209,0.6444089412689209,FP
4223,0,1,0.6356320977210999,0.6356320977210999,FP
4224,0,1,0.6350671648979187,0.6350671648979187,FP
4225,0,1,0.6243167519569397,0.6243167519569397,FP
4226,0,1,0.6229967474937439,0.6229967474937439,FP
4227,0,1,0.6654312610626221,0.6654312610626221,FP
4228,0,1,0.6124678254127502,0.6124678254127502,FP
4229,0,1,0.6655746698379517,0.6655746698379517,FP
4230,0,1,0.6428558230400085,0.6428558230400085,FP
4231,0,1,0.6586582660675049,0.6586582660675049,FP
4232,0,1,0.6224932670593262,0.6224932670593262,FP
4233,0,1,0.6537999510765076,0.6537999510765076,FP
4234,0,1,0.6612263321876526,0.6612263321876526,FP
4235,0,1,0.6338934302330017,0.6338934302330017,FP
4236,0,1,0.6694175601005554,0.6694175601005554,FP
4237,0,1,0.6161155700683594,0.6161155700683594,FP
4238,0,1,0.6701236963272095,0.6701236963272095,FP
4239,0,1,0.6825079917907715,0.6825079917907715,FP
4240,0,1,0.6515258550643921,0.6515258550643921,FP
4241,0,1,0.6662838459014893,0.6662838459014893,FP
4242,0,1,0.6392834186553955,0.6392834186553955,FP
4243,0,1,0.6619714498519897,0.6619714498519897,FP
4244,0,1,0.6809024810791016,0.6809024810791016,FP
4245,0,1,0.6977157592773438,0.6977157592773438,FP
4246,0,1,0.6859800219535828,0.6859800219535828,FP
4247,0,1,0.6855692267417908,0.6855692267417908,FP
4248,0,1,0.685253918170929,0.685253918170929,FP
4249,0,1,0.6780776977539062,0.6780776977539062,FP
4250,0,1,0.6875142455101013,0.6875142455101013,FP
4251,0,1,0.7117592096328735,0.7117592096328735,FP
4252,0,1,0.717877984046936,0.717877984046936,FP
4253,0,1,0.7265281081199646,0.7265281081199646,FP
4254,0,1,0.7338711619377136,0.7338711619377136,FP
4255,0,1,0.7280940413475037,0.7280940413475037,FP
4256,0,1,0.7449780106544495,0.7449780106544495,FP
4257,0,1,0.7553846836090088,0.7553846836090088,FP
4258,0,1,0.7628176212310791,0.7628176212310791,FP
4259,0,1,0.7864952087402344,0.7864952087402344,FP
4260,0,1,0.7973015308380127,0.7973015308380127,FP
4261,0,1,0.8214468359947205,0.8214468359947205,FP
4262,0,1,0.8321132659912109,0.8321132659912109,FP
4263,0,1,0.8277997374534607,0.8277997374534607,FP
4264,0,1,0.8627254366874695,0.8627254366874695,FP
4265,0,1,0.9031955599784851,0.9031955599784851,FP
4266,0,1,0.9329873919487,0.9329873919487,FP
4267,0,1,0.9583713412284851,0.9583713412284851,FP
4268,0,1,0.8292713165283203,0.8292713165283203,FP
4269,0,1,1.037631869316101,1.037631869316101,FP
4270,0,1,1.0878492593765259,1.0878492593765259,FP
4271,0,1,1.0827473402023315,1.0827473402023315,FP
4272,0,1,1.1267086267471313,1.1267086267471313,FP
4273,0,1,1.0049545764923096,1.0049545764923096,FP
4274,0,1,0.9742171764373779,0.9742171764373779,FP
4275,0,1,1.1343958377838135,1.1343958377838135,FP
4276,0,1,0.8842418193817139,0.8842418193817139,FP
4277,0,1,0.8947746157646179,0.8947746157646179,FP
4278,1,1,0.8330011963844299,0.8330011963844299,TP
4279,1,1,1.0198450088500977,1.0198450088500977,TP
4280,1,1,1.078655481338501,1.078655481338501,TP
4281,1,1,0.9569749236106873,0.9569749236106873,TP
4282,1,1,1.0064769983291626,1.0064769983291626,TP
4283,0,1,1.4771004915237427,1.4771004915237427,FP
4284,0,1,1.431830883026123,1.431830883026123,FP
4285,0,1,1.417269229888916,1.417269229888916,FP
4286,0,1,1.4515771865844727,1.4515771865844727,FP
4287,0,1,1.444719672203064,1.444719672203064,FP
4288,0,1,1.4255260229110718,1.4255260229110718,FP
4289,0,1,1.431860089302063,1.431860089302063,FP
4290,0,1,1.446675419807434,1.446675419807434,FP
4291,0,1,1.5132571458816528,1.5132571458816528,FP
4292,0,1,1.410569429397583,1.410569429397583,FP
4293,0,1,1.3258095979690552,1.3258095979690552,FP
4294,0,1,1.4014313220977783,1.4014313220977783,FP
4295,0,1,1.387394666671753,1.387394666671753,FP
4296,0,1,1.3514667749404907,1.3514667749404907,FP
4297,0,1,1.3812311887741089,1.3812311887741089,FP
4298,0,1,1.3058871030807495,1.3058871030807495,FP
4299,0,1,1.3038712739944458,1.3038712739944458,FP
4300,0,1,1.2748761177062988,1.2748761177062988,FP
4301,0,1,1.4120049476623535,1.4120049476623535,FP
4302,0,1,1.3177978992462158,1.3177978992462158,FP
4303,0,1,1.3263076543807983,1.3263076543807983,FP
4304,0,1,1.254601240158081,1.254601240158081,FP
4305,0,1,1.2491284608840942,1.2491284608840942,FP
4306,0,1,1.234778642654419,1.234778642654419,FP
4307,0,1,1.1927731037139893,1.1927731037139893,FP
4308,0,1,1.2254317998886108,1.2254317998886108,FP
4309,0,1,1.2087674140930176,1.2087674140930176,FP
4310,0,1,1.1615179777145386,1.1615179777145386,FP
4311,0,1,1.1869020462036133,1.1869020462036133,FP
4312,0,1,1.1699552536010742,1.1699552536010742,FP
4313,0,1,1.160058617591858,1.160058617591858,FP
4314,0,1,1.1840033531188965,1.1840033531188965,FP
4315,0,1,1.3045889139175415,1.3045889139175415,FP
4316,0,1,1.2317885160446167,1.2317885160446167,FP
4317,0,1,1.1743842363357544,1.1743842363357544,FP
4318,0,1,1.1388885974884033,1.1388885974884033,FP
4319,0,1,1.2368254661560059,1.2368254661560059,FP
4320,0,1,1.1676331758499146,1.1676331758499146,FP
4321,0,1,1.1350939273834229,1.1350939273834229,FP
4322,0,1,1.1164138317108154,1.1164138317108154,FP
4323,0,1,1.1911715269088745,1.1911715269088745,FP
4324,0,1,1.1325745582580566,1.1325745582580566,FP
4325,0,1,1.1541359424591064,1.1541359424591064,FP
4326,0,1,1.1492986679077148,1.1492986679077148,FP
4327,0,1,1.1905980110168457,1.1905980110168457,FP
4328,0,1,1.0962103605270386,1.0962103605270386,FP
4329,0,1,1.1275231838226318,1.1275231838226318,FP
4330,0,1,1.1505157947540283,1.1505157947540283,FP
4331,0,1,1.1061241626739502,1.1061241626739502,FP
4332,0,1,1.0261174440383911,1.0261174440383911,FP
4333,0,1,1.0803484916687012,1.0803484916687012,FP
4334,0,1,1.0506230592727661,1.0506230592727661,FP
4335,0,1,1.0511696338653564,1.0511696338653564,FP
4336,0,1,1.0648243427276611,1.0648243427276611,FP
4337,0,1,1.0224159955978394,1.0224159955978394,FP
4338,0,1,0.9826955199241638,0.9826955199241638,FP
4339,0,1,0.9905247688293457,0.9905247688293457,FP
4340,0,1,0.9551675915718079,0.9551675915718079,FP
4341,0,1,0.9717504978179932,0.9717504978179932,FP
4342,0,1,0.9808790683746338,0.9808790683746338,FP
4343,0,1,0.9800997376441956,0.9800997376441956,FP
4344,0,1,0.9592545032501221,0.9592545032501221,FP
4345,0,1,0.9083424210548401,0.9083424210548401,FP
4346,0,1,0.8934664726257324,0.8934664726257324,FP
4347,0,1,0.9274864196777344,0.9274864196777344,FP
4348,0,1,0.8775819540023804,0.8775819540023804,FP
4349,0,1,0.8744311332702637,0.8744311332702637,FP
4350,0,1,0.9089752435684204,0.9089752435684204,FP
4351,0,1,0.9044143557548523,0.9044143557548523,FP
4352,0,1,0.9014772772789001,0.9014772772789001,FP
4353,0,1,0.8510993123054504,0.8510993123054504,FP
4354,0,1,0.8553022146224976,0.8553022146224976,FP
4355,0,1,0.6272045969963074,0.6272045969963074,FP
4356,0,1,0.6366059184074402,0.6366059184074402,FP
4357,0,1,0.6217640042304993,0.6217640042304993,FP
4358,0,1,0.6157668828964233,0.6157668828964233,FP
4359,0,1,0.6170618534088135,0.6170618534088135,FP
4360,0,1,0.6191595196723938,0.6191595196723938,FP
4361,0,1,0.6208354830741882,0.6208354830741882,FP
4362,0,1,0.6148410439491272,0.6148410439491272,FP
4363,0,1,0.6090246438980103,0.6090246438980103,FP
4364,0,1,0.611834704875946,0.611834704875946,FP
4365,0,1,0.6131908893585205,0.6131908893585205,FP
4366,0,1,0.6025242805480957,0.6025242805480957,FP
4367,0,1,0.599461019039154,0.599461019039154,FP
4368,0,1,0.6064437627792358,0.6064437627792358,FP
4369,0,1,0.6083675622940063,0.6083675622940063,FP
4370,0,1,0.6170191764831543,0.6170191764831543,FP
4371,0,1,0.6050857901573181,0.6050857901573181,FP
4372,0,1,0.6346432566642761,0.6346432566642761,FP
4373,0,1,0.6051784157752991,0.6051784157752991,FP
4374,0,1,0.6067062020301819,0.6067062020301819,FP
4375,0,1,0.622373104095459,0.622373104095459,FP
4376,0,1,0.6020827889442444,0.6020827889442444,FP
4377,0,1,0.6115690469741821,0.6115690469741821,FP
4378,0,1,0.6115516424179077,0.6115516424179077,FP
4379,0,1,0.6102809309959412,0.6102809309959412,FP
4380,0,1,0.6114968061447144,0.6114968061447144,FP
4381,0,1,0.6283302903175354,0.6283302903175354,FP
4382,0,1,0.6094765663146973,0.6094765663146973,FP
4383,0,1,0.6215859055519104,0.6215859055519104,FP
4384,0,1,0.6072081923484802,0.6072081923484802,FP
4385,0,1,0.6063801050186157,0.6063801050186157,FP
4386,0,1,0.6111425161361694,0.6111425161361694,FP
4387,0,1,0.6100122332572937,0.6100122332572937,FP
4388,0,1,0.6006256937980652,0.6006256937980652,FP
4389,0,1,0.6014686822891235,0.6014686822891235,FP
4390,0,1,0.6034282445907593,0.6034282445907593,FP
4391,0,1,0.5963331460952759,0.5963331460952759,FP
4392,0,1,0.6065621972084045,0.6065621972084045,FP
4393,0,1,0.5826053619384766,0.5826053619384766,FP
4394,0,1,0.5734032392501831,0.5734032392501831,FP
4395,0,1,0.5695990920066833,0.5695990920066833,FP
4396,0,1,0.5827755331993103,0.5827755331993103,FP
4397,0,1,0.5726836919784546,0.5726836919784546,FP
4398,0,1,0.5680614709854126,0.5680614709854126,FP
4399,0,1,0.5627578496932983,0.5627578496932983,FP
4400,0,1,0.5596176385879517,0.5596176385879517,FP
4401,0,1,0.5651026368141174,0.5651026368141174,FP
4402,0,1,0.5672988891601562,0.5672988891601562,FP
4403,0,1,0.6098280549049377,0.6098280549049377,FP
4404,0,1,0.5873731374740601,0.5873731374740601,FP
4405,0,1,0.5859380960464478,0.5859380960464478,FP
4406,0,1,0.5918336510658264,0.5918336510658264,FP
4407,0,1,0.559351921081543,0.559351921081543,FP
4408,0,1,0.5726853013038635,0.5726853013038635,FP
4409,0,1,0.5763564109802246,0.5763564109802246,FP
4410,0,1,0.5680883526802063,0.5680883526802063,FP
4411,0,1,0.5596053600311279,0.5596053600311279,FP
4412,0,1,0.5686535239219666,0.5686535239219666,FP
4413,0,1,0.5608921647071838,0.5608921647071838,FP
4414,0,1,0.5634049773216248,0.5634049773216248,FP
4415,0,1,0.5620070099830627,0.5620070099830627,FP
4416,0,1,0.5582714676856995,0.5582714676856995,FP
4417,0,1,0.5784659385681152,0.5784659385681152,FP
4418,0,1,0.5704591274261475,0.5704591274261475,FP
4419,0,1,1.0355623960494995,1.0355623960494995,FP
4420,0,1,1.0360654592514038,1.0360654592514038,FP
4421,0,1,1.063952922821045,1.063952922821045,FP
4422,0,1,1.042496681213379,1.042496681213379,FP
4423,0,1,1.042036771774292,1.042036771774292,FP
4424,0,1,1.037322998046875,1.037322998046875,FP
4425,0,1,1.0161967277526855,1.0161967277526855,FP
4426,0,1,1.0004457235336304,1.0004457235336304,FP
4427,0,1,0.9838409423828125,0.9838409423828125,FP
4428,0,1,0.9888342022895813,0.9888342022895813,FP
4429,0,1,0.984916627407074,0.984916627407074,FP
4430,0,1,0.9875941276550293,0.9875941276550293,FP
4431,0,1,0.9904899001121521,0.9904899001121521,FP
4432,0,1,0.9734610915184021,0.9734610915184021,FP
4433,0,1,0.9715652465820312,0.9715652465820312,FP
4434,0,1,0.9514877200126648,0.9514877200126648,FP
4435,0,1,0.9498677253723145,0.9498677253723145,FP
4436,0,1,0.9459882378578186,0.9459882378578186,FP
4437,0,1,0.9566929340362549,0.9566929340362549,FP
4438,0,1,0.9325960278511047,0.9325960278511047,FP
4439,0,1,0.9346370100975037,0.9346370100975037,FP
4440,0,1,0.9215015172958374,0.9215015172958374,FP
4441,0,1,0.8975674510002136,0.8975674510002136,FP
4442,0,1,0.8891310095787048,0.8891310095787048,FP
4443,0,1,0.8789882659912109,0.8789882659912109,FP
4444,0,1,0.8869625329971313,0.8869625329971313,FP
4445,0,1,0.8823149800300598,0.8823149800300598,FP
4446,0,1,0.8830509781837463,0.8830509781837463,FP
4447,0,1,0.8854963183403015,0.8854963183403015,FP
4448,0,1,0.8746384382247925,0.8746384382247925,FP
4449,0,1,0.8756542205810547,0.8756542205810547,FP
4450,0,1,0.8638227581977844,0.8638227581977844,FP
4451,0,1,0.8594367504119873,0.8594367504119873,FP
4452,0,1,0.8552256226539612,0.8552256226539612,FP
4453,0,1,0.849667489528656,0.849667489528656,FP
4454,0,1,0.8470104932785034,0.8470104932785034,FP
4455,0,1,0.8318013548851013,0.8318013548851013,FP
4456,0,1,0.8315715193748474,0.8315715193748474,FP
4457,0,1,0.8345592617988586,0.8345592617988586,FP
4458,0,1,0.8231936693191528,0.8231936693191528,FP
4459,0,1,0.8222982883453369,0.8222982883453369,FP
4460,0,1,0.8276525735855103,0.8276525735855103,FP
4461,0,1,0.8205951452255249,0.8205951452255249,FP
4462,0,1,0.8230590224266052,0.8230590224266052,FP
4463,0,1,0.8126756548881531,0.8126756548881531,FP
4464,0,1,0.809069037437439,0.809069037437439,FP
4465,0,1,0.804817795753479,0.804817795753479,FP
4466,0,1,0.8010256886482239,0.8010256886482239,FP
4467,0,1,0.7944360971450806,0.7944360971450806,FP
4468,0,1,0.7832802534103394,0.7832802534103394,FP
4469,0,1,0.7648870348930359,0.7648870348930359,FP
4470,0,1,0.7517406940460205,0.7517406940460205,FP
4471,0,1,0.7423632740974426,0.7423632740974426,FP
4472,0,1,0.7379377484321594,0.7379377484321594,FP
4473,0,1,0.7289686799049377,0.7289686799049377,FP
4474,0,1,0.7346276640892029,0.7346276640892029,FP
4475,0,1,0.7342382669448853,0.7342382669448853,FP
4476,0,1,0.7267308831214905,0.7267308831214905,FP
4477,0,1,0.7250931262969971,0.7250931262969971,FP
4478,0,1,0.7203522324562073,0.7203522324562073,FP
4479,0,1,0.7148443460464478,0.7148443460464478,FP
4480,0,1,0.7213042974472046,0.7213042974472046,FP
4481,0,1,0.7236850261688232,0.7236850261688232,FP
4482,0,1,0.7280818223953247,0.7280818223953247,FP
4483,0,1,0.7466894388198853,0.7466894388198853,FP
4484,0,1,0.7480787634849548,0.7480787634849548,FP
4485,0,1,0.7580978870391846,0.7580978870391846,FP
4486,0,1,0.7558547854423523,0.7558547854423523,FP
4487,0,1,0.7456782460212708,0.7456782460212708,FP
4488,0,1,0.7458419799804688,0.7458419799804688,FP
4489,0,1,0.754906415939331,0.754906415939331,FP
4490,1,1,0.7676595449447632,0.7676595449447632,TP
4491,1,1,0.7730268836021423,0.7730268836021423,TP
4492,1,1,0.7942185401916504,0.7942185401916504,TP
4493,1,1,0.788072407245636,0.788072407245636,TP
4494,1,1,0.7843461632728577,0.7843461632728577,TP
4495,1,1,0.8137421607971191,0.8137421607971191,TP
4496,1,1,0.8099642992019653,0.8099642992019653,TP
4497,1,1,0.8320816159248352,0.8320816159248352,TP
4498,1,1,0.8400472402572632,0.8400472402572632,TP
4499,1,1,0.8465328216552734,0.8465328216552734,TP
4500,1,1,0.8733673095703125,0.8733673095703125,TP
4501,1,1,0.9152629375457764,0.9152629375457764,TP
4502,1,1,0.9626478552818298,0.9626478552818298,TP
4503,1,1,0.9458392262458801,0.9458392262458801,TP
4504,1,1,0.9886671304702759,0.9886671304702759,TP
4505,1,1,1.015080213546753,1.015080213546753,TP
4506,0,1,0.6441146731376648,0.6441146731376648,FP
4507,0,1,0.6508195400238037,0.6508195400238037,FP
4508,0,1,0.6426806449890137,0.6426806449890137,FP
4509,0,1,0.6476922035217285,0.6476922035217285,FP
4510,0,1,0.6367787718772888,0.6367787718772888,FP
4511,0,1,0.6432124376296997,0.6432124376296997,FP
4512,0,1,0.634171724319458,0.634171724319458,FP
4513,0,1,0.6226274371147156,0.6226274371147156,FP
4514,0,1,0.6170362234115601,0.6170362234115601,FP
4515,0,1,0.6268209218978882,0.6268209218978882,FP
4516,0,1,0.6317573189735413,0.6317573189735413,FP
4517,0,1,0.6139498949050903,0.6139498949050903,FP
4518,0,1,0.60219806432724,0.60219806432724,FP
4519,0,1,0.6156220436096191,0.6156220436096191,FP
4520,0,1,0.6168771982192993,0.6168771982192993,FP
4521,0,1,0.6289735436439514,0.6289735436439514,FP
4522,0,1,0.6544728875160217,0.6544728875160217,FP
4523,0,1,1.6189401149749756,1.6189401149749756,FP
4524,0,1,0.6198710799217224,0.6198710799217224,FP
4525,0,1,0.6107119917869568,0.6107119917869568,FP
4526,0,1,0.6678584814071655,0.6678584814071655,FP
4527,0,1,0.623282790184021,0.623282790184021,FP
4528,0,1,0.6159477829933167,0.6159477829933167,FP
4529,0,1,1.5214654207229614,1.5214654207229614,FP
4530,0,1,1.0827819108963013,1.0827819108963013,FP
4531,0,1,1.4973634481430054,1.4973634481430054,FP
4532,0,1,1.5098505020141602,1.5098505020141602,FP
4533,0,1,1.6053519248962402,1.6053519248962402,FP
4534,0,1,1.5531516075134277,1.5531516075134277,FP
4535,0,1,1.5409928560256958,1.5409928560256958,FP
4536,0,1,1.5263882875442505,1.5263882875442505,FP
4537,0,1,1.5640196800231934,1.5640196800231934,FP
4538,0,1,1.5005375146865845,1.5005375146865845,FP
4539,0,1,1.5829235315322876,1.5829235315322876,FP
4540,0,1,1.5550410747528076,1.5550410747528076,FP
4541,0,1,1.6249431371688843,1.6249431371688843,FP
4542,0,1,1.574426531791687,1.574426531791687,FP
4543,0,1,1.548536777496338,1.548536777496338,FP
4544,0,1,1.5762945413589478,1.5762945413589478,FP
4545,0,1,1.5956299304962158,1.5956299304962158,FP
4546,0,1,1.592213749885559,1.592213749885559,FP
4547,0,1,1.593654751777649,1.593654751777649,FP
4548,0,1,1.5155529975891113,1.5155529975891113,FP
4549,0,1,1.500429391860962,1.500429391860962,FP
4550,0,1,1.4632726907730103,1.4632726907730103,FP
4551,0,1,1.535223364830017,1.535223364830017,FP
4552,0,1,1.553904414176941,1.553904414176941,FP
4553,0,1,1.5434081554412842,1.5434081554412842,FP
4554,0,1,1.4896529912948608,1.4896529912948608,FP
4555,0,1,1.4116604328155518,1.4116604328155518,FP
4556,0,1,1.395369291305542,1.395369291305542,FP
4557,0,1,1.4438003301620483,1.4438003301620483,FP
4558,0,1,1.4723010063171387,1.4723010063171387,FP
4559,0,1,1.3647304773330688,1.3647304773330688,FP
4560,0,1,1.3470144271850586,1.3470144271850586,FP
4561,0,1,1.368353009223938,1.368353009223938,FP
4562,0,1,1.4096627235412598,1.4096627235412598,FP
4563,0,1,1.350588083267212,1.350588083267212,FP
4564,0,1,1.341558814048767,1.341558814048767,FP
4565,0,1,1.3047255277633667,1.3047255277633667,FP
4566,0,1,1.262833595275879,1.262833595275879,FP
4567,0,1,1.3787429332733154,1.3787429332733154,FP
4568,0,1,1.3700933456420898,1.3700933456420898,FP
4569,0,1,1.3832581043243408,1.3832581043243408,FP
4570,0,1,1.2696577310562134,1.2696577310562134,FP
4571,0,1,1.3473244905471802,1.3473244905471802,FP
4572,0,1,1.3073104619979858,1.3073104619979858,FP
4573,0,1,1.3000597953796387,1.3000597953796387,FP
4574,0,1,1.2873291969299316,1.2873291969299316,FP
4575,0,1,1.2922090291976929,1.2922090291976929,FP
4576,0,1,1.192712426185608,1.192712426185608,FP
4577,0,1,1.2349131107330322,1.2349131107330322,FP
4578,0,1,1.195950984954834,1.195950984954834,FP
4579,0,1,1.251824140548706,1.251824140548706,FP
4580,0,1,1.173943042755127,1.173943042755127,FP
4581,0,1,1.2572945356369019,1.2572945356369019,FP
4582,0,1,1.1213421821594238,1.1213421821594238,FP
4583,0,1,1.179033637046814,1.179033637046814,FP
4584,0,1,1.1262898445129395,1.1262898445129395,FP
4585,0,1,1.1734380722045898,1.1734380722045898,FP
4586,0,1,1.1666282415390015,1.1666282415390015,FP
4587,0,1,1.1564810276031494,1.1564810276031494,FP
4588,0,1,1.0653800964355469,1.0653800964355469,FP
4589,0,1,1.0454096794128418,1.0454096794128418,FP
4590,0,1,1.0762357711791992,1.0762357711791992,FP
4591,0,1,1.0088497400283813,1.0088497400283813,FP
4592,0,1,1.040771484375,1.040771484375,FP
4593,0,1,1.0806660652160645,1.0806660652160645,FP
4594,0,1,1.0258926153182983,1.0258926153182983,FP
4595,0,1,1.0007973909378052,1.0007973909378052,FP
4596,0,1,1.0828962326049805,1.0828962326049805,FP
4597,0,1,1.055216908454895,1.055216908454895,FP
4598,0,1,1.0532135963439941,1.0532135963439941,FP
4599,0,1,1.0869337320327759,1.0869337320327759,FP
4600,0,1,0.9635958671569824,0.9635958671569824,FP
4601,0,1,0.9804531335830688,0.9804531335830688,FP
4602,0,1,1.0117870569229126,1.0117870569229126,FP
4603,0,1,1.0139493942260742,1.0139493942260742,FP
4604,0,1,0.9839562773704529,0.9839562773704529,FP
4605,0,1,0.9942743182182312,0.9942743182182312,FP
4606,0,1,1.0031499862670898,1.0031499862670898,FP
4607,0,1,0.9560631513595581,0.9560631513595581,FP
4608,0,1,0.9651818871498108,0.9651818871498108,FP
4609,0,1,0.9465503096580505,0.9465503096580505,FP
4610,0,1,0.9858414530754089,0.9858414530754089,FP
4611,0,1,0.9997697472572327,0.9997697472572327,FP
4612,0,1,0.9927223920822144,0.9927223920822144,FP
4613,0,1,0.9527333974838257,0.9527333974838257,FP
4614,0,1,0.9455010890960693,0.9455010890960693,FP
4615,0,1,0.9338228106498718,0.9338228106498718,FP
4616,0,1,0.9337713122367859,0.9337713122367859,FP
4617,0,1,0.753101646900177,0.753101646900177,FP
4618,0,1,0.752760112285614,0.752760112285614,FP
4619,0,1,0.7646991014480591,0.7646991014480591,FP
4620,0,1,0.7508338093757629,0.7508338093757629,FP
4621,0,1,0.7426695227622986,0.7426695227622986,FP
4622,0,1,0.7462002038955688,0.7462002038955688,FP
4623,0,1,0.7595366835594177,0.7595366835594177,FP
4624,0,1,0.784034252166748,0.784034252166748,FP
4625,0,1,0.7589690685272217,0.7589690685272217,FP
4626,0,1,0.7749233841896057,0.7749233841896057,FP
4627,0,1,0.7697206735610962,0.7697206735610962,FP
4628,0,1,0.7783826589584351,0.7783826589584351,FP
4629,0,1,0.7863093018531799,0.7863093018531799,FP
4630,0,1,0.7965393662452698,0.7965393662452698,FP
4631,0,1,0.7849882245063782,0.7849882245063782,FP
4632,0,1,0.783149242401123,0.783149242401123,FP
4633,0,1,0.7610160708427429,0.7610160708427429,FP
4634,0,1,0.8044744729995728,0.8044744729995728,FP
4635,0,1,0.7416728138923645,0.7416728138923645,FP
4636,0,1,0.7503304481506348,0.7503304481506348,FP
4637,0,1,0.7534353733062744,0.7534353733062744,FP
4638,0,1,0.7537279725074768,0.7537279725074768,FP
4639,0,1,0.7559887766838074,0.7559887766838074,FP
4640,0,1,0.7965949773788452,0.7965949773788452,FP
4641,0,1,0.7775232195854187,0.7775232195854187,FP
4642,0,1,0.7586361169815063,0.7586361169815063,FP
4643,0,1,0.7552438974380493,0.7552438974380493,FP
4644,0,1,0.7409648299217224,0.7409648299217224,FP
4645,0,1,0.745570957660675,0.745570957660675,FP
4646,0,1,0.7377317547798157,0.7377317547798157,FP
4647,0,1,0.7588269114494324,0.7588269114494324,FP
4648,0,1,0.7500560879707336,0.7500560879707336,FP
4649,0,1,0.7464460134506226,0.7464460134506226,FP
4650,0,1,0.7396845817565918,0.7396845817565918,FP
4651,0,1,0.7264816164970398,0.7264816164970398,FP
4652,0,1,0.7254180908203125,0.7254180908203125,FP
4653,0,1,0.7161908149719238,0.7161908149719238,FP
4654,0,1,0.7178395986557007,0.7178395986557007,FP
4655,0,1,0.7065945267677307,0.7065945267677307,FP
4656,0,1,0.7098475694656372,0.7098475694656372,FP
4657,0,1,0.697752833366394,0.697752833366394,FP
4658,0,1,0.6981478333473206,0.6981478333473206,FP
4659,0,1,0.7019572257995605,0.7019572257995605,FP
4660,0,1,0.6737921833992004,0.6737921833992004,FP
4661,0,1,0.6826493740081787,0.6826493740081787,FP
4662,0,1,0.6635288000106812,0.6635288000106812,FP
4663,0,1,0.6498593688011169,0.6498593688011169,FP
4664,0,1,0.6391021609306335,0.6391021609306335,FP
4665,0,1,0.6286444664001465,0.6286444664001465,FP
4666,0,1,0.6285324692726135,0.6285324692726135,FP
4667,0,1,0.6284897327423096,0.6284897327423096,FP
4668,0,1,0.6194779872894287,0.6194779872894287,FP
4669,0,1,0.6177537441253662,0.6177537441253662,FP
4670,0,1,0.6214911937713623,0.6214911937713623,FP
4671,0,1,0.6096593737602234,0.6096593737602234,FP
4672,0,1,0.6093694567680359,0.6093694567680359,FP
4673,0,1,0.6284951567649841,0.6284951567649841,FP
4674,0,1,0.6336332559585571,0.6336332559585571,FP
4675,0,1,0.5994526743888855,0.5994526743888855,FP
4676,0,1,0.5755159258842468,0.5755159258842468,FP
4677,0,1,0.5781329274177551,0.5781329274177551,FP
4678,0,1,0.5719718337059021,0.5719718337059021,FP
4679,0,1,0.5598631501197815,0.5598631501197815,FP
4680,0,1,0.5717427134513855,0.5717427134513855,FP
4681,0,1,0.5479118227958679,0.5479118227958679,FP
4682,0,1,0.5515760183334351,0.5515760183334351,FP
4683,0,1,0.5377978682518005,0.5377978682518005,FP
4684,0,1,0.5359194278717041,0.5359194278717041,FP
4685,0,1,0.5318603515625,0.5318603515625,FP
4686,0,1,0.5264161825180054,0.5264161825180054,FP
4687,0,1,0.5414900779724121,0.5414900779724121,FP
4688,0,1,0.5269811153411865,0.5269811153411865,FP
4689,0,1,0.5283129811286926,0.5283129811286926,FP
4690,0,1,0.5329854488372803,0.5329854488372803,FP
4691,0,1,0.5247693657875061,0.5247693657875061,FP
4692,0,1,0.5360594391822815,0.5360594391822815,FP
4693,0,1,0.5365831255912781,0.5365831255912781,FP
4694,0,1,0.534136176109314,0.534136176109314,FP
4695,0,1,0.5291987061500549,0.5291987061500549,FP
4696,0,1,0.5423935651779175,0.5423935651779175,FP
4697,0,1,0.5406656861305237,0.5406656861305237,FP
4698,0,1,0.530180037021637,0.530180037021637,FP
4699,0,1,0.5328090190887451,0.5328090190887451,FP
4700,0,1,0.5305463671684265,0.5305463671684265,FP
4701,0,1,0.5286728739738464,0.5286728739738464,FP
4702,0,1,0.5209758877754211,0.5209758877754211,FP
4703,0,1,0.5134472846984863,0.5134472846984863,FP
4704,0,1,0.5156635046005249,0.5156635046005249,FP
4705,0,1,0.5373451113700867,0.5373451113700867,FP
4706,0,1,0.5285027027130127,0.5285027027130127,FP
4707,0,1,0.5399326086044312,0.5399326086044312,FP
4708,0,1,0.5520366430282593,0.5520366430282593,FP
4709,0,1,0.5574353337287903,0.5574353337287903,FP
4710,0,1,0.54704350233078,0.54704350233078,FP
4711,0,1,0.5467129349708557,0.5467129349708557,FP
4712,0,1,0.5655838251113892,0.5655838251113892,FP
4713,0,1,0.5682646036148071,0.5682646036148071,FP
4714,0,1,0.5746876001358032,0.5746876001358032,FP
4715,0,1,0.5768558382987976,0.5768558382987976,FP
4716,0,1,0.5918319821357727,0.5918319821357727,FP
4717,0,1,0.593269944190979,0.593269944190979,FP
4718,0,1,0.7964096069335938,0.7964096069335938,FP
4719,0,1,1.102529525756836,1.102529525756836,FP
4720,0,1,0.5988960266113281,0.5988960266113281,FP
4721,0,1,1.1064448356628418,1.1064448356628418,FP
4722,0,1,1.048774003982544,1.048774003982544,FP
4723,0,1,1.0991724729537964,1.0991724729537964,FP
4724,0,1,1.077134370803833,1.077134370803833,FP
4725,0,1,1.019556999206543,1.019556999206543,FP
4726,0,1,0.9857968688011169,0.9857968688011169,FP
4727,0,1,0.6376739144325256,0.6376739144325256,FP
4728,0,1,0.6429916620254517,0.6429916620254517,FP
4729,0,1,1.04098641872406,1.04098641872406,FP
4730,0,1,1.1249984502792358,1.1249984502792358,FP
4731,0,1,0.9368338584899902,0.9368338584899902,FP
4732,0,1,0.9402446746826172,0.9402446746826172,FP
4733,0,1,0.9673739671707153,0.9673739671707153,FP
4734,0,1,0.9432258009910583,0.9432258009910583,FP
4735,0,1,0.9225649833679199,0.9225649833679199,FP
4736,0,1,0.8313757181167603,0.8313757181167603,FP
4737,0,1,0.8565540909767151,0.8565540909767151,FP
4738,0,1,0.8125142455101013,0.8125142455101013,FP
4739,0,1,0.8371951580047607,0.8371951580047607,FP
4740,0,1,0.8042577505111694,0.8042577505111694,FP
4741,0,1,0.7799977660179138,0.7799977660179138,FP
4742,0,1,0.7528369426727295,0.7528369426727295,FP
4743,0,1,0.7236112356185913,0.7236112356185913,FP
4744,0,1,1.1865570545196533,1.1865570545196533,FP
4745,0,1,1.1510952711105347,1.1510952711105347,FP
4746,0,1,1.1101912260055542,1.1101912260055542,FP
4747,0,1,1.1098192930221558,1.1098192930221558,FP
4748,0,1,1.0471805334091187,1.0471805334091187,FP
4749,0,1,1.0756441354751587,1.0756441354751587,FP
4750,0,1,1.057604193687439,1.057604193687439,FP
4751,0,1,1.1437681913375854,1.1437681913375854,FP
4752,0,1,1.1344709396362305,1.1344709396362305,FP
4753,0,1,1.0348438024520874,1.0348438024520874,FP
4754,0,1,1.0178645849227905,1.0178645849227905,FP
4755,0,1,1.0338027477264404,1.0338027477264404,FP
4756,0,1,1.008013367652893,1.008013367652893,FP
4757,0,1,1.0859782695770264,1.0859782695770264,FP
4758,0,1,1.0346804857254028,1.0346804857254028,FP
4759,0,1,1.0434443950653076,1.0434443950653076,FP
4760,0,1,1.0314359664916992,1.0314359664916992,FP
4761,0,1,0.9679573774337769,0.9679573774337769,FP
4762,0,1,0.9870457649230957,0.9870457649230957,FP
4763,0,1,0.9334291219711304,0.9334291219711304,FP
4764,0,1,1.0414432287216187,1.0414432287216187,FP
4765,0,1,0.9832342267036438,0.9832342267036438,FP
4766,0,1,0.9579657912254333,0.9579657912254333,FP
4767,0,1,0.9131942987442017,0.9131942987442017,FP
4768,0,1,0.9468971490859985,0.9468971490859985,FP
4769,0,1,0.8960787057876587,0.8960787057876587,FP
4770,0,1,0.9654223918914795,0.9654223918914795,FP
4771,0,1,0.9643405675888062,0.9643405675888062,FP
4772,0,1,0.8805744051933289,0.8805744051933289,FP
4773,0,1,0.9209846258163452,0.9209846258163452,FP
4774,0,1,0.8778051137924194,0.8778051137924194,FP
4775,0,1,0.8480850458145142,0.8480850458145142,FP
4776,0,1,0.853096604347229,0.853096604347229,FP
4777,0,1,0.8449234962463379,0.8449234962463379,FP
4778,0,1,0.863538384437561,0.863538384437561,FP
4779,0,1,0.9263604879379272,0.9263604879379272,FP
4780,0,1,0.8787883520126343,0.8787883520126343,FP
4781,0,1,0.8256781101226807,0.8256781101226807,FP
4782,0,1,0.8477241396903992,0.8477241396903992,FP
4783,0,1,0.8477935194969177,0.8477935194969177,FP
4784,0,1,0.8104679584503174,0.8104679584503174,FP
4785,0,1,0.7949004173278809,0.7949004173278809,FP
4786,0,1,0.7953741550445557,0.7953741550445557,FP
4787,0,1,0.7901289463043213,0.7901289463043213,FP
4788,0,1,0.7767285108566284,0.7767285108566284,FP
4789,0,1,0.5394441485404968,0.5394441485404968,FP
4790,0,1,0.5370579361915588,0.5370579361915588,FP
4791,0,1,0.5370672345161438,0.5370672345161438,FP
4792,0,1,0.5391398668289185,0.5391398668289185,FP
4793,0,1,0.536835789680481,0.536835789680481,FP
4794,0,1,0.5422506928443909,0.5422506928443909,FP
4795,0,1,0.5324767231941223,0.5324767231941223,FP
4796,0,1,0.5360240340232849,0.5360240340232849,FP
4797,0,1,0.5302203297615051,0.5302203297615051,FP
4798,0,1,0.527068555355072,0.527068555355072,FP
4799,0,1,0.5347891449928284,0.5347891449928284,FP
4800,0,1,0.5229900479316711,0.5229900479316711,FP
4801,0,1,0.5231189727783203,0.5231189727783203,FP
4802,0,1,0.52768874168396,0.52768874168396,FP
4803,0,1,0.5256160497665405,0.5256160497665405,FP
4804,0,1,0.5220532417297363,0.5220532417297363,FP
4805,0,1,0.5236587524414062,0.5236587524414062,FP
4806,0,1,0.5261539220809937,0.5261539220809937,FP
4807,0,1,0.518648087978363,0.518648087978363,FP
4808,0,1,0.5191851258277893,0.5191851258277893,FP
4809,0,1,0.5224710702896118,0.5224710702896118,FP
4810,0,1,0.5263879895210266,0.5263879895210266,FP
4811,0,1,0.5225949287414551,0.5225949287414551,FP
4812,0,1,0.5157167315483093,0.5157167315483093,FP
4813,0,1,0.5157753825187683,0.5157753825187683,FP
4814,0,1,0.5167678594589233,0.5167678594589233,FP
4815,0,1,0.5191645622253418,0.5191645622253418,FP
4816,0,1,0.518605649471283,0.518605649471283,FP
4817,0,1,0.5133174657821655,0.5133174657821655,FP
4818,0,1,0.5165967345237732,0.5165967345237732,FP
4819,0,1,0.5289835333824158,0.5289835333824158,FP
4820,0,1,0.5261284112930298,0.5261284112930298,FP
4821,0,1,0.5254642367362976,0.5254642367362976,FP
4822,0,1,0.5391836166381836,0.5391836166381836,FP
4823,0,1,0.5408126711845398,0.5408126711845398,FP
4824,0,1,0.5491979122161865,0.5491979122161865,FP
4825,0,1,0.5647101402282715,0.5647101402282715,FP
4826,0,1,0.566188633441925,0.566188633441925,FP
4827,0,1,0.5721688270568848,0.5721688270568848,FP
4828,0,1,0.5843100547790527,0.5843100547790527,FP
4829,0,1,0.581133246421814,0.581133246421814,FP
4830,0,1,0.5745244026184082,0.5745244026184082,FP
4831,0,1,0.5894191861152649,0.5894191861152649,FP
4832,0,1,0.5911803245544434,0.5911803245544434,FP
4833,0,1,0.5791274905204773,0.5791274905204773,FP
4834,0,1,0.5876696705818176,0.5876696705818176,FP
4835,0,1,0.5854586362838745,0.5854586362838745,FP
4836,0,1,0.5879489779472351,0.5879489779472351,FP
4837,0,1,0.5845300555229187,0.5845300555229187,FP
4838,0,1,0.5918765068054199,0.5918765068054199,FP
4839,0,1,0.5957403779029846,0.5957403779029846,FP
4840,0,1,0.5938289165496826,0.5938289165496826,FP
4841,0,1,0.582455575466156,0.582455575466156,FP
4842,0,1,0.5860471725463867,0.5860471725463867,FP
4843,0,1,0.5883095860481262,0.5883095860481262,FP
4844,0,1,0.5725536942481995,0.5725536942481995,FP
4845,0,1,0.5814412236213684,0.5814412236213684,FP
4846,0,1,0.5809012055397034,0.5809012055397034,FP
4847,0,1,0.5787506699562073,0.5787506699562073,FP
4848,0,1,0.5844281315803528,0.5844281315803528,FP
4849,0,1,0.5818790197372437,0.5818790197372437,FP
4850,0,1,0.579721987247467,0.579721987247467,FP
4851,0,1,0.5910539627075195,0.5910539627075195,FP
4852,0,1,0.5955972075462341,0.5955972075462341,FP
4853,0,1,0.5943046808242798,0.5943046808242798,FP
4854,0,1,0.5922296643257141,0.5922296643257141,FP
4855,0,1,0.59355628490448,0.59355628490448,FP
4856,0,1,0.5896763801574707,0.5896763801574707,FP
4857,0,1,0.5830100178718567,0.5830100178718567,FP
4858,0,1,0.5702397227287292,0.5702397227287292,FP
4859,0,1,0.5610625147819519,0.5610625147819519,FP
4860,0,1,0.5650725364685059,0.5650725364685059,FP
4861,0,1,0.5671849846839905,0.5671849846839905,FP
4862,0,1,0.5666422843933105,0.5666422843933105,FP
4863,0,1,0.5740519165992737,0.5740519165992737,FP
4864,0,1,0.5844262838363647,0.5844262838363647,FP
4865,0,1,0.5778734087944031,0.5778734087944031,FP
4866,0,1,0.5858614444732666,0.5858614444732666,FP
4867,0,1,0.5759114027023315,0.5759114027023315,FP
4868,0,1,0.5847011208534241,0.5847011208534241,FP
4869,0,1,0.5899247527122498,0.5899247527122498,FP
4870,0,1,0.5950378775596619,0.5950378775596619,FP
4871,0,1,0.5968651175498962,0.5968651175498962,FP
4872,0,1,0.5738121271133423,0.5738121271133423,FP
4873,0,1,0.5999283790588379,0.5999283790588379,FP
4874,0,1,0.6077312231063843,0.6077312231063843,FP
4875,0,1,1.136738896369934,1.136738896369934,FP
4876,0,1,1.1321972608566284,1.1321972608566284,FP
4877,0,1,1.442681908607483,1.442681908607483,FP
4878,0,1,1.0966534614562988,1.0966534614562988,FP
4879,0,1,1.126338243484497,1.126338243484497,FP
4880,0,1,1.3211369514465332,1.3211369514465332,FP
4881,0,1,1.0636202096939087,1.0636202096939087,FP
4882,0,1,1.0539218187332153,1.0539218187332153,FP
4883,0,1,1.039998173713684,1.039998173713684,FP
4884,0,1,1.0134578943252563,1.0134578943252563,FP
4885,0,1,1.0105382204055786,1.0105382204055786,FP
4886,0,1,1.0732265710830688,1.0732265710830688,FP
4887,0,1,0.8901299238204956,0.8901299238204956,FP
4888,0,1,0.8992547392845154,0.8992547392845154,FP
4889,0,1,0.877795398235321,0.877795398235321,FP
4890,0,1,0.9007831811904907,0.9007831811904907,FP
4891,0,1,0.8939340114593506,0.8939340114593506,FP
4892,0,1,0.8841661214828491,0.8841661214828491,FP
4893,0,1,0.9050502777099609,0.9050502777099609,FP
4894,0,1,0.8903870582580566,0.8903870582580566,FP
4895,0,1,0.9480980634689331,0.9480980634689331,FP
4896,0,1,0.8604907989501953,0.8604907989501953,FP
4897,0,1,0.8687338829040527,0.8687338829040527,FP
4898,0,1,0.8356450796127319,0.8356450796127319,FP
4899,0,1,0.8189988136291504,0.8189988136291504,FP
4900,0,1,0.8239069581031799,0.8239069581031799,FP
4901,0,1,0.7878751158714294,0.7878751158714294,FP
4902,0,1,0.8167658448219299,0.8167658448219299,FP
4903,0,1,0.8298178315162659,0.8298178315162659,FP
4904,0,1,0.7831475138664246,0.7831475138664246,FP
4905,0,1,0.8009803891181946,0.8009803891181946,FP
4906,0,1,0.7887696623802185,0.7887696623802185,FP
4907,0,1,0.763365626335144,0.763365626335144,FP
4908,0,1,0.7852222919464111,0.7852222919464111,FP
4909,0,1,0.7907339334487915,0.7907339334487915,FP
4910,0,1,0.7683435678482056,0.7683435678482056,FP
4911,0,1,0.7647841572761536,0.7647841572761536,FP
4912,0,1,0.7669522166252136,0.7669522166252136,FP
4913,0,1,0.7511234879493713,0.7511234879493713,FP
4914,0,1,0.7508302330970764,0.7508302330970764,FP
4915,0,1,0.7571296691894531,0.7571296691894531,FP
4916,0,1,0.749267041683197,0.749267041683197,FP
4917,0,1,0.7451346516609192,0.7451346516609192,FP
4918,0,1,0.7190132141113281,0.7190132141113281,FP
4919,0,1,0.7481439709663391,0.7481439709663391,FP
4920,0,1,0.7097336649894714,0.7097336649894714,FP
4921,0,1,0.7195978760719299,0.7195978760719299,FP
4922,0,1,0.6897839903831482,0.6897839903831482,FP
4923,0,1,0.6805465221405029,0.6805465221405029,FP
4924,0,1,0.6842239499092102,0.6842239499092102,FP
4925,0,1,0.7139248847961426,0.7139248847961426,FP
4926,0,1,0.683351457118988,0.683351457118988,FP
4927,0,1,0.6863680481910706,0.6863680481910706,FP
4928,0,1,0.6547706127166748,0.6547706127166748,FP
4929,0,1,0.6437317728996277,0.6437317728996277,FP
4930,0,1,0.6762847900390625,0.6762847900390625,FP
4931,0,1,0.6538868546485901,0.6538868546485901,FP
4932,0,1,0.6376941800117493,0.6376941800117493,FP
4933,0,1,0.6398225426673889,0.6398225426673889,FP
4934,0,1,0.6225578784942627,0.6225578784942627,FP
4935,0,1,0.6174303293228149,0.6174303293228149,FP
4936,0,1,0.6188094615936279,0.6188094615936279,FP
4937,0,1,0.6346667408943176,0.6346667408943176,FP
4938,0,1,0.5973743200302124,0.5973743200302124,FP
4939,0,1,0.5887987613677979,0.5887987613677979,FP
4940,0,1,0.5877082347869873,0.5877082347869873,FP
4941,0,1,0.5780569314956665,0.5780569314956665,FP
4942,0,1,0.6497743129730225,0.6497743129730225,FP
4943,0,1,0.5655331015586853,0.5655331015586853,FP
4944,0,1,0.5558862686157227,0.5558862686157227,FP
4945,0,1,0.5634317994117737,0.5634317994117737,FP
4946,0,1,0.5756396651268005,0.5756396651268005,FP
4947,0,1,0.5480626821517944,0.5480626821517944,FP
4948,0,1,0.5831180810928345,0.5831180810928345,FP
4949,0,1,0.5837490558624268,0.5837490558624268,FP
4950,0,1,0.5451222062110901,0.5451222062110901,FP
4951,0,1,0.5558313727378845,0.5558313727378845,FP
4952,0,1,0.5949728488922119,0.5949728488922119,FP
4953,0,1,0.6202937960624695,0.6202937960624695,FP
4954,0,1,0.5923271179199219,0.5923271179199219,FP
4955,0,1,0.5806468725204468,0.5806468725204468,FP
4956,0,1,0.5907155275344849,0.5907155275344849,FP
4957,0,1,0.6248819828033447,0.6248819828033447,FP
4958,0,1,0.5827898979187012,0.5827898979187012,FP
4959,0,1,0.5846420526504517,0.5846420526504517,FP
4960,0,1,0.6310446858406067,0.6310446858406067,FP
4961,0,1,0.5828058123588562,0.5828058123588562,FP
4962,0,1,0.6350367069244385,0.6350367069244385,FP
4963,0,1,0.6786417961120605,0.6786417961120605,FP
4964,0,1,0.589951753616333,0.589951753616333,FP
4965,0,1,0.644665539264679,0.644665539264679,FP
4966,0,1,0.6408293843269348,0.6408293843269348,FP
4967,0,1,0.6050288081169128,0.6050288081169128,FP
4968,0,1,0.6185098886489868,0.6185098886489868,FP
4969,0,1,0.6294234395027161,0.6294234395027161,FP
4970,0,1,0.6121297478675842,0.6121297478675842,FP
4971,0,1,0.6313393115997314,0.6313393115997314,FP
4972,0,1,0.6480041742324829,0.6480041742324829,FP
4973,0,1,0.6735814809799194,0.6735814809799194,FP
4974,0,1,0.6586303114891052,0.6586303114891052,FP
4975,0,1,0.6677272319793701,0.6677272319793701,FP
4976,0,1,0.6718747019767761,0.6718747019767761,FP
4977,0,1,0.6874935030937195,0.6874935030937195,FP
4978,0,1,0.7031092047691345,0.7031092047691345,FP
4979,0,1,0.7207157015800476,0.7207157015800476,FP
4980,0,1,0.7197926044464111,0.7197926044464111,FP
4981,0,1,0.7162505984306335,0.7162505984306335,FP
4982,0,1,0.7363897562026978,0.7363897562026978,FP
4983,0,1,0.6883351802825928,0.6883351802825928,FP
4984,0,1,0.7189346551895142,0.7189346551895142,FP
4985,0,1,0.7238494753837585,0.7238494753837585,FP
4986,0,1,0.7257013916969299,0.7257013916969299,FP
4987,1,1,0.6970354318618774,0.6970354318618774,TP
4988,1,1,0.6367208361625671,0.6367208361625671,TP
4989,1,1,0.6757774353027344,0.6757774353027344,TP
4990,1,1,0.709099531173706,0.709099531173706,TP
4991,1,1,0.7434550523757935,0.7434550523757935,TP
4992,1,1,0.7296956777572632,0.7296956777572632,TP
4993,1,1,0.6921859979629517,0.6921859979629517,TP
4994,1,1,0.7009317874908447,0.7009317874908447,TP
4995,1,1,0.6803103089332581,0.6803103089332581,TP
4996,1,1,0.6613474488258362,0.6613474488258362,TP
4997,0,1,1.4719414710998535,1.4719414710998535,FP
4998,0,1,1.4621204137802124,1.4621204137802124,FP
4999,0,1,1.4256213903427124,1.4256213903427124,FP
5000,0,1,1.2967376708984375,1.2967376708984375,FP
5001,0,1,1.3386931419372559,1.3386931419372559,FP
5002,0,1,1.295690894126892,1.295690894126892,FP
5003,0,1,1.3376201391220093,1.3376201391220093,FP
5004,0,1,1.2978843450546265,1.2978843450546265,FP
5005,0,1,1.2859735488891602,1.2859735488891602,FP
5006,0,1,1.3618812561035156,1.3618812561035156,FP
5007,0,1,1.3516055345535278,1.3516055345535278,FP
5008,0,1,1.3733464479446411,1.3733464479446411,FP
5009,0,1,1.3232258558273315,1.3232258558273315,FP
5010,0,1,1.2978122234344482,1.2978122234344482,FP
5011,0,1,1.3155159950256348,1.3155159950256348,FP
5012,0,1,1.3330857753753662,1.3330857753753662,FP
5013,0,1,1.265436053276062,1.265436053276062,FP
5014,0,1,1.3062655925750732,1.3062655925750732,FP
5015,0,1,1.318198561668396,1.318198561668396,FP
5016,0,1,1.3388569355010986,1.3388569355010986,FP
5017,0,1,1.3428289890289307,1.3428289890289307,FP
5018,0,1,1.3028459548950195,1.3028459548950195,FP
5019,0,1,1.2624664306640625,1.2624664306640625,FP
5020,0,1,1.1927043199539185,1.1927043199539185,FP
5021,0,1,1.3045653104782104,1.3045653104782104,FP
5022,0,1,1.3249553442001343,1.3249553442001343,FP
5023,0,1,1.2064311504364014,1.2064311504364014,FP
5024,0,1,1.219286561012268,1.219286561012268,FP
5025,0,1,1.268764853477478,1.268764853477478,FP
5026,0,1,1.2797915935516357,1.2797915935516357,FP
5027,0,1,1.2421472072601318,1.2421472072601318,FP
5028,0,1,1.2165131568908691,1.2165131568908691,FP
5029,0,1,1.4158650636672974,1.4158650636672974,FP
5030,0,1,1.2558300495147705,1.2558300495147705,FP
5031,0,1,1.329136610031128,1.329136610031128,FP
5032,0,1,1.2731739282608032,1.2731739282608032,FP
5033,0,1,1.3862653970718384,1.3862653970718384,FP
5034,0,1,1.3209402561187744,1.3209402561187744,FP
5035,0,1,1.393682837486267,1.393682837486267,FP
5036,0,1,1.3271186351776123,1.3271186351776123,FP
5037,0,1,1.2876302003860474,1.2876302003860474,FP
5038,0,1,1.3048303127288818,1.3048303127288818,FP
5039,0,1,1.1837698221206665,1.1837698221206665,FP
5040,0,1,1.2549033164978027,1.2549033164978027,FP
5041,0,1,1.2366422414779663,1.2366422414779663,FP
5042,0,1,1.2671644687652588,1.2671644687652588,FP
5043,0,1,1.1979918479919434,1.1979918479919434,FP
5044,0,1,1.2264404296875,1.2264404296875,FP
5045,0,1,1.225427508354187,1.225427508354187,FP
5046,0,1,1.195125937461853,1.195125937461853,FP
5047,0,1,1.1689844131469727,1.1689844131469727,FP
5048,0,1,1.2535383701324463,1.2535383701324463,FP
5049,0,1,1.2834863662719727,1.2834863662719727,FP
5050,0,1,1.274813175201416,1.274813175201416,FP
5051,0,1,1.1927199363708496,1.1927199363708496,FP
5052,0,1,1.2990189790725708,1.2990189790725708,FP
5053,0,1,1.1577764749526978,1.1577764749526978,FP
5054,0,1,1.2244043350219727,1.2244043350219727,FP
5055,0,1,1.2261784076690674,1.2261784076690674,FP
5056,0,1,1.1457834243774414,1.1457834243774414,FP
5057,0,1,1.161615252494812,1.161615252494812,FP
5058,0,1,1.1824193000793457,1.1824193000793457,FP
5059,0,1,1.1757155656814575,1.1757155656814575,FP
5060,0,1,1.0896111726760864,1.0896111726760864,FP
5061,0,1,1.1741454601287842,1.1741454601287842,FP
5062,0,1,1.0964210033416748,1.0964210033416748,FP
5063,0,1,1.1003247499465942,1.1003247499465942,FP
5064,0,1,1.1553846597671509,1.1553846597671509,FP
5065,0,1,1.1404283046722412,1.1404283046722412,FP
5066,0,1,1.1694697141647339,1.1694697141647339,FP
5067,0,1,1.1039462089538574,1.1039462089538574,FP
5068,0,1,1.1288021802902222,1.1288021802902222,FP
5069,0,1,1.1428351402282715,1.1428351402282715,FP
5070,0,1,1.1235791444778442,1.1235791444778442,FP
5071,0,1,1.143377661705017,1.143377661705017,FP
5072,0,1,1.1101666688919067,1.1101666688919067,FP
5073,0,1,1.1421763896942139,1.1421763896942139,FP
5074,0,1,1.143970012664795,1.143970012664795,FP
5075,0,1,1.181326150894165,1.181326150894165,FP
5076,0,1,1.067782998085022,1.067782998085022,FP
5077,0,1,1.0765244960784912,1.0765244960784912,FP
5078,0,1,1.1157714128494263,1.1157714128494263,FP
5079,0,1,1.0338921546936035,1.0338921546936035,FP
5080,0,1,1.0315437316894531,1.0315437316894531,FP
5081,0,1,1.0272021293640137,1.0272021293640137,FP
5082,0,1,1.069359302520752,1.069359302520752,FP
5083,0,1,1.0293022394180298,1.0293022394180298,FP
5084,0,1,1.0029082298278809,1.0029082298278809,FP
5085,0,1,1.0457878112792969,1.0457878112792969,FP
5086,0,1,1.0250236988067627,1.0250236988067627,FP
5087,0,1,1.020910382270813,1.020910382270813,FP
5088,0,1,1.017856478691101,1.017856478691101,FP
5089,0,1,1.040243148803711,1.040243148803711,FP
5090,0,1,1.0091553926467896,1.0091553926467896,FP
5091,0,1,0.9721223711967468,0.9721223711967468,FP
5092,0,1,0.9586927890777588,0.9586927890777588,FP
5093,0,1,0.9421605467796326,0.9421605467796326,FP
5094,0,1,0.9389781355857849,0.9389781355857849,FP
5095,0,1,0.9310792684555054,0.9310792684555054,FP
5096,0,1,0.959743857383728,0.959743857383728,FP
5097,0,1,0.9446769952774048,0.9446769952774048,FP
5098,0,1,0.9452977776527405,0.9452977776527405,FP
5099,0,1,0.9248019456863403,0.9248019456863403,FP
5100,0,1,0.8848557472229004,0.8848557472229004,FP
5101,0,1,0.8979387879371643,0.8979387879371643,FP
5102,0,1,0.8682054877281189,0.8682054877281189,FP
5103,0,1,0.8500053286552429,0.8500053286552429,FP
5104,0,1,0.8522034287452698,0.8522034287452698,FP
5105,0,1,0.8693484663963318,0.8693484663963318,FP
5106,0,1,0.8238580226898193,0.8238580226898193,FP
5107,0,1,0.8357100486755371,0.8357100486755371,FP
5108,0,1,0.7967690825462341,0.7967690825462341,FP
5109,0,1,0.8301884531974792,0.8301884531974792,FP
5110,0,1,0.8343562483787537,0.8343562483787537,FP
5111,0,1,0.8124791979789734,0.8124791979789734,FP
5112,0,1,0.7917236089706421,0.7917236089706421,FP
5113,0,1,0.7756751179695129,0.7756751179695129,FP
5114,0,1,0.777695894241333,0.777695894241333,FP
5115,0,1,0.7662216424942017,0.7662216424942017,FP
5116,0,1,0.733965277671814,0.733965277671814,FP
5117,0,1,0.7264982461929321,0.7264982461929321,FP
5118,0,1,0.7134526968002319,0.7134526968002319,FP
5119,0,1,0.7086590528488159,0.7086590528488159,FP
5120,0,1,0.7049856781959534,0.7049856781959534,FP
5121,0,1,0.6916468143463135,0.6916468143463135,FP
5122,0,1,0.6695030927658081,0.6695030927658081,FP
5123,0,1,0.6779412031173706,0.6779412031173706,FP
5124,0,1,0.6685287952423096,0.6685287952423096,FP
5125,0,1,0.6689607501029968,0.6689607501029968,FP
5126,0,1,0.6548383831977844,0.6548383831977844,FP
5127,0,1,0.6500807404518127,0.6500807404518127,FP
5128,0,1,0.6552078127861023,0.6552078127861023,FP
5129,0,1,0.6523635983467102,0.6523635983467102,FP
5130,0,1,0.6630510687828064,0.6630510687828064,FP
5131,0,1,0.649994432926178,0.649994432926178,FP
5132,0,1,0.6448280215263367,0.6448280215263367,FP
5133,0,1,0.6250035762786865,0.6250035762786865,FP
5134,0,1,0.6213804483413696,0.6213804483413696,FP
5135,0,1,0.6321257948875427,0.6321257948875427,FP
5136,0,1,0.6150658130645752,0.6150658130645752,FP
5137,0,1,0.6234491467475891,0.6234491467475891,FP
5138,0,1,0.6115127801895142,0.6115127801895142,FP
5139,0,1,0.6302156448364258,0.6302156448364258,FP
5140,0,1,0.6803652048110962,0.6803652048110962,FP
5141,0,1,0.6085900664329529,0.6085900664329529,FP
5142,0,1,0.6072800755500793,0.6072800755500793,FP
5143,0,1,0.5914682149887085,0.5914682149887085,FP
5144,0,1,0.6161448955535889,0.6161448955535889,FP
5145,0,1,0.6068289279937744,0.6068289279937744,FP
5146,0,1,0.5688320398330688,0.5688320398330688,FP
5147,0,1,0.5776174664497375,0.5776174664497375,FP
5148,0,1,0.6350201964378357,0.6350201964378357,FP
5149,0,1,0.5764367580413818,0.5764367580413818,FP
5150,0,1,0.6076404452323914,0.6076404452323914,FP
5151,0,1,0.5665015578269958,0.5665015578269958,FP
5152,0,1,0.5716682076454163,0.5716682076454163,FP
5153,0,1,0.5856606960296631,0.5856606960296631,FP
5154,0,1,0.5729673504829407,0.5729673504829407,FP
5155,0,1,0.5727061033248901,0.5727061033248901,FP
5156,0,1,0.5878492593765259,0.5878492593765259,FP
5157,0,1,0.586772620677948,0.586772620677948,FP
5158,0,1,0.5991919636726379,0.5991919636726379,FP
5159,0,1,0.6188051104545593,0.6188051104545593,FP
5160,0,1,0.5934694409370422,0.5934694409370422,FP
5161,0,1,0.5929098725318909,0.5929098725318909,FP
5162,0,1,0.5866671204566956,0.5866671204566956,FP
5163,0,1,0.5711404085159302,0.5711404085159302,FP
5164,0,1,0.5847511887550354,0.5847511887550354,FP
5165,0,1,0.5773110389709473,0.5773110389709473,FP
5166,0,1,0.6419119238853455,0.6419119238853455,FP
5167,0,1,0.5741527080535889,0.5741527080535889,FP
5168,0,1,0.6239835619926453,0.6239835619926453,FP
5169,0,1,0.5700148940086365,0.5700148940086365,FP
5170,0,1,0.6189024448394775,0.6189024448394775,FP
5171,0,1,0.6145588159561157,0.6145588159561157,FP
5172,0,1,0.5731327533721924,0.5731327533721924,FP
5173,0,1,0.6285767555236816,0.6285767555236816,FP
5174,0,1,0.6433658003807068,0.6433658003807068,FP
5175,0,1,0.6622287034988403,0.6622287034988403,FP
5176,0,1,0.6846485733985901,0.6846485733985901,FP
5177,0,1,0.6800694465637207,0.6800694465637207,FP
5178,0,1,0.6837286353111267,0.6837286353111267,FP
5179,0,1,0.6968064904212952,0.6968064904212952,FP
5180,0,1,0.6108105182647705,0.6108105182647705,FP
5181,0,1,0.6104087829589844,0.6104087829589844,FP
5182,0,1,0.7020046710968018,0.7020046710968018,FP
5183,0,1,0.6588973999023438,0.6588973999023438,FP
5184,0,1,0.6042574048042297,0.6042574048042297,FP
5185,0,1,0.5960412621498108,0.5960412621498108,FP
5186,0,1,1.555729866027832,1.555729866027832,FP
5187,0,1,0.6024214029312134,0.6024214029312134,FP
5188,0,1,0.6201937794685364,0.6201937794685364,FP
5189,0,1,0.5835675597190857,0.5835675597190857,FP
5190,0,1,1.3900599479675293,1.3900599479675293,FP
5191,0,1,1.4097671508789062,1.4097671508789062,FP
5192,0,1,1.3571563959121704,1.3571563959121704,FP
5193,0,1,1.3663026094436646,1.3663026094436646,FP
5194,0,1,1.4910011291503906,1.4910011291503906,FP
5195,0,1,1.3399044275283813,1.3399044275283813,FP
5196,0,1,1.3358879089355469,1.3358879089355469,FP
5197,0,1,1.418891191482544,1.418891191482544,FP
5198,0,1,1.3348820209503174,1.3348820209503174,FP
5199,0,1,1.3965193033218384,1.3965193033218384,FP
5200,0,1,1.3149043321609497,1.3149043321609497,FP
5201,0,1,1.3290940523147583,1.3290940523147583,FP
5202,0,1,1.3391294479370117,1.3391294479370117,FP
5203,0,1,1.3677935600280762,1.3677935600280762,FP
5204,0,1,1.3351123332977295,1.3351123332977295,FP
5205,0,1,1.3155064582824707,1.3155064582824707,FP
5206,0,1,1.3165820837020874,1.3165820837020874,FP
5207,0,1,1.3634675741195679,1.3634675741195679,FP
5208,0,1,1.3216012716293335,1.3216012716293335,FP
5209,0,1,1.2914834022521973,1.2914834022521973,FP
5210,0,1,1.2953872680664062,1.2953872680664062,FP
5211,0,1,1.3525950908660889,1.3525950908660889,FP
5212,0,1,1.2917816638946533,1.2917816638946533,FP
5213,0,1,1.3386225700378418,1.3386225700378418,FP
5214,0,1,1.252667784690857,1.252667784690857,FP
5215,0,1,1.2506403923034668,1.2506403923034668,FP
5216,0,1,1.2432246208190918,1.2432246208190918,FP
5217,0,1,1.2858141660690308,1.2858141660690308,FP
5218,0,1,1.3269320726394653,1.3269320726394653,FP
5219,0,1,1.3413547277450562,1.3413547277450562,FP
5220,0,1,1.2110121250152588,1.2110121250152588,FP
5221,0,1,1.1971702575683594,1.1971702575683594,FP
5222,0,1,1.1833548545837402,1.1833548545837402,FP
5223,0,1,1.1757887601852417,1.1757887601852417,FP
5224,0,1,1.1685669422149658,1.1685669422149658,FP
5225,0,1,1.2210384607315063,1.2210384607315063,FP
5226,0,1,1.1905403137207031,1.1905403137207031,FP
5227,0,1,1.1666114330291748,1.1666114330291748,FP
5228,0,1,1.1549080610275269,1.1549080610275269,FP
5229,0,1,1.2565858364105225,1.2565858364105225,FP
5230,0,1,1.1633682250976562,1.1633682250976562,FP
5231,0,1,1.2217594385147095,1.2217594385147095,FP
5232,0,1,1.1841717958450317,1.1841717958450317,FP
5233,0,1,1.1691828966140747,1.1691828966140747,FP
5234,0,1,1.1952301263809204,1.1952301263809204,FP
5235,0,1,1.212559700012207,1.212559700012207,FP
5236,0,1,1.1284500360488892,1.1284500360488892,FP
5237,0,1,1.2253352403640747,1.2253352403640747,FP
5238,0,1,1.1918768882751465,1.1918768882751465,FP
5239,0,1,1.0745234489440918,1.0745234489440918,FP
5240,0,1,1.148437738418579,1.148437738418579,FP
5241,0,1,1.1543853282928467,1.1543853282928467,FP
5242,0,1,1.1156597137451172,1.1156597137451172,FP
5243,0,1,1.0998338460922241,1.0998338460922241,FP
5244,0,1,1.0653965473175049,1.0653965473175049,FP
5245,0,1,1.0883326530456543,1.0883326530456543,FP
5246,0,1,1.138669490814209,1.138669490814209,FP
5247,0,1,1.056502103805542,1.056502103805542,FP
5248,0,1,1.0848060846328735,1.0848060846328735,FP
5249,0,1,1.0792746543884277,1.0792746543884277,FP
5250,0,1,1.0715140104293823,1.0715140104293823,FP
5251,0,1,1.108206868171692,1.108206868171692,FP
5252,0,1,1.0671221017837524,1.0671221017837524,FP
5253,0,1,1.043665885925293,1.043665885925293,FP
5254,0,1,1.0995036363601685,1.0995036363601685,FP
5255,0,1,0.9975725412368774,0.9975725412368774,FP
5256,0,1,1.0993802547454834,1.0993802547454834,FP
5257,0,1,1.0454124212265015,1.0454124212265015,FP
5258,0,1,1.007086157798767,1.007086157798767,FP
5259,0,1,0.9932913780212402,0.9932913780212402,FP
5260,0,1,1.035258173942566,1.035258173942566,FP
5261,0,1,1.0053741931915283,1.0053741931915283,FP
5262,0,1,0.9263213872909546,0.9263213872909546,FP
5263,0,1,0.9827103614807129,0.9827103614807129,FP
5264,0,1,1.015598177909851,1.015598177909851,FP
5265,0,1,0.9917938709259033,0.9917938709259033,FP
5266,0,1,0.9766334295272827,0.9766334295272827,FP
5267,0,1,0.9673241972923279,0.9673241972923279,FP
5268,0,1,0.964259922504425,0.964259922504425,FP
5269,0,1,0.9487047791481018,0.9487047791481018,FP
5270,0,1,0.9204098582267761,0.9204098582267761,FP
5271,0,1,0.9027059674263,0.9027059674263,FP
5272,0,1,0.9293583631515503,0.9293583631515503,FP
5273,0,1,0.8846021294593811,0.8846021294593811,FP
5274,0,1,0.8774878978729248,0.8774878978729248,FP
5275,0,1,0.8536041378974915,0.8536041378974915,FP
5276,0,1,0.837033212184906,0.837033212184906,FP
5277,0,1,0.8304948210716248,0.8304948210716248,FP
5278,0,1,0.845999538898468,0.845999538898468,FP
5279,0,1,0.8316534161567688,0.8316534161567688,FP
5280,0,1,0.8355315923690796,0.8355315923690796,FP
5281,0,1,0.8241574168205261,0.8241574168205261,FP
5282,0,1,0.8316723108291626,0.8316723108291626,FP
5283,0,1,0.8199350237846375,0.8199350237846375,FP
5284,0,1,0.7892845869064331,0.7892845869064331,FP
5285,0,1,0.7969725131988525,0.7969725131988525,FP
5286,0,1,0.5678331851959229,0.5678331851959229,FP
5287,0,1,0.5713358521461487,0.5713358521461487,FP
5288,0,1,0.574059247970581,0.574059247970581,FP
5289,0,1,0.5788797736167908,0.5788797736167908,FP
5290,0,1,0.5731105804443359,0.5731105804443359,FP
5291,0,1,0.5746338367462158,0.5746338367462158,FP
5292,0,1,0.5736608505249023,0.5736608505249023,FP
5293,0,1,0.568621814250946,0.568621814250946,FP
5294,0,1,0.5877367258071899,0.5877367258071899,FP
5295,0,1,0.5627305507659912,0.5627305507659912,FP
5296,0,1,0.5690183043479919,0.5690183043479919,FP
5297,0,1,0.5689384341239929,0.5689384341239929,FP
5298,0,1,0.5730996131896973,0.5730996131896973,FP
5299,0,1,0.5915164947509766,0.5915164947509766,FP
5300,0,1,0.5695313811302185,0.5695313811302185,FP
5301,0,1,0.5822882652282715,0.5822882652282715,FP
5302,0,1,0.5846834778785706,0.5846834778785706,FP
5303,0,1,0.5764692425727844,0.5764692425727844,FP
5304,0,1,0.6062598824501038,0.6062598824501038,FP
5305,0,1,0.5825478434562683,0.5825478434562683,FP
5306,0,1,0.5763875246047974,0.5763875246047974,FP
5307,0,1,0.5663878321647644,0.5663878321647644,FP
5308,0,1,0.5684494972229004,0.5684494972229004,FP
5309,0,1,0.5634002685546875,0.5634002685546875,FP
5310,0,1,0.5722195506095886,0.5722195506095886,FP
5311,0,1,0.553097128868103,0.553097128868103,FP
5312,0,1,0.5623717308044434,0.5623717308044434,FP
5313,0,1,0.5531891584396362,0.5531891584396362,FP
5314,0,1,0.5588882565498352,0.5588882565498352,FP
5315,0,1,0.5605835914611816,0.5605835914611816,FP
5316,0,1,0.602200984954834,0.602200984954834,FP
5317,0,1,0.5649444460868835,0.5649444460868835,FP
5318,0,1,0.556510865688324,0.556510865688324,FP
5319,0,1,0.5655345320701599,0.5655345320701599,FP
5320,0,1,0.5892211198806763,0.5892211198806763,FP
5321,0,1,0.5944732427597046,0.5944732427597046,FP
5322,0,1,0.5867536664009094,0.5867536664009094,FP
5323,0,1,0.5656383037567139,0.5656383037567139,FP
5324,0,1,0.5663358569145203,0.5663358569145203,FP
5325,0,1,0.5791982412338257,0.5791982412338257,FP
5326,0,1,0.569251537322998,0.569251537322998,FP
5327,0,1,0.5518333315849304,0.5518333315849304,FP
5328,0,1,0.5436397790908813,0.5436397790908813,FP
5329,0,1,0.5701444149017334,0.5701444149017334,FP
5330,0,1,0.5665298700332642,0.5665298700332642,FP
5331,0,1,0.5569427013397217,0.5569427013397217,FP
5332,0,1,0.5424109697341919,0.5424109697341919,FP
5333,0,1,0.5624658465385437,0.5624658465385437,FP
5334,0,1,0.5482166409492493,0.5482166409492493,FP
5335,0,1,0.5469564199447632,0.5469564199447632,FP
5336,0,1,0.5580675005912781,0.5580675005912781,FP
5337,0,1,0.5427448153495789,0.5427448153495789,FP
5338,0,1,0.5521875619888306,0.5521875619888306,FP
5339,0,1,0.5445650815963745,0.5445650815963745,FP
5340,0,1,0.5423641800880432,0.5423641800880432,FP
5341,0,1,0.5197545886039734,0.5197545886039734,FP
5342,0,1,0.5233224630355835,0.5233224630355835,FP
5343,0,1,0.5205146074295044,0.5205146074295044,FP
5344,0,1,0.5087124109268188,0.5087124109268188,FP
5345,0,1,0.5061427354812622,0.5061427354812622,FP
5346,0,1,0.5011503100395203,0.5011503100395203,FP
5347,0,1,0.49942532181739807,0.49942532181739807,FP
5348,0,1,0.5010778903961182,0.5010778903961182,FP
5349,0,1,0.5046484470367432,0.5046484470367432,FP
5350,0,0,0.4855870306491852,0.4855870306491852,TN
5351,0,0,0.48761627078056335,0.48761627078056335,TN
5352,0,0,0.4827052354812622,0.4827052354812622,TN
5353,0,0,0.48647788166999817,0.48647788166999817,TN
5354,0,0,0.4833400249481201,0.4833400249481201,TN
5355,0,0,0.48255106806755066,0.48255106806755066,TN
5356,0,0,0.49295422434806824,0.49295422434806824,TN
5357,0,1,0.5014963150024414,0.5014963150024414,FP
5358,0,1,0.5122340321540833,0.5122340321540833,FP
5359,0,1,0.5077739953994751,0.5077739953994751,FP
5360,0,1,0.5070929527282715,0.5070929527282715,FP
5361,0,1,0.5095836520195007,0.5095836520195007,FP
5362,0,1,0.5078368186950684,0.5078368186950684,FP
5363,0,1,0.5232880115509033,0.5232880115509033,FP
5364,0,1,0.5400331616401672,0.5400331616401672,FP
5365,0,1,0.5291387438774109,0.5291387438774109,FP
5366,0,1,0.5289390683174133,0.5289390683174133,FP
5367,0,1,0.5324965119361877,0.5324965119361877,FP
5368,0,1,0.5433056354522705,0.5433056354522705,FP
5369,0,1,0.5381053686141968,0.5381053686141968,FP
5370,0,1,0.5610088109970093,0.5610088109970093,FP
5371,0,1,0.5585330128669739,0.5585330128669739,FP
5372,0,1,0.5722707509994507,0.5722707509994507,FP
5373,0,1,0.5614417791366577,0.5614417791366577,FP
5374,0,1,0.5694869160652161,0.5694869160652161,FP
5375,0,1,0.5705894827842712,0.5705894827842712,FP
5376,0,1,0.57732754945755,0.57732754945755,FP
5377,0,1,0.5950594544410706,0.5950594544410706,FP
5378,0,1,0.5902260541915894,0.5902260541915894,FP
5379,0,1,0.5903686285018921,0.5903686285018921,FP
5380,0,1,0.5947901010513306,0.5947901010513306,FP
5381,0,1,0.6051902174949646,0.6051902174949646,FP
5382,0,1,0.6088029742240906,0.6088029742240906,FP
5383,0,1,0.6044178009033203,0.6044178009033203,FP
5384,0,1,0.6152893304824829,0.6152893304824829,FP
5385,0,1,0.6109006404876709,0.6109006404876709,FP
5386,0,1,0.6114913821220398,0.6114913821220398,FP
5387,0,1,0.622203528881073,0.622203528881073,FP
5388,0,1,0.626203179359436,0.626203179359436,FP
5389,0,1,0.6463252902030945,0.6463252902030945,FP
5390,0,1,0.6680703163146973,0.6680703163146973,FP
5391,0,1,0.667284369468689,0.667284369468689,FP
5392,0,1,0.6661415100097656,0.6661415100097656,FP
5393,0,1,0.6877598762512207,0.6877598762512207,FP
5394,0,1,0.7095691561698914,0.7095691561698914,FP
5395,0,1,0.7028135061264038,0.7028135061264038,FP
5396,0,1,0.7018001675605774,0.7018001675605774,FP
5397,0,1,0.8009954690933228,0.8009954690933228,FP
5398,0,1,0.7820327877998352,0.7820327877998352,FP
5399,0,1,0.6893552541732788,0.6893552541732788,FP
5400,0,1,0.7131108641624451,0.7131108641624451,FP
5401,0,1,0.6754329800605774,0.6754329800605774,FP
5402,1,1,0.6776818037033081,0.6776818037033081,TP
5403,1,1,0.6595814228057861,0.6595814228057861,TP
5404,1,1,0.6473469734191895,0.6473469734191895,TP
5405,0,1,1.187991738319397,1.187991738319397,FP
5406,0,1,1.1746726036071777,1.1746726036071777,FP
5407,0,1,1.210324764251709,1.210324764251709,FP
5408,0,1,1.1972345113754272,1.1972345113754272,FP
5409,0,1,1.193250060081482,1.193250060081482,FP
5410,0,1,1.1828018426895142,1.1828018426895142,FP
5411,0,1,1.171200156211853,1.171200156211853,FP
5412,0,1,1.1770451068878174,1.1770451068878174,FP
5413,0,1,1.1521145105361938,1.1521145105361938,FP
5414,0,1,1.1548147201538086,1.1548147201538086,FP
5415,0,1,1.1646324396133423,1.1646324396133423,FP
5416,0,1,1.1445547342300415,1.1445547342300415,FP
5417,0,1,1.139375925064087,1.139375925064087,FP
5418,0,1,1.148177146911621,1.148177146911621,FP
5419,0,1,1.1418861150741577,1.1418861150741577,FP
5420,0,1,1.1216539144515991,1.1216539144515991,FP
5421,0,1,1.1561005115509033,1.1561005115509033,FP
5422,0,1,1.1077176332473755,1.1077176332473755,FP
5423,0,1,1.1520755290985107,1.1520755290985107,FP
5424,0,1,1.1171973943710327,1.1171973943710327,FP
5425,0,1,1.1059571504592896,1.1059571504592896,FP
5426,0,1,1.1140762567520142,1.1140762567520142,FP
5427,0,1,0.5730023384094238,0.5730023384094238,FP
5428,0,1,0.5797447562217712,0.5797447562217712,FP
5429,0,1,0.5691683292388916,0.5691683292388916,FP
5430,0,1,0.5747553706169128,0.5747553706169128,FP
5431,0,1,0.5858991146087646,0.5858991146087646,FP
5432,0,1,0.5899623036384583,0.5899623036384583,FP
5433,0,1,0.5919243693351746,0.5919243693351746,FP
5434,0,1,0.5960776209831238,0.5960776209831238,FP
5435,0,1,0.6090613007545471,0.6090613007545471,FP
5436,0,1,0.5963266491889954,0.5963266491889954,FP
5437,0,1,0.5932134389877319,0.5932134389877319,FP
5438,0,1,0.5829000473022461,0.5829000473022461,FP
5439,0,1,0.5884905457496643,0.5884905457496643,FP
5440,0,1,0.5891467928886414,0.5891467928886414,FP
5441,0,1,0.5896987915039062,0.5896987915039062,FP
5442,0,1,0.5954648852348328,0.5954648852348328,FP
5443,0,1,0.5899073481559753,0.5899073481559753,FP
5444,0,1,0.5852309465408325,0.5852309465408325,FP
5445,0,1,0.5933008193969727,0.5933008193969727,FP
5446,0,1,0.6032134294509888,0.6032134294509888,FP
5447,0,1,0.6090570688247681,0.6090570688247681,FP
5448,0,1,0.5932530760765076,0.5932530760765076,FP
5449,0,1,0.5896099209785461,0.5896099209785461,FP
5450,0,1,0.5801247954368591,0.5801247954368591,FP
5451,0,1,0.6046059131622314,0.6046059131622314,FP
5452,0,1,0.5947688221931458,0.5947688221931458,FP
5453,0,1,0.5758627653121948,0.5758627653121948,FP
5454,0,1,0.5892610549926758,0.5892610549926758,FP
5455,0,1,0.57779860496521,0.57779860496521,FP
5456,0,1,0.5925542712211609,0.5925542712211609,FP
5457,0,1,0.6134883761405945,0.6134883761405945,FP
5458,0,1,0.5992146730422974,0.5992146730422974,FP
5459,0,1,0.6001242995262146,0.6001242995262146,FP
5460,0,1,0.5981488227844238,0.5981488227844238,FP
5461,0,1,0.6124662160873413,0.6124662160873413,FP
5462,0,1,0.6193003058433533,0.6193003058433533,FP
5463,0,1,0.6007248759269714,0.6007248759269714,FP
5464,0,1,0.5665523409843445,0.5665523409843445,FP
5465,0,1,0.6004672646522522,0.6004672646522522,FP
5466,0,1,0.624136209487915,0.624136209487915,FP
5467,0,1,0.6277686357498169,0.6277686357498169,FP
5468,0,1,0.6393840312957764,0.6393840312957764,FP
5469,0,1,0.6023607850074768,0.6023607850074768,FP
5470,0,1,0.6008161902427673,0.6008161902427673,FP
5471,0,1,0.6318647265434265,0.6318647265434265,FP
5472,0,1,0.6376101970672607,0.6376101970672607,FP
5473,0,1,0.6053541302680969,0.6053541302680969,FP
5474,0,1,0.6330820322036743,0.6330820322036743,FP
5475,0,1,0.6797754764556885,0.6797754764556885,FP
5476,0,1,0.636782169342041,0.636782169342041,FP
5477,0,1,0.622471034526825,0.622471034526825,FP
5478,0,1,0.5982781648635864,0.5982781648635864,FP
5479,0,1,0.6098875999450684,0.6098875999450684,FP
5480,0,1,0.6350778341293335,0.6350778341293335,FP
5481,0,1,0.6511415243148804,0.6511415243148804,FP
5482,0,1,0.6118911504745483,0.6118911504745483,FP
5483,0,1,0.5867780447006226,0.5867780447006226,FP
5484,0,1,0.6407220363616943,0.6407220363616943,FP
5485,0,1,0.604155957698822,0.604155957698822,FP
5486,0,1,0.6293498873710632,0.6293498873710632,FP
5487,0,1,0.6526605486869812,0.6526605486869812,FP
5488,0,1,0.6397863626480103,0.6397863626480103,FP
5489,0,1,0.684847891330719,0.684847891330719,FP
5490,0,1,0.7431663274765015,0.7431663274765015,FP
5491,0,1,0.6989094614982605,0.6989094614982605,FP
5492,0,1,0.6724632978439331,0.6724632978439331,FP
5493,0,1,0.7083901166915894,0.7083901166915894,FP
5494,0,1,0.683958113193512,0.683958113193512,FP
5495,0,1,0.8109807372093201,0.8109807372093201,FP
5496,0,1,1.0419443845748901,1.0419443845748901,FP
5497,0,1,0.8127643465995789,0.8127643465995789,FP
5498,0,1,1.0216872692108154,1.0216872692108154,FP
5499,0,1,0.9944499135017395,0.9944499135017395,FP
5500,0,1,0.8889118432998657,0.8889118432998657,FP
5501,0,1,1.1550618410110474,1.1550618410110474,FP
5502,0,1,0.9415273070335388,0.9415273070335388,FP
5503,0,1,1.144533395767212,1.144533395767212,FP
5504,0,1,1.362369418144226,1.362369418144226,FP
5505,0,1,1.024603009223938,1.024603009223938,FP
5506,0,1,1.0364516973495483,1.0364516973495483,FP
5507,0,1,1.7324926853179932,1.7324926853179932,FP
5508,1,1,1.287204384803772,1.287204384803772,TP
5509,1,1,1.8380308151245117,1.8380308151245117,TP
5510,1,1,1.2498602867126465,1.2498602867126465,TP
5511,1,1,1.4885437488555908,1.4885437488555908,TP
5512,1,1,1.5449576377868652,1.5449576377868652,TP
5513,1,1,2.0507736206054688,2.0507736206054688,TP
5514,1,1,2.5836920738220215,2.5836920738220215,TP
5515,1,1,2.6355397701263428,2.6355397701263428,TP
5516,1,1,2.8692994117736816,2.8692994117736816,TP
5517,1,1,2.1508405208587646,2.1508405208587646,TP
5518,1,1,1.957485318183899,1.957485318183899,TP
5519,1,1,1.9701346158981323,1.9701346158981323,TP
5520,1,1,2.1163928508758545,2.1163928508758545,TP
5521,1,1,2.258195161819458,2.258195161819458,TP
5522,1,1,2.224555015563965,2.224555015563965,TP
5523,1,1,2.2510836124420166,2.2510836124420166,TP
5524,1,1,2.3536717891693115,2.3536717891693115,TP
5525,0,1,0.5408086776733398,0.5408086776733398,FP
5526,0,1,0.5418868660926819,0.5418868660926819,FP
5527,0,1,0.5412311553955078,0.5412311553955078,FP
5528,0,1,0.530706524848938,0.530706524848938,FP
5529,0,1,0.5314552783966064,0.5314552783966064,FP
5530,0,1,0.535128653049469,0.535128653049469,FP
5531,0,1,0.5404649376869202,0.5404649376869202,FP
5532,0,1,0.5469720959663391,0.5469720959663391,FP
5533,0,1,0.5414595603942871,0.5414595603942871,FP
5534,0,1,0.5429856181144714,0.5429856181144714,FP
5535,0,1,0.5406777858734131,0.5406777858734131,FP
5536,0,1,0.5371895432472229,0.5371895432472229,FP
5537,0,1,0.5302335619926453,0.5302335619926453,FP
5538,0,1,0.5325202345848083,0.5325202345848083,FP
5539,0,1,0.5502223372459412,0.5502223372459412,FP
5540,0,1,0.5538427829742432,0.5538427829742432,FP
5541,0,1,0.5352672338485718,0.5352672338485718,FP
5542,0,1,0.547031819820404,0.547031819820404,FP
5543,0,1,0.5505167841911316,0.5505167841911316,FP
5544,0,1,0.5449442863464355,0.5449442863464355,FP
5545,0,1,0.5429454445838928,0.5429454445838928,FP
5546,0,1,0.5360938310623169,0.5360938310623169,FP
5547,0,1,0.68707275390625,0.68707275390625,FP
5548,0,1,0.6788905262947083,0.6788905262947083,FP
5549,0,1,0.6844059824943542,0.6844059824943542,FP
5550,0,1,0.6621403694152832,0.6621403694152832,FP
5551,0,1,0.6597403883934021,0.6597403883934021,FP
5552,0,1,0.6601175665855408,0.6601175665855408,FP
5553,0,1,0.6632164120674133,0.6632164120674133,FP
5554,0,1,0.6557617783546448,0.6557617783546448,FP
5555,0,1,0.6499485969543457,0.6499485969543457,FP
5556,0,1,0.6489914059638977,0.6489914059638977,FP
5557,0,1,0.6563303470611572,0.6563303470611572,FP
5558,0,1,0.6442590355873108,0.6442590355873108,FP
5559,0,1,0.6419732570648193,0.6419732570648193,FP
5560,0,1,0.6336909532546997,0.6336909532546997,FP
5561,0,1,0.6246788501739502,0.6246788501739502,FP
5562,0,1,0.6173779368400574,0.6173779368400574,FP
5563,0,1,0.6208961606025696,0.6208961606025696,FP
5564,0,1,0.618874192237854,0.618874192237854,FP
5565,0,1,0.6234515309333801,0.6234515309333801,FP
5566,0,1,0.61625075340271,0.61625075340271,FP
5567,0,1,0.6144564151763916,0.6144564151763916,FP
5568,0,1,0.6070600152015686,0.6070600152015686,FP
5569,0,1,0.6164658069610596,0.6164658069610596,FP
5570,0,1,0.6141472458839417,0.6141472458839417,FP
5571,0,1,0.6014195680618286,0.6014195680618286,FP
5572,0,1,0.6035454869270325,0.6035454869270325,FP
5573,0,1,0.6854808330535889,0.6854808330535889,FP
5574,0,1,0.5923095345497131,0.5923095345497131,FP
5575,0,1,0.573391854763031,0.573391854763031,FP
5576,0,1,0.5735092163085938,0.5735092163085938,FP
5577,0,1,0.5547550320625305,0.5547550320625305,FP
5578,0,1,0.5535706281661987,0.5535706281661987,FP
5579,0,1,0.537465512752533,0.537465512752533,FP
5580,0,1,0.5539118051528931,0.5539118051528931,FP
5581,0,1,0.54343181848526,0.54343181848526,FP
5582,0,1,0.531999945640564,0.531999945640564,FP
5583,0,1,0.5454387664794922,0.5454387664794922,FP
5584,0,1,0.5286469459533691,0.5286469459533691,FP
5585,0,1,0.5172724723815918,0.5172724723815918,FP
5586,0,1,0.5307056903839111,0.5307056903839111,FP
5587,0,1,0.5123296976089478,0.5123296976089478,FP
5588,0,1,0.5079488158226013,0.5079488158226013,FP
5589,0,1,0.5214694738388062,0.5214694738388062,FP
5590,0,1,0.5084872245788574,0.5084872245788574,FP
5591,0,1,0.5110035538673401,0.5110035538673401,FP
5592,0,1,0.5481768846511841,0.5481768846511841,FP
5593,0,1,0.5158644318580627,0.5158644318580627,FP
5594,0,1,0.517478883266449,0.517478883266449,FP
5595,0,1,0.5085053443908691,0.5085053443908691,FP
5596,0,1,0.505054235458374,0.505054235458374,FP
5597,0,1,0.5100609660148621,0.5100609660148621,FP
5598,0,1,0.524082362651825,0.524082362651825,FP
5599,0,1,0.5408559441566467,0.5408559441566467,FP
5600,0,1,0.5155514478683472,0.5155514478683472,FP
5601,0,1,0.5104514360427856,0.5104514360427856,FP
5602,0,1,0.5109947323799133,0.5109947323799133,FP
5603,0,1,0.5207776427268982,0.5207776427268982,FP
5604,0,1,0.5288106799125671,0.5288106799125671,FP
5605,0,1,0.5333968997001648,0.5333968997001648,FP
5606,0,1,0.5301632881164551,0.5301632881164551,FP
5607,0,1,0.5348692536354065,0.5348692536354065,FP
5608,0,1,0.511815071105957,0.511815071105957,FP
5609,0,1,0.5186282992362976,0.5186282992362976,FP
5610,0,1,0.5143981575965881,0.5143981575965881,FP
5611,0,1,0.5008054375648499,0.5008054375648499,FP
5612,0,1,0.5233062505722046,0.5233062505722046,FP
5613,0,1,0.5169437527656555,0.5169437527656555,FP
5614,0,1,0.5177799463272095,0.5177799463272095,FP
5615,0,1,0.5148220658302307,0.5148220658302307,FP
5616,0,1,0.5292234420776367,0.5292234420776367,FP
5617,0,1,0.5399184226989746,0.5399184226989746,FP
5618,0,1,0.5415735840797424,0.5415735840797424,FP
5619,0,1,0.5424105525016785,0.5424105525016785,FP
5620,0,1,0.5431082248687744,0.5431082248687744,FP
5621,0,1,0.5480703115463257,0.5480703115463257,FP
5622,0,1,0.5500745177268982,0.5500745177268982,FP
5623,0,1,0.5522133111953735,0.5522133111953735,FP
5624,0,1,0.5525971055030823,0.5525971055030823,FP
5625,0,1,0.5606915950775146,0.5606915950775146,FP
5626,0,1,0.5620127320289612,0.5620127320289612,FP
5627,0,1,0.5589559674263,0.5589559674263,FP
5628,0,1,0.5561208128929138,0.5561208128929138,FP
5629,0,1,0.5524457693099976,0.5524457693099976,FP
5630,0,1,0.5559539198875427,0.5559539198875427,FP
5631,0,1,0.5567708611488342,0.5567708611488342,FP
5632,0,1,0.5584911108016968,0.5584911108016968,FP
5633,0,1,0.5510315299034119,0.5510315299034119,FP
5634,0,1,0.5612956285476685,0.5612956285476685,FP
5635,0,1,0.5777442455291748,0.5777442455291748,FP
5636,0,1,0.5719316601753235,0.5719316601753235,FP
5637,0,1,0.5572794079780579,0.5572794079780579,FP
5638,0,1,0.560244619846344,0.560244619846344,FP
5639,0,1,0.5557568669319153,0.5557568669319153,FP
5640,0,1,0.5427995920181274,0.5427995920181274,FP
5641,0,1,0.5656548738479614,0.5656548738479614,FP
5642,0,1,0.6102508306503296,0.6102508306503296,FP
5643,0,1,0.5613061189651489,0.5613061189651489,FP
5644,0,1,0.5639928579330444,0.5639928579330444,FP
5645,0,1,0.5727894306182861,0.5727894306182861,FP
5646,0,1,0.60302734375,0.60302734375,FP
5647,0,1,0.5949432253837585,0.5949432253837585,FP
5648,0,1,0.593625009059906,0.593625009059906,FP
5649,0,1,0.6182254552841187,0.6182254552841187,FP
5650,0,1,0.6320561766624451,0.6320561766624451,FP
5651,0,1,0.6217795610427856,0.6217795610427856,FP
5652,0,1,0.5564665794372559,0.5564665794372559,FP
5653,0,1,0.6394094824790955,0.6394094824790955,FP
5654,0,1,0.601759672164917,0.601759672164917,FP
5655,0,1,0.5725761651992798,0.5725761651992798,FP
5656,0,1,0.5572455525398254,0.5572455525398254,FP
5657,0,1,0.5505872964859009,0.5505872964859009,FP
5658,0,1,0.5966640114784241,0.5966640114784241,FP
5659,0,1,0.561028242111206,0.561028242111206,FP
5660,0,1,0.5442936420440674,0.5442936420440674,FP
5661,0,1,0.5603986978530884,0.5603986978530884,FP
5662,1,1,0.5654885172843933,0.5654885172843933,TP
5663,1,1,0.5707852840423584,0.5707852840423584,TP
5664,1,1,0.6045504212379456,0.6045504212379456,TP
5665,1,1,0.5899593234062195,0.5899593234062195,TP
5666,1,1,0.6332353949546814,0.6332353949546814,TP
5667,1,1,0.6030052304267883,0.6030052304267883,TP
5668,1,1,0.6127387881278992,0.6127387881278992,TP
5669,1,1,0.6248919367790222,0.6248919367790222,TP
5670,1,1,0.6500269174575806,0.6500269174575806,TP
5671,1,1,0.6783851385116577,0.6783851385116577,TP
5672,1,1,0.7532444596290588,0.7532444596290588,TP
5673,1,1,0.7605677843093872,0.7605677843093872,TP
5674,1,1,0.7755482196807861,0.7755482196807861,TP
5675,1,1,0.8164625763893127,0.8164625763893127,TP
5676,1,1,0.7241243124008179,0.7241243124008179,TP
5677,1,1,0.8820545673370361,0.8820545673370361,TP
5678,1,1,0.7491052150726318,0.7491052150726318,TP
5679,1,1,0.9190663695335388,0.9190663695335388,TP
5680,1,1,0.9413672685623169,0.9413672685623169,TP
5681,1,1,1.0846302509307861,1.0846302509307861,TP
5682,1,1,0.8526430726051331,0.8526430726051331,TP
5683,1,1,1.1506335735321045,1.1506335735321045,TP
5684,1,1,1.2704031467437744,1.2704031467437744,TP
5685,0,1,0.6376955509185791,0.6376955509185791,FP
5686,0,1,0.6391193270683289,0.6391193270683289,FP
5687,0,1,0.6588498950004578,0.6588498950004578,FP
5688,0,1,0.6704951524734497,0.6704951524734497,FP
5689,0,1,0.6899067759513855,0.6899067759513855,FP
5690,0,1,0.6611253619194031,0.6611253619194031,FP
5691,0,1,0.6571003198623657,0.6571003198623657,FP
5692,0,1,0.6688755750656128,0.6688755750656128,FP
5693,0,1,0.662354588508606,0.662354588508606,FP
5694,0,1,0.6661055088043213,0.6661055088043213,FP
5695,0,1,0.6709095239639282,0.6709095239639282,FP
5696,0,1,0.6790457367897034,0.6790457367897034,FP
5697,0,1,0.6818801760673523,0.6818801760673523,FP
5698,0,1,0.6704074144363403,0.6704074144363403,FP
5699,0,1,0.666233241558075,0.666233241558075,FP
5700,0,1,0.6708072423934937,0.6708072423934937,FP
5701,0,1,0.6736522912979126,0.6736522912979126,FP
5702,0,1,0.6682191491127014,0.6682191491127014,FP
5703,0,1,0.6687400937080383,0.6687400937080383,FP
5704,0,1,0.664394199848175,0.664394199848175,FP
5705,0,1,0.6535671353340149,0.6535671353340149,FP
5706,0,1,0.6487502455711365,0.6487502455711365,FP
5707,0,1,0.6382896900177002,0.6382896900177002,FP
5708,0,1,0.6266520619392395,0.6266520619392395,FP
5709,0,1,0.6257789134979248,0.6257789134979248,FP
5710,0,1,0.6196972131729126,0.6196972131729126,FP
5711,0,1,0.6235369443893433,0.6235369443893433,FP
5712,0,1,0.6283954381942749,0.6283954381942749,FP
5713,0,1,0.6361834406852722,0.6361834406852722,FP
5714,0,1,0.6390448808670044,0.6390448808670044,FP
5715,0,1,0.6379184126853943,0.6379184126853943,FP
5716,0,1,0.6261002421379089,0.6261002421379089,FP
5717,0,1,0.6174198389053345,0.6174198389053345,FP
5718,0,1,0.6198877096176147,0.6198877096176147,FP
5719,0,1,0.6116208434104919,0.6116208434104919,FP
5720,0,1,0.6026978492736816,0.6026978492736816,FP
5721,0,1,0.612362802028656,0.612362802028656,FP
5722,0,1,0.6031062602996826,0.6031062602996826,FP
5723,0,1,0.6124229431152344,0.6124229431152344,FP
5724,0,1,0.6157650947570801,0.6157650947570801,FP
5725,0,1,0.5967164039611816,0.5967164039611816,FP
5726,0,1,0.6096158623695374,0.6096158623695374,FP
5727,0,1,0.6162839531898499,0.6162839531898499,FP
5728,0,1,0.61582350730896,0.61582350730896,FP
5729,0,1,0.6232985854148865,0.6232985854148865,FP
5730,0,1,0.6049503087997437,0.6049503087997437,FP
5731,0,1,0.5948542952537537,0.5948542952537537,FP
5732,0,1,0.608168363571167,0.608168363571167,FP
5733,0,1,0.5938737392425537,0.5938737392425537,FP
5734,0,1,0.6128101944923401,0.6128101944923401,FP
5735,0,1,0.5978706479072571,0.5978706479072571,FP
5736,0,1,0.5966277122497559,0.5966277122497559,FP
5737,0,1,0.6137040853500366,0.6137040853500366,FP
5738,0,1,0.5971349477767944,0.5971349477767944,FP
5739,0,1,0.604682207107544,0.604682207107544,FP
5740,0,1,0.6087883710861206,0.6087883710861206,FP
5741,0,1,0.5944175720214844,0.5944175720214844,FP
5742,0,1,0.6021803617477417,0.6021803617477417,FP
5743,0,1,0.5958673357963562,0.5958673357963562,FP
5744,0,1,0.598510205745697,0.598510205745697,FP
5745,0,1,0.6113741397857666,0.6113741397857666,FP
5746,0,1,0.6064052581787109,0.6064052581787109,FP
5747,0,1,0.6098276972770691,0.6098276972770691,FP
5748,0,1,0.6170081496238708,0.6170081496238708,FP
5749,0,1,0.9373624324798584,0.9373624324798584,FP
5750,0,1,1.5282678604125977,1.5282678604125977,FP
5751,0,1,1.523837924003601,1.523837924003601,FP
5752,0,1,1.534275770187378,1.534275770187378,FP
5753,0,1,1.6363301277160645,1.6363301277160645,FP
5754,0,1,1.5984323024749756,1.5984323024749756,FP
5755,0,1,0.5982133746147156,0.5982133746147156,FP
5756,0,1,0.5933706164360046,0.5933706164360046,FP
5757,0,1,0.6060640215873718,0.6060640215873718,FP
5758,0,1,0.596885621547699,0.596885621547699,FP
5759,0,1,1.4563621282577515,1.4563621282577515,FP
5760,0,1,1.4630013704299927,1.4630013704299927,FP
5761,0,1,1.4451130628585815,1.4451130628585815,FP
5762,0,1,1.4450575113296509,1.4450575113296509,FP
5763,0,1,1.4208096265792847,1.4208096265792847,FP
5764,0,1,1.5460745096206665,1.5460745096206665,FP
5765,0,1,0.6223878264427185,0.6223878264427185,FP
5766,0,1,0.6007751226425171,0.6007751226425171,FP
5767,0,1,1.602122187614441,1.602122187614441,FP
5768,0,1,1.3952701091766357,1.3952701091766357,FP
5769,0,1,0.6269139647483826,0.6269139647483826,FP
5770,0,1,1.3387211561203003,1.3387211561203003,FP
5771,0,1,0.6457761526107788,0.6457761526107788,FP
5772,0,1,0.586661696434021,0.586661696434021,FP
5773,0,1,1.2912945747375488,1.2912945747375488,FP
5774,0,1,1.3863990306854248,1.3863990306854248,FP
5775,0,1,1.3288863897323608,1.3288863897323608,FP
5776,0,1,1.3210972547531128,1.3210972547531128,FP
5777,0,1,1.240024447441101,1.240024447441101,FP
5778,0,1,1.2499778270721436,1.2499778270721436,FP
5779,0,1,1.2803133726119995,1.2803133726119995,FP
5780,0,1,1.2616562843322754,1.2616562843322754,FP
5781,0,1,1.2167431116104126,1.2167431116104126,FP
5782,0,1,1.1737771034240723,1.1737771034240723,FP
5783,0,1,1.2417112588882446,1.2417112588882446,FP
5784,0,1,1.2218486070632935,1.2218486070632935,FP
5785,0,1,1.2198046445846558,1.2198046445846558,FP
5786,0,1,1.227514624595642,1.227514624595642,FP
5787,0,1,1.2045543193817139,1.2045543193817139,FP
5788,0,1,1.0823718309402466,1.0823718309402466,FP
5789,0,1,1.1477404832839966,1.1477404832839966,FP
5790,0,1,1.1110831499099731,1.1110831499099731,FP
5791,0,1,0.6812666058540344,0.6812666058540344,FP
5792,0,1,1.1921135187149048,1.1921135187149048,FP
5793,0,1,0.6762570738792419,0.6762570738792419,FP
5794,0,1,0.6707125902175903,0.6707125902175903,FP
5795,0,1,0.651964008808136,0.651964008808136,FP
5796,0,1,0.66130530834198,0.66130530834198,FP
5797,0,1,0.6440634727478027,0.6440634727478027,FP
5798,0,1,0.6479519009590149,0.6479519009590149,FP
5799,0,1,0.648377001285553,0.648377001285553,FP
5800,0,1,0.6380376219749451,0.6380376219749451,FP
5801,0,1,0.6194267272949219,0.6194267272949219,FP
5802,0,1,0.6291977763175964,0.6291977763175964,FP
5803,0,1,0.6264646053314209,0.6264646053314209,FP
5804,0,1,0.6643121838569641,0.6643121838569641,FP
5805,0,1,0.651644229888916,0.651644229888916,FP
5806,0,1,0.6210074424743652,0.6210074424743652,FP
5807,0,1,0.6459834575653076,0.6459834575653076,FP
5808,0,1,0.6244266033172607,0.6244266033172607,FP
5809,0,1,0.6145761609077454,0.6145761609077454,FP
5810,0,1,0.6233524680137634,0.6233524680137634,FP
5811,0,1,0.6201863884925842,0.6201863884925842,FP
5812,0,1,0.6367549300193787,0.6367549300193787,FP
5813,0,1,0.6258122324943542,0.6258122324943542,FP
5814,0,1,0.6235141158103943,0.6235141158103943,FP
5815,0,1,0.6338168382644653,0.6338168382644653,FP
5816,0,1,0.6465339660644531,0.6465339660644531,FP
5817,0,1,0.6188194751739502,0.6188194751739502,FP
5818,0,1,0.612813413143158,0.612813413143158,FP
5819,0,1,0.6069394946098328,0.6069394946098328,FP
5820,0,1,0.6109475493431091,0.6109475493431091,FP
5821,0,1,0.6214552521705627,0.6214552521705627,FP
5822,0,1,0.5986567139625549,0.5986567139625549,FP
5823,0,1,0.598278820514679,0.598278820514679,FP
5824,0,1,0.6107907891273499,0.6107907891273499,FP
5825,0,1,0.6139219999313354,0.6139219999313354,FP
5826,0,1,0.5940820574760437,0.5940820574760437,FP
5827,0,1,0.5934411883354187,0.5934411883354187,FP
5828,0,1,0.6002272963523865,0.6002272963523865,FP
5829,0,1,0.5970054268836975,0.5970054268836975,FP
5830,0,1,0.5890567302703857,0.5890567302703857,FP
5831,0,1,0.5912164449691772,0.5912164449691772,FP
5832,0,1,0.5869216322898865,0.5869216322898865,FP
5833,0,1,0.5944633483886719,0.5944633483886719,FP
5834,0,1,0.5947002172470093,0.5947002172470093,FP
5835,0,1,0.5702297687530518,0.5702297687530518,FP
5836,0,1,0.5572561025619507,0.5572561025619507,FP
5837,0,1,0.5591734051704407,0.5591734051704407,FP
5838,0,1,0.5577135682106018,0.5577135682106018,FP
5839,0,1,0.5467701554298401,0.5467701554298401,FP
5840,0,1,0.5585942268371582,0.5585942268371582,FP
5841,0,1,0.5703094005584717,0.5703094005584717,FP
5842,0,1,0.5607274174690247,0.5607274174690247,FP
5843,0,1,0.5676063895225525,0.5676063895225525,FP
5844,0,1,0.5533786416053772,0.5533786416053772,FP
5845,0,1,0.5533883571624756,0.5533883571624756,FP
5846,0,1,0.5569901466369629,0.5569901466369629,FP
5847,0,1,0.5712975263595581,0.5712975263595581,FP
5848,0,1,0.5571703910827637,0.5571703910827637,FP
5849,0,1,0.546048641204834,0.546048641204834,FP
5850,0,1,0.536704421043396,0.536704421043396,FP
5851,0,1,0.5368990898132324,0.5368990898132324,FP
5852,0,1,0.5369418859481812,0.5369418859481812,FP
5853,0,1,0.5418103933334351,0.5418103933334351,FP
5854,0,1,0.545490562915802,0.545490562915802,FP
5855,0,1,0.5441007018089294,0.5441007018089294,FP
5856,0,1,0.535007655620575,0.535007655620575,FP
5857,0,1,0.5294597148895264,0.5294597148895264,FP
5858,0,1,0.5251120924949646,0.5251120924949646,FP
5859,0,1,0.6511509418487549,0.6511509418487549,FP
5860,0,1,0.5272361636161804,0.5272361636161804,FP
5861,0,1,0.5264409184455872,0.5264409184455872,FP
5862,0,1,0.5203899145126343,0.5203899145126343,FP
5863,0,1,0.5406797528266907,0.5406797528266907,FP
5864,0,1,0.5241811275482178,0.5241811275482178,FP
5865,0,1,0.5365616083145142,0.5365616083145142,FP
5866,0,1,0.521594762802124,0.521594762802124,FP
5867,0,1,0.5258955359458923,0.5258955359458923,FP
5868,0,1,0.5254415273666382,0.5254415273666382,FP
5869,0,1,0.5259712338447571,0.5259712338447571,FP
5870,0,1,0.5064160823822021,0.5064160823822021,FP
5871,0,1,0.4941854774951935,0.4941854774951935,FP
5872,0,1,0.5133680105209351,0.5133680105209351,FP
5873,0,1,0.49928319454193115,0.49928319454193115,FP
5874,0,0,0.49256080389022827,0.49256080389022827,TN
5875,0,0,0.4930320978164673,0.4930320978164673,TN
5876,0,1,0.5185476541519165,0.5185476541519165,FP
5877,0,1,0.5496847033500671,0.5496847033500671,FP
5878,0,1,0.5035777688026428,0.5035777688026428,FP
5879,0,0,0.48993468284606934,0.48993468284606934,TN
5880,0,0,0.48804256319999695,0.48804256319999695,TN
5881,0,1,0.5718785524368286,0.5718785524368286,FP
5882,0,1,0.5135340690612793,0.5135340690612793,FP
5883,0,1,0.5038610696792603,0.5038610696792603,FP
5884,0,1,0.5703603625297546,0.5703603625297546,FP
5885,0,1,0.5871227383613586,0.5871227383613586,FP
5886,0,1,0.5153622627258301,0.5153622627258301,FP
5887,0,1,0.5429030060768127,0.5429030060768127,FP
5888,0,1,0.5299292802810669,0.5299292802810669,FP
5889,0,1,0.5527178049087524,0.5527178049087524,FP
5890,0,1,0.5231473445892334,0.5231473445892334,FP
5891,0,1,0.5927800536155701,0.5927800536155701,FP
5892,0,1,0.591655433177948,0.591655433177948,FP
5893,0,1,0.6127932667732239,0.6127932667732239,FP
5894,0,1,0.923616349697113,0.923616349697113,FP
5895,0,1,0.9190540909767151,0.9190540909767151,FP
5896,0,1,0.913073718547821,0.913073718547821,FP
5897,0,1,0.9632500410079956,0.9632500410079956,FP
5898,0,1,0.9149666428565979,0.9149666428565979,FP
5899,0,1,0.9076483249664307,0.9076483249664307,FP
5900,0,1,0.906370997428894,0.906370997428894,FP
5901,0,1,0.9268758893013,0.9268758893013,FP
5902,0,1,0.9089698791503906,0.9089698791503906,FP
5903,0,1,0.9051221609115601,0.9051221609115601,FP
5904,0,1,0.8859860301017761,0.8859860301017761,FP
5905,0,1,0.9104862213134766,0.9104862213134766,FP
5906,0,1,0.8850208520889282,0.8850208520889282,FP
5907,0,1,0.8758744597434998,0.8758744597434998,FP
5908,0,1,0.8600215315818787,0.8600215315818787,FP
5909,0,1,0.8758985996246338,0.8758985996246338,FP
5910,0,1,0.8718577027320862,0.8718577027320862,FP
5911,0,1,0.8647961616516113,0.8647961616516113,FP
5912,0,1,0.869550347328186,0.869550347328186,FP
5913,0,1,0.8632327318191528,0.8632327318191528,FP
5914,0,1,0.8668760657310486,0.8668760657310486,FP
5915,0,1,0.8587796092033386,0.8587796092033386,FP
5916,0,1,0.8553386926651001,0.8553386926651001,FP
5917,0,1,0.8657273054122925,0.8657273054122925,FP
5918,0,1,0.8711932301521301,0.8711932301521301,FP
5919,0,1,0.8849552869796753,0.8849552869796753,FP
5920,0,1,0.8402167558670044,0.8402167558670044,FP
5921,0,1,0.8558657765388489,0.8558657765388489,FP
5922,0,1,0.8167040944099426,0.8167040944099426,FP
5923,0,1,0.8196966648101807,0.8196966648101807,FP
5924,0,1,0.811461329460144,0.811461329460144,FP
5925,0,1,0.8314909338951111,0.8314909338951111,FP
5926,0,1,0.7922707200050354,0.7922707200050354,FP
5927,0,1,0.8195337057113647,0.8195337057113647,FP
5928,0,1,0.793892502784729,0.793892502784729,FP
5929,0,1,0.7924110293388367,0.7924110293388367,FP
5930,0,1,0.7654727697372437,0.7654727697372437,FP
5931,0,1,0.7376600503921509,0.7376600503921509,FP
5932,0,1,0.7611849904060364,0.7611849904060364,FP
5933,0,1,0.7195120453834534,0.7195120453834534,FP
5934,0,1,0.7426308989524841,0.7426308989524841,FP
5935,0,1,0.7853295207023621,0.7853295207023621,FP
5936,0,1,0.7270681858062744,0.7270681858062744,FP
5937,0,1,0.7218591570854187,0.7218591570854187,FP
5938,0,1,0.7024759650230408,0.7024759650230408,FP
5939,0,1,0.6932958364486694,0.6932958364486694,FP
5940,0,1,0.6952277421951294,0.6952277421951294,FP
5941,0,1,0.6755701303482056,0.6755701303482056,FP
5942,0,1,0.6867017149925232,0.6867017149925232,FP
5943,0,1,0.6666030883789062,0.6666030883789062,FP
5944,0,1,0.66089928150177,0.66089928150177,FP
5945,0,1,0.6495568752288818,0.6495568752288818,FP
5946,0,1,0.6376208662986755,0.6376208662986755,FP
5947,0,1,0.6467469930648804,0.6467469930648804,FP
5948,0,1,0.6318248510360718,0.6318248510360718,FP
5949,0,1,0.6338788866996765,0.6338788866996765,FP
5950,0,1,0.6298850774765015,0.6298850774765015,FP
5951,0,1,0.6260966062545776,0.6260966062545776,FP
5952,0,1,0.629931628704071,0.629931628704071,FP
5953,0,1,0.628190279006958,0.628190279006958,FP
5954,0,1,0.614048421382904,0.614048421382904,FP
5955,0,1,0.6055877208709717,0.6055877208709717,FP
5956,0,1,0.6150644421577454,0.6150644421577454,FP
5957,0,1,0.523256242275238,0.523256242275238,FP
5958,0,1,0.538962185382843,0.538962185382843,FP
5959,0,1,0.5361726880073547,0.5361726880073547,FP
5960,0,1,0.539945662021637,0.539945662021637,FP
5961,0,1,0.5343472361564636,0.5343472361564636,FP
5962,0,1,0.5426614880561829,0.5426614880561829,FP
5963,0,1,0.5434125065803528,0.5434125065803528,FP
5964,0,1,0.5473498106002808,0.5473498106002808,FP
5965,0,1,0.5472449660301208,0.5472449660301208,FP
5966,0,1,0.5515466928482056,0.5515466928482056,FP
5967,0,1,0.5468927621841431,0.5468927621841431,FP
5968,0,1,0.5474584698677063,0.5474584698677063,FP
5969,0,1,0.5482945442199707,0.5482945442199707,FP
5970,0,1,0.5414085984230042,0.5414085984230042,FP
5971,0,1,0.5372805595397949,0.5372805595397949,FP
5972,0,1,0.5292645692825317,0.5292645692825317,FP
5973,0,1,0.5365236401557922,0.5365236401557922,FP
5974,0,1,0.5420114994049072,0.5420114994049072,FP
5975,0,1,0.5563516020774841,0.5563516020774841,FP
5976,0,1,0.5569458603858948,0.5569458603858948,FP
5977,0,1,0.5557811856269836,0.5557811856269836,FP
5978,0,1,0.5472447872161865,0.5472447872161865,FP
5979,0,1,0.5487269759178162,0.5487269759178162,FP
5980,0,1,0.5479125380516052,0.5479125380516052,FP
5981,0,1,0.5387108325958252,0.5387108325958252,FP
5982,0,1,0.5363677144050598,0.5363677144050598,FP
5983,0,1,0.5276973843574524,0.5276973843574524,FP
5984,0,1,0.526462733745575,0.526462733745575,FP
5985,0,1,0.5212051868438721,0.5212051868438721,FP
5986,0,1,0.5183324217796326,0.5183324217796326,FP
5987,0,1,0.5270189046859741,0.5270189046859741,FP
5988,0,1,0.5138065218925476,0.5138065218925476,FP
5989,0,1,0.513078510761261,0.513078510761261,FP
5990,0,1,0.5024484395980835,0.5024484395980835,FP
5991,0,1,0.5040094256401062,0.5040094256401062,FP
5992,0,1,0.49649524688720703,0.49649524688720703,FP
5993,0,1,0.4976890981197357,0.4976890981197357,FP
5994,0,0,0.4933371841907501,0.4933371841907501,TN
5995,0,1,0.49422165751457214,0.49422165751457214,FP
5996,0,0,0.4923515021800995,0.4923515021800995,TN
5997,0,1,0.5013059377670288,0.5013059377670288,FP
5998,0,1,0.5027385950088501,0.5027385950088501,FP
5999,0,1,0.5078853964805603,0.5078853964805603,FP
6000,0,1,0.5139362215995789,0.5139362215995789,FP
6001,0,1,0.5108659267425537,0.5108659267425537,FP
6002,0,1,0.509547770023346,0.509547770023346,FP
6003,0,1,0.5093026161193848,0.5093026161193848,FP
6004,0,1,0.5079942941665649,0.5079942941665649,FP
6005,0,1,0.5040380954742432,0.5040380954742432,FP
6006,0,1,0.5015749931335449,0.5015749931335449,FP
6007,0,1,0.49701157212257385,0.49701157212257385,FP
6008,0,0,0.4923999309539795,0.4923999309539795,TN
6009,0,1,0.5018808841705322,0.5018808841705322,FP
6010,0,1,0.4947865307331085,0.4947865307331085,FP
6011,0,1,0.5006095767021179,0.5006095767021179,FP
6012,0,1,0.4976981282234192,0.4976981282234192,FP
6013,0,0,0.4918545186519623,0.4918545186519623,TN
6014,0,0,0.491323858499527,0.491323858499527,TN
6015,0,0,0.4896414577960968,0.4896414577960968,TN
6016,0,1,0.499935507774353,0.499935507774353,FP
6017,0,1,0.4970158338546753,0.4970158338546753,FP
6018,0,1,0.5297634601593018,0.5297634601593018,FP
6019,0,1,0.49533262848854065,0.49533262848854065,FP
6020,0,1,0.5000721216201782,0.5000721216201782,FP
6021,0,1,0.5085716247558594,0.5085716247558594,FP
6022,0,1,0.5088251233100891,0.5088251233100891,FP
6023,0,1,0.5016928315162659,0.5016928315162659,FP
6024,0,1,0.5061187148094177,0.5061187148094177,FP
6025,0,1,0.4987180829048157,0.4987180829048157,FP
6026,0,1,0.4998947083950043,0.4998947083950043,FP
6027,0,0,0.47810879349708557,0.47810879349708557,TN
6028,0,0,0.4823126494884491,0.4823126494884491,TN
6029,0,0,0.4824776351451874,0.4824776351451874,TN
6030,0,0,0.4818514883518219,0.4818514883518219,TN
6031,0,0,0.4930464029312134,0.4930464029312134,TN
6032,0,1,0.5053508281707764,0.5053508281707764,FP
6033,0,0,0.4852169156074524,0.4852169156074524,TN
6034,0,1,0.5150010585784912,0.5150010585784912,FP
6035,0,0,0.4938317537307739,0.4938317537307739,TN
6036,0,1,0.5025830864906311,0.5025830864906311,FP
6037,0,1,0.5015842318534851,0.5015842318534851,FP
6038,0,1,0.5119274258613586,0.5119274258613586,FP
6039,0,1,0.49559810757637024,0.49559810757637024,FP
6040,0,1,0.503180980682373,0.503180980682373,FP
6041,0,1,0.533084511756897,0.533084511756897,FP
6042,0,1,0.5212852954864502,0.5212852954864502,FP
6043,0,1,0.5145642161369324,0.5145642161369324,FP
6044,0,1,0.5068828463554382,0.5068828463554382,FP
6045,0,1,0.5452395081520081,0.5452395081520081,FP
6046,0,1,0.5578854084014893,0.5578854084014893,FP
6047,0,1,0.5583293437957764,0.5583293437957764,FP
6048,0,1,0.5621888637542725,0.5621888637542725,FP
6049,0,1,0.569016695022583,0.569016695022583,FP
6050,0,1,0.5514459013938904,0.5514459013938904,FP
6051,0,1,0.5641109347343445,0.5641109347343445,FP
6052,0,1,0.556174635887146,0.556174635887146,FP
6053,0,1,0.5685901045799255,0.5685901045799255,FP
6054,0,1,0.5511637330055237,0.5511637330055237,FP
6055,0,1,0.5635237693786621,0.5635237693786621,FP
6056,0,1,0.5381792187690735,0.5381792187690735,FP
6057,0,1,0.5501567721366882,0.5501567721366882,FP
6058,0,1,0.546963095664978,0.546963095664978,FP
6059,0,1,0.544806957244873,0.544806957244873,FP
6060,0,1,0.5667291879653931,0.5667291879653931,FP
6061,0,1,0.5666459798812866,0.5666459798812866,FP
6062,0,1,0.5764532685279846,0.5764532685279846,FP
6063,0,1,0.5363015532493591,0.5363015532493591,FP
6064,0,1,0.5401782393455505,0.5401782393455505,FP
6065,0,1,0.5468248128890991,0.5468248128890991,FP
6066,0,1,0.539771318435669,0.539771318435669,FP
6067,0,1,0.5652673840522766,0.5652673840522766,FP
6068,0,1,0.5695502161979675,0.5695502161979675,FP
6069,0,1,0.5587770938873291,0.5587770938873291,FP
6070,0,1,0.5805478096008301,0.5805478096008301,FP
6071,0,1,0.5542780160903931,0.5542780160903931,FP
6072,0,1,0.556465744972229,0.556465744972229,FP
6073,0,1,0.5595035552978516,0.5595035552978516,FP
6074,0,1,0.5559706687927246,0.5559706687927246,FP
6075,0,1,0.5523363351821899,0.5523363351821899,FP
6076,0,1,0.5436235666275024,0.5436235666275024,FP
6077,0,1,0.5444687008857727,0.5444687008857727,FP
6078,0,1,0.5677083730697632,0.5677083730697632,FP
6079,0,1,0.5445172786712646,0.5445172786712646,FP
6080,0,1,0.5445411801338196,0.5445411801338196,FP
6081,0,1,0.551876425743103,0.551876425743103,FP
6082,0,1,0.5467336177825928,0.5467336177825928,FP
6083,0,1,0.5737027525901794,0.5737027525901794,FP
6084,0,1,0.9036661386489868,0.9036661386489868,FP
6085,0,1,0.9126508831977844,0.9126508831977844,FP
6086,0,1,0.8951036334037781,0.8951036334037781,FP
6087,0,1,0.9590963125228882,0.9590963125228882,FP
6088,0,1,0.9251345992088318,0.9251345992088318,FP
6089,0,1,0.8807184100151062,0.8807184100151062,FP
6090,0,1,0.8750835657119751,0.8750835657119751,FP
6091,0,1,0.8844144344329834,0.8844144344329834,FP
6092,0,1,0.9072160124778748,0.9072160124778748,FP
6093,0,1,0.9105279445648193,0.9105279445648193,FP
6094,0,1,0.8381920456886292,0.8381920456886292,FP
6095,0,1,0.9022218585014343,0.9022218585014343,FP
6096,0,1,0.8705192804336548,0.8705192804336548,FP
6097,0,1,0.8491633534431458,0.8491633534431458,FP
6098,0,1,0.8378520011901855,0.8378520011901855,FP
6099,0,1,0.8859440088272095,0.8859440088272095,FP
6100,0,1,0.8563384413719177,0.8563384413719177,FP
6101,0,1,0.8496372103691101,0.8496372103691101,FP
6102,0,1,0.8337010145187378,0.8337010145187378,FP
6103,0,1,0.8298993110656738,0.8298993110656738,FP
6104,0,1,0.8478902578353882,0.8478902578353882,FP
6105,0,1,0.8327323198318481,0.8327323198318481,FP
6106,0,1,0.8366197943687439,0.8366197943687439,FP
6107,0,1,0.9402685761451721,0.9402685761451721,FP
6108,0,1,0.8379170894622803,0.8379170894622803,FP
6109,0,1,0.7898715734481812,0.7898715734481812,FP
6110,0,1,0.868190586566925,0.868190586566925,FP
6111,0,1,0.8605535626411438,0.8605535626411438,FP
6112,0,1,0.8391720652580261,0.8391720652580261,FP
6113,0,1,0.8058303594589233,0.8058303594589233,FP
6114,0,1,0.8206609487533569,0.8206609487533569,FP
6115,0,1,0.7961769700050354,0.7961769700050354,FP
6116,0,1,0.7777388691902161,0.7777388691902161,FP
6117,0,1,0.7867974638938904,0.7867974638938904,FP
6118,0,1,0.7664251923561096,0.7664251923561096,FP
6119,0,1,0.7664443254470825,0.7664443254470825,FP
6120,0,1,0.8024352788925171,0.8024352788925171,FP
6121,0,1,0.7341313362121582,0.7341313362121582,FP
6122,0,1,0.7283294796943665,0.7283294796943665,FP
6123,0,1,0.7285373210906982,0.7285373210906982,FP
6124,0,1,0.7243214249610901,0.7243214249610901,FP
6125,0,1,0.7505195140838623,0.7505195140838623,FP
6126,0,1,0.8067205548286438,0.8067205548286438,FP
6127,0,1,0.7050007581710815,0.7050007581710815,FP
6128,0,1,0.7282378673553467,0.7282378673553467,FP
6129,0,1,0.6869871616363525,0.6869871616363525,FP
6130,0,1,0.6980534195899963,0.6980534195899963,FP
6131,0,1,0.7102090716362,0.7102090716362,FP
6132,0,1,0.6878654360771179,0.6878654360771179,FP
6133,0,1,0.6955676078796387,0.6955676078796387,FP
6134,0,1,0.6817777156829834,0.6817777156829834,FP
6135,0,1,0.7005473971366882,0.7005473971366882,FP
6136,0,1,0.6914926171302795,0.6914926171302795,FP
6137,0,1,0.6549791097640991,0.6549791097640991,FP
6138,0,1,0.6674812436103821,0.6674812436103821,FP
6139,0,1,0.6661319136619568,0.6661319136619568,FP
6140,0,1,0.6638240814208984,0.6638240814208984,FP
6141,0,1,0.6533281207084656,0.6533281207084656,FP
6142,0,1,0.6431402564048767,0.6431402564048767,FP
6143,0,1,0.6389755606651306,0.6389755606651306,FP
6144,0,1,0.6788178086280823,0.6788178086280823,FP
6145,0,1,0.6863917708396912,0.6863917708396912,FP
6146,0,1,0.7018158435821533,0.7018158435821533,FP
6147,0,1,0.6437904834747314,0.6437904834747314,FP
6148,0,1,0.6316373348236084,0.6316373348236084,FP
6149,0,1,0.6253213286399841,0.6253213286399841,FP
6150,0,1,0.6135762333869934,0.6135762333869934,FP
6151,0,1,0.6121001243591309,0.6121001243591309,FP
6152,0,1,0.6107404232025146,0.6107404232025146,FP
6153,0,1,0.6174879670143127,0.6174879670143127,FP
6154,0,1,0.6069504022598267,0.6069504022598267,FP
6155,0,1,0.59993976354599,0.59993976354599,FP
6156,0,1,0.5915127396583557,0.5915127396583557,FP
6157,0,1,0.5989778637886047,0.5989778637886047,FP
6158,0,1,0.5789725184440613,0.5789725184440613,FP
6159,0,1,0.5814358592033386,0.5814358592033386,FP
6160,0,1,0.5871706008911133,0.5871706008911133,FP
6161,0,1,0.5947834253311157,0.5947834253311157,FP
6162,0,1,0.5791165232658386,0.5791165232658386,FP
6163,0,1,0.5767355561256409,0.5767355561256409,FP
6164,0,1,0.5722198486328125,0.5722198486328125,FP
6165,0,1,0.559792160987854,0.559792160987854,FP
6166,0,1,0.5556472539901733,0.5556472539901733,FP
6167,0,1,0.5633953213691711,0.5633953213691711,FP
6168,0,1,0.5509230494499207,0.5509230494499207,FP
6169,0,1,0.5487498044967651,0.5487498044967651,FP
6170,0,1,0.5378671288490295,0.5378671288490295,FP
6171,0,1,0.5394761562347412,0.5394761562347412,FP
6172,0,1,0.5512533187866211,0.5512533187866211,FP
6173,0,1,0.5330095887184143,0.5330095887184143,FP
6174,0,1,0.5325802564620972,0.5325802564620972,FP
6175,0,1,0.5272580981254578,0.5272580981254578,FP
6176,0,1,0.5425257086753845,0.5425257086753845,FP
6177,0,1,0.5325471758842468,0.5325471758842468,FP
6178,0,1,0.5450212955474854,0.5450212955474854,FP
6179,0,1,0.5559016466140747,0.5559016466140747,FP
6180,0,1,0.5530356764793396,0.5530356764793396,FP
6181,0,1,0.5453135967254639,0.5453135967254639,FP
6182,0,1,0.5687354803085327,0.5687354803085327,FP
6183,0,1,0.5499168634414673,0.5499168634414673,FP
6184,0,1,0.5695127844810486,0.5695127844810486,FP
6185,0,1,0.5782507061958313,0.5782507061958313,FP
6186,0,1,0.6233952045440674,0.6233952045440674,FP
6187,0,1,0.5790078639984131,0.5790078639984131,FP
6188,0,1,0.5900138020515442,0.5900138020515442,FP
6189,0,1,0.5938300490379333,0.5938300490379333,FP
6190,0,1,0.5931488275527954,0.5931488275527954,FP
6191,0,1,0.6335087418556213,0.6335087418556213,FP
6192,0,1,0.6101743578910828,0.6101743578910828,FP
6193,0,1,0.6313790678977966,0.6313790678977966,FP
6194,0,1,0.6203296780586243,0.6203296780586243,FP
6195,0,1,0.6257234811782837,0.6257234811782837,FP
6196,0,1,0.6221563220024109,0.6221563220024109,FP
6197,0,1,0.6319411993026733,0.6319411993026733,FP
6198,0,1,0.5475647449493408,0.5475647449493408,FP
6199,0,1,0.5384213924407959,0.5384213924407959,FP
6200,0,1,0.5477114319801331,0.5477114319801331,FP
6201,0,1,0.6615414619445801,0.6615414619445801,FP
6202,0,1,0.6430122256278992,0.6430122256278992,FP
6203,0,1,0.5717746615409851,0.5717746615409851,FP
6204,0,1,0.5821084380149841,0.5821084380149841,FP
6205,0,1,0.5810592770576477,0.5810592770576477,FP
6206,0,1,0.592450737953186,0.592450737953186,FP
6207,0,1,0.6086060404777527,0.6086060404777527,FP
6208,0,1,0.6171702742576599,0.6171702742576599,FP
6209,0,1,0.6259432435035706,0.6259432435035706,FP
6210,0,1,0.6187122464179993,0.6187122464179993,FP
6211,0,1,0.6448636651039124,0.6448636651039124,FP
6212,0,1,0.6607658863067627,0.6607658863067627,FP
6213,0,1,0.6872223615646362,0.6872223615646362,FP
6214,0,1,0.7007972002029419,0.7007972002029419,FP
6215,0,1,0.7169221639633179,0.7169221639633179,FP
6216,0,1,0.7570568919181824,0.7570568919181824,FP
6217,0,1,0.802215576171875,0.802215576171875,FP
6218,0,1,0.8183305263519287,0.8183305263519287,FP
6219,1,1,0.9115393161773682,0.9115393161773682,TP
6220,1,1,0.888181209564209,0.888181209564209,TP
6221,1,1,0.9194788932800293,0.9194788932800293,TP
6222,1,1,0.9826164245605469,0.9826164245605469,TP
6223,1,1,1.0220528841018677,1.0220528841018677,TP
6224,1,1,1.0509178638458252,1.0509178638458252,TP
6225,1,1,1.0998387336730957,1.0998387336730957,TP
6226,1,1,1.1515038013458252,1.1515038013458252,TP
6227,1,1,1.2220406532287598,1.2220406532287598,TP
6228,1,1,1.3091305494308472,1.3091305494308472,TP
6229,1,1,1.3612375259399414,1.3612375259399414,TP
6230,1,1,1.4409533739089966,1.4409533739089966,TP
6231,1,1,1.540529727935791,1.540529727935791,TP
6232,1,1,1.6600593328475952,1.6600593328475952,TP
6233,1,1,1.7209439277648926,1.7209439277648926,TP
6234,1,1,1.8020086288452148,1.8020086288452148,TP
6235,1,1,1.9242669343948364,1.9242669343948364,TP
6236,1,1,2.0160651206970215,2.0160651206970215,TP
6237,1,1,2.129342794418335,2.129342794418335,TP
6238,1,1,2.310886859893799,2.310886859893799,TP
6239,1,1,2.4440765380859375,2.4440765380859375,TP
6240,0,1,0.7420165538787842,0.7420165538787842,FP
6241,0,1,0.7493742108345032,0.7493742108345032,FP
6242,0,1,0.730741560459137,0.730741560459137,FP
6243,0,1,0.7322425246238708,0.7322425246238708,FP
6244,0,1,0.7396116852760315,0.7396116852760315,FP
6245,0,1,0.7449167370796204,0.7449167370796204,FP
6246,0,1,0.7357109189033508,0.7357109189033508,FP
6247,0,1,0.7362241148948669,0.7362241148948669,FP
6248,0,1,0.730116069316864,0.730116069316864,FP
6249,0,1,0.7466284036636353,0.7466284036636353,FP
6250,0,1,0.7588830590248108,0.7588830590248108,FP
6251,0,1,0.7395877838134766,0.7395877838134766,FP
6252,0,1,0.7412984371185303,0.7412984371185303,FP
6253,0,1,0.7251715660095215,0.7251715660095215,FP
6254,0,1,0.7203099131584167,0.7203099131584167,FP
6255,0,1,0.7176001071929932,0.7176001071929932,FP
6256,0,1,0.7270281910896301,0.7270281910896301,FP
6257,0,1,0.6982488036155701,0.6982488036155701,FP
6258,0,1,0.6863449215888977,0.6863449215888977,FP
6259,0,1,0.679973840713501,0.679973840713501,FP
6260,0,1,0.6788296699523926,0.6788296699523926,FP
6261,0,1,0.6739842891693115,0.6739842891693115,FP
6262,0,1,0.6818469166755676,0.6818469166755676,FP
6263,0,1,0.6753541827201843,0.6753541827201843,FP
6264,0,1,0.6739142537117004,0.6739142537117004,FP
6265,0,1,0.6603990197181702,0.6603990197181702,FP
6266,0,1,0.6656547784805298,0.6656547784805298,FP
6267,0,1,0.6500568389892578,0.6500568389892578,FP
6268,0,1,0.6427409648895264,0.6427409648895264,FP
6269,0,1,0.6357152462005615,0.6357152462005615,FP
6270,0,1,0.634232759475708,0.634232759475708,FP
6271,0,1,0.6329955458641052,0.6329955458641052,FP
6272,0,1,0.6157201528549194,0.6157201528549194,FP
6273,0,1,0.6081550121307373,0.6081550121307373,FP
6274,0,1,0.5999181866645813,0.5999181866645813,FP
6275,0,1,0.5987431406974792,0.5987431406974792,FP
6276,0,1,0.5911871194839478,0.5911871194839478,FP
6277,0,1,0.5913265943527222,0.5913265943527222,FP
6278,0,1,0.5850512981414795,0.5850512981414795,FP
6279,0,1,0.5881833434104919,0.5881833434104919,FP
6280,0,1,0.591194748878479,0.591194748878479,FP
6281,0,1,0.5845817923545837,0.5845817923545837,FP
6282,0,1,0.5807688236236572,0.5807688236236572,FP
6283,0,1,0.5780057907104492,0.5780057907104492,FP
6284,0,1,0.584909975528717,0.584909975528717,FP
6285,0,1,0.5722212791442871,0.5722212791442871,FP
6286,0,1,0.5643129944801331,0.5643129944801331,FP
6287,0,1,0.5680963397026062,0.5680963397026062,FP
6288,0,1,0.5663968920707703,0.5663968920707703,FP
6289,0,1,0.5659146308898926,0.5659146308898926,FP
6290,0,1,0.5668076872825623,0.5668076872825623,FP
6291,0,1,0.5767152905464172,0.5767152905464172,FP
6292,0,1,0.56821608543396,0.56821608543396,FP
6293,0,1,0.5721182823181152,0.5721182823181152,FP
6294,0,1,0.5618172287940979,0.5618172287940979,FP
6295,0,1,0.5632120370864868,0.5632120370864868,FP
6296,0,1,0.5639841556549072,0.5639841556549072,FP
6297,0,1,0.5659147500991821,0.5659147500991821,FP
6298,0,1,0.5777533054351807,0.5777533054351807,FP
6299,0,1,0.5657130479812622,0.5657130479812622,FP
6300,0,1,0.5654556751251221,0.5654556751251221,FP
6301,0,1,0.5804017186164856,0.5804017186164856,FP
6302,0,1,0.5624017119407654,0.5624017119407654,FP
6303,0,1,0.5614528059959412,0.5614528059959412,FP
6304,0,1,0.5506346225738525,0.5506346225738525,FP
6305,0,1,0.5505678057670593,0.5505678057670593,FP
6306,0,1,0.5572128295898438,0.5572128295898438,FP
6307,0,1,0.5570540428161621,0.5570540428161621,FP
6308,0,1,0.5681822299957275,0.5681822299957275,FP
6309,0,1,0.5791148543357849,0.5791148543357849,FP
6310,0,1,0.5784774422645569,0.5784774422645569,FP
6311,0,1,0.5740936398506165,0.5740936398506165,FP
6312,0,1,0.575920820236206,0.575920820236206,FP
6313,0,1,0.5919878482818604,0.5919878482818604,FP
6314,0,1,0.5920795798301697,0.5920795798301697,FP
6315,0,1,0.5924625396728516,0.5924625396728516,FP
6316,0,1,0.5893527865409851,0.5893527865409851,FP
6317,0,1,0.5910420417785645,0.5910420417785645,FP
6318,0,1,0.5844284892082214,0.5844284892082214,FP
6319,0,1,0.6211180686950684,0.6211180686950684,FP
6320,0,1,0.5893245935440063,0.5893245935440063,FP
6321,0,1,0.5898105502128601,0.5898105502128601,FP
6322,0,1,0.6019543409347534,0.6019543409347534,FP
6323,0,1,0.6126533150672913,0.6126533150672913,FP
6324,0,1,0.6398488879203796,0.6398488879203796,FP
6325,0,1,0.6262173056602478,0.6262173056602478,FP
6326,0,1,0.6428808569908142,0.6428808569908142,FP
6327,0,1,0.6520593166351318,0.6520593166351318,FP
6328,0,1,0.656209409236908,0.656209409236908,FP
6329,0,1,0.6554437279701233,0.6554437279701233,FP
6330,0,1,0.6703324913978577,0.6703324913978577,FP
6331,0,1,0.6729640364646912,0.6729640364646912,FP
6332,0,1,0.6726608872413635,0.6726608872413635,FP
6333,0,1,0.6947574615478516,0.6947574615478516,FP
6334,0,1,0.6977383494377136,0.6977383494377136,FP
6335,0,1,0.7011587023735046,0.7011587023735046,FP
6336,0,1,0.7409030795097351,0.7409030795097351,FP
6337,0,1,0.7855126261711121,0.7855126261711121,FP
6338,0,1,0.7855584025382996,0.7855584025382996,FP
6339,0,1,0.8870413899421692,0.8870413899421692,FP
6340,0,1,0.7872650623321533,0.7872650623321533,FP
6341,0,1,0.7746800780296326,0.7746800780296326,FP
6342,0,1,0.8014889359474182,0.8014889359474182,FP
6343,0,1,0.9379934072494507,0.9379934072494507,FP
6344,0,1,0.9500076770782471,0.9500076770782471,FP
6345,0,1,0.8835628032684326,0.8835628032684326,FP
6346,0,1,0.9164638519287109,0.9164638519287109,FP
6347,0,1,0.8716408014297485,0.8716408014297485,FP
6348,0,1,0.8517391681671143,0.8517391681671143,FP
6349,0,1,0.8549572229385376,0.8549572229385376,FP
6350,0,1,0.846569299697876,0.846569299697876,FP
6351,0,1,0.8361931443214417,0.8361931443214417,FP
6352,0,1,0.8136836290359497,0.8136836290359497,FP
6353,0,1,1.397570013999939,1.397570013999939,FP
6354,0,1,1.3954424858093262,1.3954424858093262,FP
6355,0,1,1.3322163820266724,1.3322163820266724,FP
6356,0,1,1.333213448524475,1.333213448524475,FP
6357,0,1,1.322587251663208,1.322587251663208,FP
6358,0,1,1.376294732093811,1.376294732093811,FP
6359,0,1,1.3051159381866455,1.3051159381866455,FP
6360,0,1,1.3895225524902344,1.3895225524902344,FP
6361,0,1,1.3204452991485596,1.3204452991485596,FP
6362,0,1,1.3065916299819946,1.3065916299819946,FP
6363,0,1,1.3369964361190796,1.3369964361190796,FP
6364,0,1,1.2939409017562866,1.2939409017562866,FP
6365,0,1,1.2994258403778076,1.2994258403778076,FP
6366,0,1,1.2733741998672485,1.2733741998672485,FP
6367,0,1,1.2917801141738892,1.2917801141738892,FP
6368,0,1,1.3197541236877441,1.3197541236877441,FP
6369,0,1,1.2901002168655396,1.2901002168655396,FP
6370,0,1,1.3097970485687256,1.3097970485687256,FP
6371,0,1,1.2480905055999756,1.2480905055999756,FP
6372,0,1,1.295290470123291,1.295290470123291,FP
6373,0,1,1.245432734489441,1.245432734489441,FP
6374,0,1,1.2900912761688232,1.2900912761688232,FP
6375,0,1,1.2715182304382324,1.2715182304382324,FP
6376,0,1,0.6801133751869202,0.6801133751869202,FP
6377,0,1,0.6844120025634766,0.6844120025634766,FP
6378,0,1,0.6793542504310608,0.6793542504310608,FP
6379,0,1,0.6736297607421875,0.6736297607421875,FP
6380,0,1,0.6661881804466248,0.6661881804466248,FP
6381,0,1,0.6595937609672546,0.6595937609672546,FP
6382,0,1,0.6712203025817871,0.6712203025817871,FP
6383,0,1,0.6586462259292603,0.6586462259292603,FP
6384,0,1,0.6735640168190002,0.6735640168190002,FP
6385,0,1,0.6573551893234253,0.6573551893234253,FP
6386,0,1,0.6473909020423889,0.6473909020423889,FP
6387,0,1,0.6475414037704468,0.6475414037704468,FP
6388,0,1,0.6350293159484863,0.6350293159484863,FP
6389,0,1,0.6228938102722168,0.6228938102722168,FP
6390,0,1,0.6240629553794861,0.6240629553794861,FP
6391,0,1,0.6103469133377075,0.6103469133377075,FP
6392,0,1,0.5995962023735046,0.5995962023735046,FP
6393,0,1,0.6041805744171143,0.6041805744171143,FP
6394,0,1,0.6094964742660522,0.6094964742660522,FP
6395,0,1,0.6088297367095947,0.6088297367095947,FP
6396,0,1,0.6049705743789673,0.6049705743789673,FP
6397,0,1,0.6025454998016357,0.6025454998016357,FP
6398,0,1,0.603386402130127,0.603386402130127,FP
6399,0,1,0.5744165182113647,0.5744165182113647,FP
6400,0,1,0.5637331604957581,0.5637331604957581,FP
6401,0,1,0.5665127635002136,0.5665127635002136,FP
6402,0,1,0.5524560809135437,0.5524560809135437,FP
6403,0,1,0.556125819683075,0.556125819683075,FP
6404,0,1,0.5604503154754639,0.5604503154754639,FP
6405,0,1,0.5496791005134583,0.5496791005134583,FP
6406,0,1,0.5629439353942871,0.5629439353942871,FP
6407,0,1,0.5550928711891174,0.5550928711891174,FP
6408,0,1,0.5476502180099487,0.5476502180099487,FP
6409,0,1,0.5420172214508057,0.5420172214508057,FP
6410,0,1,0.5508599281311035,0.5508599281311035,FP
6411,0,1,0.547386646270752,0.547386646270752,FP
6412,0,1,0.5481995940208435,0.5481995940208435,FP
6413,0,1,0.5699313879013062,0.5699313879013062,FP
6414,0,1,0.5428741574287415,0.5428741574287415,FP
6415,0,1,0.5424712300300598,0.5424712300300598,FP
6416,0,1,0.5431578159332275,0.5431578159332275,FP
6417,0,1,0.5355233550071716,0.5355233550071716,FP
6418,0,1,0.5398821234703064,0.5398821234703064,FP
6419,0,1,0.5417520999908447,0.5417520999908447,FP
6420,0,1,0.533306896686554,0.533306896686554,FP
6421,0,1,0.5350213646888733,0.5350213646888733,FP
6422,0,1,0.5328800082206726,0.5328800082206726,FP
6423,0,1,0.5350406765937805,0.5350406765937805,FP
6424,0,1,0.5639474391937256,0.5639474391937256,FP
6425,0,1,0.5501652956008911,0.5501652956008911,FP
6426,0,1,0.5514697432518005,0.5514697432518005,FP
6427,0,1,0.5521835088729858,0.5521835088729858,FP
6428,0,1,0.5692624449729919,0.5692624449729919,FP
6429,0,1,0.6123135089874268,0.6123135089874268,FP
6430,0,1,0.6569163799285889,0.6569163799285889,FP
6431,0,1,0.5733480453491211,0.5733480453491211,FP
6432,0,1,0.6080066561698914,0.6080066561698914,FP
6433,0,1,0.6263460516929626,0.6263460516929626,FP
6434,0,1,0.6556540131568909,0.6556540131568909,FP
6435,0,1,0.5639955401420593,0.5639955401420593,FP
6436,0,1,0.6441116333007812,0.6441116333007812,FP
6437,0,1,0.6620239019393921,0.6620239019393921,FP
6438,0,1,0.6623208522796631,0.6623208522796631,FP
6439,0,1,0.6706687211990356,0.6706687211990356,FP
6440,0,1,0.6109495162963867,0.6109495162963867,FP
6441,0,1,0.6173903942108154,0.6173903942108154,FP
6442,0,1,0.6127612590789795,0.6127612590789795,FP
6443,0,1,0.6588491797447205,0.6588491797447205,FP
6444,0,1,0.6642194986343384,0.6642194986343384,FP
6445,0,1,0.7592053413391113,0.7592053413391113,FP
6446,0,1,0.6469003558158875,0.6469003558158875,FP
6447,0,1,0.6357153058052063,0.6357153058052063,FP
6448,0,1,0.6553099751472473,0.6553099751472473,FP
6449,0,1,0.6065022349357605,0.6065022349357605,FP
6450,0,1,0.6038159728050232,0.6038159728050232,FP
6451,0,1,0.6166298389434814,0.6166298389434814,FP
6452,0,1,0.6002750992774963,0.6002750992774963,FP
6453,0,1,0.6238372325897217,0.6238372325897217,FP
6454,0,1,0.6357279419898987,0.6357279419898987,FP
6455,0,1,0.6402977108955383,0.6402977108955383,FP
6456,0,1,0.6165352463722229,0.6165352463722229,FP
6457,0,1,0.6028735637664795,0.6028735637664795,FP
6458,0,1,0.6196247339248657,0.6196247339248657,FP
6459,0,1,0.5818228125572205,0.5818228125572205,FP
6460,0,1,0.6475849151611328,0.6475849151611328,FP
6461,0,1,0.6421571969985962,0.6421571969985962,FP
6462,0,1,0.6375075578689575,0.6375075578689575,FP
6463,0,1,0.6306760907173157,0.6306760907173157,FP
6464,0,1,0.6316541433334351,0.6316541433334351,FP
6465,0,1,0.6175438165664673,0.6175438165664673,FP
6466,0,1,0.6286416053771973,0.6286416053771973,FP
6467,0,1,0.6186221837997437,0.6186221837997437,FP
6468,0,1,0.621265709400177,0.621265709400177,FP
6469,0,1,0.638540506362915,0.638540506362915,FP
6470,0,1,0.5779110193252563,0.5779110193252563,FP
6471,0,1,0.6205296516418457,0.6205296516418457,FP
6472,0,1,0.6372072696685791,0.6372072696685791,FP
6473,0,1,0.6257349252700806,0.6257349252700806,FP
6474,0,1,0.6229761242866516,0.6229761242866516,FP
6475,0,1,0.6319299340248108,0.6319299340248108,FP
6476,0,1,0.6189169883728027,0.6189169883728027,FP
6477,0,1,0.6207545399665833,0.6207545399665833,FP
6478,0,1,0.6273360252380371,0.6273360252380371,FP
6479,0,1,0.6215100288391113,0.6215100288391113,FP
6480,0,1,0.6125254034996033,0.6125254034996033,FP
6481,0,1,0.6158007979393005,0.6158007979393005,FP
6482,0,1,0.603173553943634,0.603173553943634,FP
6483,0,1,0.5988199710845947,0.5988199710845947,FP
6484,0,1,0.5962028503417969,0.5962028503417969,FP
6485,0,1,0.5985734462738037,0.5985734462738037,FP
6486,0,1,0.584777295589447,0.584777295589447,FP
6487,0,1,0.5927912592887878,0.5927912592887878,FP
6488,0,1,0.5911226868629456,0.5911226868629456,FP
6489,0,1,0.5838047862052917,0.5838047862052917,FP
6490,0,1,0.5803807377815247,0.5803807377815247,FP
6491,0,1,0.5833287239074707,0.5833287239074707,FP
6492,0,1,0.5775309205055237,0.5775309205055237,FP
6493,0,1,0.5793896317481995,0.5793896317481995,FP
6494,0,1,0.5759126543998718,0.5759126543998718,FP
6495,0,1,0.582211971282959,0.582211971282959,FP
6496,0,1,0.5662360191345215,0.5662360191345215,FP
6497,0,1,0.5740068554878235,0.5740068554878235,FP
6498,0,1,0.5772205591201782,0.5772205591201782,FP
6499,0,1,0.578330397605896,0.578330397605896,FP
6500,0,1,0.5791981220245361,0.5791981220245361,FP
6501,0,1,0.5574472546577454,0.5574472546577454,FP
6502,0,1,0.5512397289276123,0.5512397289276123,FP
6503,0,1,0.5511787533760071,0.5511787533760071,FP
6504,0,1,0.550235390663147,0.550235390663147,FP
6505,0,1,0.5704881548881531,0.5704881548881531,FP
6506,0,1,0.5521770715713501,0.5521770715713501,FP
6507,0,1,0.5601646304130554,0.5601646304130554,FP
6508,0,1,0.5368155241012573,0.5368155241012573,FP
6509,0,1,0.5783205032348633,0.5783205032348633,FP
6510,0,1,0.5543993711471558,0.5543993711471558,FP
6511,0,1,0.5502099394798279,0.5502099394798279,FP
6512,0,1,0.5900663733482361,0.5900663733482361,FP
6513,0,1,0.5780971646308899,0.5780971646308899,FP
6514,0,1,0.5874607563018799,0.5874607563018799,FP
6515,0,1,0.6076948642730713,0.6076948642730713,FP
6516,0,1,0.5812234282493591,0.5812234282493591,FP
6517,0,1,0.5994477272033691,0.5994477272033691,FP
6518,0,1,0.6009296774864197,0.6009296774864197,FP
6519,0,1,0.5608795881271362,0.5608795881271362,FP
6520,0,1,0.5566822290420532,0.5566822290420532,FP
6521,0,1,0.5449543595314026,0.5449543595314026,FP
6522,0,1,0.5382688641548157,0.5382688641548157,FP
6523,0,1,0.5339918732643127,0.5339918732643127,FP
6524,0,1,0.5278832912445068,0.5278832912445068,FP
6525,0,1,0.5254244804382324,0.5254244804382324,FP
6526,0,1,0.5160427689552307,0.5160427689552307,FP
6527,0,1,0.508422315120697,0.508422315120697,FP
6528,0,1,0.5222920775413513,0.5222920775413513,FP
6529,0,1,0.5242326855659485,0.5242326855659485,FP
6530,0,1,0.5170674324035645,0.5170674324035645,FP
6531,0,1,0.5320583581924438,0.5320583581924438,FP
6532,0,1,0.5060833692550659,0.5060833692550659,FP
6533,0,1,0.5421319007873535,0.5421319007873535,FP
6534,0,1,0.5272266268730164,0.5272266268730164,FP
6535,0,1,0.542751133441925,0.542751133441925,FP
6536,0,1,0.5352491140365601,0.5352491140365601,FP
6537,0,1,0.5056592226028442,0.5056592226028442,FP
6538,0,1,0.5097917318344116,0.5097917318344116,FP
6539,0,1,0.5688145160675049,0.5688145160675049,FP
6540,0,1,0.5356789231300354,0.5356789231300354,FP
6541,0,1,0.5190832018852234,0.5190832018852234,FP
6542,0,1,0.5044489502906799,0.5044489502906799,FP
6543,0,1,0.515293300151825,0.515293300151825,FP
6544,0,1,0.5335229635238647,0.5335229635238647,FP
6545,0,1,0.5673345327377319,0.5673345327377319,FP
6546,0,1,0.5147182941436768,0.5147182941436768,FP
6547,0,1,0.49861276149749756,0.49861276149749756,FP
6548,0,1,0.49970901012420654,0.49970901012420654,FP
6549,0,1,0.5209871530532837,0.5209871530532837,FP
6550,0,1,0.5437002182006836,0.5437002182006836,FP
6551,0,1,0.5491607189178467,0.5491607189178467,FP
6552,0,1,0.5364866256713867,0.5364866256713867,FP
6553,0,1,0.5139870643615723,0.5139870643615723,FP
6554,0,1,0.6168382167816162,0.6168382167816162,FP
6555,0,1,0.5163241624832153,0.5163241624832153,FP
6556,0,1,0.5068089365959167,0.5068089365959167,FP
6557,0,1,0.5262221097946167,0.5262221097946167,FP
6558,0,1,0.5381534099578857,0.5381534099578857,FP
6559,0,1,0.5080195665359497,0.5080195665359497,FP
6560,0,0,0.48401570320129395,0.48401570320129395,TN
6561,0,1,0.5149145722389221,0.5149145722389221,FP
6562,0,1,0.5581709146499634,0.5581709146499634,FP
6563,0,1,0.5077338218688965,0.5077338218688965,FP
6564,0,1,0.5109542608261108,0.5109542608261108,FP
6565,0,1,0.5190532207489014,0.5190532207489014,FP
6566,0,1,0.5122302770614624,0.5122302770614624,FP
6567,0,1,0.5460551977157593,0.5460551977157593,FP
6568,0,1,0.5299283862113953,0.5299283862113953,FP
6569,0,1,0.512790858745575,0.512790858745575,FP
6570,0,1,0.5276293754577637,0.5276293754577637,FP
6571,0,1,0.527604877948761,0.527604877948761,FP
6572,0,1,0.5135317444801331,0.5135317444801331,FP
6573,0,1,0.520889937877655,0.520889937877655,FP
6574,0,1,0.5404351949691772,0.5404351949691772,FP
6575,0,1,0.5614069104194641,0.5614069104194641,FP
6576,0,1,0.5563283562660217,0.5563283562660217,FP
6577,0,1,0.5793498158454895,0.5793498158454895,FP
6578,0,1,0.5728578567504883,0.5728578567504883,FP
6579,0,1,0.5566271543502808,0.5566271543502808,FP
6580,0,1,0.5891178250312805,0.5891178250312805,FP
6581,0,1,0.5294394493103027,0.5294394493103027,FP
6582,0,1,0.5823795795440674,0.5823795795440674,FP
6583,0,1,0.5615451335906982,0.5615451335906982,FP
6584,0,1,0.5817360281944275,0.5817360281944275,FP
6585,0,1,0.5848976373672485,0.5848976373672485,FP
6586,0,1,0.594231128692627,0.594231128692627,FP
6587,0,1,0.5950482487678528,0.5950482487678528,FP
6588,0,1,0.5884445905685425,0.5884445905685425,FP
6589,0,1,0.545735776424408,0.545735776424408,FP
6590,0,1,0.5726392865180969,0.5726392865180969,FP
6591,0,1,0.5974528193473816,0.5974528193473816,FP
6592,0,1,0.5980715155601501,0.5980715155601501,FP
6593,0,1,0.5489426255226135,0.5489426255226135,FP
6594,0,1,0.5871846675872803,0.5871846675872803,FP
6595,0,1,0.539131224155426,0.539131224155426,FP
6596,0,1,0.5397002696990967,0.5397002696990967,FP
6597,0,1,0.5359512567520142,0.5359512567520142,FP
6598,0,1,0.5418298840522766,0.5418298840522766,FP
6599,0,1,0.5266613960266113,0.5266613960266113,FP
6600,0,1,0.5219318270683289,0.5219318270683289,FP
6601,0,1,0.5357913970947266,0.5357913970947266,FP
6602,0,1,0.5326970815658569,0.5326970815658569,FP
6603,0,1,0.5298832058906555,0.5298832058906555,FP
6604,0,1,0.5179685950279236,0.5179685950279236,FP
6605,0,1,0.5191867351531982,0.5191867351531982,FP
6606,0,1,0.5238605737686157,0.5238605737686157,FP
6607,0,1,0.5374093055725098,0.5374093055725098,FP
6608,0,1,0.5412554740905762,0.5412554740905762,FP
6609,0,1,0.7012588381767273,0.7012588381767273,FP
6610,0,1,0.7036718130111694,0.7036718130111694,FP
6611,0,1,0.7258979678153992,0.7258979678153992,FP
6612,0,1,0.7431294918060303,0.7431294918060303,FP
6613,0,1,0.8089368343353271,0.8089368343353271,FP
6614,0,1,0.8050558567047119,0.8050558567047119,FP
6615,0,1,0.8026888370513916,0.8026888370513916,FP
6616,0,1,0.7969313859939575,0.7969313859939575,FP
6617,0,1,0.7790985703468323,0.7790985703468323,FP
6618,0,1,0.7815198302268982,0.7815198302268982,FP
6619,0,1,0.763323962688446,0.763323962688446,FP
6620,0,1,0.8602050542831421,0.8602050542831421,FP
6621,0,1,0.9159693717956543,0.9159693717956543,FP
6622,0,1,0.7717567682266235,0.7717567682266235,FP
6623,0,1,0.8648882508277893,0.8648882508277893,FP
6624,0,1,0.8235263228416443,0.8235263228416443,FP
6625,0,1,0.9159107804298401,0.9159107804298401,FP
6626,0,1,0.9087491631507874,0.9087491631507874,FP
6627,0,1,0.8057948350906372,0.8057948350906372,FP
6628,0,1,0.8528494834899902,0.8528494834899902,FP
6629,0,1,0.7087773680686951,0.7087773680686951,FP
6630,0,1,0.6765701174736023,0.6765701174736023,FP
6631,0,1,0.7776563763618469,0.7776563763618469,FP
6632,0,1,0.8067507147789001,0.8067507147789001,FP
6633,0,1,0.6837080121040344,0.6837080121040344,FP
6634,0,1,0.8576714396476746,0.8576714396476746,FP
6635,0,1,0.7178243398666382,0.7178243398666382,FP
6636,0,1,0.7415730357170105,0.7415730357170105,FP
6637,0,1,0.6601729393005371,0.6601729393005371,FP
6638,0,1,0.7198778390884399,0.7198778390884399,FP
6639,0,1,0.6958799958229065,0.6958799958229065,FP
6640,0,1,0.6854038834571838,0.6854038834571838,FP
6641,0,1,0.6847421526908875,0.6847421526908875,FP
6642,0,1,0.6986342072486877,0.6986342072486877,FP
6643,0,1,0.6599681377410889,0.6599681377410889,FP
6644,0,1,0.6863662600517273,0.6863662600517273,FP
6645,0,1,0.6882874965667725,0.6882874965667725,FP
6646,0,1,0.658699095249176,0.658699095249176,FP
6647,0,1,0.6607574224472046,0.6607574224472046,FP
6648,0,1,0.7243651747703552,0.7243651747703552,FP
6649,0,1,0.6963493227958679,0.6963493227958679,FP
6650,0,1,0.7046557664871216,0.7046557664871216,FP
6651,0,1,0.7214804291725159,0.7214804291725159,FP
6652,0,1,0.7551016807556152,0.7551016807556152,FP
6653,1,1,0.763651430606842,0.763651430606842,TP
6654,1,1,0.7381352186203003,0.7381352186203003,TP
6655,1,1,0.8048158288002014,0.8048158288002014,TP
6656,1,1,0.7781312465667725,0.7781312465667725,TP
6657,1,1,0.795297384262085,0.795297384262085,TP
6658,1,1,0.8091762065887451,0.8091762065887451,TP
6659,1,1,0.823371171951294,0.823371171951294,TP
6660,1,1,0.8852016925811768,0.8852016925811768,TP
6661,1,1,0.9063358902931213,0.9063358902931213,TP
6662,1,1,0.904630184173584,0.904630184173584,TP
6663,1,1,0.9361733794212341,0.9361733794212341,TP
6664,1,1,0.978354275226593,0.978354275226593,TP
6665,1,1,1.2064403295516968,1.2064403295516968,TP
6666,1,1,1.09722101688385,1.09722101688385,TP
6667,1,1,1.1535060405731201,1.1535060405731201,TP
6668,1,1,0.9796167612075806,0.9796167612075806,TP
6669,1,1,1.1599751710891724,1.1599751710891724,TP
6670,1,1,1.1604413986206055,1.1604413986206055,TP
6671,1,1,1.190394401550293,1.190394401550293,TP
6672,1,1,0.8504371643066406,0.8504371643066406,TP
6673,1,1,1.386968731880188,1.386968731880188,TP
6674,1,1,1.0448367595672607,1.0448367595672607,TP
6675,1,1,1.5161030292510986,1.5161030292510986,TP
6676,0,1,0.5226964950561523,0.5226964950561523,FP
6677,0,1,0.5083063244819641,0.5083063244819641,FP
6678,0,1,0.5078878998756409,0.5078878998756409,FP
6679,0,1,0.4998107850551605,0.4998107850551605,FP
6680,0,1,0.49785155057907104,0.49785155057907104,FP
6681,0,1,0.5035662055015564,0.5035662055015564,FP
6682,0,1,0.5042933821678162,0.5042933821678162,FP
6683,0,0,0.49384039640426636,0.49384039640426636,TN
6684,0,0,0.49110907316207886,0.49110907316207886,TN
6685,0,1,0.4951217770576477,0.4951217770576477,FP
6686,0,0,0.49192145466804504,0.49192145466804504,TN
6687,0,0,0.4920065402984619,0.4920065402984619,TN
6688,0,0,0.4881075918674469,0.4881075918674469,TN
6689,0,0,0.49187034368515015,0.49187034368515015,TN
6690,0,0,0.49095481634140015,0.49095481634140015,TN
6691,0,0,0.48894941806793213,0.48894941806793213,TN
6692,0,0,0.4837537407875061,0.4837537407875061,TN
6693,0,0,0.48371490836143494,0.48371490836143494,TN
6694,0,0,0.49345293641090393,0.49345293641090393,TN
6695,0,0,0.4770306646823883,0.4770306646823883,TN
6696,0,0,0.4795890748500824,0.4795890748500824,TN
6697,0,0,0.4792231619358063,0.4792231619358063,TN
6698,0,0,0.4903579652309418,0.4903579652309418,TN
6699,0,0,0.4855633080005646,0.4855633080005646,TN
6700,0,0,0.48217689990997314,0.48217689990997314,TN
6701,0,0,0.4902057349681854,0.4902057349681854,TN
6702,0,1,0.4940125346183777,0.4940125346183777,FP
6703,0,1,0.5080094337463379,0.5080094337463379,FP
6704,0,1,0.5035341382026672,0.5035341382026672,FP
6705,0,1,0.581317126750946,0.581317126750946,FP
6706,0,1,0.520158052444458,0.520158052444458,FP
6707,0,1,0.6939884424209595,0.6939884424209595,FP
6708,0,1,0.5311155319213867,0.5311155319213867,FP
6709,0,1,0.546152651309967,0.546152651309967,FP
6710,0,1,0.55394047498703,0.55394047498703,FP
6711,0,1,0.5684229135513306,0.5684229135513306,FP
6712,0,1,0.5879935622215271,0.5879935622215271,FP
6713,0,1,0.555087149143219,0.555087149143219,FP
6714,0,1,0.6055046319961548,0.6055046319961548,FP
6715,0,1,0.6990039348602295,0.6990039348602295,FP
6716,0,1,0.5660406351089478,0.5660406351089478,FP
6717,0,1,0.5844501256942749,0.5844501256942749,FP
6718,0,1,0.557987630367279,0.557987630367279,FP
6719,0,1,0.5531893372535706,0.5531893372535706,FP
6720,0,1,0.5529006123542786,0.5529006123542786,FP
6721,0,1,0.554394006729126,0.554394006729126,FP
6722,0,1,0.6435497403144836,0.6435497403144836,FP
6723,0,1,0.57442706823349,0.57442706823349,FP
6724,0,1,0.5528156161308289,0.5528156161308289,FP
6725,0,1,0.5497440099716187,0.5497440099716187,FP
6726,0,1,0.5549173355102539,0.5549173355102539,FP
6727,0,1,0.5546590685844421,0.5546590685844421,FP
6728,0,1,0.6190946102142334,0.6190946102142334,FP
6729,0,1,0.5937909483909607,0.5937909483909607,FP
6730,0,1,0.5898969769477844,0.5898969769477844,FP
6731,0,1,0.5911591053009033,0.5911591053009033,FP
6732,0,1,0.6072946786880493,0.6072946786880493,FP
6733,0,1,0.5638732314109802,0.5638732314109802,FP
6734,0,1,0.5855588316917419,0.5855588316917419,FP
6735,0,1,0.58132404088974,0.58132404088974,FP
6736,0,1,0.6372064352035522,0.6372064352035522,FP
6737,0,1,0.6141046285629272,0.6141046285629272,FP
6738,0,1,0.6204855442047119,0.6204855442047119,FP
6739,0,1,0.6206462383270264,0.6206462383270264,FP
6740,0,1,0.6283588409423828,0.6283588409423828,FP
6741,0,1,0.6198967099189758,0.6198967099189758,FP
6742,0,1,0.6202791333198547,0.6202791333198547,FP
6743,0,1,0.6202028393745422,0.6202028393745422,FP
6744,0,1,0.6177297234535217,0.6177297234535217,FP
6745,0,1,0.6138496994972229,0.6138496994972229,FP
6746,0,1,0.6035417318344116,0.6035417318344116,FP
6747,0,1,0.6040693521499634,0.6040693521499634,FP
6748,0,1,0.6012489795684814,0.6012489795684814,FP
6749,0,1,0.6053542494773865,0.6053542494773865,FP
6750,0,1,0.5927732586860657,0.5927732586860657,FP
6751,0,1,0.5934786200523376,0.5934786200523376,FP
6752,0,1,0.5934432744979858,0.5934432744979858,FP
6753,0,1,0.5843420624732971,0.5843420624732971,FP
6754,0,1,0.5723521709442139,0.5723521709442139,FP
6755,0,1,0.5676370859146118,0.5676370859146118,FP
6756,0,1,0.5713610649108887,0.5713610649108887,FP
6757,0,1,0.5452584624290466,0.5452584624290466,FP
6758,0,1,0.5555347800254822,0.5555347800254822,FP
6759,0,1,0.5611977577209473,0.5611977577209473,FP
6760,0,1,0.5355824828147888,0.5355824828147888,FP
6761,0,1,0.5389944314956665,0.5389944314956665,FP
6762,0,1,0.5432038903236389,0.5432038903236389,FP
6763,0,1,0.5590273141860962,0.5590273141860962,FP
6764,0,1,0.5438663363456726,0.5438663363456726,FP
6765,0,1,0.5694946050643921,0.5694946050643921,FP
6766,0,1,0.5846025943756104,0.5846025943756104,FP
6767,1,1,0.6067102551460266,0.6067102551460266,TP
6768,1,1,0.6129369139671326,0.6129369139671326,TP
6769,1,1,0.5801859498023987,0.5801859498023987,TP
6770,1,1,0.619868814945221,0.619868814945221,TP
6771,1,1,0.6404258012771606,0.6404258012771606,TP
6772,1,1,0.6637621521949768,0.6637621521949768,TP
6773,1,1,0.6641497015953064,0.6641497015953064,TP
6774,1,1,0.6994538903236389,0.6994538903236389,TP
6775,1,1,0.6778900027275085,0.6778900027275085,TP
6776,1,1,0.7846655249595642,0.7846655249595642,TP
6777,1,1,0.8246700763702393,0.8246700763702393,TP
6778,1,1,0.780864417552948,0.780864417552948,TP
6779,1,1,0.9250355362892151,0.9250355362892151,TP
6780,1,1,0.7509298920631409,0.7509298920631409,TP
6781,1,1,0.9886314272880554,0.9886314272880554,TP
6782,1,1,1.100890874862671,1.100890874862671,TP
6783,1,1,1.0833491086959839,1.0833491086959839,TP
6784,1,1,1.0539132356643677,1.0539132356643677,TP
6785,1,1,0.7212947010993958,0.7212947010993958,TP
6786,1,1,0.760417640209198,0.760417640209198,TP
6787,1,1,0.7500699758529663,0.7500699758529663,TP
6788,1,1,0.8129391670227051,0.8129391670227051,TP
6789,0,1,0.5451985597610474,0.5451985597610474,FP
6790,0,1,0.5491319894790649,0.5491319894790649,FP
6791,0,1,0.5514401197433472,0.5514401197433472,FP
6792,0,1,0.5492106080055237,0.5492106080055237,FP
6793,0,1,0.5612270832061768,0.5612270832061768,FP
6794,0,1,0.5439238548278809,0.5439238548278809,FP
6795,0,1,0.5405476093292236,0.5405476093292236,FP
6796,0,1,0.5385785102844238,0.5385785102844238,FP
6797,0,1,0.543409526348114,0.543409526348114,FP
6798,0,1,0.531893253326416,0.531893253326416,FP
6799,0,1,0.5262844562530518,0.5262844562530518,FP
6800,0,1,0.5521929264068604,0.5521929264068604,FP
6801,0,1,0.5502930283546448,0.5502930283546448,FP
6802,0,1,0.5456486344337463,0.5456486344337463,FP
6803,0,1,0.5502285957336426,0.5502285957336426,FP
6804,0,1,0.5238155126571655,0.5238155126571655,FP
6805,0,1,0.5446606278419495,0.5446606278419495,FP
6806,0,1,0.5295795202255249,0.5295795202255249,FP
6807,0,1,0.5437795519828796,0.5437795519828796,FP
6808,0,1,0.5228065252304077,0.5228065252304077,FP
6809,0,1,0.5364086627960205,0.5364086627960205,FP
6810,0,1,0.539278507232666,0.539278507232666,FP
6811,0,1,0.5367526412010193,0.5367526412010193,FP
6812,0,1,0.530315101146698,0.530315101146698,FP
6813,0,1,0.5230194330215454,0.5230194330215454,FP
6814,0,1,0.5260950326919556,0.5260950326919556,FP
6815,0,1,0.5170464515686035,0.5170464515686035,FP
6816,0,1,0.507087230682373,0.507087230682373,FP
6817,0,1,0.506209671497345,0.506209671497345,FP
6818,0,1,0.5090367197990417,0.5090367197990417,FP
6819,0,1,0.5035209059715271,0.5035209059715271,FP
6820,0,1,0.5055956840515137,0.5055956840515137,FP
6821,0,1,0.5149129629135132,0.5149129629135132,FP
6822,0,1,0.5111332535743713,0.5111332535743713,FP
6823,0,1,0.5021052360534668,0.5021052360534668,FP
6824,0,1,0.4988493025302887,0.4988493025302887,FP
6825,0,1,0.5060597658157349,0.5060597658157349,FP
6826,0,1,0.504837691783905,0.504837691783905,FP
6827,0,1,0.49730125069618225,0.49730125069618225,FP
6828,0,0,0.49366676807403564,0.49366676807403564,TN
6829,0,1,0.4969715178012848,0.4969715178012848,FP
6830,0,1,0.5054319500923157,0.5054319500923157,FP
6831,0,1,0.5130242109298706,0.5130242109298706,FP
6832,0,1,0.5129969120025635,0.5129969120025635,FP
6833,0,1,0.5161552429199219,0.5161552429199219,FP
6834,0,1,0.5227805376052856,0.5227805376052856,FP
6835,0,1,0.5073686242103577,0.5073686242103577,FP
6836,0,1,0.5151093006134033,0.5151093006134033,FP
6837,0,1,0.5241570472717285,0.5241570472717285,FP
6838,0,1,0.5223340392112732,0.5223340392112732,FP
6839,0,1,0.5307303667068481,0.5307303667068481,FP
6840,0,1,0.5550371408462524,0.5550371408462524,FP
6841,0,1,0.5286435484886169,0.5286435484886169,FP
6842,0,1,0.524817943572998,0.524817943572998,FP
6843,0,1,0.5271539688110352,0.5271539688110352,FP
6844,0,1,0.5207773447036743,0.5207773447036743,FP
6845,0,1,0.5232911705970764,0.5232911705970764,FP
6846,0,1,0.5183382630348206,0.5183382630348206,FP
6847,0,1,0.5202572345733643,0.5202572345733643,FP
6848,0,1,0.5165000557899475,0.5165000557899475,FP
6849,0,1,0.518282949924469,0.518282949924469,FP
6850,0,1,0.5273243188858032,0.5273243188858032,FP
6851,0,1,0.5265219211578369,0.5265219211578369,FP
6852,0,1,0.5261116623878479,0.5261116623878479,FP
6853,0,1,0.5249822735786438,0.5249822735786438,FP
6854,0,1,0.5234562754631042,0.5234562754631042,FP
6855,0,1,0.5280870199203491,0.5280870199203491,FP
6856,0,1,0.5405164361000061,0.5405164361000061,FP
6857,0,1,0.5444923639297485,0.5444923639297485,FP
6858,0,1,0.5405474305152893,0.5405474305152893,FP
6859,0,1,0.5329105257987976,0.5329105257987976,FP
6860,0,1,0.5316474437713623,0.5316474437713623,FP
6861,0,1,0.5319617986679077,0.5319617986679077,FP
6862,0,1,0.5287962555885315,0.5287962555885315,FP
6863,0,1,0.5195466876029968,0.5195466876029968,FP
6864,0,1,0.5157361626625061,0.5157361626625061,FP
6865,0,1,0.5208965539932251,0.5208965539932251,FP
6866,0,1,0.5222902297973633,0.5222902297973633,FP
6867,0,1,0.5176413059234619,0.5176413059234619,FP
6868,0,1,0.5225116610527039,0.5225116610527039,FP
6869,0,1,0.5162541270256042,0.5162541270256042,FP
6870,0,1,0.5168014764785767,0.5168014764785767,FP
6871,0,1,0.5186235308647156,0.5186235308647156,FP
6872,0,1,0.5123060345649719,0.5123060345649719,FP
6873,0,1,0.5168446898460388,0.5168446898460388,FP
6874,0,1,0.5129426717758179,0.5129426717758179,FP
6875,0,1,0.5066545009613037,0.5066545009613037,FP
6876,0,1,0.5076429843902588,0.5076429843902588,FP
6877,0,1,0.5140726566314697,0.5140726566314697,FP
6878,0,1,0.5273077487945557,0.5273077487945557,FP
6879,0,1,0.5162528157234192,0.5162528157234192,FP
6880,0,1,0.5056893229484558,0.5056893229484558,FP
6881,0,1,0.5031449198722839,0.5031449198722839,FP
6882,0,1,0.5069562792778015,0.5069562792778015,FP
6883,0,1,0.5137837529182434,0.5137837529182434,FP
6884,0,1,0.5068758130073547,0.5068758130073547,FP
6885,0,1,0.5086264610290527,0.5086264610290527,FP
6886,0,1,0.5069895386695862,0.5069895386695862,FP
6887,0,1,0.5064012408256531,0.5064012408256531,FP
6888,0,1,0.511293351650238,0.511293351650238,FP
6889,0,1,0.501538097858429,0.501538097858429,FP
6890,0,1,0.5212611556053162,0.5212611556053162,FP
6891,0,1,0.5437092781066895,0.5437092781066895,FP
6892,0,1,0.5314756035804749,0.5314756035804749,FP
6893,0,1,0.567183256149292,0.567183256149292,FP
6894,0,1,0.5524104833602905,0.5524104833602905,FP
6895,0,1,0.5546062588691711,0.5546062588691711,FP
6896,0,1,0.5531873106956482,0.5531873106956482,FP
6897,0,1,0.5835314393043518,0.5835314393043518,FP
6898,0,1,0.5709155201911926,0.5709155201911926,FP
6899,0,1,0.5835984945297241,0.5835984945297241,FP
6900,0,1,0.5384692549705505,0.5384692549705505,FP
6901,0,1,0.6723501682281494,0.6723501682281494,FP
6902,0,1,0.6078806519508362,0.6078806519508362,FP
6903,0,1,0.5491530299186707,0.5491530299186707,FP
6904,0,1,0.5959222912788391,0.5959222912788391,FP
6905,0,1,0.5729289054870605,0.5729289054870605,FP
6906,0,1,0.5398333072662354,0.5398333072662354,FP
6907,0,1,0.5463184714317322,0.5463184714317322,FP
6908,0,1,1.0868170261383057,1.0868170261383057,FP
6909,0,1,0.5535585880279541,0.5535585880279541,FP
6910,0,1,0.5562716126441956,0.5562716126441956,FP
6911,0,1,0.5751859545707703,0.5751859545707703,FP
6912,0,1,0.6021854281425476,0.6021854281425476,FP
6913,0,1,0.9034842848777771,0.9034842848777771,FP
6914,0,1,0.8642541766166687,0.8642541766166687,FP
6915,0,1,0.8433473110198975,0.8433473110198975,FP
6916,0,1,0.8463073968887329,0.8463073968887329,FP
6917,0,1,0.8132005333900452,0.8132005333900452,FP
6918,0,1,0.7901507019996643,0.7901507019996643,FP
6919,0,1,0.7832815051078796,0.7832815051078796,FP
6920,0,1,0.8065534234046936,0.8065534234046936,FP
6921,0,1,0.8034274578094482,0.8034274578094482,FP
6922,0,1,0.8071722984313965,0.8071722984313965,FP
6923,0,1,0.7802963852882385,0.7802963852882385,FP
6924,0,1,0.7982484698295593,0.7982484698295593,FP
6925,0,1,0.7727911472320557,0.7727911472320557,FP
6926,0,1,0.790494978427887,0.790494978427887,FP
6927,0,1,0.7741369605064392,0.7741369605064392,FP
6928,0,1,0.7554789185523987,0.7554789185523987,FP
6929,0,1,0.7724623084068298,0.7724623084068298,FP
6930,0,1,0.7525280714035034,0.7525280714035034,FP
6931,0,1,0.7665451765060425,0.7665451765060425,FP
6932,0,1,0.7481867074966431,0.7481867074966431,FP
6933,0,1,0.7127180695533752,0.7127180695533752,FP
6934,0,1,0.7373331189155579,0.7373331189155579,FP
6935,0,1,0.708564043045044,0.708564043045044,FP
6936,0,1,0.555107057094574,0.555107057094574,FP
6937,0,1,0.5738742351531982,0.5738742351531982,FP
6938,0,1,0.5759804248809814,0.5759804248809814,FP
6939,0,1,0.5685102939605713,0.5685102939605713,FP
6940,0,1,0.568168580532074,0.568168580532074,FP
6941,0,1,0.5734034180641174,0.5734034180641174,FP
6942,0,1,0.5532776117324829,0.5532776117324829,FP
6943,0,1,0.5664966702461243,0.5664966702461243,FP
6944,0,1,0.5678218007087708,0.5678218007087708,FP
6945,0,1,0.5561476945877075,0.5561476945877075,FP
6946,0,1,0.5541117191314697,0.5541117191314697,FP
6947,0,1,0.560614287853241,0.560614287853241,FP
6948,0,1,0.560942530632019,0.560942530632019,FP
6949,0,1,0.5689616203308105,0.5689616203308105,FP
6950,0,1,0.5672284364700317,0.5672284364700317,FP
6951,0,1,0.5666124820709229,0.5666124820709229,FP
6952,0,1,0.5632976293563843,0.5632976293563843,FP
6953,0,1,0.5694573521614075,0.5694573521614075,FP
6954,0,1,0.5808445811271667,0.5808445811271667,FP
6955,0,1,0.5848147869110107,0.5848147869110107,FP
6956,0,1,0.5765049457550049,0.5765049457550049,FP
6957,0,1,0.5790368914604187,0.5790368914604187,FP
6958,0,1,0.5762599110603333,0.5762599110603333,FP
6959,0,1,0.5747921466827393,0.5747921466827393,FP
6960,0,1,0.5719807744026184,0.5719807744026184,FP
6961,0,1,0.5624218583106995,0.5624218583106995,FP
6962,0,1,0.5745768547058105,0.5745768547058105,FP
6963,0,1,0.5690906643867493,0.5690906643867493,FP
6964,0,1,0.5771005749702454,0.5771005749702454,FP
6965,0,1,0.5664690136909485,0.5664690136909485,FP
6966,0,1,0.5587714910507202,0.5587714910507202,FP
6967,0,1,0.5584664344787598,0.5584664344787598,FP
6968,0,1,0.5492072701454163,0.5492072701454163,FP
6969,0,1,0.5479013323783875,0.5479013323783875,FP
6970,0,1,0.5559705495834351,0.5559705495834351,FP
6971,0,1,0.561366081237793,0.561366081237793,FP
6972,0,1,0.5687612891197205,0.5687612891197205,FP
6973,0,1,0.5604996681213379,0.5604996681213379,FP
6974,0,1,0.564231276512146,0.564231276512146,FP
6975,0,1,0.5505369305610657,0.5505369305610657,FP
6976,0,1,0.5638164281845093,0.5638164281845093,FP
6977,0,1,0.5660341382026672,0.5660341382026672,FP
6978,0,1,0.5679169297218323,0.5679169297218323,FP
6979,0,1,0.5705285668373108,0.5705285668373108,FP
6980,0,1,0.5745193958282471,0.5745193958282471,FP
6981,0,1,0.5743613243103027,0.5743613243103027,FP
6982,0,1,0.5688773989677429,0.5688773989677429,FP
6983,0,1,0.5763509273529053,0.5763509273529053,FP
6984,0,1,0.589144229888916,0.589144229888916,FP
6985,0,1,0.5912261605262756,0.5912261605262756,FP
6986,0,1,0.5943312644958496,0.5943312644958496,FP
6987,0,1,0.5876336097717285,0.5876336097717285,FP
6988,0,1,0.5873094797134399,0.5873094797134399,FP
6989,0,1,0.5933270454406738,0.5933270454406738,FP
6990,0,1,0.5944240689277649,0.5944240689277649,FP
6991,0,1,0.603431761264801,0.603431761264801,FP
6992,0,1,0.60505610704422,0.60505610704422,FP
6993,0,1,0.6075660586357117,0.6075660586357117,FP
6994,0,1,0.6032745838165283,0.6032745838165283,FP
6995,0,1,0.6146000027656555,0.6146000027656555,FP
6996,0,1,0.6015082597732544,0.6015082597732544,FP
6997,0,1,0.8062172532081604,0.8062172532081604,FP
6998,0,1,0.7404773831367493,0.7404773831367493,FP
6999,0,1,0.7733101844787598,0.7733101844787598,FP
7000,0,1,0.7601559162139893,0.7601559162139893,FP
7001,0,1,0.7713871598243713,0.7713871598243713,FP
7002,0,1,0.7314347624778748,0.7314347624778748,FP
7003,0,1,0.7623105645179749,0.7623105645179749,FP
7004,0,1,1.3142831325531006,1.3142831325531006,FP
7005,0,1,1.3351097106933594,1.3351097106933594,FP
7006,0,1,1.3248730897903442,1.3248730897903442,FP
7007,0,1,1.3090007305145264,1.3090007305145264,FP
7008,0,1,1.3098982572555542,1.3098982572555542,FP
7009,0,1,1.2981547117233276,1.2981547117233276,FP
7010,0,1,1.292047381401062,1.292047381401062,FP
7011,0,1,1.3068968057632446,1.3068968057632446,FP
7012,0,1,1.3214906454086304,1.3214906454086304,FP
7013,0,1,1.3121588230133057,1.3121588230133057,FP
7014,0,1,1.2890841960906982,1.2890841960906982,FP
7015,0,1,1.3102341890335083,1.3102341890335083,FP
7016,0,1,1.3150701522827148,1.3150701522827148,FP
7017,0,1,1.3047266006469727,1.3047266006469727,FP
7018,0,1,1.2737113237380981,1.2737113237380981,FP
7019,0,1,1.2579262256622314,1.2579262256622314,FP
7020,0,1,1.2795252799987793,1.2795252799987793,FP
7021,0,1,1.2665581703186035,1.2665581703186035,FP
7022,0,1,1.2762409448623657,1.2762409448623657,FP
7023,0,1,0.7523335814476013,0.7523335814476013,FP
7024,0,1,0.7518103122711182,0.7518103122711182,FP
7025,0,1,0.7506313920021057,0.7506313920021057,FP
7026,0,1,0.745148777961731,0.745148777961731,FP
7027,0,1,0.7446470856666565,0.7446470856666565,FP
7028,0,1,0.7423104643821716,0.7423104643821716,FP
7029,0,1,0.7494432330131531,0.7494432330131531,FP
7030,0,1,0.7375940680503845,0.7375940680503845,FP
7031,0,1,0.7280327677726746,0.7280327677726746,FP
7032,0,1,0.7988122701644897,0.7988122701644897,FP
7033,0,1,0.747494101524353,0.747494101524353,FP
7034,0,1,0.7172857522964478,0.7172857522964478,FP
7035,0,1,0.7544628977775574,0.7544628977775574,FP
7036,0,1,0.7740995287895203,0.7740995287895203,FP
7037,0,1,0.734505295753479,0.734505295753479,FP
7038,0,1,0.7233006358146667,0.7233006358146667,FP
7039,0,1,0.7357010841369629,0.7357010841369629,FP
7040,0,1,0.7578129768371582,0.7578129768371582,FP
7041,0,1,0.7413753271102905,0.7413753271102905,FP
7042,0,1,0.741182267665863,0.741182267665863,FP
7043,0,1,0.7293657660484314,0.7293657660484314,FP
7044,0,1,0.7137086987495422,0.7137086987495422,FP
7045,0,1,1.7469656467437744,1.7469656467437744,FP
7046,0,1,1.7934571504592896,1.7934571504592896,FP
7047,0,1,1.7602925300598145,1.7602925300598145,FP
7048,0,1,1.8019213676452637,1.8019213676452637,FP
7049,0,1,1.791924238204956,1.791924238204956,FP
7050,0,1,0.725340723991394,0.725340723991394,FP
7051,0,1,1.748589038848877,1.748589038848877,FP
7052,0,1,1.7464991807937622,1.7464991807937622,FP
7053,0,1,1.7303167581558228,1.7303167581558228,FP
7054,0,1,1.706870675086975,1.706870675086975,FP
7055,0,1,0.7052307724952698,0.7052307724952698,FP
7056,0,1,0.7441608905792236,0.7441608905792236,FP
7057,0,1,1.6940417289733887,1.6940417289733887,FP
7058,0,1,1.6729356050491333,1.6729356050491333,FP
7059,0,1,0.70697021484375,0.70697021484375,FP
7060,0,1,0.7207347750663757,0.7207347750663757,FP
7061,0,1,0.81125807762146,0.81125807762146,FP
7062,0,1,0.7065495848655701,0.7065495848655701,FP
7063,0,1,1.096473217010498,1.096473217010498,FP
7064,0,1,1.669499397277832,1.669499397277832,FP
7065,0,1,1.6189584732055664,1.6189584732055664,FP
7066,0,1,1.654908299446106,1.654908299446106,FP
7067,0,1,1.5965304374694824,1.5965304374694824,FP
7068,0,1,1.5730857849121094,1.5730857849121094,FP
7069,0,1,1.5666965246200562,1.5666965246200562,FP
7070,0,1,1.5762414932250977,1.5762414932250977,FP
7071,0,1,1.5550984144210815,1.5550984144210815,FP
7072,0,1,1.6216650009155273,1.6216650009155273,FP
7073,0,1,1.5340957641601562,1.5340957641601562,FP
7074,0,1,1.5450258255004883,1.5450258255004883,FP
7075,0,1,1.621008038520813,1.621008038520813,FP
7076,0,1,1.6506102085113525,1.6506102085113525,FP
7077,0,1,1.548048973083496,1.548048973083496,FP
7078,0,1,1.6043528318405151,1.6043528318405151,FP
7079,0,1,1.5296250581741333,1.5296250581741333,FP
7080,0,1,1.6136212348937988,1.6136212348937988,FP
7081,0,1,1.533199429512024,1.533199429512024,FP
7082,0,1,1.5521923303604126,1.5521923303604126,FP
7083,0,1,1.5011093616485596,1.5011093616485596,FP
7084,0,1,1.5858873128890991,1.5858873128890991,FP
7085,0,1,1.6190418004989624,1.6190418004989624,FP
7086,0,1,1.6008729934692383,1.6008729934692383,FP
7087,0,1,1.4902784824371338,1.4902784824371338,FP
7088,0,1,1.623986840248108,1.623986840248108,FP
7089,0,1,1.5937494039535522,1.5937494039535522,FP
7090,0,1,1.5416233539581299,1.5416233539581299,FP
7091,0,1,1.4986516237258911,1.4986516237258911,FP
7092,0,1,1.4706920385360718,1.4706920385360718,FP
7093,0,1,1.5078240633010864,1.5078240633010864,FP
7094,0,1,1.4639309644699097,1.4639309644699097,FP
7095,0,1,1.4342694282531738,1.4342694282531738,FP
7096,0,1,1.4674866199493408,1.4674866199493408,FP
7097,0,1,1.4187153577804565,1.4187153577804565,FP
7098,0,1,1.4630661010742188,1.4630661010742188,FP
7099,0,1,1.3932186365127563,1.3932186365127563,FP
7100,0,1,1.3854780197143555,1.3854780197143555,FP
7101,0,1,1.3897430896759033,1.3897430896759033,FP
7102,0,1,1.4325288534164429,1.4325288534164429,FP
7103,0,1,1.3799365758895874,1.3799365758895874,FP
7104,0,1,1.5075172185897827,1.5075172185897827,FP
7105,0,1,1.4098490476608276,1.4098490476608276,FP
7106,0,1,1.3497095108032227,1.3497095108032227,FP
7107,0,1,1.4392870664596558,1.4392870664596558,FP
7108,0,1,1.475101113319397,1.475101113319397,FP
7109,0,1,1.365678071975708,1.365678071975708,FP
7110,0,1,1.3493585586547852,1.3493585586547852,FP
7111,0,1,1.3842276334762573,1.3842276334762573,FP
7112,0,1,1.416640043258667,1.416640043258667,FP
7113,0,1,1.411169409751892,1.411169409751892,FP
7114,0,1,1.3566076755523682,1.3566076755523682,FP
7115,0,1,1.3537441492080688,1.3537441492080688,FP
7116,0,1,1.3830218315124512,1.3830218315124512,FP
7117,0,1,1.3629978895187378,1.3629978895187378,FP
7118,0,1,1.3997023105621338,1.3997023105621338,FP
7119,0,1,1.2989178895950317,1.2989178895950317,FP
7120,0,1,1.391066312789917,1.391066312789917,FP
7121,0,1,1.3083467483520508,1.3083467483520508,FP
7122,0,1,1.326623558998108,1.326623558998108,FP
7123,0,1,1.3850796222686768,1.3850796222686768,FP
7124,0,1,1.2408961057662964,1.2408961057662964,FP
7125,0,1,1.2928385734558105,1.2928385734558105,FP
7126,0,1,1.2930915355682373,1.2930915355682373,FP
7127,0,1,1.2217193841934204,1.2217193841934204,FP
7128,0,1,1.2414703369140625,1.2414703369140625,FP
7129,0,1,1.2754591703414917,1.2754591703414917,FP
7130,0,1,1.2706687450408936,1.2706687450408936,FP
7131,0,1,1.2463934421539307,1.2463934421539307,FP
7132,0,1,1.251012921333313,1.251012921333313,FP
7133,0,1,1.2291533946990967,1.2291533946990967,FP
7134,0,1,1.2426934242248535,1.2426934242248535,FP
7135,0,1,1.281770944595337,1.281770944595337,FP
7136,0,1,1.1996244192123413,1.1996244192123413,FP
7137,0,1,1.166015625,1.166015625,FP
7138,0,1,1.1319568157196045,1.1319568157196045,FP
7139,0,1,1.198725700378418,1.198725700378418,FP
7140,0,1,1.1897330284118652,1.1897330284118652,FP
7141,0,1,1.1906524896621704,1.1906524896621704,FP
7142,0,1,1.180214524269104,1.180214524269104,FP
7143,0,1,1.1872830390930176,1.1872830390930176,FP
7144,0,1,1.1952825784683228,1.1952825784683228,FP
7145,0,1,1.2043224573135376,1.2043224573135376,FP
7146,0,1,1.1069992780685425,1.1069992780685425,FP
7147,0,1,1.220288872718811,1.220288872718811,FP
7148,0,1,1.23346745967865,1.23346745967865,FP
7149,0,1,1.0918536186218262,1.0918536186218262,FP
7150,0,1,1.180599331855774,1.180599331855774,FP
7151,0,1,0.5503543615341187,0.5503543615341187,FP
7152,0,1,0.5475366711616516,0.5475366711616516,FP
7153,0,1,0.5484721660614014,0.5484721660614014,FP
7154,0,1,0.547658383846283,0.547658383846283,FP
7155,0,1,0.5466129779815674,0.5466129779815674,FP
7156,0,1,0.5546491146087646,0.5546491146087646,FP
7157,0,1,0.545339822769165,0.545339822769165,FP
7158,0,1,0.5503584146499634,0.5503584146499634,FP
7159,0,1,0.5318143963813782,0.5318143963813782,FP
7160,0,1,0.5400907397270203,0.5400907397270203,FP
7161,0,1,0.5423572063446045,0.5423572063446045,FP
7162,0,1,0.5495221614837646,0.5495221614837646,FP
7163,0,1,0.5509781837463379,0.5509781837463379,FP
7164,0,1,0.5473542213439941,0.5473542213439941,FP
7165,0,1,0.5328323245048523,0.5328323245048523,FP
7166,0,1,0.5236563682556152,0.5236563682556152,FP
7167,0,1,0.5209495425224304,0.5209495425224304,FP
7168,0,1,0.5281458497047424,0.5281458497047424,FP
7169,0,1,0.533734917640686,0.533734917640686,FP
7170,0,1,0.519801139831543,0.519801139831543,FP
7171,0,1,0.5170478820800781,0.5170478820800781,FP
7172,0,1,0.5220796465873718,0.5220796465873718,FP
7173,0,1,0.5337112545967102,0.5337112545967102,FP
7174,0,1,0.5253939628601074,0.5253939628601074,FP
7175,0,1,0.5174787640571594,0.5174787640571594,FP
7176,0,1,0.5240750312805176,0.5240750312805176,FP
7177,0,1,0.535996675491333,0.535996675491333,FP
7178,0,1,0.5278175473213196,0.5278175473213196,FP
7179,0,1,0.5315864086151123,0.5315864086151123,FP
7180,0,1,0.525195300579071,0.525195300579071,FP
7181,0,1,0.5301496386528015,0.5301496386528015,FP
7182,0,1,0.5280725359916687,0.5280725359916687,FP
7183,0,1,0.5289692878723145,0.5289692878723145,FP
7184,0,1,0.5434658527374268,0.5434658527374268,FP
7185,0,1,0.5522083044052124,0.5522083044052124,FP
7186,0,1,0.5596166849136353,0.5596166849136353,FP
7187,0,1,0.5623886585235596,0.5623886585235596,FP
7188,0,1,0.5650328993797302,0.5650328993797302,FP
7189,0,1,0.5685456991195679,0.5685456991195679,FP
7190,0,1,0.5667220950126648,0.5667220950126648,FP
7191,0,1,0.5770465731620789,0.5770465731620789,FP
7192,0,1,0.5761626362800598,0.5761626362800598,FP
7193,0,1,0.5745726227760315,0.5745726227760315,FP
7194,0,1,0.5736062526702881,0.5736062526702881,FP
7195,0,1,0.5613610744476318,0.5613610744476318,FP
7196,0,1,0.5650117993354797,0.5650117993354797,FP
7197,0,1,0.5618390440940857,0.5618390440940857,FP
7198,0,1,0.5599419474601746,0.5599419474601746,FP
7199,0,1,0.5628120303153992,0.5628120303153992,FP
7200,0,1,0.559077799320221,0.559077799320221,FP
7201,0,1,0.5510379672050476,0.5510379672050476,FP
7202,0,1,0.5399489998817444,0.5399489998817444,FP
7203,0,1,0.5443885922431946,0.5443885922431946,FP
7204,0,1,0.5438569784164429,0.5438569784164429,FP
7205,0,1,0.5543115139007568,0.5543115139007568,FP
7206,0,1,0.5360850095748901,0.5360850095748901,FP
7207,0,1,0.5497490167617798,0.5497490167617798,FP
7208,0,1,0.5473160743713379,0.5473160743713379,FP
7209,0,1,0.5561167001724243,0.5561167001724243,FP
7210,0,1,0.5533649921417236,0.5533649921417236,FP
7211,0,1,0.559480607509613,0.559480607509613,FP
7212,0,1,0.5736808180809021,0.5736808180809021,FP
7213,0,1,0.5651147961616516,0.5651147961616516,FP
7214,0,1,0.577394962310791,0.577394962310791,FP
7215,0,1,0.5752863883972168,0.5752863883972168,FP
7216,0,1,0.5929553508758545,0.5929553508758545,FP
7217,0,1,0.589344322681427,0.589344322681427,FP
7218,0,1,0.5724214315414429,0.5724214315414429,FP
7219,0,1,0.6052594184875488,0.6052594184875488,FP
7220,0,1,0.588436484336853,0.588436484336853,FP
7221,0,1,0.6065788865089417,0.6065788865089417,FP
7222,0,1,0.5733930468559265,0.5733930468559265,FP
7223,0,1,0.5580456256866455,0.5580456256866455,FP
7224,0,1,0.5524759292602539,0.5524759292602539,FP
7225,0,1,0.5575233697891235,0.5575233697891235,FP
7226,0,1,0.5611239671707153,0.5611239671707153,FP
7227,0,1,0.5635767579078674,0.5635767579078674,FP
7228,0,1,0.543057382106781,0.543057382106781,FP
7229,0,1,0.568314790725708,0.568314790725708,FP
7230,0,1,0.5482079386711121,0.5482079386711121,FP
7231,0,1,0.5639488697052002,0.5639488697052002,FP
7232,0,1,0.5486273169517517,0.5486273169517517,FP
7233,0,1,0.5644026398658752,0.5644026398658752,FP
7234,0,1,0.5461908578872681,0.5461908578872681,FP
7235,0,1,0.5650438666343689,0.5650438666343689,FP
7236,0,1,0.5571673512458801,0.5571673512458801,FP
7237,0,1,0.5469049215316772,0.5469049215316772,FP
7238,0,1,0.5849006175994873,0.5849006175994873,FP
7239,0,1,0.5848362445831299,0.5848362445831299,FP
7240,0,1,0.582263708114624,0.582263708114624,FP
7241,0,1,0.6033796072006226,0.6033796072006226,FP
7242,0,1,0.6220465302467346,0.6220465302467346,FP
7243,0,1,0.6216391921043396,0.6216391921043396,FP
7244,0,1,0.6412255764007568,0.6412255764007568,FP
7245,1,1,0.6659335494041443,0.6659335494041443,TP
7246,1,1,0.7310886383056641,0.7310886383056641,TP
7247,1,1,0.7272834181785583,0.7272834181785583,TP
7248,0,1,1.0105446577072144,1.0105446577072144,FP
7249,0,1,0.9811241030693054,0.9811241030693054,FP
7250,0,1,1.0027210712432861,1.0027210712432861,FP
7251,0,1,0.9859194755554199,0.9859194755554199,FP
7252,0,1,0.9977322220802307,0.9977322220802307,FP
7253,0,1,1.009563684463501,1.009563684463501,FP
7254,0,1,0.9454881548881531,0.9454881548881531,FP
7255,0,1,0.9705125689506531,0.9705125689506531,FP
7256,0,1,0.9580727219581604,0.9580727219581604,FP
7257,0,1,0.9775233268737793,0.9775233268737793,FP
7258,0,1,0.9913465976715088,0.9913465976715088,FP
7259,0,1,0.9924652576446533,0.9924652576446533,FP
7260,0,1,0.9990598559379578,0.9990598559379578,FP
7261,0,1,0.9885619878768921,0.9885619878768921,FP
7262,0,1,1.0159062147140503,1.0159062147140503,FP
7263,0,1,0.99558424949646,0.99558424949646,FP
7264,0,1,1.0067193508148193,1.0067193508148193,FP
7265,0,1,0.9725310802459717,0.9725310802459717,FP
7266,0,1,0.9816491603851318,0.9816491603851318,FP
7267,0,1,0.9470007419586182,0.9470007419586182,FP
7268,0,1,0.9662082195281982,0.9662082195281982,FP
7269,0,1,0.984498143196106,0.984498143196106,FP
7270,0,1,0.9624524116516113,0.9624524116516113,FP
7271,0,1,0.9829702973365784,0.9829702973365784,FP
7272,0,1,0.9933340549468994,0.9933340549468994,FP
7273,0,1,0.9815283417701721,0.9815283417701721,FP
7274,0,1,0.9220012426376343,0.9220012426376343,FP
7275,0,1,0.9669548273086548,0.9669548273086548,FP
7276,0,1,0.9642160534858704,0.9642160534858704,FP
7277,0,1,0.9299653768539429,0.9299653768539429,FP
7278,0,1,0.9595987796783447,0.9595987796783447,FP
7279,0,1,0.9415054321289062,0.9415054321289062,FP
7280,0,1,0.9308504462242126,0.9308504462242126,FP
7281,0,1,0.9285131692886353,0.9285131692886353,FP
7282,0,1,0.9121827483177185,0.9121827483177185,FP
7283,0,1,0.9185196161270142,0.9185196161270142,FP
7284,0,1,0.9219319224357605,0.9219319224357605,FP
7285,0,1,0.909921407699585,0.909921407699585,FP
7286,0,1,0.9427268505096436,0.9427268505096436,FP
7287,0,1,0.9132605791091919,0.9132605791091919,FP
7288,0,1,0.886563241481781,0.886563241481781,FP
7289,0,1,0.9217180609703064,0.9217180609703064,FP
7290,0,1,0.89093416929245,0.89093416929245,FP
7291,0,1,0.912964403629303,0.912964403629303,FP
7292,0,1,0.889289379119873,0.889289379119873,FP
7293,0,1,0.9114748239517212,0.9114748239517212,FP
7294,0,1,0.8814035654067993,0.8814035654067993,FP
7295,0,1,0.8618216514587402,0.8618216514587402,FP
7296,0,1,0.8795157074928284,0.8795157074928284,FP
7297,0,1,0.8756124377250671,0.8756124377250671,FP
7298,0,1,0.8480928540229797,0.8480928540229797,FP
7299,0,1,0.8726083636283875,0.8726083636283875,FP
7300,0,1,0.8798439502716064,0.8798439502716064,FP
7301,0,1,0.8666427135467529,0.8666427135467529,FP
7302,0,1,0.8674087524414062,0.8674087524414062,FP
7303,0,1,0.8402072787284851,0.8402072787284851,FP
7304,0,1,0.843772292137146,0.843772292137146,FP
7305,0,1,0.8208416104316711,0.8208416104316711,FP
7306,0,1,0.8461502194404602,0.8461502194404602,FP
7307,0,1,0.7961927652359009,0.7961927652359009,FP
7308,0,1,0.8320262432098389,0.8320262432098389,FP
7309,0,1,0.8245294094085693,0.8245294094085693,FP
7310,0,1,0.7983381748199463,0.7983381748199463,FP
7311,0,1,0.801891028881073,0.801891028881073,FP
7312,0,1,0.8136215806007385,0.8136215806007385,FP
7313,0,1,0.8043267726898193,0.8043267726898193,FP
7314,0,1,0.804404079914093,0.804404079914093,FP
7315,0,1,0.8340957164764404,0.8340957164764404,FP
7316,0,1,0.8257685899734497,0.8257685899734497,FP
7317,0,1,0.8241125345230103,0.8241125345230103,FP
7318,0,1,0.8140271902084351,0.8140271902084351,FP
7319,0,1,0.8150733709335327,0.8150733709335327,FP
7320,0,1,0.7952539324760437,0.7952539324760437,FP
7321,0,1,0.8038634657859802,0.8038634657859802,FP
7322,0,1,0.7851783037185669,0.7851783037185669,FP
7323,0,1,0.7928696274757385,0.7928696274757385,FP
7324,0,1,0.7745917439460754,0.7745917439460754,FP
7325,0,1,0.8191980123519897,0.8191980123519897,FP
7326,0,1,0.809456467628479,0.809456467628479,FP
7327,0,1,0.8086616396903992,0.8086616396903992,FP
7328,0,1,0.79523766040802,0.79523766040802,FP
7329,0,1,0.7804723381996155,0.7804723381996155,FP
7330,0,1,0.7900474667549133,0.7900474667549133,FP
7331,0,1,0.8069738745689392,0.8069738745689392,FP
7332,0,1,0.7974948883056641,0.7974948883056641,FP
7333,0,1,0.7808641791343689,0.7808641791343689,FP
7334,0,1,0.7775424122810364,0.7775424122810364,FP
7335,0,1,0.7685320377349854,0.7685320377349854,FP
7336,0,1,0.7478175163269043,0.7478175163269043,FP
7337,0,1,0.7398444414138794,0.7398444414138794,FP
7338,0,1,0.7426201701164246,0.7426201701164246,FP
7339,0,1,0.6656795740127563,0.6656795740127563,FP
7340,0,1,0.7436689734458923,0.7436689734458923,FP
7341,0,1,0.7347499132156372,0.7347499132156372,FP
7342,0,1,0.7012336850166321,0.7012336850166321,FP
7343,0,1,0.7281485795974731,0.7281485795974731,FP
7344,0,1,0.7063903212547302,0.7063903212547302,FP
7345,0,1,0.7215328812599182,0.7215328812599182,FP
7346,0,1,0.703569233417511,0.703569233417511,FP
7347,0,1,0.7005020976066589,0.7005020976066589,FP
7348,0,1,0.6987437605857849,0.6987437605857849,FP
7349,0,1,0.6967533230781555,0.6967533230781555,FP
7350,0,1,0.6876488327980042,0.6876488327980042,FP
7351,0,1,0.6859697103500366,0.6859697103500366,FP
7352,0,1,0.6940446496009827,0.6940446496009827,FP
7353,0,1,0.6862504482269287,0.6862504482269287,FP
7354,0,1,0.679990828037262,0.679990828037262,FP
7355,0,1,0.6945587396621704,0.6945587396621704,FP
7356,0,1,0.6880006194114685,0.6880006194114685,FP
7357,0,1,0.6943255066871643,0.6943255066871643,FP
7358,0,1,0.6981876492500305,0.6981876492500305,FP
7359,0,1,0.6818414330482483,0.6818414330482483,FP
7360,0,1,0.6883628368377686,0.6883628368377686,FP
7361,0,1,0.6688728332519531,0.6688728332519531,FP
7362,0,1,0.6722005605697632,0.6722005605697632,FP
7363,0,1,0.6636987924575806,0.6636987924575806,FP
7364,0,1,0.6577429175376892,0.6577429175376892,FP
7365,0,1,0.6667242646217346,0.6667242646217346,FP
7366,0,1,0.6610197424888611,0.6610197424888611,FP
7367,0,1,0.6612097024917603,0.6612097024917603,FP
7368,0,1,0.6487428545951843,0.6487428545951843,FP
7369,0,1,0.6553964018821716,0.6553964018821716,FP
7370,0,1,0.6430858373641968,0.6430858373641968,FP
7371,0,1,0.64673912525177,0.64673912525177,FP
7372,0,1,0.6420773267745972,0.6420773267745972,FP
7373,0,1,0.6273623704910278,0.6273623704910278,FP
7374,0,1,0.6130515933036804,0.6130515933036804,FP
7375,0,1,0.5908272862434387,0.5908272862434387,FP
7376,0,1,0.5901267528533936,0.5901267528533936,FP
7377,0,1,0.5828686356544495,0.5828686356544495,FP
7378,0,1,0.5812116265296936,0.5812116265296936,FP
7379,0,1,0.5805132985115051,0.5805132985115051,FP
7380,0,1,0.5770319104194641,0.5770319104194641,FP
7381,0,1,0.5823084115982056,0.5823084115982056,FP
7382,0,1,0.5847200155258179,0.5847200155258179,FP
7383,0,1,0.5795127749443054,0.5795127749443054,FP
7384,0,1,0.5759946703910828,0.5759946703910828,FP
7385,0,1,0.5708639621734619,0.5708639621734619,FP
7386,0,1,0.5687172412872314,0.5687172412872314,FP
7387,0,1,0.5593059062957764,0.5593059062957764,FP
7388,0,1,0.5601438283920288,0.5601438283920288,FP
7389,0,1,0.5617659091949463,0.5617659091949463,FP
7390,0,1,0.559257984161377,0.559257984161377,FP
7391,0,1,0.5637332797050476,0.5637332797050476,FP
7392,0,1,0.555898904800415,0.555898904800415,FP
7393,0,1,0.5563156604766846,0.5563156604766846,FP
7394,0,1,0.5509964227676392,0.5509964227676392,FP
7395,0,1,0.5490186810493469,0.5490186810493469,FP
7396,0,1,0.5463082790374756,0.5463082790374756,FP
7397,0,1,0.5490127801895142,0.5490127801895142,FP
7398,0,1,0.5457831025123596,0.5457831025123596,FP
7399,0,1,0.5492807626724243,0.5492807626724243,FP
7400,0,1,0.5405856966972351,0.5405856966972351,FP
7401,0,1,0.5410892367362976,0.5410892367362976,FP
7402,0,1,0.5360511541366577,0.5360511541366577,FP
7403,0,1,0.5390735268592834,0.5390735268592834,FP
7404,0,1,0.5489513278007507,0.5489513278007507,FP
7405,0,1,0.5473895072937012,0.5473895072937012,FP
7406,0,1,0.5572086572647095,0.5572086572647095,FP
7407,0,1,0.543017566204071,0.543017566204071,FP
7408,0,1,0.5450025796890259,0.5450025796890259,FP
7409,0,1,0.549272894859314,0.549272894859314,FP
7410,0,1,0.5442067980766296,0.5442067980766296,FP
7411,0,1,0.5492130517959595,0.5492130517959595,FP
7412,0,1,0.5531665086746216,0.5531665086746216,FP
7413,0,1,0.5600204467773438,0.5600204467773438,FP
7414,0,1,0.5722588300704956,0.5722588300704956,FP
7415,0,1,0.5701387524604797,0.5701387524604797,FP
7416,0,1,0.560459554195404,0.560459554195404,FP
7417,0,1,0.5526660680770874,0.5526660680770874,FP
7418,0,1,0.5791969895362854,0.5791969895362854,FP
7419,0,1,0.5854129195213318,0.5854129195213318,FP
7420,0,1,0.5813823938369751,0.5813823938369751,FP
7421,0,1,0.5969893932342529,0.5969893932342529,FP
7422,0,1,0.6138832569122314,0.6138832569122314,FP
7423,0,1,0.624889612197876,0.624889612197876,FP
7424,0,1,0.6482416391372681,0.6482416391372681,FP
7425,0,1,0.6360798478126526,0.6360798478126526,FP
7426,0,1,0.6705560088157654,0.6705560088157654,FP
7427,0,1,0.6648410558700562,0.6648410558700562,FP
7428,0,1,0.6657072305679321,0.6657072305679321,FP
7429,0,1,0.6721810698509216,0.6721810698509216,FP
7430,0,1,0.6829665303230286,0.6829665303230286,FP
7431,0,1,0.6780349612236023,0.6780349612236023,FP
7432,0,1,0.7022667527198792,0.7022667527198792,FP
7433,0,1,1.2492759227752686,1.2492759227752686,FP
7434,0,1,1.2663116455078125,1.2663116455078125,FP
7435,0,1,1.2622359991073608,1.2622359991073608,FP
7436,0,1,1.2448047399520874,1.2448047399520874,FP
7437,0,1,1.2848199605941772,1.2848199605941772,FP
7438,0,1,1.2616887092590332,1.2616887092590332,FP
7439,0,1,1.2601613998413086,1.2601613998413086,FP
7440,0,1,1.2536633014678955,1.2536633014678955,FP
7441,0,1,1.2742094993591309,1.2742094993591309,FP
7442,0,1,1.2549848556518555,1.2549848556518555,FP
7443,0,1,1.2393206357955933,1.2393206357955933,FP
7444,0,1,1.250025987625122,1.250025987625122,FP
7445,0,1,1.2185968160629272,1.2185968160629272,FP
7446,0,1,1.2369321584701538,1.2369321584701538,FP
7447,0,1,1.2392892837524414,1.2392892837524414,FP
7448,0,1,1.2408713102340698,1.2408713102340698,FP
7449,0,1,1.2435683012008667,1.2435683012008667,FP
7450,0,1,1.2250540256500244,1.2250540256500244,FP
7451,0,1,1.2272350788116455,1.2272350788116455,FP
7452,0,1,1.206486463546753,1.206486463546753,FP
7453,0,1,1.222813367843628,1.222813367843628,FP
7454,0,1,1.208498239517212,1.208498239517212,FP
7455,0,1,1.212949275970459,1.212949275970459,FP
7456,0,1,1.2048509120941162,1.2048509120941162,FP
7457,0,1,1.203194260597229,1.203194260597229,FP
7458,0,1,1.1699318885803223,1.1699318885803223,FP
7459,0,1,1.1593302488327026,1.1593302488327026,FP
7460,0,1,1.160069465637207,1.160069465637207,FP
7461,0,1,1.1416984796524048,1.1416984796524048,FP
7462,0,1,1.1405636072158813,1.1405636072158813,FP
7463,0,1,1.1403518915176392,1.1403518915176392,FP
7464,0,1,1.123530626296997,1.123530626296997,FP
7465,0,1,1.1274698972702026,1.1274698972702026,FP
7466,0,1,1.1158183813095093,1.1158183813095093,FP
7467,0,1,1.0967910289764404,1.0967910289764404,FP
7468,0,1,1.112931251525879,1.112931251525879,FP
7469,0,1,1.1037681102752686,1.1037681102752686,FP
7470,0,1,1.0921430587768555,1.0921430587768555,FP
7471,0,1,1.096102237701416,1.096102237701416,FP
7472,0,1,1.0841237306594849,1.0841237306594849,FP
7473,0,1,1.06884765625,1.06884765625,FP
7474,0,1,1.0680315494537354,1.0680315494537354,FP
7475,0,1,1.0631661415100098,1.0631661415100098,FP
7476,0,1,1.0561732053756714,1.0561732053756714,FP
7477,0,1,1.0554784536361694,1.0554784536361694,FP
7478,0,1,1.0405449867248535,1.0405449867248535,FP
7479,0,1,1.0221830606460571,1.0221830606460571,FP
7480,0,1,1.0146722793579102,1.0146722793579102,FP
7481,0,1,1.0044981241226196,1.0044981241226196,FP
7482,0,1,0.995250403881073,0.995250403881073,FP
7483,0,1,0.9938657879829407,0.9938657879829407,FP
7484,0,1,0.9796322584152222,0.9796322584152222,FP
7485,0,1,0.9813821911811829,0.9813821911811829,FP
7486,0,1,0.9531570672988892,0.9531570672988892,FP
7487,0,1,0.9252575635910034,0.9252575635910034,FP
7488,0,1,0.915565013885498,0.915565013885498,FP
7489,0,1,0.8958038091659546,0.8958038091659546,FP
7490,0,1,0.8760311603546143,0.8760311603546143,FP
7491,0,1,0.8648277521133423,0.8648277521133423,FP
7492,0,1,0.8575578331947327,0.8575578331947327,FP
7493,0,1,0.8510227799415588,0.8510227799415588,FP
7494,0,1,0.8467064499855042,0.8467064499855042,FP
7495,0,1,0.8337336778640747,0.8337336778640747,FP
7496,0,1,0.8354503512382507,0.8354503512382507,FP
7497,0,1,0.8219911456108093,0.8219911456108093,FP
7498,0,1,0.8122671246528625,0.8122671246528625,FP
7499,0,1,0.799295961856842,0.799295961856842,FP
7500,0,1,0.7906509637832642,0.7906509637832642,FP
7501,0,1,0.7881767153739929,0.7881767153739929,FP
7502,0,1,0.7829499840736389,0.7829499840736389,FP
7503,0,1,0.7743600606918335,0.7743600606918335,FP
7504,0,1,0.7700292468070984,0.7700292468070984,FP
7505,0,1,0.7651185393333435,0.7651185393333435,FP
7506,0,1,0.7616169452667236,0.7616169452667236,FP
7507,0,1,0.7560588717460632,0.7560588717460632,FP
7508,0,1,0.741894006729126,0.741894006729126,FP
7509,0,1,0.7557814121246338,0.7557814121246338,FP
7510,0,1,0.7456386089324951,0.7456386089324951,FP
7511,0,1,0.7410550117492676,0.7410550117492676,FP
7512,0,1,0.7421820163726807,0.7421820163726807,FP
7513,0,1,0.7342798709869385,0.7342798709869385,FP
7514,0,1,0.7277967929840088,0.7277967929840088,FP
7515,0,1,0.7265730500221252,0.7265730500221252,FP
7516,0,1,0.7270042896270752,0.7270042896270752,FP
7517,0,1,0.7178927063941956,0.7178927063941956,FP
7518,0,1,0.7064731121063232,0.7064731121063232,FP
7519,0,1,0.7138271927833557,0.7138271927833557,FP
7520,0,1,0.7227586507797241,0.7227586507797241,FP
7521,0,1,0.7296632528305054,0.7296632528305054,FP
7522,0,1,0.7307111620903015,0.7307111620903015,FP
7523,1,1,0.751421332359314,0.751421332359314,TP
7524,1,1,0.7368971109390259,0.7368971109390259,TP
7525,1,1,0.7544705271720886,0.7544705271720886,TP
7526,1,1,0.7627066969871521,0.7627066969871521,TP
7527,1,1,0.7611361742019653,0.7611361742019653,TP
7528,1,1,0.7551793456077576,0.7551793456077576,TP
7529,1,1,0.7662182450294495,0.7662182450294495,TP
7530,1,1,0.7743688225746155,0.7743688225746155,TP
7531,1,1,0.7869715690612793,0.7869715690612793,TP
7532,1,1,0.8005228638648987,0.8005228638648987,TP
7533,1,1,0.8187323212623596,0.8187323212623596,TP
7534,0,1,0.5553796291351318,0.5553796291351318,FP
7535,0,1,0.5555658340454102,0.5555658340454102,FP
7536,0,1,0.5610703825950623,0.5610703825950623,FP
7537,0,1,0.5870097875595093,0.5870097875595093,FP
7538,0,1,0.5436790585517883,0.5436790585517883,FP
7539,0,1,0.53094482421875,0.53094482421875,FP
7540,0,1,0.5597226619720459,0.5597226619720459,FP
7541,0,1,0.5406458377838135,0.5406458377838135,FP
7542,0,1,0.5288501381874084,0.5288501381874084,FP
7543,0,1,0.5510827898979187,0.5510827898979187,FP
7544,0,1,0.5419325828552246,0.5419325828552246,FP
7545,0,1,0.5307322144508362,0.5307322144508362,FP
7546,0,1,0.5430006980895996,0.5430006980895996,FP
7547,0,1,0.5298859477043152,0.5298859477043152,FP
7548,0,1,1.1286654472351074,1.1286654472351074,FP
7549,0,1,0.5198308825492859,0.5198308825492859,FP
7550,0,1,1.0517617464065552,1.0517617464065552,FP
7551,0,1,0.5154812932014465,0.5154812932014465,FP
7552,0,1,0.5262404084205627,0.5262404084205627,FP
7553,0,1,0.528672993183136,0.528672993183136,FP
7554,0,1,0.5118211507797241,0.5118211507797241,FP
7555,0,1,0.5117360353469849,0.5117360353469849,FP
7556,0,1,0.5076093673706055,0.5076093673706055,FP
7557,0,1,0.4989531636238098,0.4989531636238098,FP
7558,0,1,0.5208236575126648,0.5208236575126648,FP
7559,0,1,0.5097624659538269,0.5097624659538269,FP
7560,0,1,0.5053016543388367,0.5053016543388367,FP
7561,0,1,0.5046049952507019,0.5046049952507019,FP
7562,0,1,0.5020461082458496,0.5020461082458496,FP
7563,0,1,0.510012149810791,0.510012149810791,FP
7564,0,1,0.5067394375801086,0.5067394375801086,FP
7565,0,1,0.5014801025390625,0.5014801025390625,FP
7566,0,1,0.4941738247871399,0.4941738247871399,FP
7567,0,1,0.49919265508651733,0.49919265508651733,FP
7568,0,1,0.5017023086547852,0.5017023086547852,FP
7569,0,1,0.5067499279975891,0.5067499279975891,FP
7570,0,1,0.5032713413238525,0.5032713413238525,FP
7571,0,1,0.5026350617408752,0.5026350617408752,FP
7572,0,1,0.5034599900245667,0.5034599900245667,FP
7573,0,1,0.5039796829223633,0.5039796829223633,FP
7574,0,1,0.5168520212173462,0.5168520212173462,FP
7575,0,1,0.521266758441925,0.521266758441925,FP
7576,0,1,0.5144001245498657,0.5144001245498657,FP
7577,0,1,0.5217990875244141,0.5217990875244141,FP
7578,0,1,0.5275858044624329,0.5275858044624329,FP
7579,0,1,0.7185842394828796,0.7185842394828796,FP
7580,0,1,0.5393741130828857,0.5393741130828857,FP
7581,0,1,0.5376267433166504,0.5376267433166504,FP
7582,0,1,0.5397853851318359,0.5397853851318359,FP
7583,0,1,0.5401434898376465,0.5401434898376465,FP
7584,0,1,0.5381486415863037,0.5381486415863037,FP
7585,0,1,0.5367166996002197,0.5367166996002197,FP
7586,0,1,0.5332536101341248,0.5332536101341248,FP
7587,0,1,0.525948703289032,0.525948703289032,FP
7588,0,1,0.5267109274864197,0.5267109274864197,FP
7589,0,1,0.5609920024871826,0.5609920024871826,FP
7590,0,1,0.5263513922691345,0.5263513922691345,FP
7591,0,1,0.5315918922424316,0.5315918922424316,FP
7592,0,1,0.5432872176170349,0.5432872176170349,FP
7593,0,1,0.5286157727241516,0.5286157727241516,FP
7594,0,1,0.528956949710846,0.528956949710846,FP
7595,0,1,0.5387992858886719,0.5387992858886719,FP
7596,0,1,0.5451788306236267,0.5451788306236267,FP
7597,0,1,0.7838388681411743,0.7838388681411743,FP
7598,0,1,0.9208717346191406,0.9208717346191406,FP
7599,0,1,0.5748426914215088,0.5748426914215088,FP
7600,0,1,0.5457731485366821,0.5457731485366821,FP
7601,0,1,0.7311052680015564,0.7311052680015564,FP
7602,0,1,0.8633720278739929,0.8633720278739929,FP
7603,0,1,0.7190243005752563,0.7190243005752563,FP
7604,0,1,0.7108062505722046,0.7108062505722046,FP
7605,0,1,0.6969099640846252,0.6969099640846252,FP
7606,0,1,0.6950019598007202,0.6950019598007202,FP
7607,0,1,0.7231417298316956,0.7231417298316956,FP
7608,0,1,0.6859103441238403,0.6859103441238403,FP
7609,0,1,0.690166175365448,0.690166175365448,FP
7610,0,1,0.7027536630630493,0.7027536630630493,FP
7611,0,1,0.7311415672302246,0.7311415672302246,FP
7612,0,1,0.7291226983070374,0.7291226983070374,FP
7613,0,1,0.678059458732605,0.678059458732605,FP
7614,0,1,0.7290854454040527,0.7290854454040527,FP
7615,0,1,0.6877607107162476,0.6877607107162476,FP
7616,0,1,0.6821334362030029,0.6821334362030029,FP
7617,0,1,0.7024871706962585,0.7024871706962585,FP
7618,0,1,0.6850313544273376,0.6850313544273376,FP
7619,0,1,0.6861364245414734,0.6861364245414734,FP
7620,0,1,0.7012899518013,0.7012899518013,FP
7621,0,1,0.6861405372619629,0.6861405372619629,FP
7622,0,1,0.5683987140655518,0.5683987140655518,FP
7623,0,1,0.5586073994636536,0.5586073994636536,FP
7624,0,1,0.7593215107917786,0.7593215107917786,FP
7625,0,1,0.5748091340065002,0.5748091340065002,FP
7626,0,1,0.7111309170722961,0.7111309170722961,FP
7627,0,1,0.5571755766868591,0.5571755766868591,FP
7628,0,1,0.7157792448997498,0.7157792448997498,FP
7629,0,1,0.7845494747161865,0.7845494747161865,FP
7630,0,1,0.5394519567489624,0.5394519567489624,FP
7631,0,1,0.6947767734527588,0.6947767734527588,FP
7632,0,1,0.6786743998527527,0.6786743998527527,FP
7633,0,1,0.688307523727417,0.688307523727417,FP
7634,0,1,0.782090425491333,0.782090425491333,FP
7635,0,1,0.6647276282310486,0.6647276282310486,FP
7636,0,1,0.7103626728057861,0.7103626728057861,FP
7637,0,1,0.6960108876228333,0.6960108876228333,FP
7638,0,1,0.6740682721138,0.6740682721138,FP
7639,0,1,0.6914328932762146,0.6914328932762146,FP
7640,0,1,0.722581684589386,0.722581684589386,FP
7641,0,1,0.6877894401550293,0.6877894401550293,FP
7642,0,1,0.6662048101425171,0.6662048101425171,FP
7643,0,1,0.6818225979804993,0.6818225979804993,FP
7644,0,1,0.7040385603904724,0.7040385603904724,FP
7645,0,1,0.7209166884422302,0.7209166884422302,FP
7646,0,1,0.6672860980033875,0.6672860980033875,FP
7647,0,1,0.6864714026451111,0.6864714026451111,FP
7648,0,1,0.7126407027244568,0.7126407027244568,FP
7649,0,1,0.7836557626724243,0.7836557626724243,FP
7650,0,1,0.6844411492347717,0.6844411492347717,FP
7651,0,1,0.7868952751159668,0.7868952751159668,FP
7652,0,1,0.7385295629501343,0.7385295629501343,FP
7653,0,1,0.5800238251686096,0.5800238251686096,FP
7654,0,1,0.6945000290870667,0.6945000290870667,FP
7655,0,1,0.7052964568138123,0.7052964568138123,FP
7656,0,1,0.7268517017364502,0.7268517017364502,FP
7657,0,1,0.7090524435043335,0.7090524435043335,FP
7658,0,1,0.6996810436248779,0.6996810436248779,FP
7659,0,1,0.7689648270606995,0.7689648270606995,FP
7660,0,1,0.730194628238678,0.730194628238678,FP
7661,0,1,0.6562775373458862,0.6562775373458862,FP
7662,0,1,0.7000779509544373,0.7000779509544373,FP
7663,0,1,0.5484403371810913,0.5484403371810913,FP
7664,0,1,0.7570850253105164,0.7570850253105164,FP
7665,0,1,0.7656659483909607,0.7656659483909607,FP
7666,0,1,0.6286977529525757,0.6286977529525757,FP
7667,0,1,0.6290602087974548,0.6290602087974548,FP
7668,0,1,0.7530590891838074,0.7530590891838074,FP
7669,0,1,0.639945924282074,0.639945924282074,FP
7670,0,1,0.5090590119361877,0.5090590119361877,FP
7671,0,1,0.6162894368171692,0.6162894368171692,FP
7672,0,1,0.5254011750221252,0.5254011750221252,FP
7673,0,1,0.6230754256248474,0.6230754256248474,FP
7674,0,1,0.6067410111427307,0.6067410111427307,FP
7675,0,1,0.6441895365715027,0.6441895365715027,FP
7676,0,1,0.6199518442153931,0.6199518442153931,FP
7677,0,1,0.7110177874565125,0.7110177874565125,FP
7678,0,1,0.6938149929046631,0.6938149929046631,FP
7679,0,1,0.7169597148895264,0.7169597148895264,FP
7680,0,1,0.6897135376930237,0.6897135376930237,FP
7681,0,1,0.7406629920005798,0.7406629920005798,FP
7682,0,1,0.5386037230491638,0.5386037230491638,FP
7683,0,1,0.5441551208496094,0.5441551208496094,FP
7684,0,1,0.5683518648147583,0.5683518648147583,FP
7685,0,1,0.7142685651779175,0.7142685651779175,FP
7686,0,1,0.5444247722625732,0.5444247722625732,FP
7687,0,1,0.593654453754425,0.593654453754425,FP
7688,0,1,0.6034204363822937,0.6034204363822937,FP
7689,0,1,0.6350001692771912,0.6350001692771912,FP
7690,0,1,0.621583878993988,0.621583878993988,FP
7691,0,1,0.6312283277511597,0.6312283277511597,FP
7692,0,1,0.5503025650978088,0.5503025650978088,FP
7693,0,1,0.5028392672538757,0.5028392672538757,FP
7694,0,1,0.5351426601409912,0.5351426601409912,FP
7695,0,1,0.6121389865875244,0.6121389865875244,FP
7696,0,1,0.5135907530784607,0.5135907530784607,FP
7697,0,1,0.5539241433143616,0.5539241433143616,FP
7698,0,1,0.6384300589561462,0.6384300589561462,FP
7699,0,1,0.6365880370140076,0.6365880370140076,FP
7700,0,1,0.6367590427398682,0.6367590427398682,FP
7701,0,1,0.5645810961723328,0.5645810961723328,FP
7702,0,1,0.5247693061828613,0.5247693061828613,FP
7703,0,1,0.5961949229240417,0.5961949229240417,FP
7704,0,1,0.6363153457641602,0.6363153457641602,FP
7705,0,1,0.621284544467926,0.621284544467926,FP
7706,0,1,0.6153858304023743,0.6153858304023743,FP
7707,0,1,0.5856226086616516,0.5856226086616516,FP
7708,0,1,0.5962444543838501,0.5962444543838501,FP
7709,0,1,0.5988077521324158,0.5988077521324158,FP
7710,0,1,0.5847995281219482,0.5847995281219482,FP
7711,0,1,0.5980684161186218,0.5980684161186218,FP
7712,0,1,0.6404816508293152,0.6404816508293152,FP
7713,0,1,0.6222289204597473,0.6222289204597473,FP
7714,0,1,0.6252427697181702,0.6252427697181702,FP
7715,0,1,0.7290720343589783,0.7290720343589783,FP
7716,0,1,0.6534734964370728,0.6534734964370728,FP
7717,0,1,0.6278316378593445,0.6278316378593445,FP
7718,0,1,0.7524334788322449,0.7524334788322449,FP
7719,0,1,0.6503564715385437,0.6503564715385437,FP
7720,0,1,0.6527867913246155,0.6527867913246155,FP
7721,0,1,0.6355968117713928,0.6355968117713928,FP
7722,0,1,0.6293331384658813,0.6293331384658813,FP
7723,0,1,0.7498509883880615,0.7498509883880615,FP
7724,0,1,0.6399005055427551,0.6399005055427551,FP
7725,0,1,0.6401407122612,0.6401407122612,FP
7726,0,1,0.8362888097763062,0.8362888097763062,FP
7727,0,1,0.766624391078949,0.766624391078949,FP
7728,0,1,0.6487241983413696,0.6487241983413696,FP
7729,0,1,0.511728048324585,0.511728048324585,FP
7730,0,1,0.5232326984405518,0.5232326984405518,FP
7731,0,1,0.5096790790557861,0.5096790790557861,FP
7732,0,1,0.5029045343399048,0.5029045343399048,FP
7733,0,1,0.5021944642066956,0.5021944642066956,FP
7734,0,1,0.5013391971588135,0.5013391971588135,FP
7735,0,1,0.5270000696182251,0.5270000696182251,FP
7736,0,1,0.5023296475410461,0.5023296475410461,FP
7737,0,1,0.5130216479301453,0.5130216479301453,FP
7738,0,1,0.5054982304573059,0.5054982304573059,FP
7739,0,1,0.512485682964325,0.512485682964325,FP
7740,0,1,0.5230334997177124,0.5230334997177124,FP
7741,0,1,0.5073943138122559,0.5073943138122559,FP
7742,0,1,0.5174235105514526,0.5174235105514526,FP
7743,0,1,0.514254093170166,0.514254093170166,FP
7744,0,1,0.541780412197113,0.541780412197113,FP
7745,0,1,0.513222873210907,0.513222873210907,FP
7746,0,1,0.5130341053009033,0.5130341053009033,FP
7747,0,1,0.5242453217506409,0.5242453217506409,FP
7748,0,1,0.5230101346969604,0.5230101346969604,FP
7749,0,1,0.5404866337776184,0.5404866337776184,FP
7750,0,1,0.5350993871688843,0.5350993871688843,FP
7751,0,1,0.5408851504325867,0.5408851504325867,FP
7752,0,1,0.5687631368637085,0.5687631368637085,FP
7753,0,1,0.5426098108291626,0.5426098108291626,FP
7754,0,1,0.5367475152015686,0.5367475152015686,FP
7755,0,1,0.5375600457191467,0.5375600457191467,FP
7756,0,1,0.5413597822189331,0.5413597822189331,FP
7757,0,1,0.5461911559104919,0.5461911559104919,FP
7758,0,1,0.5596584677696228,0.5596584677696228,FP
7759,0,1,0.546183168888092,0.546183168888092,FP
7760,0,1,0.5545656681060791,0.5545656681060791,FP
7761,0,1,0.5519917011260986,0.5519917011260986,FP
7762,0,1,0.5548974275588989,0.5548974275588989,FP
7763,0,1,0.5550748109817505,0.5550748109817505,FP
7764,0,1,0.5436923503875732,0.5436923503875732,FP
7765,0,1,0.5252668261528015,0.5252668261528015,FP
7766,0,1,0.5306068062782288,0.5306068062782288,FP
7767,0,1,0.5397272109985352,0.5397272109985352,FP
7768,0,1,0.5436078310012817,0.5436078310012817,FP
7769,0,1,0.5271435379981995,0.5271435379981995,FP
7770,0,1,0.5270494818687439,0.5270494818687439,FP
7771,0,1,0.5322182178497314,0.5322182178497314,FP
7772,0,1,0.5484361052513123,0.5484361052513123,FP
7773,0,1,0.5465070605278015,0.5465070605278015,FP
7774,0,1,0.568009614944458,0.568009614944458,FP
7775,0,1,0.5640624165534973,0.5640624165534973,FP
7776,0,1,0.5596839189529419,0.5596839189529419,FP
7777,0,1,0.5527656674385071,0.5527656674385071,FP
7778,0,1,0.5489203333854675,0.5489203333854675,FP
7779,0,1,0.5493503212928772,0.5493503212928772,FP
7780,0,1,0.5427230000495911,0.5427230000495911,FP
7781,0,1,0.5476629734039307,0.5476629734039307,FP
7782,0,1,0.550821840763092,0.550821840763092,FP
7783,0,1,0.5548564791679382,0.5548564791679382,FP
7784,0,1,0.5629225969314575,0.5629225969314575,FP
7785,0,1,0.5879383087158203,0.5879383087158203,FP
7786,0,1,0.5600816607475281,0.5600816607475281,FP
7787,0,1,0.5629284381866455,0.5629284381866455,FP
7788,0,1,0.5619444847106934,0.5619444847106934,FP
7789,0,1,0.5553452372550964,0.5553452372550964,FP
7790,0,1,0.5796806812286377,0.5796806812286377,FP
7791,0,1,0.5601125359535217,0.5601125359535217,FP
7792,0,1,0.5585576891899109,0.5585576891899109,FP
7793,0,1,0.5494340658187866,0.5494340658187866,FP
7794,0,1,0.7732334733009338,0.7732334733009338,FP
7795,0,1,0.549892008304596,0.549892008304596,FP
7796,0,1,0.5448681712150574,0.5448681712150574,FP
7797,0,1,0.7369368076324463,0.7369368076324463,FP
7798,0,1,0.6542425751686096,0.6542425751686096,FP
7799,0,1,0.6574662923812866,0.6574662923812866,FP
7800,0,1,0.6370853185653687,0.6370853185653687,FP
7801,0,1,0.6309835910797119,0.6309835910797119,FP
7802,0,1,0.6176518797874451,0.6176518797874451,FP
7803,0,1,0.6163300275802612,0.6163300275802612,FP
7804,0,1,0.6182172894477844,0.6182172894477844,FP
7805,0,1,0.6008334159851074,0.6008334159851074,FP
7806,0,1,0.6027644872665405,0.6027644872665405,FP
7807,0,1,0.5912180542945862,0.5912180542945862,FP
7808,0,1,0.6175757050514221,0.6175757050514221,FP
7809,0,1,0.6008967161178589,0.6008967161178589,FP
7810,0,1,0.5715076923370361,0.5715076923370361,FP
7811,0,1,0.584726095199585,0.584726095199585,FP
7812,0,1,0.5803003907203674,0.5803003907203674,FP
7813,0,1,0.7956071496009827,0.7956071496009827,FP
7814,0,1,0.7916973829269409,0.7916973829269409,FP
7815,0,1,0.7965579032897949,0.7965579032897949,FP
7816,0,1,0.8099130988121033,0.8099130988121033,FP
7817,0,1,0.7883761525154114,0.7883761525154114,FP
7818,0,1,0.7775823473930359,0.7775823473930359,FP
7819,0,1,0.7729899883270264,0.7729899883270264,FP
7820,0,1,0.7749369740486145,0.7749369740486145,FP
7821,0,1,0.7716473340988159,0.7716473340988159,FP
7822,0,1,0.7727320194244385,0.7727320194244385,FP
7823,0,1,0.7763393521308899,0.7763393521308899,FP
7824,0,1,0.7674711346626282,0.7674711346626282,FP
7825,0,1,0.7638590335845947,0.7638590335845947,FP
7826,0,1,0.769936203956604,0.769936203956604,FP
7827,0,1,0.7672623991966248,0.7672623991966248,FP
7828,0,1,0.7728803753852844,0.7728803753852844,FP
7829,0,1,0.7627912759780884,0.7627912759780884,FP
7830,0,1,0.7612537145614624,0.7612537145614624,FP
7831,0,1,0.7437872290611267,0.7437872290611267,FP
7832,0,1,0.7662467360496521,0.7662467360496521,FP
7833,0,1,0.7504389882087708,0.7504389882087708,FP
7834,0,1,0.7392702698707581,0.7392702698707581,FP
7835,0,1,0.7434760332107544,0.7434760332107544,FP
7836,0,1,0.7328709959983826,0.7328709959983826,FP
7837,0,1,0.7217308282852173,0.7217308282852173,FP
7838,0,1,0.7273748517036438,0.7273748517036438,FP
7839,0,1,0.7164464592933655,0.7164464592933655,FP
7840,0,1,0.7105792760848999,0.7105792760848999,FP
7841,0,1,0.7196698784828186,0.7196698784828186,FP
7842,0,1,0.7203405499458313,0.7203405499458313,FP
7843,0,1,0.7182045578956604,0.7182045578956604,FP
7844,0,1,0.7257378101348877,0.7257378101348877,FP
7845,0,1,0.7233796119689941,0.7233796119689941,FP
7846,0,1,0.7202216386795044,0.7202216386795044,FP
7847,0,1,0.6993016600608826,0.6993016600608826,FP
7848,0,1,0.6791577935218811,0.6791577935218811,FP
7849,0,1,0.6883395910263062,0.6883395910263062,FP
7850,0,1,0.7085418701171875,0.7085418701171875,FP
7851,0,1,0.6773558855056763,0.6773558855056763,FP
7852,0,1,0.6780955791473389,0.6780955791473389,FP
7853,0,1,0.9013039469718933,0.9013039469718933,FP
7854,0,1,0.896136999130249,0.896136999130249,FP
7855,0,1,0.9037405252456665,0.9037405252456665,FP
7856,0,1,0.9265472292900085,0.9265472292900085,FP
7857,0,1,0.9203779697418213,0.9203779697418213,FP
7858,0,1,0.8937464356422424,0.8937464356422424,FP
7859,0,1,0.8977800607681274,0.8977800607681274,FP
7860,0,1,0.8916175961494446,0.8916175961494446,FP
7861,0,1,0.8833124041557312,0.8833124041557312,FP
7862,0,1,0.8792291283607483,0.8792291283607483,FP
7863,0,1,0.8918333649635315,0.8918333649635315,FP
7864,0,1,0.8626487255096436,0.8626487255096436,FP
7865,0,1,0.8631240725517273,0.8631240725517273,FP
7866,0,1,0.8516390919685364,0.8516390919685364,FP
7867,0,1,0.8878437280654907,0.8878437280654907,FP
7868,0,1,0.8827983736991882,0.8827983736991882,FP
7869,0,1,0.8951669335365295,0.8951669335365295,FP
7870,0,1,0.8731645345687866,0.8731645345687866,FP
7871,0,1,0.8889647126197815,0.8889647126197815,FP
7872,0,1,0.8902069330215454,0.8902069330215454,FP
7873,0,1,0.8785277605056763,0.8785277605056763,FP
7874,0,1,0.8616445660591125,0.8616445660591125,FP
7875,0,1,0.8732669353485107,0.8732669353485107,FP
7876,0,1,0.8631538152694702,0.8631538152694702,FP
7877,0,1,0.8829872608184814,0.8829872608184814,FP
7878,0,1,0.873323380947113,0.873323380947113,FP
7879,0,1,0.8988133072853088,0.8988133072853088,FP
7880,0,1,0.8778512477874756,0.8778512477874756,FP
7881,0,1,0.8737086653709412,0.8737086653709412,FP
7882,0,1,0.8495330214500427,0.8495330214500427,FP
7883,0,1,0.8630409836769104,0.8630409836769104,FP
7884,0,1,0.8703693151473999,0.8703693151473999,FP
7885,0,1,0.8721329569816589,0.8721329569816589,FP
7886,0,1,0.8454702496528625,0.8454702496528625,FP
7887,0,1,0.834622323513031,0.834622323513031,FP
7888,0,1,0.84285569190979,0.84285569190979,FP
7889,0,1,0.8081561923027039,0.8081561923027039,FP
7890,0,1,0.8091790080070496,0.8091790080070496,FP
7891,0,1,0.8320536017417908,0.8320536017417908,FP
7892,0,1,0.795091986656189,0.795091986656189,FP
7893,0,1,0.8310770988464355,0.8310770988464355,FP
7894,0,1,0.7873796224594116,0.7873796224594116,FP
7895,0,1,0.7833675146102905,0.7833675146102905,FP
7896,0,1,0.7940601110458374,0.7940601110458374,FP
7897,0,1,0.7476518750190735,0.7476518750190735,FP
7898,0,1,0.7623452544212341,0.7623452544212341,FP
7899,0,1,0.7490604519844055,0.7490604519844055,FP
7900,0,1,0.7399585843086243,0.7399585843086243,FP
7901,0,1,0.6881605386734009,0.6881605386734009,FP
7902,0,1,0.6709927916526794,0.6709927916526794,FP
7903,0,1,0.6683287024497986,0.6683287024497986,FP
7904,0,1,0.6648409366607666,0.6648409366607666,FP
7905,0,1,0.6559717059135437,0.6559717059135437,FP
7906,0,1,0.6604359149932861,0.6604359149932861,FP
7907,0,1,0.6674243211746216,0.6674243211746216,FP
7908,0,1,0.6378014087677002,0.6378014087677002,FP
7909,0,1,0.6576967835426331,0.6576967835426331,FP
7910,0,1,0.6488854289054871,0.6488854289054871,FP
7911,0,1,0.6474208235740662,0.6474208235740662,FP
7912,0,1,0.6322411298751831,0.6322411298751831,FP
7913,0,1,0.6410847306251526,0.6410847306251526,FP
7914,0,1,0.6481897830963135,0.6481897830963135,FP
7915,0,1,0.6317420601844788,0.6317420601844788,FP
7916,0,1,0.6268634796142578,0.6268634796142578,FP
7917,0,1,0.645424485206604,0.645424485206604,FP
7918,0,1,0.6377061605453491,0.6377061605453491,FP
7919,0,1,0.6138007044792175,0.6138007044792175,FP
7920,0,1,0.6119895577430725,0.6119895577430725,FP
7921,0,1,0.6224949359893799,0.6224949359893799,FP
7922,0,1,0.6104371547698975,0.6104371547698975,FP
7923,0,1,0.6018632650375366,0.6018632650375366,FP
7924,0,1,0.673868715763092,0.673868715763092,FP
7925,0,1,0.6183830499649048,0.6183830499649048,FP
7926,0,1,0.6235339641571045,0.6235339641571045,FP
7927,0,1,0.6333597302436829,0.6333597302436829,FP
7928,0,1,0.6020844578742981,0.6020844578742981,FP
7929,0,1,0.6042243242263794,0.6042243242263794,FP
7930,0,1,0.6178104877471924,0.6178104877471924,FP
7931,0,1,0.6136435866355896,0.6136435866355896,FP
7932,0,1,0.5963366627693176,0.5963366627693176,FP
7933,0,1,0.6015388369560242,0.6015388369560242,FP
7934,0,1,0.5949870944023132,0.5949870944023132,FP
7935,0,1,0.59271240234375,0.59271240234375,FP
7936,0,1,0.5842585563659668,0.5842585563659668,FP
7937,0,1,0.5977025032043457,0.5977025032043457,FP
7938,0,1,0.5874698758125305,0.5874698758125305,FP
7939,0,1,0.5852463245391846,0.5852463245391846,FP
7940,0,1,0.5766487121582031,0.5766487121582031,FP
7941,0,1,0.5824326872825623,0.5824326872825623,FP
7942,0,1,0.5778811573982239,0.5778811573982239,FP
7943,0,1,0.5742307901382446,0.5742307901382446,FP
7944,0,1,0.5918471813201904,0.5918471813201904,FP
7945,0,1,0.6534308791160583,0.6534308791160583,FP
7946,0,1,0.5701389908790588,0.5701389908790588,FP
7947,0,1,0.5718259215354919,0.5718259215354919,FP
7948,0,1,0.5780303478240967,0.5780303478240967,FP
7949,0,1,0.5666056275367737,0.5666056275367737,FP
7950,0,1,0.5682106614112854,0.5682106614112854,FP
7951,0,1,0.5637140870094299,0.5637140870094299,FP
7952,0,1,0.5707958340644836,0.5707958340644836,FP
7953,0,1,0.5704694390296936,0.5704694390296936,FP
7954,0,1,0.5659310221672058,0.5659310221672058,FP
7955,0,1,0.5514867901802063,0.5514867901802063,FP
7956,0,1,0.5770965814590454,0.5770965814590454,FP
7957,0,1,0.5369253754615784,0.5369253754615784,FP
7958,0,1,0.5250805020332336,0.5250805020332336,FP
7959,0,1,0.54420006275177,0.54420006275177,FP
7960,0,1,0.5392163991928101,0.5392163991928101,FP
7961,0,1,0.5189758539199829,0.5189758539199829,FP
7962,0,1,0.5261375904083252,0.5261375904083252,FP
7963,0,1,0.5329890847206116,0.5329890847206116,FP
7964,0,1,0.5022200345993042,0.5022200345993042,FP
7965,0,1,0.5033136606216431,0.5033136606216431,FP
7966,0,0,0.487034410238266,0.487034410238266,TN
7967,0,1,0.525463342666626,0.525463342666626,FP
7968,0,1,0.5051599144935608,0.5051599144935608,FP
7969,0,1,0.5107678174972534,0.5107678174972534,FP
7970,0,1,0.49830421805381775,0.49830421805381775,FP
7971,0,1,0.5011823177337646,0.5011823177337646,FP
7972,0,0,0.4904487133026123,0.4904487133026123,TN
7973,0,0,0.4864133894443512,0.4864133894443512,TN
7974,0,0,0.4847439229488373,0.4847439229488373,TN
7975,0,1,0.5031415820121765,0.5031415820121765,FP
7976,0,1,0.5031846165657043,0.5031846165657043,FP
7977,0,0,0.48297345638275146,0.48297345638275146,TN
7978,0,0,0.47912585735321045,0.47912585735321045,TN
7979,0,0,0.4849827289581299,0.4849827289581299,TN
7980,0,1,0.5159753561019897,0.5159753561019897,FP
7981,0,1,0.520446240901947,0.520446240901947,FP
7982,0,1,0.5149803161621094,0.5149803161621094,FP
7983,0,1,0.5089185237884521,0.5089185237884521,FP
7984,0,1,0.5069421529769897,0.5069421529769897,FP
7985,0,1,0.5546613335609436,0.5546613335609436,FP
7986,0,1,0.5310197472572327,0.5310197472572327,FP
7987,0,1,0.5411094427108765,0.5411094427108765,FP
7988,0,0,0.482472687959671,0.482472687959671,TN
7989,0,1,0.5034795999526978,0.5034795999526978,FP
7990,0,1,0.5074329376220703,0.5074329376220703,FP
7991,0,1,0.526594877243042,0.526594877243042,FP
7992,0,1,0.5277507901191711,0.5277507901191711,FP
7993,0,1,0.5184202194213867,0.5184202194213867,FP
7994,0,1,0.5112798810005188,0.5112798810005188,FP
7995,0,1,0.5261780023574829,0.5261780023574829,FP
7996,0,1,0.50849449634552,0.50849449634552,FP
7997,0,1,0.5114989280700684,0.5114989280700684,FP
7998,0,1,0.4997592270374298,0.4997592270374298,FP
7999,0,1,0.5179507732391357,0.5179507732391357,FP
8000,0,1,0.5319035649299622,0.5319035649299622,FP
8001,0,1,0.5295292139053345,0.5295292139053345,FP
8002,0,1,0.49887192249298096,0.49887192249298096,FP
8003,0,1,0.5077841877937317,0.5077841877937317,FP
8004,0,1,0.5289595127105713,0.5289595127105713,FP
8005,0,1,0.5421059727668762,0.5421059727668762,FP
8006,0,1,0.5494747161865234,0.5494747161865234,FP
8007,0,1,0.5411601662635803,0.5411601662635803,FP
8008,0,1,0.5453272461891174,0.5453272461891174,FP
8009,0,1,0.5675534605979919,0.5675534605979919,FP
8010,0,1,0.5707072615623474,0.5707072615623474,FP
8011,0,1,0.5703080296516418,0.5703080296516418,FP
8012,0,1,0.556012749671936,0.556012749671936,FP
8013,0,1,0.5598734021186829,0.5598734021186829,FP
8014,0,1,0.554726243019104,0.554726243019104,FP
8015,0,1,0.5578454732894897,0.5578454732894897,FP
8016,0,1,0.5616129040718079,0.5616129040718079,FP
8017,0,1,0.5654222369194031,0.5654222369194031,FP
8018,0,1,0.5518316626548767,0.5518316626548767,FP
8019,0,1,0.5304276943206787,0.5304276943206787,FP
8020,0,1,0.5369036197662354,0.5369036197662354,FP
8021,0,1,0.5371410250663757,0.5371410250663757,FP
8022,0,1,0.5383963584899902,0.5383963584899902,FP
8023,0,1,0.5457620024681091,0.5457620024681091,FP
8024,0,1,0.5503510236740112,0.5503510236740112,FP
8025,0,1,0.5535813570022583,0.5535813570022583,FP
8026,0,1,0.5548912286758423,0.5548912286758423,FP
8027,0,1,0.5576299428939819,0.5576299428939819,FP
8028,0,1,0.5588569641113281,0.5588569641113281,FP
8029,0,1,0.5560705661773682,0.5560705661773682,FP
8030,0,1,0.5504286289215088,0.5504286289215088,FP
8031,0,1,0.556599497795105,0.556599497795105,FP
8032,0,1,0.5619359016418457,0.5619359016418457,FP
8033,0,1,0.5627392530441284,0.5627392530441284,FP
8034,0,1,0.5425438284873962,0.5425438284873962,FP
8035,0,1,0.5482621192932129,0.5482621192932129,FP
8036,0,1,0.555385947227478,0.555385947227478,FP
8037,0,1,0.5525255799293518,0.5525255799293518,FP
8038,0,1,0.5529075860977173,0.5529075860977173,FP
8039,0,1,0.5518275499343872,0.5518275499343872,FP
8040,0,1,0.5596487522125244,0.5596487522125244,FP
8041,0,1,0.5463391542434692,0.5463391542434692,FP
8042,0,1,0.5461573004722595,0.5461573004722595,FP
8043,0,1,0.5542912483215332,0.5542912483215332,FP
8044,0,1,0.5344734191894531,0.5344734191894531,FP
8045,0,1,0.5367172360420227,0.5367172360420227,FP
8046,0,1,0.5504503846168518,0.5504503846168518,FP
8047,0,1,0.5450769662857056,0.5450769662857056,FP
8048,0,1,0.5647380352020264,0.5647380352020264,FP
8049,0,1,0.550343930721283,0.550343930721283,FP
8050,0,1,0.5486821532249451,0.5486821532249451,FP
8051,0,1,0.5692195296287537,0.5692195296287537,FP
8052,0,1,0.5527263879776001,0.5527263879776001,FP
8053,0,1,0.571728527545929,0.571728527545929,FP
8054,0,1,0.5600129961967468,0.5600129961967468,FP
8055,0,1,0.5210220813751221,0.5210220813751221,FP
8056,0,1,0.533821165561676,0.533821165561676,FP
8057,0,1,0.5300238132476807,0.5300238132476807,FP
8058,0,1,1.3044177293777466,1.3044177293777466,FP
8059,0,1,1.3242329359054565,1.3242329359054565,FP
8060,0,1,1.3351881504058838,1.3351881504058838,FP
8061,0,1,1.3309054374694824,1.3309054374694824,FP
8062,0,1,1.2502673864364624,1.2502673864364624,FP
8063,0,1,1.2082622051239014,1.2082622051239014,FP
8064,0,1,1.213348627090454,1.213348627090454,FP
8065,0,1,1.2331058979034424,1.2331058979034424,FP
8066,0,1,1.2612134218215942,1.2612134218215942,FP
8067,0,1,1.260101318359375,1.260101318359375,FP
8068,0,1,1.1977810859680176,1.1977810859680176,FP
8069,0,1,1.2105811834335327,1.2105811834335327,FP
8070,0,1,1.1720881462097168,1.1720881462097168,FP
8071,0,1,1.277327060699463,1.277327060699463,FP
8072,0,1,1.2110737562179565,1.2110737562179565,FP
8073,0,1,1.1803470849990845,1.1803470849990845,FP
8074,0,1,1.2373700141906738,1.2373700141906738,FP
8075,0,1,1.1964439153671265,1.1964439153671265,FP
8076,0,1,1.237815499305725,1.237815499305725,FP
8077,0,1,1.2117420434951782,1.2117420434951782,FP
8078,0,1,1.230418086051941,1.230418086051941,FP
8079,0,1,1.2605022192001343,1.2605022192001343,FP
8080,0,1,1.2140460014343262,1.2140460014343262,FP
8081,0,1,1.170626163482666,1.170626163482666,FP
8082,0,1,1.1987782716751099,1.1987782716751099,FP
8083,0,1,1.2397111654281616,1.2397111654281616,FP
8084,0,1,1.222487211227417,1.222487211227417,FP
8085,0,1,1.217827558517456,1.217827558517456,FP
8086,0,1,1.1790117025375366,1.1790117025375366,FP
8087,0,1,1.1493202447891235,1.1493202447891235,FP
8088,0,1,1.187975287437439,1.187975287437439,FP
8089,0,1,1.1294413805007935,1.1294413805007935,FP
8090,0,1,1.1316442489624023,1.1316442489624023,FP
8091,0,1,1.1226775646209717,1.1226775646209717,FP
8092,0,1,1.1292158365249634,1.1292158365249634,FP
8093,0,1,1.1000797748565674,1.1000797748565674,FP
8094,0,1,1.1286808252334595,1.1286808252334595,FP
8095,0,1,1.0777842998504639,1.0777842998504639,FP
8096,0,1,1.0962693691253662,1.0962693691253662,FP
8097,0,1,1.1184076070785522,1.1184076070785522,FP
8098,0,1,1.0615565776824951,1.0615565776824951,FP
8099,0,1,1.0646204948425293,1.0646204948425293,FP
8100,0,1,1.05362868309021,1.05362868309021,FP
8101,0,1,0.9989294409751892,0.9989294409751892,FP
8102,0,1,0.9967793822288513,0.9967793822288513,FP
8103,0,1,0.9774395823478699,0.9774395823478699,FP
8104,0,1,1.0251600742340088,1.0251600742340088,FP
8105,0,1,1.0223963260650635,1.0223963260650635,FP
8106,0,1,0.7630522847175598,0.7630522847175598,FP
8107,0,1,0.752723217010498,0.752723217010498,FP
8108,0,1,0.7843023538589478,0.7843023538589478,FP
8109,0,1,0.7516561150550842,0.7516561150550842,FP
8110,0,1,0.7709342837333679,0.7709342837333679,FP
8111,0,1,0.7708366513252258,0.7708366513252258,FP
8112,0,1,0.7858967781066895,0.7858967781066895,FP
8113,0,1,0.7752729654312134,0.7752729654312134,FP
8114,0,1,0.8054191470146179,0.8054191470146179,FP
8115,0,1,0.761851966381073,0.761851966381073,FP
8116,0,1,0.7725355625152588,0.7725355625152588,FP
8117,0,1,0.763134777545929,0.763134777545929,FP
8118,0,1,0.7678219079971313,0.7678219079971313,FP
8119,0,1,0.7601040601730347,0.7601040601730347,FP
8120,0,1,0.7638922333717346,0.7638922333717346,FP
8121,0,1,0.7496665716171265,0.7496665716171265,FP
8122,0,1,0.7983068823814392,0.7983068823814392,FP
8123,0,1,0.7623459696769714,0.7623459696769714,FP
8124,0,1,0.7734758853912354,0.7734758853912354,FP
8125,0,1,0.7858363389968872,0.7858363389968872,FP
8126,0,1,0.7835257053375244,0.7835257053375244,FP
8127,0,1,0.7712385654449463,0.7712385654449463,FP
8128,0,1,0.7985497117042542,0.7985497117042542,FP
8129,0,1,0.7499557733535767,0.7499557733535767,FP
8130,0,1,0.7550203204154968,0.7550203204154968,FP
8131,0,1,0.7367348670959473,0.7367348670959473,FP
8132,0,1,0.7425427436828613,0.7425427436828613,FP
8133,0,1,0.7690397500991821,0.7690397500991821,FP
8134,0,1,0.747734785079956,0.747734785079956,FP
8135,0,1,0.7326614260673523,0.7326614260673523,FP
8136,0,1,0.7699493169784546,0.7699493169784546,FP
8137,0,1,0.7336620092391968,0.7336620092391968,FP
8138,0,1,0.7532173991203308,0.7532173991203308,FP
8139,0,1,0.721665620803833,0.721665620803833,FP
8140,0,1,0.7095333337783813,0.7095333337783813,FP
8141,0,1,0.7145081162452698,0.7145081162452698,FP
8142,0,1,0.7113636136054993,0.7113636136054993,FP
8143,0,1,0.7118104696273804,0.7118104696273804,FP
8144,0,1,0.7190837860107422,0.7190837860107422,FP
8145,0,1,0.7027421593666077,0.7027421593666077,FP
8146,0,1,0.6960034966468811,0.6960034966468811,FP
8147,0,1,0.703000545501709,0.703000545501709,FP
8148,0,1,0.7038016319274902,0.7038016319274902,FP
8149,0,1,0.7181965112686157,0.7181965112686157,FP
8150,0,1,0.6872872710227966,0.6872872710227966,FP
8151,0,1,0.6759214997291565,0.6759214997291565,FP
8152,0,1,0.6624199151992798,0.6624199151992798,FP
8153,0,1,0.6604933738708496,0.6604933738708496,FP
8154,0,1,0.6736840605735779,0.6736840605735779,FP
8155,0,1,0.6738386750221252,0.6738386750221252,FP
8156,0,1,0.6634188294410706,0.6634188294410706,FP
8157,0,1,0.6740936040878296,0.6740936040878296,FP
8158,0,1,0.660369336605072,0.660369336605072,FP
8159,0,1,0.6595478057861328,0.6595478057861328,FP
8160,0,1,0.6590107083320618,0.6590107083320618,FP
8161,0,1,0.6498250365257263,0.6498250365257263,FP
8162,0,1,0.6602293252944946,0.6602293252944946,FP
8163,0,1,0.632978618144989,0.632978618144989,FP
8164,0,1,0.659247875213623,0.659247875213623,FP
8165,0,1,0.6203275918960571,0.6203275918960571,FP
8166,0,1,0.6181322336196899,0.6181322336196899,FP
8167,0,1,0.616837739944458,0.616837739944458,FP
8168,0,1,0.6133992671966553,0.6133992671966553,FP
8169,0,1,0.8683924674987793,0.8683924674987793,FP
8170,0,1,0.6034673452377319,0.6034673452377319,FP
8171,0,1,0.5834148526191711,0.5834148526191711,FP
8172,0,1,0.5753846168518066,0.5753846168518066,FP
8173,0,1,0.5851242542266846,0.5851242542266846,FP
8174,0,1,0.5882594585418701,0.5882594585418701,FP
8175,0,1,0.5735059976577759,0.5735059976577759,FP
8176,0,1,0.5698414444923401,0.5698414444923401,FP
8177,0,1,0.5752969980239868,0.5752969980239868,FP
8178,0,1,0.5794065594673157,0.5794065594673157,FP
8179,0,1,0.5763655304908752,0.5763655304908752,FP
8180,0,1,0.573311448097229,0.573311448097229,FP
8181,0,1,0.5639588236808777,0.5639588236808777,FP
8182,0,1,0.5693578124046326,0.5693578124046326,FP
8183,0,1,0.5697410106658936,0.5697410106658936,FP
8184,0,1,0.568935215473175,0.568935215473175,FP
8185,0,1,0.5579926371574402,0.5579926371574402,FP
8186,0,1,0.5604557991027832,0.5604557991027832,FP
8187,0,1,0.5503835678100586,0.5503835678100586,FP
8188,0,1,0.5536034107208252,0.5536034107208252,FP
8189,0,1,0.550620973110199,0.550620973110199,FP
8190,0,1,0.555906355381012,0.555906355381012,FP
8191,0,1,0.5595968961715698,0.5595968961715698,FP
8192,0,1,0.55618816614151,0.55618816614151,FP
8193,0,1,0.5682193636894226,0.5682193636894226,FP
8194,0,1,0.5642461180686951,0.5642461180686951,FP
8195,0,1,0.5605132579803467,0.5605132579803467,FP
8196,0,1,0.558763861656189,0.558763861656189,FP
8197,0,1,0.5574843883514404,0.5574843883514404,FP
8198,0,1,0.5809042453765869,0.5809042453765869,FP
8199,0,1,0.5718433260917664,0.5718433260917664,FP
8200,0,1,0.545330286026001,0.545330286026001,FP
8201,0,1,0.554678201675415,0.554678201675415,FP
8202,0,1,0.5471060872077942,0.5471060872077942,FP
8203,0,1,0.5589578151702881,0.5589578151702881,FP
8204,0,1,0.5334312319755554,0.5334312319755554,FP
8205,0,1,0.5399583578109741,0.5399583578109741,FP
8206,0,1,0.5210513472557068,0.5210513472557068,FP
8207,0,1,0.5239080786705017,0.5239080786705017,FP
8208,0,1,0.5344324111938477,0.5344324111938477,FP
8209,0,1,0.5453875660896301,0.5453875660896301,FP
8210,0,1,0.5379798412322998,0.5379798412322998,FP
8211,0,1,0.5366489887237549,0.5366489887237549,FP
8212,0,1,0.5368819832801819,0.5368819832801819,FP
8213,0,1,0.5312990546226501,0.5312990546226501,FP
8214,0,1,0.5342252850532532,0.5342252850532532,FP
8215,0,1,0.5353206992149353,0.5353206992149353,FP
8216,0,1,0.5415909290313721,0.5415909290313721,FP
8217,0,1,0.5436854958534241,0.5436854958534241,FP
8218,0,1,0.5446842312812805,0.5446842312812805,FP
8219,0,1,0.5466012358665466,0.5466012358665466,FP
8220,0,1,0.6036498546600342,0.6036498546600342,FP
8221,0,1,0.5666832327842712,0.5666832327842712,FP
8222,0,1,0.5773178339004517,0.5773178339004517,FP
8223,0,1,0.5878586769104004,0.5878586769104004,FP
8224,0,1,0.5918800234794617,0.5918800234794617,FP
8225,0,1,0.598314106464386,0.598314106464386,FP
8226,0,1,0.6094133853912354,0.6094133853912354,FP
8227,0,1,0.6158263087272644,0.6158263087272644,FP
8228,0,1,0.6354795098304749,0.6354795098304749,FP
8229,0,1,0.6483572125434875,0.6483572125434875,FP
8230,0,1,0.6708589792251587,0.6708589792251587,FP
8231,0,1,0.8484902381896973,0.8484902381896973,FP
8232,0,1,0.7412591576576233,0.7412591576576233,FP
8233,0,1,0.943074643611908,0.943074643611908,FP
8234,0,1,1.008520483970642,1.008520483970642,FP
8235,0,1,1.0802959203720093,1.0802959203720093,FP
8236,0,1,1.1284949779510498,1.1284949779510498,FP
8237,0,1,1.1690765619277954,1.1690765619277954,FP
8238,0,1,1.2507624626159668,1.2507624626159668,FP
8239,0,1,1.2668989896774292,1.2668989896774292,FP
8240,0,1,1.3324525356292725,1.3324525356292725,FP
8241,0,1,1.4413926601409912,1.4413926601409912,FP
8242,0,1,1.551020860671997,1.551020860671997,FP
8243,0,1,1.6073622703552246,1.6073622703552246,FP
8244,1,1,1.6734521389007568,1.6734521389007568,TP
8245,1,1,1.846023678779602,1.846023678779602,TP
8246,1,1,1.9395710229873657,1.9395710229873657,TP
8247,1,1,2.062375068664551,2.062375068664551,TP
8248,1,1,2.203028678894043,2.203028678894043,TP
8249,1,1,2.321364402770996,2.321364402770996,TP
8250,1,1,2.479660749435425,2.479660749435425,TP
8251,1,1,2.60392689704895,2.60392689704895,TP
8252,1,1,2.727998733520508,2.727998733520508,TP
8253,1,1,2.884589433670044,2.884589433670044,TP
8254,1,1,3.1133203506469727,3.1133203506469727,TP
