sample_id,ground_truth,classical_prediction,hybrid_prediction,classical_score,hybrid_score,classical_classification,hybrid_classification
0,0,0,1,0.47462883591651917,1.0177119970321655,TN,FP
1,0,0,1,0.47403326630592346,1.0185902118682861,TN,FP
2,0,0,1,0.46674901247024536,1.0461337566375732,TN,FP
3,0,0,1,0.4759427607059479,0.974720299243927,TN,FP
4,0,0,1,0.45945000648498535,1.001918077468872,TN,FP
5,0,0,1,0.4768598675727844,0.9725565314292908,TN,FP
6,0,0,1,0.48016592860221863,1.0086451768875122,TN,FP
7,0,0,1,0.5064194202423096,0.9804298877716064,TN,FP
8,0,0,1,0.4953829050064087,0.9291762709617615,TN,FP
9,0,0,1,0.513296902179718,0.9699350595474243,TN,FP
10,0,0,1,0.48261094093322754,0.9291917681694031,TN,FP
11,0,0,1,0.4914383292198181,0.9151554703712463,TN,FP
12,0,0,1,0.49124830961227417,0.9419019818305969,TN,FP
13,0,0,1,0.4900974929332733,0.9582664370536804,TN,FP
14,0,0,1,0.49888885021209717,0.9750856757164001,TN,FP
15,0,0,1,0.49100548028945923,0.9519351720809937,TN,FP
16,0,0,1,0.4976276457309723,0.9664003252983093,TN,FP
17,0,0,1,0.4971042573451996,0.9835204482078552,TN,FP
18,0,0,1,0.5064336657524109,0.9019075632095337,TN,FP
19,0,0,1,0.5164995193481445,0.9419581890106201,TN,FP
20,0,0,1,0.5152652263641357,0.9277610778808594,TN,FP
21,0,0,1,0.5122780799865723,1.0194398164749146,TN,FP
22,0,0,1,0.5235129594802856,0.9930332899093628,TN,FP
23,0,0,1,0.5266771912574768,0.9420844316482544,TN,FP
24,0,0,1,0.5269404053688049,0.9591593146324158,TN,FP
25,0,0,1,0.5343703627586365,0.9572576880455017,TN,FP
26,0,0,1,0.5327164530754089,0.9901150465011597,TN,FP
27,0,0,1,0.5330347418785095,0.9340518116950989,TN,FP
28,0,0,1,0.5414665341377258,0.8920000195503235,TN,FP
29,0,0,1,0.5309181213378906,0.9093612432479858,TN,FP
30,0,0,1,0.5438092947006226,0.960366427898407,TN,FP
31,0,0,1,0.5292530059814453,0.9511160850524902,TN,FP
32,0,0,1,0.5430314540863037,1.0061594247817993,TN,FP
33,0,0,1,0.510134756565094,0.9563695788383484,TN,FP
34,0,0,1,0.5221582651138306,0.9427294731140137,TN,FP
35,0,0,1,0.5049031376838684,0.8931514620780945,TN,FP
36,0,0,1,0.5132043361663818,0.9375252723693848,TN,FP
37,0,0,1,0.5214343070983887,0.9598773121833801,TN,FP
38,0,0,1,0.513671875,0.8897446990013123,TN,FP
39,0,0,1,0.5106903314590454,0.8837937712669373,TN,FP
40,0,0,1,0.5298678874969482,0.8754470944404602,TN,FP
41,0,0,1,0.5093718767166138,0.8931426405906677,TN,FP
42,0,0,1,0.5165767073631287,0.9216463565826416,TN,FP
43,0,0,1,0.5419683456420898,0.8872940540313721,TN,FP
44,0,0,1,0.5277324914932251,0.9298423528671265,TN,FP
45,0,0,1,0.5359259247779846,0.8733257055282593,TN,FP
46,0,0,1,0.5254032015800476,0.8728564977645874,TN,FP
47,0,0,1,0.5646671056747437,0.887474536895752,TN,FP
48,0,0,1,0.5242597460746765,0.9104694128036499,TN,FP
49,0,0,1,0.543842077255249,0.9108725190162659,TN,FP
50,0,0,1,0.5418055057525635,0.8876557350158691,TN,FP
51,0,0,1,0.5341528058052063,0.8611109852790833,TN,FP
52,0,0,1,0.5608842372894287,0.8858448266983032,TN,FP
53,0,0,1,0.5656481385231018,0.878598690032959,TN,FP
54,0,0,1,0.5599226951599121,0.8612499237060547,TN,FP
55,0,0,1,0.5434067249298096,0.8189383149147034,TN,FP
56,0,0,1,0.5542235374450684,0.8426854610443115,TN,FP
57,0,0,1,0.5341619849205017,0.8549256920814514,TN,FP
58,0,0,1,0.5335211753845215,0.8044183254241943,TN,FP
59,0,0,1,0.5569821000099182,0.8308389186859131,TN,FP
60,0,0,1,0.5441343188285828,0.802489697933197,TN,FP
61,0,0,1,0.5536404252052307,0.8215516805648804,TN,FP
62,0,0,1,0.5587512254714966,0.7955756187438965,TN,FP
63,0,0,1,0.5522216558456421,0.8056963086128235,TN,FP
64,0,0,1,0.542192280292511,0.8124961853027344,TN,FP
65,0,0,1,0.540725827217102,0.7968242764472961,TN,FP
66,0,0,1,0.5324538350105286,0.7893327474594116,TN,FP
67,0,0,1,0.551363468170166,0.7759523987770081,TN,FP
68,0,0,1,0.5418549180030823,0.7733666896820068,TN,FP
69,0,0,1,0.5414071083068848,0.757884681224823,TN,FP
70,0,0,1,0.5536476969718933,0.7606263756752014,TN,FP
71,0,0,1,0.5546983480453491,0.7682668566703796,TN,FP
72,0,0,1,0.5494863390922546,0.7737165689468384,TN,FP
73,0,0,1,0.5415274500846863,0.748416006565094,TN,FP
74,0,0,1,0.5514219403266907,0.7464762330055237,TN,FP
75,0,0,1,0.5587999820709229,0.7260886430740356,TN,FP
76,0,0,1,0.5564415454864502,0.7353912591934204,TN,FP
77,0,0,1,0.5117784738540649,1.3568304777145386,TN,FP
78,0,0,1,0.5222057104110718,0.7479045391082764,TN,FP
79,0,0,1,0.5407984256744385,0.7696026563644409,TN,FP
80,0,0,1,0.5172264575958252,1.3501803874969482,TN,FP
81,0,0,1,0.5212600827217102,0.6770536303520203,TN,FP
82,0,0,1,0.5279790759086609,1.5147203207015991,TN,FP
83,0,0,1,0.5298129320144653,0.7842222452163696,TN,FP
84,0,0,1,0.5222660899162292,1.6848762035369873,TN,FP
85,0,0,1,0.5279865860939026,0.6706295013427734,TN,FP
86,0,0,1,0.5196452736854553,0.6784646511077881,TN,FP
87,0,0,1,0.5187961459159851,1.3330845832824707,TN,FP
88,0,0,1,0.5242123603820801,1.3627448081970215,TN,FP
89,0,0,1,0.5210986137390137,1.6172475814819336,TN,FP
90,0,0,1,0.5178739428520203,0.9148317575454712,TN,FP
91,0,0,1,0.5199147462844849,1.3032257556915283,TN,FP
92,0,0,1,0.5165687799453735,1.3501499891281128,TN,FP
93,0,0,1,0.5278036594390869,1.2689896821975708,TN,FP
94,0,0,1,0.5175113081932068,0.6076186299324036,TN,FP
95,0,0,1,0.5161991715431213,1.2559443712234497,TN,FP
96,0,0,1,0.5193415284156799,1.2528221607208252,TN,FP
97,0,0,1,0.5240768194198608,1.2509682178497314,TN,FP
98,0,0,1,0.5179637670516968,1.2906157970428467,TN,FP
99,0,0,1,0.5138433575630188,1.2109700441360474,TN,FP
100,0,0,1,0.5186339616775513,1.2036131620407104,TN,FP
101,0,0,1,0.5162855982780457,1.1991764307022095,TN,FP
102,0,0,1,0.5130478143692017,0.6026293039321899,TN,FP
103,0,0,1,0.5193428993225098,0.6129395961761475,TN,FP
104,0,0,1,0.5132578015327454,1.1280287504196167,TN,FP
105,0,0,1,0.5137518048286438,1.1246109008789062,TN,FP
106,0,0,1,0.5113677382469177,1.1785948276519775,TN,FP
107,0,0,1,0.5081557631492615,1.2061561346054077,TN,FP
108,0,0,1,0.5145650506019592,1.1571639776229858,TN,FP
109,0,0,1,0.5078789591789246,1.1032840013504028,TN,FP
110,0,0,1,0.5066237449645996,1.0906105041503906,TN,FP
111,0,0,1,0.4991644620895386,1.1209946870803833,TN,FP
112,0,0,1,0.4987718164920807,1.0588772296905518,TN,FP
113,0,0,1,0.49336081743240356,1.0659621953964233,TN,FP
114,0,0,1,0.49714601039886475,1.1498451232910156,TN,FP
115,0,0,1,0.49108532071113586,1.0470763444900513,TN,FP
116,0,0,1,0.4817025363445282,1.0894994735717773,TN,FP
117,0,0,1,0.4812846779823303,0.9907422065734863,TN,FP
118,0,0,1,0.4801293909549713,1.081020712852478,TN,FP
119,0,0,1,0.5095060467720032,1.0689799785614014,TN,FP
120,0,0,1,0.49762818217277527,1.0160374641418457,TN,FP
121,0,0,1,0.5070676207542419,1.0692020654678345,TN,FP
122,0,0,1,0.5042971968650818,1.0726592540740967,TN,FP
123,0,0,1,0.5041142702102661,0.9944277405738831,TN,FP
124,0,0,1,0.5806828737258911,0.9686541557312012,TN,FP
125,0,0,1,0.49264419078826904,0.9455563426017761,TN,FP
126,0,0,1,0.4929254949092865,0.9531942009925842,TN,FP
127,0,0,1,0.4895573854446411,0.9673404693603516,TN,FP
128,0,0,1,0.4897710680961609,0.9702132344245911,TN,FP
129,0,0,1,0.49122750759124756,0.942057728767395,TN,FP
130,0,0,1,0.49703314900398254,0.9052006602287292,TN,FP
131,0,0,1,0.492818146944046,0.8737062215805054,TN,FP
132,0,0,1,0.5005859136581421,0.9209049344062805,TN,FP
133,0,0,1,0.5104848146438599,0.9269648194313049,TN,FP
134,0,0,1,0.5047820806503296,1.222029447555542,TN,FP
135,0,0,1,0.4967100918292999,1.2847890853881836,TN,FP
136,0,0,1,0.5027105212211609,1.2024286985397339,TN,FP
137,0,0,1,0.48921898007392883,1.3140145540237427,TN,FP
138,0,0,1,0.5065659880638123,1.180301547050476,TN,FP
139,0,0,1,0.4827955663204193,1.1501526832580566,TN,FP
140,0,0,1,0.48346763849258423,1.2326558828353882,TN,FP
141,0,0,1,0.47083213925361633,1.1543564796447754,TN,FP
142,0,0,1,0.4715941548347473,1.21499502658844,TN,FP
143,0,0,1,0.4705020487308502,1.1753718852996826,TN,FP
144,0,0,1,0.4657841622829437,1.1741024255752563,TN,FP
145,0,0,1,0.46803736686706543,0.5768890380859375,TN,FP
146,0,0,1,0.4605621099472046,1.149234652519226,TN,FP
147,0,0,1,0.4674362242221832,1.1440505981445312,TN,FP
148,0,0,1,0.4736091196537018,1.3612655401229858,TN,FP
149,0,0,1,0.4650465250015259,0.5570138692855835,TN,FP
150,0,0,1,0.4643096923828125,0.7964733242988586,TN,FP
151,0,0,1,0.47559767961502075,1.1312731504440308,TN,FP
152,0,0,1,0.4787270426750183,1.1348280906677246,TN,FP
153,0,0,1,0.47901734709739685,1.1167434453964233,TN,FP
154,0,0,1,0.4830612540245056,1.1222255229949951,TN,FP
155,0,0,1,0.4903499484062195,1.1438449621200562,TN,FP
156,0,0,1,0.486388236284256,1.0787235498428345,TN,FP
157,0,0,1,0.49843063950538635,0.9873722195625305,TN,FP
158,0,0,1,0.49190396070480347,1.0546574592590332,TN,FP
159,0,0,1,0.4935420751571655,1.042830228805542,TN,FP
160,0,0,1,0.494119256734848,1.0819767713546753,TN,FP
161,0,0,1,0.5112915635108948,1.1182034015655518,TN,FP
162,0,0,1,0.5371379852294922,1.0389530658721924,TN,FP
163,0,0,1,0.4985887408256531,1.1114720106124878,TN,FP
164,0,0,1,0.5152302980422974,1.098392128944397,TN,FP
165,0,0,1,0.5177431702613831,1.013606071472168,TN,FP
166,0,0,1,0.5159225463867188,1.0579167604446411,TN,FP
167,0,0,1,0.5072134733200073,1.1076936721801758,TN,FP
168,0,0,1,0.5068212747573853,1.0659959316253662,TN,FP
169,0,0,1,0.5103558897972107,0.9861775040626526,TN,FP
170,0,0,1,0.506658673286438,1.0383886098861694,TN,FP
171,0,0,1,0.5078564882278442,1.0618482828140259,TN,FP
172,0,0,1,0.5118846297264099,0.9638417959213257,TN,FP
173,0,0,1,0.5114508271217346,0.998614490032196,TN,FP
174,0,0,1,0.5106363296508789,0.9641837477684021,TN,FP
175,0,0,1,0.507315993309021,0.9561249017715454,TN,FP
176,0,0,1,0.4943183958530426,0.9643591046333313,TN,FP
177,0,0,1,0.5012720823287964,0.9543260335922241,TN,FP
178,0,0,1,0.5069596171379089,1.0335021018981934,TN,FP
179,0,0,1,0.5044121742248535,0.9698526859283447,TN,FP
180,0,0,1,0.5114141702651978,0.9900090098381042,TN,FP
181,0,0,1,0.5037847757339478,0.9272150993347168,TN,FP
182,0,0,1,0.4930809438228607,0.8955219388008118,TN,FP
183,0,0,1,0.49834349751472473,0.5210755467414856,TN,FP
184,0,0,1,0.5071982145309448,0.5335322618484497,TN,FP
185,0,0,1,0.4978002905845642,0.528062641620636,TN,FP
186,0,0,1,0.5020578503608704,0.5211507081985474,TN,FP
187,0,0,1,0.4932670593261719,0.5279901623725891,TN,FP
188,0,0,1,0.5011117458343506,0.5130882263183594,TN,FP
189,0,0,1,0.49477165937423706,0.5238735675811768,TN,FP
190,0,0,1,0.49814483523368835,0.5200821161270142,TN,FP
191,0,0,1,0.5076195597648621,0.5320178270339966,TN,FP
192,0,0,1,0.5171045064926147,0.5307701826095581,TN,FP
193,0,0,1,0.5062388777732849,0.529194176197052,TN,FP
194,0,0,1,0.5059106945991516,0.5319972634315491,TN,FP
195,0,0,1,0.5082094669342041,0.5307289361953735,TN,FP
196,0,0,1,0.523235559463501,0.5261594653129578,TN,FP
197,0,0,1,0.5092163681983948,0.5495918393135071,TN,FP
198,0,0,1,0.5009332299232483,0.521970808506012,TN,FP
199,0,0,1,0.5011672377586365,0.5220869183540344,TN,FP
200,0,0,1,0.4952073395252228,0.5366119146347046,TN,FP
201,0,0,1,0.49449923634529114,1.3018124103546143,TN,FP
202,0,0,1,0.49925631284713745,1.2405673265457153,TN,FP
203,0,0,1,0.4911786913871765,1.2243508100509644,TN,FP
204,0,0,1,0.5038048624992371,0.5586994290351868,TN,FP
205,0,0,1,0.5066495537757874,0.8407491445541382,TN,FP
206,0,0,1,0.5023999214172363,1.2424277067184448,TN,FP
207,0,0,1,0.5057862997055054,1.2269198894500732,TN,FP
208,0,0,1,0.5286442041397095,1.2411298751831055,TN,FP
209,0,0,1,0.5102466940879822,1.2087892293930054,TN,FP
210,0,0,1,0.5001437664031982,1.2111129760742188,TN,FP
211,0,0,1,0.5302647352218628,1.2275525331497192,TN,FP
212,0,0,1,0.5092179775238037,1.2100945711135864,TN,FP
213,0,0,1,0.506834864616394,1.176703929901123,TN,FP
214,0,0,1,0.5045789480209351,1.242620825767517,TN,FP
215,0,0,1,0.49848368763923645,1.1944624185562134,TN,FP
216,0,0,1,0.5009356141090393,1.189283013343811,TN,FP
217,0,0,1,0.5039911270141602,1.1883330345153809,TN,FP
218,0,0,1,0.5077512264251709,1.3382338285446167,TN,FP
219,0,0,1,0.5016857385635376,0.5801386833190918,TN,FP
220,0,0,1,0.5094530582427979,1.2361664772033691,TN,FP
221,0,0,1,0.5236257314682007,0.6266313195228577,TN,FP
222,0,0,1,0.5000659227371216,1.125188946723938,TN,FP
223,0,0,1,0.5030196309089661,1.125851035118103,TN,FP
224,0,0,1,0.4925747811794281,1.4357486963272095,TN,FP
225,0,0,1,0.5618956089019775,1.1029930114746094,TN,FP
226,0,0,1,0.4903600215911865,1.4409915208816528,TN,FP
227,0,0,1,0.49343085289001465,1.1236892938613892,TN,FP
228,0,0,1,0.5169855356216431,0.5534031391143799,TN,FP
229,0,0,1,0.4981399476528168,1.2032657861709595,TN,FP
230,0,0,1,0.5027696490287781,1.1593910455703735,TN,FP
231,0,0,1,0.5102881789207458,0.7587558627128601,TN,FP
232,0,0,1,0.5150031447410583,1.0867799520492554,TN,FP
233,0,0,1,0.5112852454185486,1.07713782787323,TN,FP
234,0,0,1,0.5113259553909302,1.3942927122116089,TN,FP
235,0,0,1,0.516166090965271,1.0609996318817139,TN,FP
236,0,0,1,0.5106269717216492,1.0547778606414795,TN,FP
237,0,0,1,0.511599063873291,1.040889024734497,TN,FP
238,0,0,1,0.524846613407135,1.0657896995544434,TN,FP
239,0,0,1,0.5690339803695679,0.9435639977455139,TN,FP
240,0,0,1,0.5484240651130676,0.9760342240333557,TN,FP
241,0,0,1,0.6088626980781555,0.9404725432395935,TN,FP
242,0,0,1,0.5591452121734619,0.9304530620574951,TN,FP
243,0,0,1,0.5635307431221008,0.9711959958076477,TN,FP
244,0,0,1,0.5813478231430054,0.943560779094696,TN,FP
245,0,0,1,0.572074294090271,0.962882399559021,TN,FP
246,0,0,1,0.5665868520736694,0.9703816771507263,TN,FP
247,0,0,1,0.5445311665534973,1.0266327857971191,TN,FP
248,0,0,1,0.609524667263031,0.934156060218811,TN,FP
249,0,0,1,0.5608451962471008,0.9472776055335999,TN,FP
250,0,0,1,0.5919654965400696,0.9717255234718323,TN,FP
251,0,0,1,0.55913907289505,0.9670695662498474,TN,FP
252,0,0,1,0.5556841492652893,0.9856154918670654,TN,FP
253,0,0,1,0.53470778465271,0.962583601474762,TN,FP
254,0,0,1,0.536104142665863,0.9232712388038635,TN,FP
255,0,0,1,0.5220053791999817,0.9161757826805115,TN,FP
256,0,0,1,0.5223312377929688,0.9208044409751892,TN,FP
257,0,0,1,0.5355234742164612,0.867037832736969,TN,FP
258,0,0,1,0.5200680494308472,0.9030440449714661,TN,FP
259,0,0,1,0.5261515974998474,0.8979775309562683,TN,FP
260,0,0,1,0.5318394303321838,0.8625757694244385,TN,FP
261,0,0,1,0.5283209681510925,0.9027535319328308,TN,FP
262,0,0,1,0.4841858148574829,0.9274824261665344,TN,FP
263,0,0,1,0.4911891222000122,0.8704795837402344,TN,FP
264,0,0,1,0.49365121126174927,0.85332852602005,TN,FP
265,0,0,1,0.5019749999046326,0.8505051136016846,TN,FP
266,0,0,1,0.5060268640518188,0.8162829875946045,TN,FP
267,0,0,1,0.514853298664093,0.856152355670929,TN,FP
268,0,0,1,0.5139722228050232,0.8320614099502563,TN,FP
269,0,0,1,0.5252491235733032,0.8430433869361877,TN,FP
270,0,0,1,0.4955117702484131,0.8429820537567139,TN,FP
271,0,0,1,0.5021260976791382,0.8544646501541138,TN,FP
272,0,0,1,0.4969882667064667,0.8307527899742126,TN,FP
273,0,0,1,0.5186507701873779,0.8698460459709167,TN,FP
274,0,0,1,0.5315442681312561,0.811798632144928,TN,FP
275,0,0,1,0.5223720073699951,0.8423714637756348,TN,FP
276,0,0,1,0.5067452192306519,0.9007720947265625,TN,FP
277,0,0,1,0.4937726557254791,0.8124483227729797,TN,FP
278,0,0,1,0.5310990214347839,0.8508507013320923,TN,FP
279,0,0,1,0.5234674215316772,0.8637863993644714,TN,FP
280,0,0,1,0.5148702263832092,0.816180944442749,TN,FP
281,0,0,1,0.49441996216773987,0.8839470148086548,TN,FP
282,0,0,1,0.5163182616233826,0.8770714402198792,TN,FP
283,0,0,1,0.5316762328147888,0.8078854084014893,TN,FP
284,0,0,1,0.5087006092071533,0.8332157135009766,TN,FP
285,0,0,1,0.5544978380203247,0.8541595339775085,TN,FP
286,0,0,1,0.4862004518508911,0.8404955267906189,TN,FP
287,0,0,1,0.5002911686897278,0.8006891012191772,TN,FP
288,0,0,1,0.48695576190948486,0.789081871509552,TN,FP
289,0,0,1,0.49626851081848145,0.7992498278617859,TN,FP
290,0,0,1,0.5046030282974243,0.768474280834198,TN,FP
291,0,0,1,0.4747927784919739,0.8187524676322937,TN,FP
292,0,0,1,0.4981365203857422,0.7846015691757202,TN,FP
293,0,0,1,0.4812120795249939,0.7693302035331726,TN,FP
294,0,0,1,0.49552932381629944,0.7793899774551392,TN,FP
295,0,0,1,0.47780436277389526,0.781684160232544,TN,FP
296,0,0,1,0.5194638967514038,0.7345167398452759,TN,FP
297,0,0,1,0.4679768681526184,0.7433651685714722,TN,FP
298,0,0,1,0.4872872531414032,0.7453379034996033,TN,FP
299,0,0,1,0.5072143077850342,0.7610542178153992,TN,FP
300,0,0,1,0.5244705677032471,0.720350444316864,TN,FP
301,0,0,1,0.5158032178878784,0.7895164489746094,TN,FP
302,0,0,1,0.5075778365135193,0.7398800849914551,TN,FP
303,0,0,1,0.4915946125984192,0.7507376670837402,TN,FP
304,0,0,1,0.5069156885147095,0.7077622413635254,TN,FP
305,0,0,1,0.5040243864059448,0.7559958696365356,TN,FP
306,0,0,1,0.4884239435195923,0.6908566355705261,TN,FP
307,0,0,1,0.526412308216095,0.7040724158287048,TN,FP
308,0,0,1,0.5195815563201904,0.6764492988586426,TN,FP
309,0,0,1,0.49961844086647034,0.6969299912452698,TN,FP
310,0,0,1,0.49676522612571716,0.6641387343406677,TN,FP
311,0,0,1,0.5117586255073547,0.6636430621147156,TN,FP
312,0,0,1,0.5086166262626648,0.7067248821258545,TN,FP
313,0,0,1,0.5117177367210388,0.6636077761650085,TN,FP
314,0,0,1,0.5180145502090454,0.6643297672271729,TN,FP
315,0,0,1,0.5034287571907043,0.6826345920562744,TN,FP
316,0,0,1,0.5093275308609009,0.6707552075386047,TN,FP
317,0,0,1,0.5099206566810608,0.6818774342536926,TN,FP
318,0,0,1,0.5189599394798279,0.6437679529190063,TN,FP
319,0,0,1,0.5167904496192932,0.656399667263031,TN,FP
320,0,0,1,0.5097366571426392,0.6392041444778442,TN,FP
321,0,0,1,0.5555161237716675,0.6326131820678711,TN,FP
322,0,0,1,0.5192160606384277,0.6527494192123413,TN,FP
323,0,0,1,0.5130733847618103,0.6232143044471741,TN,FP
324,0,0,1,0.5180732011795044,0.6315864324569702,TN,FP
325,0,0,1,0.5934311151504517,0.6513445377349854,TN,FP
326,0,0,1,0.5283050537109375,0.626695454120636,TN,FP
327,0,0,1,0.5512771010398865,0.6175653338432312,TN,FP
328,0,0,1,0.5074204802513123,0.6369034647941589,TN,FP
329,0,0,1,0.5117822885513306,0.618868887424469,TN,FP
330,0,0,1,0.5651968121528625,0.6260731220245361,TN,FP
331,0,0,1,0.5381754040718079,0.6159254312515259,TN,FP
332,0,0,1,0.5159580111503601,0.60149085521698,TN,FP
333,0,0,1,0.513481080532074,0.5908715724945068,TN,FP
334,0,0,1,0.572762131690979,0.5804173946380615,TN,FP
335,0,0,1,0.521934449672699,0.589047908782959,TN,FP
336,0,0,1,0.6010361313819885,0.5746257305145264,TN,FP
337,0,0,1,0.5260180234909058,0.5649575591087341,TN,FP
338,0,0,1,0.5484735369682312,0.5743486285209656,TN,FP
339,0,0,1,0.5936725735664368,0.5619080066680908,TN,FP
340,0,0,1,0.5306805372238159,0.5831749439239502,TN,FP
341,0,0,1,0.5483124256134033,0.5632047057151794,TN,FP
342,0,0,1,0.5642836689949036,0.5622530579566956,TN,FP
344,0,0,1,0.5951745510101318,0.558219850063324,TN,FP
345,0,0,1,0.5454115867614746,0.5564537644386292,TN,FP
346,0,0,1,0.5565527677536011,0.5538753271102905,TN,FP
347,0,0,1,0.593879222869873,0.5633386373519897,TN,FP
348,0,0,1,0.5959826111793518,0.5434095859527588,TN,FP
349,0,0,1,0.5900293588638306,0.5396443009376526,TN,FP
350,0,0,1,0.5152913928031921,0.6044800281524658,TN,FP
351,0,0,1,0.5297463536262512,0.6029255986213684,TN,FP
352,0,0,1,0.5080183744430542,0.6197109818458557,TN,FP
353,0,0,1,0.5141972899436951,0.606365978717804,TN,FP
354,0,0,1,0.5187128186225891,0.611401379108429,TN,FP
355,0,0,1,0.5078728199005127,0.6019231677055359,TN,FP
356,0,0,1,0.5086959600448608,0.6277914047241211,TN,FP
357,0,0,1,0.5074447393417358,0.5883981585502625,TN,FP
358,0,0,1,0.5084129571914673,0.6267741322517395,TN,FP
359,0,0,1,0.5129199624061584,0.592989444732666,TN,FP
360,0,0,1,0.5130783319473267,0.6040382981300354,TN,FP
361,0,0,1,0.5135223865509033,0.6099889278411865,TN,FP
362,0,0,1,0.5100400447845459,0.600716769695282,TN,FP
363,0,0,1,0.522087037563324,0.6027589440345764,TN,FP
364,0,0,1,0.5013760924339294,0.5850806832313538,TN,FP
365,0,0,1,0.5004928112030029,0.5982305407524109,TN,FP
366,0,0,1,0.5104359984397888,0.6164311170578003,TN,FP
367,0,0,1,0.5082951188087463,0.5955169796943665,TN,FP
368,0,0,1,0.5013551712036133,0.6230216026306152,TN,FP
369,0,0,1,0.5262861847877502,0.6068713665008545,TN,FP
370,0,0,1,0.5274634957313538,0.6210756897926331,TN,FP
371,0,0,1,0.5412243008613586,0.6044963002204895,TN,FP
372,0,0,1,0.5330682992935181,1.1689869165420532,TN,FP
373,0,0,1,0.5339910984039307,1.7126230001449585,TN,FP
374,0,0,1,0.5216389298439026,0.8058544993400574,TN,FP
375,0,0,1,0.5238714814186096,0.6086090207099915,TN,FP
376,0,0,1,0.5412352085113525,0.6188023686408997,TN,FP
377,0,0,1,0.5347490906715393,0.6286064982414246,TN,FP
378,0,0,1,0.541118860244751,1.6777340173721313,TN,FP
379,0,0,1,0.5457695126533508,1.6601687669754028,TN,FP
380,0,0,1,0.5498290061950684,1.6614172458648682,TN,FP
381,0,0,1,0.5286523103713989,1.020714282989502,TN,FP
382,0,0,1,0.542237401008606,0.6155745983123779,TN,FP
383,0,0,1,0.5464628338813782,0.6185870170593262,TN,FP
384,0,0,1,0.5486806631088257,0.627072274684906,TN,FP
385,0,0,1,0.5457719564437866,0.6248154640197754,TN,FP
386,0,0,1,0.5215857028961182,0.6486399173736572,TN,FP
387,0,0,1,0.5297675132751465,0.6233963966369629,TN,FP
388,0,0,1,0.5286712050437927,0.6107779145240784,TN,FP
389,0,0,1,0.5391466617584229,0.7170007824897766,TN,FP
390,0,0,1,0.5397062301635742,0.6357528567314148,TN,FP
391,0,0,1,0.5353087782859802,1.8754130601882935,TN,FP
392,0,0,1,0.5352025032043457,1.5219719409942627,TN,FP
393,0,0,1,0.5374411940574646,1.6593493223190308,TN,FP
394,0,0,1,0.5549287796020508,1.4892933368682861,TN,FP
395,0,0,1,0.5668526887893677,1.4808650016784668,TN,FP
396,0,0,1,0.5454863905906677,1.5528233051300049,TN,FP
397,0,0,1,0.5349109768867493,0.7209005951881409,TN,FP
398,0,0,1,0.5801942944526672,1.4493408203125,TN,FP
399,0,0,1,0.5443112850189209,1.6050735712051392,TN,FP
400,0,0,1,0.5307826995849609,1.4205234050750732,TN,FP
401,0,0,1,0.5341673493385315,1.502729892730713,TN,FP
402,0,0,1,0.5202949643135071,1.4848757982254028,TN,FP
403,0,0,1,0.5278416275978088,1.4132332801818848,TN,FP
404,0,0,1,0.5238832831382751,1.4858912229537964,TN,FP
405,0,0,1,0.5264987945556641,1.3959449529647827,TN,FP
406,0,0,1,0.5253387689590454,1.4157204627990723,TN,FP
407,0,0,1,0.5297682881355286,1.4092408418655396,TN,FP
408,0,0,1,0.5378491282463074,1.4228781461715698,TN,FP
409,0,0,1,0.5422486662864685,1.4810051918029785,TN,FP
410,0,0,1,0.5237957239151001,1.503300666809082,TN,FP
411,0,0,1,0.5279299020767212,1.392126202583313,TN,FP
412,0,0,1,0.5584641695022583,1.4110738039016724,TN,FP
413,0,0,1,0.5295022130012512,1.3828920125961304,TN,FP
414,0,0,1,0.5624011754989624,1.3989239931106567,TN,FP
415,0,0,1,0.5521659255027771,1.3616235256195068,TN,FP
416,0,0,1,0.5311481356620789,1.3727742433547974,TN,FP
417,0,0,1,0.5508606433868408,1.444667935371399,TN,FP
418,0,0,1,0.5435237288475037,1.4503753185272217,TN,FP
419,0,0,1,0.5903095006942749,1.4407386779785156,TN,FP
420,0,0,1,0.5366702079772949,1.3073104619979858,TN,FP
421,0,0,1,0.5380857586860657,1.3108429908752441,TN,FP
422,0,0,1,0.5312421321868896,1.3025511503219604,TN,FP
423,0,0,1,0.52774977684021,1.3150314092636108,TN,FP
424,0,0,1,0.5375437140464783,1.2909550666809082,TN,FP
425,0,0,1,0.5252548456192017,1.3599553108215332,TN,FP
426,0,0,1,0.5335474014282227,1.299145221710205,TN,FP
427,0,0,1,0.5273405909538269,1.3267878293991089,TN,FP
428,0,0,1,0.5450553894042969,1.28818941116333,TN,FP
429,0,0,1,0.5272209048271179,1.277309775352478,TN,FP
430,0,0,1,0.5285890698432922,1.2512931823730469,TN,FP
431,0,0,1,0.5291475057601929,1.252753734588623,TN,FP
432,0,0,1,0.5429812669754028,1.2913563251495361,TN,FP
433,0,0,1,0.5334099531173706,1.2272138595581055,TN,FP
434,0,0,1,0.5143246650695801,1.2409712076187134,TN,FP
435,0,0,1,0.5457248091697693,1.196853756904602,TN,FP
436,0,0,1,0.5361619591712952,1.224036455154419,TN,FP
437,0,0,1,0.509302020072937,1.1606988906860352,TN,FP
438,0,0,1,0.5112605094909668,1.1887601613998413,TN,FP
439,0,0,1,0.5174041390419006,1.1566581726074219,TN,FP
440,0,0,1,0.5088645219802856,1.1788039207458496,TN,FP
441,0,0,1,0.5043919086456299,1.2154953479766846,TN,FP
442,0,0,1,0.5144946575164795,1.220410704612732,TN,FP
443,0,0,1,0.5210960507392883,1.2665796279907227,TN,FP
444,0,0,1,0.5161584615707397,1.2189258337020874,TN,FP
445,0,0,1,0.512285590171814,1.0745115280151367,TN,FP
446,0,0,1,0.526357889175415,1.1525375843048096,TN,FP
447,0,0,1,0.5273678302764893,1.2128061056137085,TN,FP
448,0,0,1,0.5225602984428406,1.176010012626648,TN,FP
449,0,0,1,0.5312677025794983,1.2368228435516357,TN,FP
450,0,0,1,0.5387890338897705,1.149879813194275,TN,FP
451,0,0,1,0.5360791087150574,1.0924928188323975,TN,FP
452,0,0,1,0.5333104729652405,1.099632740020752,TN,FP
453,0,0,1,0.5280827283859253,1.112788438796997,TN,FP
454,0,0,1,0.55696040391922,1.106635332107544,TN,FP
455,0,0,1,0.5389492511749268,1.1626135110855103,TN,FP
456,0,0,1,0.5291905403137207,1.1299110651016235,TN,FP
457,0,0,1,0.5293011665344238,1.0401579141616821,TN,FP
458,0,0,1,0.5446951389312744,1.105246663093567,TN,FP
459,0,0,1,0.5348866581916809,1.103331208229065,TN,FP
460,0,0,1,0.5321556925773621,1.062868595123291,TN,FP
461,0,0,1,0.5322755575180054,1.094287395477295,TN,FP
462,0,0,1,0.5261167287826538,1.0749051570892334,TN,FP
463,0,0,1,0.533931314945221,1.074160099029541,TN,FP
464,0,0,1,0.5097655653953552,1.061732530593872,TN,FP
465,0,0,1,0.5076015591621399,1.0214320421218872,TN,FP
466,0,0,1,0.5239751935005188,1.0114022493362427,TN,FP
467,0,0,1,0.5076496005058289,1.0854723453521729,TN,FP
468,0,0,1,0.5083363652229309,1.04349946975708,TN,FP
469,0,0,1,0.4990515112876892,1.1091634035110474,TN,FP
470,0,0,1,0.5003278851509094,0.9889948964118958,TN,FP
471,0,0,1,0.4970315098762512,1.0930744409561157,TN,FP
472,0,0,1,0.49453476071357727,1.1424458026885986,TN,FP
473,0,0,1,0.5685393214225769,0.907523512840271,TN,FP
475,0,0,1,0.5617206692695618,0.879374086856842,TN,FP
476,0,0,1,0.5408313274383545,0.8904073238372803,TN,FP
477,0,0,1,0.5608786940574646,0.8834046721458435,TN,FP
478,0,0,1,0.5314916372299194,0.8775566220283508,TN,FP
479,0,0,1,0.5679493546485901,0.8847377300262451,TN,FP
480,0,0,1,0.5652817487716675,0.8706008791923523,TN,FP
481,0,0,1,0.5622093677520752,0.8838487267494202,TN,FP
482,0,0,1,0.5653173923492432,0.8491646647453308,TN,FP
483,0,0,1,0.5470700860023499,0.8358762860298157,TN,FP
484,0,0,1,0.5646172165870667,0.8304542303085327,TN,FP
485,0,0,1,0.5844042897224426,0.8323416709899902,TN,FP
486,0,0,1,0.5844718217849731,0.8494398593902588,TN,FP
487,0,0,1,0.5976047515869141,0.8437249064445496,TN,FP
488,0,0,1,0.5954756140708923,0.8441230654716492,TN,FP
489,0,0,1,0.5719820857048035,0.8405885100364685,TN,FP
490,0,0,1,0.5989071726799011,0.9393743872642517,TN,FP
491,0,0,1,0.5871994495391846,0.8737043738365173,TN,FP
492,0,0,1,0.591881513595581,0.8398377299308777,TN,FP
493,0,0,1,0.5630688071250916,0.8175506591796875,TN,FP
494,0,0,1,0.5614864230155945,0.8329330682754517,TN,FP
495,0,0,1,0.5641099810600281,0.8270788788795471,TN,FP
496,0,0,1,0.5772072672843933,0.8165043592453003,TN,FP
497,0,0,1,0.552915632724762,0.8009905219078064,TN,FP
498,0,0,1,0.594010591506958,0.7918298244476318,TN,FP
499,0,0,1,0.6035757064819336,0.837658703327179,TN,FP
500,0,0,1,0.5548422932624817,0.7874330282211304,TN,FP
501,0,0,1,0.5693227648735046,0.8245118856430054,TN,FP
502,0,0,1,0.5920815467834473,0.8344410061836243,TN,FP
503,0,0,1,0.5718831419944763,0.8251848816871643,TN,FP
504,0,0,1,0.5987149477005005,0.8717759847640991,TN,FP
505,0,0,1,0.5917244553565979,0.8392241597175598,TN,FP
506,0,0,1,0.5950689911842346,0.8626591563224792,TN,FP
508,0,0,1,0.6003015041351318,0.8535496592521667,TN,FP
509,0,0,1,0.5997298955917358,0.8367265462875366,TN,FP
510,0,0,1,0.6081623435020447,0.8471202254295349,TN,FP
512,0,0,1,0.5731271505355835,0.8120060563087463,TN,FP
514,0,0,1,0.5732726454734802,0.7940872311592102,TN,FP
515,0,0,1,0.569500207901001,0.8091351985931396,TN,FP
516,0,0,1,0.5855903029441833,0.7983235120773315,TN,FP
517,0,0,1,0.5839998126029968,0.8106454610824585,TN,FP
518,0,0,1,0.5536763668060303,0.80289626121521,TN,FP
519,0,0,1,0.5871335864067078,0.7853416204452515,TN,FP
520,0,0,1,0.5567513108253479,0.8157469034194946,TN,FP
521,0,0,1,0.5572810769081116,0.7687612175941467,TN,FP
522,0,0,1,0.5958396792411804,0.815744936466217,TN,FP
523,0,0,1,0.5727485418319702,0.7986493110656738,TN,FP
524,0,0,1,0.5541884899139404,0.8714396953582764,TN,FP
525,0,0,1,0.5550574660301208,0.7791317105293274,TN,FP
526,0,0,1,0.5968997478485107,0.7665847539901733,TN,FP
527,0,0,1,0.5634755492210388,0.7911998629570007,TN,FP
528,0,0,1,0.6018584370613098,0.7615820169448853,TN,FP
529,0,0,1,0.5749943256378174,0.7725636959075928,TN,FP
530,0,0,1,0.5713174343109131,0.7591577172279358,TN,FP
531,0,0,1,0.611447811126709,0.7304444313049316,TN,FP
532,0,0,1,0.5686550140380859,0.7326779365539551,TN,FP
533,0,0,1,0.5785901546478271,0.7429105639457703,TN,FP
534,0,0,1,0.5747979283332825,0.7593390941619873,TN,FP
535,0,0,1,0.5654329657554626,0.7119302153587341,TN,FP
536,0,0,1,0.5327913761138916,0.7270596027374268,TN,FP
537,0,0,1,0.5483138561248779,0.7002114057540894,TN,FP
538,0,0,1,0.5325616002082825,0.7341910004615784,TN,FP
539,0,0,1,0.5336644649505615,0.6832218170166016,TN,FP
540,0,0,1,0.545103132724762,0.6954176425933838,TN,FP
541,0,0,1,0.5646917223930359,0.7226030230522156,TN,FP
542,0,0,1,0.5307625532150269,0.6943154335021973,TN,FP
543,0,0,1,0.5510748028755188,0.7076237201690674,TN,FP
544,0,0,1,0.561349093914032,0.703559398651123,TN,FP
545,0,0,1,0.5730324387550354,0.7211596965789795,TN,FP
546,0,0,1,0.5456453561782837,0.7077752947807312,TN,FP
547,0,0,1,0.6015235781669617,0.6948556303977966,TN,FP
548,0,0,1,0.5692400336265564,0.6670992970466614,TN,FP
549,0,0,1,0.5537520051002502,0.7177919149398804,TN,FP
550,0,0,1,0.5773028135299683,0.6799107193946838,TN,FP
551,0,0,1,0.5933657288551331,0.661622941493988,TN,FP
552,0,0,1,0.5741283297538757,0.6529691815376282,TN,FP
553,0,0,1,0.5766656994819641,0.6579482555389404,TN,FP
554,0,0,1,0.5853479504585266,0.6440393328666687,TN,FP
555,0,0,1,0.5394759178161621,0.6297122836112976,TN,FP
556,0,0,1,0.5434871912002563,0.6236850619316101,TN,FP
557,0,0,1,0.605314314365387,0.6094588041305542,TN,FP
558,0,0,1,0.5504245162010193,0.6125138998031616,TN,FP
559,0,0,1,0.5900105834007263,0.596609890460968,TN,FP
560,0,0,1,0.5294640064239502,0.6031057834625244,TN,FP
561,0,0,1,0.5329098105430603,0.584496021270752,TN,FP
562,0,0,1,0.5951167345046997,0.5863925814628601,TN,FP
563,0,0,1,0.5479490160942078,0.579500675201416,TN,FP
564,0,0,1,0.5975778698921204,0.5992829203605652,TN,FP
565,0,0,1,0.5438644886016846,0.5771989822387695,TN,FP
566,0,0,1,0.5674901008605957,0.6016740798950195,TN,FP
567,0,0,1,0.5434393882751465,0.5845595002174377,TN,FP
568,0,0,1,0.5966498851776123,0.5845578908920288,TN,FP
569,0,0,1,0.5492086410522461,0.573337733745575,TN,FP
570,0,0,1,0.5567220449447632,0.566221296787262,TN,FP
571,0,0,1,0.5406481027603149,0.5659528374671936,TN,FP
572,0,0,1,0.5781108140945435,0.5664162635803223,TN,FP
573,0,0,1,0.5555437207221985,0.5660107135772705,TN,FP
575,0,0,1,0.6066392660140991,0.5595789551734924,TN,FP
577,0,0,1,0.555712878704071,0.5390507578849792,TN,FP
578,0,0,1,0.545134425163269,0.5222278833389282,TN,FP
579,0,0,1,0.6055322289466858,0.5260953903198242,TN,FP
580,0,0,1,0.5525971055030823,0.5233132839202881,TN,FP
581,0,0,1,0.56987065076828,0.5173255801200867,TN,FP
582,0,0,1,0.5362669825553894,0.5228620767593384,TN,FP
583,0,0,1,0.5364894270896912,0.5072218179702759,TN,FP
584,0,0,1,0.5362164378166199,0.5039708614349365,TN,FP
585,0,0,1,0.555107593536377,0.5045463442802429,TN,FP
586,0,0,1,0.5504234433174133,0.49675828218460083,TN,FP
591,0,0,1,0.5919463038444519,0.4965800940990448,TN,FP
597,0,0,1,0.5155313611030579,0.5073561668395996,TN,FP
600,0,0,1,0.5289446115493774,0.4962608218193054,TN,FP
601,0,0,1,0.5373415946960449,0.51515793800354,TN,FP
603,0,0,1,0.526623010635376,0.5173797011375427,TN,FP
605,0,0,1,0.5450196266174316,0.5344963669776917,TN,FP
606,0,0,1,0.5419858694076538,0.49720442295074463,TN,FP
607,0,0,1,0.5260958671569824,0.5240023136138916,TN,FP
608,0,0,1,0.5296643376350403,0.5064947605133057,TN,FP
609,0,0,1,0.5275206565856934,0.5042133927345276,TN,FP
610,0,0,1,0.5511730313301086,0.5540767908096313,TN,FP
611,0,0,1,0.5314375162124634,0.5748475790023804,TN,FP
612,0,0,1,0.5313349366188049,0.5685226321220398,TN,FP
613,0,0,1,0.547950267791748,0.566568911075592,TN,FP
614,0,0,1,0.5327540636062622,0.5339200496673584,TN,FP
615,0,0,1,0.5306341052055359,0.5990792512893677,TN,FP
616,0,0,1,0.5650531649589539,1.302537441253662,TN,FP
617,0,0,1,0.5658642649650574,1.2892699241638184,TN,FP
618,0,0,1,0.5539908409118652,1.293772578239441,TN,FP
619,0,0,1,0.5614460110664368,1.2864539623260498,TN,FP
620,0,0,1,0.5669634342193604,1.2752970457077026,TN,FP
621,0,0,1,0.5602622628211975,1.2487761974334717,TN,FP
622,0,0,1,0.5759360790252686,1.259963035583496,TN,FP
623,0,0,1,0.5610294938087463,1.2617104053497314,TN,FP
624,0,0,1,0.5579218864440918,1.237358570098877,TN,FP
625,0,0,1,0.5642586350440979,1.2456488609313965,TN,FP
626,0,0,1,0.5662515163421631,1.2422665357589722,TN,FP
627,0,0,1,0.5532076954841614,1.2500293254852295,TN,FP
628,0,0,1,0.5522112250328064,1.2470284700393677,TN,FP
629,0,0,1,0.5471940040588379,1.2388386726379395,TN,FP
630,0,0,1,0.5391130447387695,1.2300769090652466,TN,FP
631,0,0,1,0.5631486773490906,1.2158900499343872,TN,FP
632,0,0,1,0.5634021759033203,1.2313162088394165,TN,FP
633,0,0,1,0.5743668079376221,1.2529079914093018,TN,FP
634,0,0,1,0.570539653301239,1.2428985834121704,TN,FP
635,0,0,1,0.5823169946670532,1.2370805740356445,TN,FP
636,0,0,1,0.5762597918510437,1.2275383472442627,TN,FP
637,0,0,1,0.5754494667053223,1.2305002212524414,TN,FP
638,0,0,1,0.5609501004219055,1.2115488052368164,TN,FP
639,0,0,1,0.5563912391662598,1.2196171283721924,TN,FP
640,0,0,1,0.5507757067680359,1.2066797018051147,TN,FP
641,0,0,1,0.560677170753479,1.2131192684173584,TN,FP
642,0,0,1,0.5702776312828064,1.2006146907806396,TN,FP
643,0,0,1,0.5380050539970398,1.1846545934677124,TN,FP
644,0,0,1,0.5353304147720337,1.1720668077468872,TN,FP
645,0,0,1,0.5361981391906738,1.1701644659042358,TN,FP
646,0,0,1,0.5494340658187866,1.174747109413147,TN,FP
647,0,0,1,0.5654569268226624,1.1795227527618408,TN,FP
648,0,0,1,0.5594382286071777,1.164741039276123,TN,FP
649,0,0,1,0.570190966129303,1.1498842239379883,TN,FP
650,0,0,1,0.5470797419548035,1.011216640472412,TN,FP
651,0,0,1,0.578766942024231,0.9925615191459656,TN,FP
652,0,0,1,0.553610622882843,0.9980578422546387,TN,FP
653,0,0,1,0.5965807437896729,1.0125476121902466,TN,FP
654,0,0,1,0.560594916343689,1.0005871057510376,TN,FP
655,0,0,1,0.5829870700836182,1.0159579515457153,TN,FP
656,0,0,1,0.5773770809173584,1.0384989976882935,TN,FP
657,0,0,1,0.5235906839370728,0.9788652062416077,TN,FP
658,0,0,1,0.5761493444442749,1.0093748569488525,TN,FP
659,0,0,1,0.6048088669776917,1.0050134658813477,TN,FP
660,0,0,1,0.5683868527412415,1.0591174364089966,TN,FP
661,0,0,1,0.5769540667533875,1.1348880529403687,TN,FP
662,0,0,1,0.6078305244445801,1.0164815187454224,TN,FP
663,0,0,1,0.6073471903800964,1.0203664302825928,TN,FP
664,0,0,1,0.6004601716995239,1.0285319089889526,TN,FP
665,0,0,1,0.5737372636795044,0.9884570837020874,TN,FP
666,0,0,1,0.5595853924751282,1.0049290657043457,TN,FP
667,0,0,1,0.5684217810630798,1.0340664386749268,TN,FP
668,0,0,1,0.5786649584770203,0.9650287628173828,TN,FP
670,0,0,1,0.5724233388900757,0.9655698537826538,TN,FP
671,0,0,1,0.5907694697380066,0.9479515552520752,TN,FP
672,0,0,1,0.5973532199859619,0.9580535888671875,TN,FP
674,0,0,1,0.5738555788993835,1.0435397624969482,TN,FP
675,0,0,1,0.5547177791595459,0.9155529737472534,TN,FP
676,0,0,1,0.5664948225021362,0.9390836358070374,TN,FP
677,0,0,1,0.582802951335907,0.9311174750328064,TN,FP
678,0,0,1,0.5756780505180359,0.9463984966278076,TN,FP
679,0,0,1,0.5786819458007812,0.8882236480712891,TN,FP
680,0,0,1,0.5509580373764038,0.893775999546051,TN,FP
681,0,0,1,0.5566566586494446,0.9427716135978699,TN,FP
682,0,0,1,0.5678697228431702,0.9696033000946045,TN,FP
683,0,0,1,0.5843478441238403,0.9655173420906067,TN,FP
684,0,0,1,0.5576485395431519,0.9046084880828857,TN,FP
685,0,0,1,0.5278987288475037,0.8640109896659851,TN,FP
686,0,0,1,0.527082085609436,0.8435491323471069,TN,FP
687,0,0,1,0.5197558403015137,0.8387570381164551,TN,FP
688,0,0,1,0.5702468752861023,0.8451995849609375,TN,FP
689,0,0,1,0.5684911608695984,0.8464310169219971,TN,FP
690,0,0,1,0.5423398613929749,0.8511121273040771,TN,FP
691,0,0,1,0.5821859240531921,0.8443681597709656,TN,FP
692,0,0,1,0.562168300151825,0.8358817100524902,TN,FP
693,0,0,1,0.5551263093948364,0.878854513168335,TN,FP
694,0,0,1,0.5557430386543274,0.8240358233451843,TN,FP
695,0,0,1,0.5537834167480469,0.8518238067626953,TN,FP
696,0,0,1,0.5380293726921082,0.789691150188446,TN,FP
697,0,0,1,0.5373262763023376,0.857155442237854,TN,FP
698,0,0,1,0.5952449440956116,0.8004708886146545,TN,FP
699,0,0,1,0.5986437201499939,0.8091228604316711,TN,FP
700,0,0,1,0.5310420393943787,0.7974324226379395,TN,FP
701,0,0,1,0.5655698180198669,0.8844085931777954,TN,FP
702,0,0,1,0.546190083026886,0.8441857099533081,TN,FP
703,0,0,1,0.5421920418739319,0.8147948980331421,TN,FP
704,0,0,1,0.557650625705719,0.7864600419998169,TN,FP
705,0,0,1,0.5447290539741516,0.7915875911712646,TN,FP
706,0,0,1,0.5614004731178284,0.8016561269760132,TN,FP
707,0,0,1,0.5544058084487915,0.8131700158119202,TN,FP
708,0,0,1,0.5529891848564148,0.8165504336357117,TN,FP
709,0,0,1,0.5359084606170654,0.7699763774871826,TN,FP
710,0,0,1,0.5614409446716309,0.766069233417511,TN,FP
711,0,0,1,0.5296281576156616,0.7477596402168274,TN,FP
712,0,0,1,0.5316006541252136,0.7701662182807922,TN,FP
713,0,0,1,0.5264756679534912,0.7554392218589783,TN,FP
714,0,0,1,0.5172255635261536,0.7534990906715393,TN,FP
715,0,0,1,0.5282358527183533,0.7519109845161438,TN,FP
716,0,0,1,0.5171555876731873,0.7406335473060608,TN,FP
717,0,0,1,0.5481054186820984,0.8015711307525635,TN,FP
718,0,0,1,0.5605452060699463,0.7580685615539551,TN,FP
719,0,0,1,0.5264109969139099,0.7470609545707703,TN,FP
720,0,0,1,0.5525892376899719,0.7537059187889099,TN,FP
721,0,0,1,0.5169379711151123,0.7726574540138245,TN,FP
722,0,0,1,0.5357034802436829,0.7952774167060852,TN,FP
723,0,0,1,0.5234622359275818,0.8078510165214539,TN,FP
724,0,0,1,0.510012149810791,0.7297856211662292,TN,FP
725,0,0,1,0.5033156871795654,0.7048631310462952,TN,FP
726,0,0,1,0.49914565682411194,0.7247511148452759,TN,FP
727,0,0,1,0.5296491384506226,0.7589055895805359,TN,FP
728,0,0,1,0.5059589743614197,0.7712422013282776,TN,FP
729,0,0,1,0.5161418318748474,0.7285197973251343,TN,FP
730,0,0,1,0.5341354012489319,0.7298734784126282,TN,FP
731,0,0,1,0.516126811504364,0.7545774579048157,TN,FP
732,0,0,1,0.5142768621444702,0.7021329402923584,TN,FP
733,0,0,1,0.5194594860076904,0.7167413234710693,TN,FP
734,0,0,1,0.5080938339233398,0.6980241537094116,TN,FP
735,0,0,1,0.49622398614883423,0.7144288420677185,TN,FP
736,0,0,1,0.49696871638298035,0.7418828010559082,TN,FP
737,0,0,1,0.4930950105190277,0.6885037422180176,TN,FP
738,0,0,1,0.5060727596282959,0.7145130038261414,TN,FP
739,0,0,1,0.49369797110557556,0.6951611042022705,TN,FP
740,0,0,1,0.49361664056777954,0.717397153377533,TN,FP
741,0,0,1,0.5114780068397522,0.6928152441978455,TN,FP
742,0,0,1,0.4790596067905426,0.7063642144203186,TN,FP
743,0,0,1,0.5100974440574646,0.7030535936355591,TN,FP
744,0,0,1,0.5084909200668335,0.7175920009613037,TN,FP
745,0,0,1,0.5109565258026123,0.667188286781311,TN,FP
746,0,0,1,0.4885009527206421,0.6718377470970154,TN,FP
747,0,0,1,0.4860271215438843,0.681023359298706,TN,FP
748,0,0,1,0.4961649179458618,0.6430037617683411,TN,FP
749,0,0,1,0.47341597080230713,0.6398425102233887,TN,FP
750,0,0,1,0.47462502121925354,0.6305931210517883,TN,FP
751,0,0,1,0.4921582043170929,0.6357184648513794,TN,FP
752,0,0,1,0.4708687663078308,0.643046498298645,TN,FP
753,0,0,1,0.48430678248405457,0.6454522013664246,TN,FP
754,0,0,1,0.4832865595817566,0.6156961917877197,TN,FP
755,0,0,1,0.489578515291214,0.6187309622764587,TN,FP
756,0,0,1,0.5061200857162476,0.6535614728927612,TN,FP
757,0,0,1,0.48977676033973694,0.6431653499603271,TN,FP
758,0,0,1,0.5154373645782471,0.6003597974777222,TN,FP
759,0,0,1,0.5024510025978088,0.6120689511299133,TN,FP
760,0,0,1,0.5146580934524536,0.6007782816886902,TN,FP
761,0,0,1,0.5034473538398743,0.6019180417060852,TN,FP
762,0,0,1,0.5286870002746582,0.6244874000549316,TN,FP
763,0,0,1,0.504413902759552,0.6047571301460266,TN,FP
764,0,0,1,0.5071384310722351,0.6015990972518921,TN,FP
765,0,0,1,0.5645919442176819,0.5979619026184082,TN,FP
766,0,0,1,0.5289788246154785,0.6176201105117798,TN,FP
767,0,0,1,0.5237858295440674,0.5982030034065247,TN,FP
768,0,0,1,0.5415520668029785,0.5887219905853271,TN,FP
769,0,0,1,0.573599636554718,0.5895499587059021,TN,FP
770,0,0,1,0.5675519108772278,0.57379549741745,TN,FP
771,0,0,1,0.5138133764266968,0.5823976993560791,TN,FP
772,0,0,1,0.4947267770767212,0.5784959197044373,TN,FP
773,0,0,1,0.516953706741333,0.5677508115768433,TN,FP
774,0,0,1,0.5608282685279846,0.5627477169036865,TN,FP
775,0,0,1,0.510474681854248,0.5573168396949768,TN,FP
776,0,0,1,0.515228807926178,0.5677165389060974,TN,FP
777,0,0,1,0.52071213722229,0.5608701109886169,TN,FP
778,0,0,1,0.513277530670166,0.5604605078697205,TN,FP
779,0,0,1,0.5537750124931335,0.5621699094772339,TN,FP
780,0,0,1,0.5597876310348511,0.5709955096244812,TN,FP
781,0,0,1,0.5631701350212097,0.5852725505828857,TN,FP
782,0,0,1,0.5300018787384033,0.5717864036560059,TN,FP
783,0,0,1,0.5447975397109985,0.5653928518295288,TN,FP
786,0,0,1,0.5936747193336487,0.5668521523475647,TN,FP
788,0,0,1,0.5703399777412415,0.5772356986999512,TN,FP
789,0,0,1,0.5649656057357788,0.5578239560127258,TN,FP
790,0,0,1,0.5706456899642944,0.5512086153030396,TN,FP
791,0,0,1,0.606574535369873,0.5658644437789917,TN,FP
792,0,0,1,0.6011974215507507,0.5617784857749939,TN,FP
793,0,0,1,0.5932132601737976,0.5444358587265015,TN,FP
795,0,0,1,0.5774868130683899,0.5430161952972412,TN,FP
796,0,0,1,0.5926579236984253,0.5471745133399963,TN,FP
799,0,0,1,0.5810510516166687,0.5404616594314575,TN,FP
800,0,0,1,0.6100565195083618,0.5440226793289185,TN,FP
802,0,0,1,0.6112584471702576,0.5379398465156555,TN,FP
807,0,0,1,0.5989094376564026,0.527773380279541,TN,FP
809,0,0,1,0.5964419841766357,0.5237057209014893,TN,FP
813,0,0,1,0.5864939093589783,0.5207821130752563,TN,FP
814,0,0,1,0.5799224972724915,0.5169459581375122,TN,FP
816,0,0,1,0.5843167304992676,0.5145782828330994,TN,FP
817,0,0,1,0.597788393497467,0.514711320400238,TN,FP
818,0,0,1,0.5596534609794617,0.9073948860168457,TN,FP
819,0,0,1,0.5292102694511414,0.8947418928146362,TN,FP
820,0,0,1,0.5192255973815918,0.8917454481124878,TN,FP
821,0,0,1,0.5190601348876953,0.8890830278396606,TN,FP
822,0,0,1,0.5240857005119324,0.8634097576141357,TN,FP
823,0,0,1,0.5309797525405884,0.9208528995513916,TN,FP
824,0,0,1,0.5235702991485596,0.9175839424133301,TN,FP
825,0,0,1,0.5469618439674377,0.8687204718589783,TN,FP
826,0,0,1,0.5367042422294617,0.8816596269607544,TN,FP
827,0,0,1,0.5135114192962646,0.9206903576850891,TN,FP
828,0,0,1,0.5257667899131775,0.8667187690734863,TN,FP
829,0,0,1,0.5620880126953125,0.8542155623435974,TN,FP
830,0,0,1,0.520198404788971,0.8651185035705566,TN,FP
831,0,0,1,0.5160604119300842,0.8821582794189453,TN,FP
832,0,0,1,0.5050716996192932,0.9171423316001892,TN,FP
833,0,0,1,0.5371623039245605,0.8608880639076233,TN,FP
834,0,0,1,0.5387301445007324,0.87209153175354,TN,FP
835,0,0,1,0.5157464146614075,0.8755919933319092,TN,FP
836,0,0,1,0.5309489965438843,0.8832334876060486,TN,FP
837,0,0,1,0.5142561197280884,0.8165629506111145,TN,FP
838,0,0,1,0.5107858777046204,0.8205116987228394,TN,FP
839,0,0,1,0.555271327495575,0.8112938404083252,TN,FP
840,0,0,1,0.4905177056789398,0.7940798997879028,TN,FP
841,0,0,1,0.5164808034896851,0.8192135691642761,TN,FP
842,0,0,1,0.5231053829193115,0.79627525806427,TN,FP
843,0,0,1,0.49341949820518494,0.8351208567619324,TN,FP
844,0,0,1,0.5286337733268738,0.8100958466529846,TN,FP
845,0,0,1,0.5248219966888428,0.8112605214118958,TN,FP
846,0,0,1,0.5203216075897217,0.7928903102874756,TN,FP
847,0,0,1,0.5350472927093506,0.8105732798576355,TN,FP
848,0,0,1,0.5063068270683289,0.7892377972602844,TN,FP
849,0,0,1,0.505730926990509,0.7902180552482605,TN,FP
850,0,0,1,0.5035141110420227,0.7856047749519348,TN,FP
851,0,0,1,0.5070297718048096,0.7664631605148315,TN,FP
852,0,0,1,0.5035650134086609,0.7886306643486023,TN,FP
853,0,0,1,0.49949607253074646,0.7521332502365112,TN,FP
854,0,0,1,0.4934610426425934,0.745612382888794,TN,FP
855,0,0,1,0.5181148648262024,0.7364603281021118,TN,FP
856,0,0,1,0.4853379726409912,0.7300291657447815,TN,FP
857,0,0,1,0.5102454423904419,0.745018482208252,TN,FP
858,0,0,1,0.5138121247291565,0.7526616454124451,TN,FP
859,0,0,1,0.4842512607574463,0.7107124924659729,TN,FP
860,0,0,1,0.4837375283241272,0.7233180403709412,TN,FP
861,0,0,1,0.48421016335487366,0.7356343269348145,TN,FP
862,0,0,1,0.48556146025657654,0.7264199256896973,TN,FP
863,0,0,1,0.5012020468711853,0.7084003686904907,TN,FP
864,0,0,1,0.5136141777038574,0.7084366083145142,TN,FP
865,0,0,1,0.49402880668640137,0.6843690276145935,TN,FP
866,0,0,1,0.5149527192115784,0.7010899186134338,TN,FP
867,0,0,1,0.5096654295921326,0.7339467406272888,TN,FP
868,0,0,1,0.4994569718837738,0.7539820671081543,TN,FP
869,0,0,1,0.49867919087409973,0.7070852518081665,TN,FP
870,0,0,1,0.5194307565689087,0.7071401476860046,TN,FP
871,0,0,1,0.5200127959251404,0.7003136277198792,TN,FP
872,0,0,1,0.49384453892707825,0.6927763223648071,TN,FP
873,0,0,1,0.4901263117790222,0.6923295855522156,TN,FP
874,0,0,1,0.4953341782093048,0.6829980611801147,TN,FP
875,0,0,1,0.5117582082748413,0.7452042102813721,TN,FP
876,0,0,1,0.5149677991867065,0.6632360816001892,TN,FP
877,0,0,1,0.48746463656425476,0.6699466109275818,TN,FP
878,0,0,1,0.5279695987701416,0.6747636198997498,TN,FP
879,0,0,1,0.5074436068534851,0.665282130241394,TN,FP
880,0,0,1,0.49705398082733154,0.6987872123718262,TN,FP
881,0,0,1,0.49070149660110474,0.6782753467559814,TN,FP
882,0,0,1,0.5155776739120483,0.6487999558448792,TN,FP
883,0,0,1,0.4909228980541229,0.6794270873069763,TN,FP
884,0,0,1,0.50990229845047,0.6542641520500183,TN,FP
885,0,0,1,0.4800645112991333,0.6443508267402649,TN,FP
886,0,0,1,0.47526466846466064,0.6396009922027588,TN,FP
887,0,0,1,0.46435701847076416,0.6265157461166382,TN,FP
888,0,0,1,0.4678196310997009,0.6285285353660583,TN,FP
889,0,0,1,0.4927307367324829,0.6007362604141235,TN,FP
890,0,0,1,0.48197272419929504,0.5944787263870239,TN,FP
891,0,0,1,0.47410905361175537,0.6026562452316284,TN,FP
892,0,0,1,0.5116117000579834,0.5818967223167419,TN,FP
893,0,0,1,0.45441192388534546,0.565377414226532,TN,FP
894,0,0,1,0.46966269612312317,0.5636070966720581,TN,FP
895,0,0,1,0.5048360824584961,0.5615174174308777,TN,FP
896,0,0,1,0.4717738628387451,0.5570532083511353,TN,FP
897,0,0,1,0.5045969486236572,0.5521737933158875,TN,FP
898,0,0,1,0.47609466314315796,0.5548834800720215,TN,FP
899,0,0,1,0.4761096239089966,0.5608239769935608,TN,FP
900,0,0,1,0.47266098856925964,0.553733766078949,TN,FP
901,0,0,1,0.5414840579032898,0.5740664005279541,TN,FP
902,0,0,1,0.5058596730232239,0.5425254106521606,TN,FP
903,0,0,1,0.5020098090171814,0.5679153203964233,TN,FP
904,0,0,1,0.5187224745750427,0.5535487532615662,TN,FP
905,0,0,1,0.4842822551727295,0.5413702130317688,TN,FP
906,0,0,1,0.5214367508888245,0.530690610408783,TN,FP
907,0,0,1,0.4969147741794586,0.5391114950180054,TN,FP
908,0,0,1,0.5664964318275452,0.5301481485366821,TN,FP
909,0,0,1,0.5074306726455688,0.5228015184402466,TN,FP
910,0,0,1,0.4874686002731323,0.5288127660751343,TN,FP
911,0,0,1,0.5145022869110107,0.5257928371429443,TN,FP
912,0,0,1,0.5130618214607239,0.526048481464386,TN,FP
913,0,0,1,0.52418452501297,0.5311571359634399,TN,FP
914,0,0,1,0.5762011408805847,0.5420124530792236,TN,FP
915,0,0,1,0.5253557562828064,0.5219164490699768,TN,FP
916,0,0,1,0.5532386898994446,0.511793315410614,TN,FP
917,0,0,1,0.5036799907684326,0.5157060623168945,TN,FP
918,0,0,1,0.5002017021179199,0.5067666172981262,TN,FP
919,0,0,1,0.5040290951728821,0.5047636032104492,TN,FP
920,0,0,1,0.5013657212257385,0.49505943059921265,TN,FP
921,0,0,1,0.498652845621109,0.4948315918445587,TN,FP
922,0,0,1,0.49601006507873535,0.4986916482448578,TN,FP
925,0,0,1,0.5200176239013672,0.493940532207489,TN,FP
928,0,0,1,0.5342319011688232,0.4940882921218872,TN,FP
929,0,0,1,0.5257791876792908,0.49697864055633545,TN,FP
930,0,0,1,0.5505760908126831,0.4973680377006531,TN,FP
931,0,0,1,0.5436549782752991,0.4960196316242218,TN,FP
932,0,0,1,0.563218355178833,0.5132737159729004,TN,FP
933,0,0,1,0.5543462634086609,0.5203161835670471,TN,FP
934,0,0,1,0.5448560118675232,0.5045716762542725,TN,FP
935,0,0,1,0.5413996577262878,0.505785346031189,TN,FP
936,0,0,1,0.5565171837806702,0.5080932974815369,TN,FP
937,0,0,1,0.5525097846984863,0.5068570971488953,TN,FP
938,0,0,1,0.5647763013839722,0.5111460089683533,TN,FP
939,0,0,1,0.5631846189498901,0.5194058418273926,TN,FP
940,0,0,1,0.5805884003639221,0.5204174518585205,TN,FP
941,0,0,1,0.5671001672744751,0.5136211514472961,TN,FP
942,0,0,1,0.5692136883735657,0.50201016664505,TN,FP
943,0,0,1,0.54694002866745,0.49746987223625183,TN,FP
944,0,0,1,0.5430566072463989,0.5028716325759888,TN,FP
945,0,0,1,0.5222854018211365,0.6727101802825928,TN,FP
946,0,0,1,0.5603465437889099,0.49601060152053833,TN,FP
947,0,0,1,0.5408061742782593,0.5053907036781311,TN,FP
948,0,0,1,0.529274582862854,0.5204553604125977,TN,FP
949,0,0,1,0.5279122591018677,0.519563615322113,TN,FP
952,0,0,1,0.5256174802780151,0.49434375762939453,TN,FP
955,0,0,1,0.4950599670410156,0.5349839329719543,TN,FP
957,0,0,1,0.4961676001548767,0.5073565244674683,TN,FP
959,0,0,1,0.5365123748779297,0.5147479772567749,TN,FP
960,0,0,1,0.5308747887611389,0.5676261782646179,TN,FP
961,0,0,1,0.541801393032074,0.5353715419769287,TN,FP
962,0,0,1,0.5014335513114929,0.528010904788971,TN,FP
963,0,0,1,0.5395338535308838,0.5537863969802856,TN,FP
964,0,0,1,0.5313564538955688,0.7138513326644897,TN,FP
965,0,0,1,0.5397953987121582,0.7039685249328613,TN,FP
966,0,0,1,0.5392105579376221,0.7393604516983032,TN,FP
967,0,0,1,0.5501143932342529,0.7094085216522217,TN,FP
968,0,0,1,0.5459448099136353,0.7371232509613037,TN,FP
969,0,0,1,0.5300540924072266,0.6973710656166077,TN,FP
970,0,0,1,0.5483600497245789,0.6847770810127258,TN,FP
971,0,0,1,0.5628740787506104,0.6898741126060486,TN,FP
972,0,0,1,0.5332583785057068,0.676443338394165,TN,FP
973,0,0,1,0.5243946313858032,0.6629264950752258,TN,FP
974,0,0,1,0.5323834419250488,0.6545997858047485,TN,FP
975,0,0,1,0.5424177646636963,0.6670787930488586,TN,FP
976,0,0,1,0.549196183681488,0.6589455604553223,TN,FP
977,0,0,1,0.5636155605316162,0.6475716233253479,TN,FP
978,0,0,1,0.5315296053886414,0.6780851483345032,TN,FP
979,0,0,1,0.5743123292922974,0.6521614789962769,TN,FP
980,0,0,1,0.5373286604881287,0.6393190622329712,TN,FP
981,0,0,1,0.5389599800109863,0.6343339681625366,TN,FP
982,0,0,1,0.5507633090019226,0.638877272605896,TN,FP
983,0,0,1,0.5896233916282654,0.6409576535224915,TN,FP
984,0,0,1,0.548896849155426,0.6625543832778931,TN,FP
985,0,0,1,0.5942031741142273,0.6399334073066711,TN,FP
986,0,0,1,0.551242470741272,0.641965925693512,TN,FP
987,0,0,1,0.5520750284194946,0.6377608776092529,TN,FP
988,0,0,1,0.5669359564781189,0.6438604593276978,TN,FP
989,0,0,1,0.5610389113426208,0.6267406940460205,TN,FP
990,0,0,1,0.5884863138198853,0.615456223487854,TN,FP
991,0,0,1,0.589083194732666,0.8496286273002625,TN,FP
992,0,0,1,0.6029906272888184,0.8491377830505371,TN,FP
993,0,0,1,0.5675153136253357,0.8760334849357605,TN,FP
994,0,0,1,0.5973194241523743,1.494096040725708,TN,FP
995,0,0,1,0.5931670665740967,0.835174560546875,TN,FP
996,0,0,1,0.5903364419937134,0.8381001949310303,TN,FP
997,0,0,1,0.6115612983703613,0.8341026306152344,TN,FP
998,0,0,1,0.5804567933082581,0.8370295166969299,TN,FP
1000,0,0,1,0.6105083227157593,0.8548262119293213,TN,FP
1001,0,0,1,0.5740562081336975,0.8181753754615784,TN,FP
1002,0,0,1,0.5891258716583252,0.8279339671134949,TN,FP
1003,0,0,1,0.5825809240341187,0.8212149143218994,TN,FP
1004,0,0,1,0.5774624943733215,0.805428683757782,TN,FP
1006,0,0,1,0.5967470407485962,0.8058174252510071,TN,FP
1007,0,0,1,0.5747026205062866,0.7952249646186829,TN,FP
1008,0,0,1,0.5843268632888794,0.7921937704086304,TN,FP
1010,0,0,1,0.5676064491271973,0.7769086360931396,TN,FP
1011,0,0,1,0.5533359050750732,0.7578085064888,TN,FP
1012,0,0,1,0.5743592977523804,0.7541128396987915,TN,FP
1013,0,0,1,0.5881962776184082,0.792702317237854,TN,FP
1015,0,0,1,0.5852677822113037,0.7761592864990234,TN,FP
1016,0,0,1,0.6010922789573669,0.7642366886138916,TN,FP
1017,0,0,1,0.552406907081604,0.7408774495124817,TN,FP
1018,0,0,1,0.553913414478302,0.7366465926170349,TN,FP
1019,0,0,1,0.6033244132995605,0.7477564811706543,TN,FP
1020,0,0,1,0.5692669749259949,0.7333001494407654,TN,FP
1021,0,0,1,0.59979248046875,0.7256544232368469,TN,FP
1022,0,0,1,0.5668413639068604,0.7170866131782532,TN,FP
1023,0,0,1,0.5700544714927673,0.721792995929718,TN,FP
1024,0,0,1,0.5676023960113525,0.7121873497962952,TN,FP
1025,0,0,1,0.5703733563423157,0.7023870944976807,TN,FP
1026,0,0,1,0.5539536476135254,0.7203126549720764,TN,FP
1027,0,0,1,0.5829191207885742,0.7165713310241699,TN,FP
1028,0,0,1,0.5742677450180054,0.7168060541152954,TN,FP
1029,0,0,1,0.5503131151199341,0.690733790397644,TN,FP
1030,0,0,1,0.5602632761001587,0.7020809650421143,TN,FP
1031,0,0,1,0.5835310220718384,0.6910903453826904,TN,FP
1032,0,0,1,0.575975775718689,0.6974277496337891,TN,FP
1033,0,0,1,0.5762837529182434,0.6908593773841858,TN,FP
1034,0,0,1,0.5957534313201904,0.695960521697998,TN,FP
1035,0,0,1,0.5696967840194702,0.677203893661499,TN,FP
1036,0,0,1,0.57123202085495,0.6743823885917664,TN,FP
1037,0,0,1,0.5720173120498657,0.6811427474021912,TN,FP
1038,0,0,1,0.5761839151382446,0.6675702929496765,TN,FP
1039,0,0,1,0.557593584060669,0.6584216952323914,TN,FP
1040,0,0,1,0.5521394610404968,0.6500118374824524,TN,FP
1041,0,0,1,0.5471636056900024,0.6505693197250366,TN,FP
1042,0,0,1,0.5624716281890869,0.6500158905982971,TN,FP
1043,0,0,1,0.5732947587966919,0.6450672745704651,TN,FP
1044,0,0,1,0.5664499402046204,0.6493638753890991,TN,FP
1045,0,0,1,0.5425485968589783,0.6333556175231934,TN,FP
1046,0,0,1,0.575228750705719,0.621354877948761,TN,FP
1047,0,0,1,0.5703860521316528,0.6203662753105164,TN,FP
1048,0,0,1,0.5845484137535095,0.6263495087623596,TN,FP
1049,0,0,1,0.5655990839004517,0.6125222444534302,TN,FP
1050,0,0,1,0.5762359499931335,0.6207677721977234,TN,FP
1051,0,0,1,0.5574095845222473,0.6050692796707153,TN,FP
1052,0,0,1,0.5786098837852478,0.5980067253112793,TN,FP
1053,0,0,1,0.5663288235664368,0.5904218554496765,TN,FP
1054,0,0,1,0.5769975781440735,0.5879051089286804,TN,FP
1055,0,0,1,0.5438979864120483,0.8157386779785156,TN,FP
1056,0,0,1,0.5336099863052368,0.8118169903755188,TN,FP
1057,0,0,1,0.5610888004302979,0.8094779849052429,TN,FP
1058,0,0,1,0.5162268280982971,0.7904543876647949,TN,FP
1059,0,0,1,0.5121505856513977,0.7881432175636292,TN,FP
1060,0,0,1,0.5122417211532593,0.7821887731552124,TN,FP
1061,0,0,1,0.5371010303497314,0.7980185747146606,TN,FP
1062,0,0,1,0.501767098903656,0.7938618659973145,TN,FP
1063,0,0,1,0.5030009150505066,0.7701573371887207,TN,FP
1064,0,0,1,0.5165585875511169,0.7883633971214294,TN,FP
1065,0,0,1,0.5107288360595703,0.7502460479736328,TN,FP
1066,0,0,1,0.49560546875,0.7440100908279419,TN,FP
1067,0,0,1,0.5072643756866455,0.7552016973495483,TN,FP
1068,0,0,1,0.5189632177352905,0.7544602751731873,TN,FP
1069,0,0,1,0.5241706967353821,0.7478658556938171,TN,FP
1070,0,0,1,0.4883604943752289,0.7335574626922607,TN,FP
1071,0,0,1,0.4927173852920532,0.7250248193740845,TN,FP
1072,0,0,1,0.5166623592376709,0.7422013282775879,TN,FP
1073,0,0,1,0.5131099820137024,0.7411490082740784,TN,FP
1074,0,0,1,0.5021802186965942,0.7323966026306152,TN,FP
1075,0,0,1,0.49245747923851013,0.7247808575630188,TN,FP
1076,0,0,1,0.48817071318626404,0.7212889194488525,TN,FP
1077,0,0,1,0.49019309878349304,0.7149530649185181,TN,FP
1078,0,0,1,0.5023618340492249,0.7030437588691711,TN,FP
1079,0,0,1,0.5011117458343506,0.7118986248970032,TN,FP
1080,0,0,1,0.5147218704223633,0.6993139386177063,TN,FP
1081,0,0,1,0.5087978839874268,0.6954404711723328,TN,FP
1082,0,0,1,0.5180194973945618,0.7003558874130249,TN,FP
1083,0,0,1,0.5295628905296326,0.6901669502258301,TN,FP
1084,0,0,1,0.5207778811454773,0.6893720030784607,TN,FP
1085,0,0,1,0.5439952611923218,0.6958975195884705,TN,FP
1086,0,0,1,0.5326160788536072,0.6992542147636414,TN,FP
1087,0,0,1,0.5206857323646545,0.6893746852874756,TN,FP
1088,0,0,1,0.5165908336639404,0.7065913677215576,TN,FP
1089,0,0,1,0.5165392756462097,0.7010867595672607,TN,FP
1090,0,0,1,0.5315570831298828,0.6800817251205444,TN,FP
1091,0,0,1,0.5135336518287659,0.6818656921386719,TN,FP
1092,0,0,1,0.5179291367530823,0.6905380487442017,TN,FP
1093,0,0,1,0.5040439963340759,0.6638785600662231,TN,FP
1094,0,0,1,0.5087113380432129,0.6769145727157593,TN,FP
1095,0,0,1,0.49982836842536926,0.6733444929122925,TN,FP
1096,0,0,1,0.5280455350875854,0.6709827184677124,TN,FP
1097,0,0,1,0.5234982371330261,0.67762291431427,TN,FP
1098,0,0,1,0.5385410785675049,0.6607922315597534,TN,FP
1099,0,0,1,0.5135319232940674,0.6775040626525879,TN,FP
1100,0,0,1,0.5173739790916443,0.6679825782775879,TN,FP
1101,0,0,1,0.5323899388313293,0.6674150228500366,TN,FP
1102,0,0,1,0.5342886447906494,0.6583290696144104,TN,FP
1103,0,0,1,0.5293619632720947,0.6637069582939148,TN,FP
1104,0,0,1,0.5244347453117371,0.6734622120857239,TN,FP
1105,0,0,1,0.525130033493042,0.657817542552948,TN,FP
1106,0,0,1,0.5241352915763855,0.6500800251960754,TN,FP
1107,0,0,1,0.5453213453292847,0.6512029767036438,TN,FP
1108,0,0,1,0.5247387886047363,0.6499857306480408,TN,FP
1109,0,0,1,0.5272026658058167,0.6441026329994202,TN,FP
1110,0,0,1,0.5266727209091187,0.6416763067245483,TN,FP
1111,0,0,1,0.5325170755386353,0.6437559723854065,TN,FP
1112,0,0,1,0.5381470918655396,0.630028247833252,TN,FP
1113,0,0,1,0.5468149185180664,0.6221005916595459,TN,FP
1114,0,0,1,0.5379025936126709,0.6159404516220093,TN,FP
1115,0,0,1,0.5433208346366882,0.6178317070007324,TN,FP
1116,0,0,1,0.5742517709732056,0.61643385887146,TN,FP
1117,0,0,1,0.5482804775238037,0.5997731685638428,TN,FP
1118,0,0,1,0.5753241777420044,0.5984316468238831,TN,FP
1119,0,0,1,0.5413270592689514,0.606678307056427,TN,FP
1120,0,0,1,0.5575397610664368,0.609626054763794,TN,FP
1121,0,0,1,0.5658652782440186,0.6038534641265869,TN,FP
1122,0,0,1,0.5429617166519165,0.5888886451721191,TN,FP
1123,0,0,1,0.5700483918190002,0.5854175686836243,TN,FP
1124,0,0,1,0.5758854746818542,0.5881859660148621,TN,FP
1125,0,0,1,0.5901446342468262,0.5986851453781128,TN,FP
1126,0,0,1,0.6077584028244019,0.5909897089004517,TN,FP
1127,0,0,1,0.5921990871429443,0.5849974155426025,TN,FP
1128,0,0,1,0.5970475673675537,0.5822494626045227,TN,FP
1130,0,0,1,0.581789493560791,0.5642144680023193,TN,FP
1131,0,0,1,0.586859941482544,0.5594265460968018,TN,FP
1132,0,0,1,0.5830290913581848,0.5653531551361084,TN,FP
1133,0,0,1,0.5833736658096313,0.5532999038696289,TN,FP
1134,0,0,1,0.5917441248893738,0.5612143874168396,TN,FP
1135,0,0,1,0.5936338305473328,0.5327792763710022,TN,FP
1136,0,0,1,0.5801888108253479,0.5331075191497803,TN,FP
1137,0,0,1,0.574421763420105,0.5376980304718018,TN,FP
1138,0,0,1,0.5719552040100098,0.522625744342804,TN,FP
1139,0,0,1,0.590179443359375,0.5329551100730896,TN,FP
1140,0,0,1,0.585623025894165,0.5233428478240967,TN,FP
1141,0,0,1,0.5645620226860046,0.5644128918647766,TN,FP
1142,0,0,1,0.5837656259536743,0.5258049964904785,TN,FP
1143,0,0,1,0.5778209567070007,0.5200086832046509,TN,FP
1144,0,0,1,0.5473105907440186,0.5171464085578918,TN,FP
1145,0,0,1,0.5699921250343323,0.5203633904457092,TN,FP
1146,0,0,1,0.5277564525604248,0.5154955983161926,TN,FP
1147,0,0,1,0.5420924425125122,0.5324732065200806,TN,FP
1148,0,0,1,0.5500578880310059,0.5274296998977661,TN,FP
1149,0,0,1,0.5565367937088013,0.5109303593635559,TN,FP
1150,0,0,1,0.5448126196861267,0.515256404876709,TN,FP
1151,0,0,1,0.5327519774436951,0.504217267036438,TN,FP
1152,0,0,1,0.5312614440917969,0.5830477476119995,TN,FP
1153,0,0,1,0.5315127968788147,0.5736278891563416,TN,FP
1154,0,0,1,0.5514427423477173,0.631484866142273,TN,FP
1155,0,0,1,0.5435805320739746,0.5175564289093018,TN,FP
1156,0,0,1,0.5503795742988586,0.6187028288841248,TN,FP
1157,0,0,1,0.5392212867736816,0.5308780670166016,TN,FP
1158,0,0,1,0.5336515307426453,0.5218013525009155,TN,FP
1159,0,0,1,0.5477117896080017,0.6209965944290161,TN,FP
1160,0,0,1,0.5505212545394897,0.6449111700057983,TN,FP
1161,0,0,1,0.5258591771125793,0.680009126663208,TN,FP
1162,0,0,1,0.5237630605697632,0.6557121872901917,TN,FP
1163,0,0,1,0.5482645034790039,0.6654638648033142,TN,FP
1164,0,0,1,0.5237834453582764,0.6713725328445435,TN,FP
1165,0,0,1,0.518991231918335,0.6731847524642944,TN,FP
1166,0,0,1,0.5218105316162109,0.686219334602356,TN,FP
1167,0,0,1,0.5174694061279297,0.6853795647621155,TN,FP
1168,0,0,1,0.5364875197410583,0.7099342346191406,TN,FP
1169,0,0,1,0.5295266509056091,0.7398938536643982,TN,FP
1170,0,0,1,0.5299612283706665,0.7543447613716125,TN,FP
1171,0,0,1,0.5678030252456665,0.773090660572052,TN,FP
1172,0,0,1,0.551398515701294,0.7561403512954712,TN,FP
1173,0,0,1,0.5423341989517212,0.765379011631012,TN,FP
1174,0,0,1,0.5807545781135559,0.7362246513366699,TN,FP
1175,0,0,1,0.5710389018058777,0.7541811466217041,TN,FP
1176,0,0,1,0.5630738735198975,0.7480127811431885,TN,FP
1177,0,0,1,0.546392023563385,0.729329526424408,TN,FP
1178,0,0,1,0.5401281118392944,0.7220674157142639,TN,FP
1179,0,0,1,0.5574761033058167,0.754689633846283,TN,FP
1180,0,0,1,0.5526815056800842,0.7321142554283142,TN,FP
1181,0,0,1,0.5781911015510559,0.722994863986969,TN,FP
1182,0,0,1,0.5426322817802429,0.7078342437744141,TN,FP
1183,0,0,1,0.5781696438789368,0.7062748074531555,TN,FP
1184,0,0,1,0.5674313902854919,0.6729758977890015,TN,FP
1185,0,0,1,0.5933845639228821,0.6607391238212585,TN,FP
1186,0,0,1,0.5561214089393616,0.6528413891792297,TN,FP
1187,0,0,1,0.5897943377494812,0.6465460062026978,TN,FP
1188,0,0,1,0.5714260935783386,0.6987535953521729,TN,FP
1189,0,0,1,0.560104489326477,0.6885710954666138,TN,FP
1190,0,0,1,0.5512861013412476,0.6785021424293518,TN,FP
1191,0,0,1,0.59991055727005,0.6569281220436096,TN,FP
1192,0,0,1,0.5775980949401855,0.6803264617919922,TN,FP
1193,0,0,1,0.5961155295372009,0.6679679751396179,TN,FP
1194,0,0,1,0.5931371450424194,0.6841748952865601,TN,FP
1195,0,0,1,0.5878085494041443,0.673198938369751,TN,FP
1196,0,0,1,0.572268009185791,0.6381697654724121,TN,FP
1197,0,0,1,0.589571475982666,0.6423263549804688,TN,FP
1198,0,0,1,0.5642504692077637,0.645700991153717,TN,FP
1199,0,0,1,0.5745595693588257,0.6259921193122864,TN,FP
1200,0,0,1,0.5870307087898254,0.608721137046814,TN,FP
1201,0,0,1,0.5687850713729858,0.6110448837280273,TN,FP
1202,0,0,1,0.5567663311958313,0.6053979992866516,TN,FP
1203,0,0,1,0.5922827124595642,0.6031375527381897,TN,FP
1205,0,0,1,0.5687583684921265,0.5737124085426331,TN,FP
1206,0,0,1,0.5978066921234131,0.5717194676399231,TN,FP
1207,0,0,1,0.5898709893226624,0.5636823773384094,TN,FP
1208,0,0,1,0.5638113617897034,0.5527207255363464,TN,FP
1210,0,0,1,0.598195493221283,0.5500520467758179,TN,FP
1212,0,0,1,0.5893131494522095,0.543010950088501,TN,FP
1213,0,0,1,0.6018127202987671,0.5464203357696533,TN,FP
1215,0,0,1,0.606725811958313,0.5288455486297607,TN,FP
1216,0,0,1,0.6111606955528259,0.5244554281234741,TN,FP
1217,0,0,1,0.5705809593200684,0.5328420996665955,TN,FP
1218,0,0,1,0.5374292731285095,0.5184095501899719,TN,FP
1220,0,0,1,0.5915924310684204,0.5392300486564636,TN,FP
1221,0,0,1,0.5266034603118896,0.5118667483329773,TN,FP
1222,0,0,1,0.6002088189125061,0.5239803791046143,TN,FP
1223,0,0,1,0.5720566511154175,0.5137341618537903,TN,FP
1225,0,0,1,0.5714520215988159,0.514650821685791,TN,FP
1226,0,0,1,0.5487300157546997,0.50579434633255,TN,FP
1227,0,0,1,0.5528308749198914,0.5147131681442261,TN,FP
1228,0,0,1,0.5442289113998413,0.5223687887191772,TN,FP
1229,0,0,1,0.56104576587677,0.5324170589447021,TN,FP
1230,0,0,1,0.5658707022666931,0.5165935158729553,TN,FP
1231,0,0,1,0.5689256191253662,0.536420464515686,TN,FP
1232,0,0,1,0.5603786110877991,0.5412597060203552,TN,FP
1233,0,0,1,0.5708191394805908,0.5491693019866943,TN,FP
1234,0,0,1,0.5808785557746887,0.6013689637184143,TN,FP
1235,0,0,1,0.5947566032409668,0.5583356618881226,TN,FP
1236,0,0,1,0.5794821977615356,0.5580042004585266,TN,FP
1237,0,0,1,0.5776925086975098,0.5629369616508484,TN,FP
1238,0,0,1,0.6100414991378784,0.5550698637962341,TN,FP
1239,0,0,1,0.5823479294776917,0.6358204483985901,TN,FP
1240,0,0,1,0.5781799554824829,0.6193581819534302,TN,FP
1241,0,0,1,0.5911203622817993,0.5809454917907715,TN,FP
1242,0,0,1,0.5792704224586487,0.5988271236419678,TN,FP
1243,0,0,1,0.5943538546562195,0.6239492893218994,TN,FP
1244,0,0,1,0.5760682821273804,0.5933647155761719,TN,FP
1245,0,0,1,0.5848237872123718,0.6211922764778137,TN,FP
1246,0,0,1,0.6020615100860596,0.6364012956619263,TN,FP
1256,0,0,1,0.5714759826660156,0.9366040229797363,TN,FP
1257,0,0,1,0.584699809551239,0.9188861846923828,TN,FP
1258,0,0,1,0.5853829383850098,0.9608802795410156,TN,FP
1259,0,0,1,0.5834464430809021,0.9054521322250366,TN,FP
1260,0,0,1,0.5894901752471924,0.9156118631362915,TN,FP
1261,0,0,1,0.5848098397254944,0.894001305103302,TN,FP
1262,0,0,1,0.5825396180152893,0.9477384090423584,TN,FP
1263,0,0,1,0.5597156286239624,0.8904843330383301,TN,FP
1264,0,0,1,0.5391965508460999,0.8954631090164185,TN,FP
1265,0,0,1,0.5502225756645203,0.8684539198875427,TN,FP
1266,0,0,1,0.5476893782615662,0.8803645372390747,TN,FP
1267,0,0,1,0.5533990263938904,0.9328100085258484,TN,FP
1268,0,0,1,0.546040952205658,0.8319252729415894,TN,FP
1269,0,0,1,0.5727421045303345,0.826592206954956,TN,FP
1270,0,0,1,0.5473934412002563,0.8442749977111816,TN,FP
1271,0,0,1,0.5441208481788635,0.8245857357978821,TN,FP
1272,0,0,1,0.5392967462539673,0.8516445755958557,TN,FP
1273,0,0,1,0.5580653548240662,0.8273666501045227,TN,FP
1274,0,0,1,0.5861173868179321,0.8380210995674133,TN,FP
1275,0,0,1,0.5361148118972778,0.8118411898612976,TN,FP
1276,0,0,1,0.553215742111206,0.8130348324775696,TN,FP
1277,0,0,1,0.5705757141113281,0.8335134983062744,TN,FP
1278,0,0,1,0.5699477195739746,0.803886890411377,TN,FP
1279,0,0,1,0.541097104549408,0.819283127784729,TN,FP
1280,0,0,1,0.5611393451690674,0.84322190284729,TN,FP
1281,0,0,1,0.5874448418617249,0.8109416365623474,TN,FP
1282,0,0,1,0.557283341884613,0.7982285022735596,TN,FP
1283,0,0,1,0.5573256015777588,0.7900877594947815,TN,FP
1284,0,0,1,0.5660592317581177,0.7976801991462708,TN,FP
1285,0,0,1,0.5818470120429993,0.7886378765106201,TN,FP
1286,0,0,1,0.551570475101471,0.7559715509414673,TN,FP
1287,0,0,1,0.5617393255233765,0.7750307321548462,TN,FP
1288,0,0,1,0.5400665998458862,0.8324440121650696,TN,FP
1289,0,0,1,0.5482922196388245,0.795081377029419,TN,FP
1290,0,0,1,0.6125357747077942,0.7892518639564514,TN,FP
1291,0,0,1,0.5998321771621704,0.786090612411499,TN,FP
1292,0,0,1,0.605827808380127,0.7767025232315063,TN,FP
1293,0,0,1,0.5991954207420349,0.789267361164093,TN,FP
1294,0,0,1,0.5690901875495911,0.8351911902427673,TN,FP
1295,0,0,1,0.5764381289482117,0.7743105888366699,TN,FP
1296,0,0,1,0.6077895164489746,0.7585628628730774,TN,FP
1297,0,0,1,0.5903775691986084,0.7686619758605957,TN,FP
1298,0,0,1,0.5802679061889648,0.7562446594238281,TN,FP
1299,0,0,1,0.587320864200592,0.7325788140296936,TN,FP
1300,0,0,1,0.6129122376441956,0.7305353283882141,TN,FP
1301,0,0,1,0.6023988127708435,0.7303115129470825,TN,FP
1302,0,0,1,0.5918691158294678,0.7206389904022217,TN,FP
1303,0,0,1,0.5770459771156311,0.7219170331954956,TN,FP
1304,0,0,1,0.565345048904419,0.6923481822013855,TN,FP
1305,0,0,1,0.5731215476989746,0.7023231983184814,TN,FP
1306,0,0,1,0.5713586807250977,0.6822471022605896,TN,FP
1307,0,0,1,0.5834107995033264,0.6918478608131409,TN,FP
1308,0,0,1,0.6099438667297363,0.696265459060669,TN,FP
1309,0,0,1,0.597963273525238,0.6951178908348083,TN,FP
1310,0,0,1,0.5987790822982788,0.6973345875740051,TN,FP
1311,0,0,1,0.5992708802223206,0.6893435120582581,TN,FP
1312,0,0,1,0.6111871600151062,0.6888850331306458,TN,FP
1313,0,0,1,0.6057407259941101,0.6856727600097656,TN,FP
1325,0,0,1,0.6005164980888367,0.6385971307754517,TN,FP
1328,0,0,1,0.6093528270721436,0.6261520385742188,TN,FP
1329,0,0,1,0.6089841723442078,0.6193408966064453,TN,FP
1331,0,0,1,0.5877536535263062,0.5963448286056519,TN,FP
1332,0,0,1,0.6003642082214355,0.5876805782318115,TN,FP
1333,0,0,1,0.5752437710762024,0.5824865102767944,TN,FP
1334,0,0,1,0.6078821420669556,0.5834659934043884,TN,FP
1335,0,0,1,0.6110197305679321,0.6027470231056213,TN,FP
1336,0,0,1,0.5985431671142578,0.5880004167556763,TN,FP
1337,0,0,1,0.5941917300224304,0.5790340900421143,TN,FP
1338,0,0,1,0.6113051772117615,0.5730183720588684,TN,FP
1339,0,0,1,0.6034213304519653,0.5858582854270935,TN,FP
1340,0,0,1,0.5786557793617249,0.5619816780090332,TN,FP
1342,0,0,1,0.5815227031707764,0.542036771774292,TN,FP
1343,0,0,1,0.5858542919158936,0.5392530560493469,TN,FP
1345,0,0,1,0.6089335083961487,0.547258198261261,TN,FP
1348,0,0,1,0.5819492340087891,0.5425453186035156,TN,FP
1352,0,0,1,0.597844660282135,0.5339499115943909,TN,FP
1353,0,0,1,0.5706756711006165,0.5508859753608704,TN,FP
1355,0,0,1,0.5817995071411133,0.5472432374954224,TN,FP
1356,0,0,1,0.5862770676612854,0.5449337363243103,TN,FP
1357,0,0,1,0.5677684545516968,0.55140221118927,TN,FP
1359,0,0,1,0.5893552899360657,0.5502855181694031,TN,FP
1360,0,0,1,0.5969327092170715,0.57591712474823,TN,FP
1361,0,0,1,0.5964992046356201,0.5485258102416992,TN,FP
1364,0,0,1,0.5750724673271179,0.5796937942504883,TN,FP
1365,0,0,1,0.5938332080841064,0.5696502923965454,TN,FP
1366,0,0,1,0.6005501747131348,0.590178906917572,TN,FP
1368,0,0,1,0.5807784795761108,0.5463566184043884,TN,FP
1369,0,0,1,0.5814753770828247,0.5302781462669373,TN,FP
1370,0,0,1,0.5706210732460022,0.5534418225288391,TN,FP
1371,0,0,1,0.5907891988754272,0.6016110777854919,TN,FP
1372,0,0,1,0.5904982089996338,0.5697652697563171,TN,FP
1373,0,0,1,0.5999151468276978,0.5589357614517212,TN,FP
1374,0,0,1,0.5726938843727112,0.5427987575531006,TN,FP
1375,0,0,1,0.5866194367408752,0.5607916712760925,TN,FP
1376,0,0,1,0.5751402378082275,0.5601351261138916,TN,FP
1377,0,0,1,0.5751233100891113,0.5438440442085266,TN,FP
1378,0,0,1,0.5743672847747803,0.5856581330299377,TN,FP
1379,0,0,1,0.566078245639801,0.5877710580825806,TN,FP
1380,0,0,1,0.5850180983543396,0.5811923146247864,TN,FP
1381,0,0,1,0.5675387382507324,0.6031216382980347,TN,FP
1382,0,0,1,0.5735212564468384,0.5813952088356018,TN,FP
1383,0,0,1,0.5800856351852417,0.6621752977371216,TN,FP
1384,0,0,1,0.5836641788482666,0.5942993760108948,TN,FP
1385,0,0,1,0.5507616400718689,0.5932372212409973,TN,FP
1386,0,0,1,0.5903811454772949,0.6544389128684998,TN,FP
1387,0,0,1,0.5758325457572937,0.5947890877723694,TN,FP
1388,0,0,1,0.5711890459060669,0.5765969157218933,TN,FP
1389,0,0,1,0.5414948463439941,0.6023903489112854,TN,FP
1390,0,0,1,0.5805255174636841,0.6012722849845886,TN,FP
1391,0,0,1,0.5553907155990601,0.5377355813980103,TN,FP
1392,0,0,1,0.5648950934410095,0.546668529510498,TN,FP
1393,0,0,1,0.5507926344871521,0.605613112449646,TN,FP
1394,0,0,1,0.5792837738990784,0.625750720500946,TN,FP
1395,0,0,1,0.5598920583724976,0.5772213935852051,TN,FP
1396,0,0,1,0.5605857968330383,0.6476549506187439,TN,FP
1397,0,0,1,0.5467143058776855,0.6299105286598206,TN,FP
1398,0,0,1,0.5685023665428162,0.6263346672058105,TN,FP
1399,0,0,1,0.5389042496681213,0.6196495294570923,TN,FP
1400,0,0,1,0.5339025259017944,0.5977330207824707,TN,FP
1401,0,0,1,0.5765763521194458,0.6022538542747498,TN,FP
1402,0,0,1,0.5678613185882568,0.6199328899383545,TN,FP
1403,0,0,1,0.5747414827346802,0.6288721561431885,TN,FP
1404,0,0,1,0.5973809361457825,0.6246865391731262,TN,FP
1405,0,0,1,0.560380220413208,0.6349996328353882,TN,FP
1406,0,0,1,0.5968191623687744,0.5984373092651367,TN,FP
1407,0,0,1,0.5621710419654846,0.6020814776420593,TN,FP
1408,0,0,1,0.5877411365509033,0.6284956336021423,TN,FP
1409,0,0,1,0.5560975670814514,0.6130836009979248,TN,FP
1410,0,0,1,0.582568347454071,0.6159791350364685,TN,FP
1411,0,0,1,0.6074749827384949,0.6168009042739868,TN,FP
1412,0,0,1,0.5832439064979553,0.6122618317604065,TN,FP
1413,0,0,1,0.5425822734832764,0.6129586100578308,TN,FP
1414,0,0,1,0.5833435654640198,0.6023150086402893,TN,FP
1415,0,0,1,0.5479835867881775,0.6039748787879944,TN,FP
1416,0,0,1,0.5408674478530884,0.5992143154144287,TN,FP
1417,0,0,1,0.5859863758087158,0.6073749661445618,TN,FP
1418,0,0,1,0.568226158618927,0.6033311486244202,TN,FP
1419,0,0,1,0.5873327851295471,0.5992909073829651,TN,FP
1420,0,0,1,0.5681564807891846,0.5989182591438293,TN,FP
1421,0,0,1,0.5510916113853455,0.5994006991386414,TN,FP
1422,0,0,1,0.5428025126457214,0.587592601776123,TN,FP
1423,0,0,1,0.5630456209182739,0.5967370867729187,TN,FP
1424,0,0,1,0.5511491298675537,0.5944108366966248,TN,FP
1425,0,0,1,0.5276229977607727,0.5947906970977783,TN,FP
1426,0,0,1,0.5407947301864624,0.6047438979148865,TN,FP
1427,0,0,1,0.5509043335914612,0.596268892288208,TN,FP
1428,0,0,1,0.5495373010635376,0.5823633670806885,TN,FP
1429,0,0,1,0.5286494493484497,0.5716984868049622,TN,FP
1430,0,0,1,0.5411685705184937,0.5782592296600342,TN,FP
1431,0,0,1,0.5260928869247437,0.5760772228240967,TN,FP
1432,0,0,1,0.5250398516654968,0.5673766136169434,TN,FP
1433,0,0,1,0.5309036374092102,0.5805583596229553,TN,FP
1434,0,0,1,0.544131875038147,0.5821977853775024,TN,FP
1435,0,0,1,0.5249838829040527,0.5668966770172119,TN,FP
1436,0,0,1,0.5344800353050232,0.585345983505249,TN,FP
1437,0,0,1,0.5370399951934814,0.5720211267471313,TN,FP
1438,0,0,1,0.536781370639801,0.5613018274307251,TN,FP
1439,0,0,1,0.5415189862251282,0.5874825119972229,TN,FP
1440,0,0,1,0.5348970890045166,0.597935140132904,TN,FP
1441,0,0,1,0.5311472415924072,0.5662108063697815,TN,FP
1442,0,0,1,0.5318789482116699,0.5771687030792236,TN,FP
1443,0,0,1,0.5332116484642029,0.575758695602417,TN,FP
1444,0,0,1,0.5327356457710266,0.5783563852310181,TN,FP
1445,0,0,1,0.5195624232292175,0.5417565703392029,TN,FP
1446,0,0,1,0.5167267322540283,0.5463011264801025,TN,FP
1447,0,0,1,0.5242825746536255,0.5643919706344604,TN,FP
1448,0,0,1,0.532437801361084,0.5483595132827759,TN,FP
1449,0,0,1,0.5384501218795776,0.5620438456535339,TN,FP
1450,0,0,1,0.5317683815956116,0.5624696612358093,TN,FP
1451,0,0,1,0.5386321544647217,0.5381966233253479,TN,FP
1452,0,0,1,0.5433483123779297,0.5728853344917297,TN,FP
1453,0,0,1,0.5388160347938538,0.573920726776123,TN,FP
1454,0,0,1,0.5374606847763062,0.5767567157745361,TN,FP
1455,0,0,1,0.5343503355979919,0.5429970026016235,TN,FP
1456,0,0,1,0.5310556888580322,0.5510448813438416,TN,FP
1457,0,0,1,0.5299442410469055,0.5686467289924622,TN,FP
1458,0,0,1,0.524012565612793,0.6161152124404907,TN,FP
1459,0,0,1,0.5411832928657532,0.6049982309341431,TN,FP
1460,0,0,1,0.5645897388458252,0.5945836901664734,TN,FP
1476,0,0,1,0.5566473603248596,0.8839394450187683,TN,FP
1477,0,0,1,0.578260600566864,0.8756041526794434,TN,FP
1478,0,0,1,0.5560353994369507,0.8992245197296143,TN,FP
1479,0,0,1,0.5461349487304688,0.8819395303726196,TN,FP
1480,0,0,1,0.5350269675254822,0.8886926174163818,TN,FP
1481,0,0,1,0.555279016494751,0.8625243306159973,TN,FP
1482,0,0,1,0.569907546043396,0.857069730758667,TN,FP
1483,0,0,1,0.528188169002533,0.8464235067367554,TN,FP
1484,0,0,1,0.5151392221450806,0.8508204817771912,TN,FP
1485,0,0,1,0.5309405326843262,0.8476078510284424,TN,FP
1486,0,0,1,0.5530006885528564,0.8531711101531982,TN,FP
1487,0,0,1,0.5926016569137573,0.8714125752449036,TN,FP
1488,0,0,1,0.5453810691833496,0.9043981432914734,TN,FP
1489,0,0,1,0.5718134641647339,0.8791594505310059,TN,FP
1490,0,0,1,0.5687882900238037,0.8902605175971985,TN,FP
1491,0,0,1,0.5506616830825806,0.8805618286132812,TN,FP
1492,0,0,1,0.5677805542945862,0.853867769241333,TN,FP
1493,0,0,1,0.5541942715644836,0.8440486788749695,TN,FP
1494,0,0,1,0.5610811114311218,0.9354583024978638,TN,FP
1495,0,0,1,0.5451418161392212,0.8517991900444031,TN,FP
1496,0,0,1,0.5464235544204712,0.8337087035179138,TN,FP
1497,0,0,1,0.5610517263412476,0.842387318611145,TN,FP
1498,0,0,1,0.545519232749939,0.8666795492172241,TN,FP
1499,0,0,1,0.5647888779640198,0.8985193371772766,TN,FP
1500,0,0,1,0.5642440319061279,0.866273820400238,TN,FP
1501,0,0,1,0.5548527240753174,0.8712283968925476,TN,FP
1502,0,0,1,0.5713697075843811,0.8423646688461304,TN,FP
1503,0,0,1,0.5720500349998474,0.8433811664581299,TN,FP
1504,0,0,1,0.5700774192810059,0.8450355529785156,TN,FP
1505,0,0,1,0.5666084885597229,0.8595184087753296,TN,FP
1506,0,0,1,0.5797529220581055,0.8411543965339661,TN,FP
1507,0,0,1,0.5828343033790588,0.8605296611785889,TN,FP
1508,0,0,1,0.5762295722961426,0.8470022678375244,TN,FP
1509,0,0,1,0.5652477145195007,0.8964628577232361,TN,FP
1510,0,0,1,0.585161030292511,0.8492120504379272,TN,FP
1511,0,0,1,0.5764045715332031,0.8426086902618408,TN,FP
1513,0,0,1,0.5832759141921997,0.8617153167724609,TN,FP
1514,0,0,1,0.6023235321044922,0.8492693305015564,TN,FP
1516,0,0,1,0.5948241949081421,0.8517827391624451,TN,FP
1517,0,0,1,0.5823445320129395,0.8273877501487732,TN,FP
1518,0,0,1,0.5532025098800659,0.8328527808189392,TN,FP
1519,0,0,1,0.5669667720794678,0.824626088142395,TN,FP
1520,0,0,1,0.5679445862770081,0.8062970638275146,TN,FP
1521,0,0,1,0.5576637983322144,0.855225682258606,TN,FP
1522,0,0,1,0.5615537762641907,0.7992017865180969,TN,FP
1523,0,0,1,0.5783728957176208,0.8065711259841919,TN,FP
1524,0,0,1,0.5520602464675903,0.7929283380508423,TN,FP
1525,0,0,1,0.5540605783462524,0.8078849911689758,TN,FP
1526,0,0,1,0.5652820467948914,0.787768542766571,TN,FP
1527,0,0,1,0.5466108322143555,0.7742992639541626,TN,FP
1528,0,0,1,0.5603843331336975,0.7746519446372986,TN,FP
1529,0,0,1,0.5520865321159363,0.7625067830085754,TN,FP
1530,0,0,1,0.5513457655906677,0.7575189471244812,TN,FP
1531,0,0,1,0.5827765464782715,0.7870510220527649,TN,FP
1532,0,0,1,0.5551719665527344,0.7883197069168091,TN,FP
1533,0,0,1,0.5607740879058838,0.7697587013244629,TN,FP
1534,0,0,1,0.5688169598579407,0.7716862559318542,TN,FP
1535,0,0,1,0.5583856701850891,0.7586982846260071,TN,FP
1536,0,0,1,0.5623020529747009,0.762403666973114,TN,FP
1537,0,0,1,0.5399264693260193,0.7190630435943604,TN,FP
1538,0,0,1,0.5576773881912231,0.7194957137107849,TN,FP
1539,0,0,1,0.5348770618438721,0.7218736410140991,TN,FP
1540,0,0,1,0.5374831557273865,0.7149244546890259,TN,FP
1541,0,0,1,0.5280244946479797,0.7191742658615112,TN,FP
1542,0,0,1,0.5535622239112854,0.6941184401512146,TN,FP
1543,0,0,1,0.5429214835166931,0.6888800263404846,TN,FP
1544,0,0,1,0.5412700176239014,0.7394412755966187,TN,FP
1545,0,0,1,0.5282987356185913,0.6879262328147888,TN,FP
1546,0,0,1,0.5382635593414307,0.6832507848739624,TN,FP
1547,0,0,1,0.5357097387313843,0.6790845394134521,TN,FP
1548,0,0,1,0.5946362018585205,0.6668404936790466,TN,FP
1549,0,0,1,0.5223780274391174,0.6493565440177917,TN,FP
1550,0,0,1,0.531161904335022,0.640462338924408,TN,FP
1551,0,0,1,0.5818957686424255,0.6480739116668701,TN,FP
1552,0,0,1,0.556073784828186,0.6391748785972595,TN,FP
1553,0,0,1,0.5927355289459229,0.6319481730461121,TN,FP
1554,0,0,1,0.5522258877754211,0.6596417427062988,TN,FP
1555,0,0,1,0.5669886469841003,0.6298565864562988,TN,FP
1556,0,0,1,0.5676763653755188,0.6225348114967346,TN,FP
1557,0,0,1,0.5926269292831421,0.6165988445281982,TN,FP
1558,0,0,1,0.5648259520530701,0.6173471212387085,TN,FP
1559,0,0,1,0.5760725140571594,0.6156511902809143,TN,FP
1560,0,0,1,0.579448401927948,0.6277061700820923,TN,FP
1561,0,0,1,0.5691602826118469,0.6245502233505249,TN,FP
1562,0,0,1,0.5830696225166321,0.598320484161377,TN,FP
1563,0,0,1,0.5988793969154358,0.6069573760032654,TN,FP
1564,0,0,1,0.5693546533584595,0.6083625555038452,TN,FP
1565,0,0,1,0.5944496989250183,0.6093223094940186,TN,FP
1566,0,0,1,0.5962667465209961,0.6122356057167053,TN,FP
1567,0,0,1,0.6032045483589172,0.6449615359306335,TN,FP
1568,0,0,1,0.5907055735588074,0.6201049089431763,TN,FP
1569,0,0,1,0.5973179340362549,0.6200356483459473,TN,FP
1570,0,0,1,0.6119590401649475,0.62552809715271,TN,FP
1571,0,0,1,0.594048023223877,0.6248050332069397,TN,FP
1572,0,0,1,0.5957286357879639,0.6200821399688721,TN,FP
1573,0,0,1,0.6074907183647156,0.6198925375938416,TN,FP
1604,0,0,1,0.6032153367996216,1.0582982301712036,TN,FP
1606,0,0,1,0.6044132113456726,1.0813193321228027,TN,FP
1607,0,0,1,0.5792630910873413,1.1100999116897583,TN,FP
1608,0,0,1,0.5990206003189087,1.101924180984497,TN,FP
1609,0,0,1,0.6083123087882996,1.053031325340271,TN,FP
1611,0,0,1,0.6126024127006531,1.0742465257644653,TN,FP
1612,0,0,1,0.5968595147132874,1.0376579761505127,TN,FP
1613,0,0,1,0.5991254448890686,1.0132250785827637,TN,FP
1614,0,0,1,0.5729288458824158,0.9894182682037354,TN,FP
1615,0,0,1,0.6088950634002686,1.0109024047851562,TN,FP
1616,0,0,1,0.5872811079025269,1.047714114189148,TN,FP
1617,0,0,1,0.5669470429420471,0.9865186810493469,TN,FP
1618,0,0,1,0.580536425113678,0.9892629981040955,TN,FP
1619,0,0,1,0.5946652293205261,1.040015697479248,TN,FP
1620,0,0,1,0.5815954208374023,0.9586858153343201,TN,FP
1621,0,0,1,0.5752025842666626,1.0063177347183228,TN,FP
1623,0,0,1,0.5722564458847046,0.9726943969726562,TN,FP
1624,0,0,1,0.5593770742416382,0.9119001626968384,TN,FP
1625,0,0,1,0.5678403973579407,0.9430751204490662,TN,FP
1626,0,0,1,0.5505565404891968,0.9647802114486694,TN,FP
1627,0,0,1,0.5667588710784912,0.9109545350074768,TN,FP
1628,0,0,1,0.5588595867156982,0.891103208065033,TN,FP
1629,0,0,1,0.5497680902481079,0.8845939636230469,TN,FP
1630,0,0,1,0.5865557193756104,0.9091122150421143,TN,FP
1631,0,0,1,0.5290370583534241,0.9123930335044861,TN,FP
1632,0,0,1,0.5393995046615601,0.8636575937271118,TN,FP
1633,0,0,1,0.5360319018363953,0.8633277416229248,TN,FP
1634,0,0,1,0.5530678629875183,0.8666418194770813,TN,FP
1635,0,0,1,0.5489447116851807,0.8984225392341614,TN,FP
1636,0,0,1,0.5467894077301025,0.8616058230400085,TN,FP
1637,0,0,1,0.5762895941734314,0.8634738326072693,TN,FP
1638,0,0,1,0.5621562004089355,0.854000449180603,TN,FP
1639,0,0,1,0.5677746534347534,0.8380031585693359,TN,FP
1640,0,0,1,0.5550019145011902,0.8657184839248657,TN,FP
1641,0,0,1,0.5405093431472778,0.8296497464179993,TN,FP
1642,0,0,1,0.5599140524864197,0.8377537727355957,TN,FP
1643,0,0,1,0.5367300510406494,0.8231886029243469,TN,FP
1644,0,0,1,0.5445466041564941,0.8479018211364746,TN,FP
1645,0,0,1,0.5457024574279785,0.8165179491043091,TN,FP
1646,0,0,1,0.5482330918312073,0.8175179362297058,TN,FP
1647,0,0,1,0.5327948331832886,0.8331350684165955,TN,FP
1648,0,0,1,0.5532231330871582,0.8188713788986206,TN,FP
1649,0,0,1,0.568189263343811,0.8062869310379028,TN,FP
1650,0,0,1,0.5239073038101196,0.7974572777748108,TN,FP
1651,0,0,1,0.5245561003684998,0.7928848266601562,TN,FP
1652,0,0,1,0.5600554943084717,0.7844027876853943,TN,FP
1653,0,0,1,0.5500964522361755,0.7961238026618958,TN,FP
1654,0,0,1,0.5712144374847412,0.7881009578704834,TN,FP
1655,0,0,1,0.5273295640945435,0.7952957153320312,TN,FP
1656,0,0,1,0.5453483462333679,1.0669900178909302,TN,FP
1657,0,0,1,0.5536967515945435,1.091220498085022,TN,FP
1658,0,0,1,0.5444216728210449,1.0556389093399048,TN,FP
1659,0,0,1,0.5550494194030762,1.053554892539978,TN,FP
1660,0,0,1,0.5698778033256531,1.0528006553649902,TN,FP
1661,0,0,1,0.5425079464912415,1.0450977087020874,TN,FP
1662,0,0,1,0.54926598072052,1.0222699642181396,TN,FP
1663,0,0,1,0.5284984111785889,1.0383379459381104,TN,FP
1664,0,0,1,0.5336123704910278,1.0278372764587402,TN,FP
1665,0,0,1,0.5643002986907959,1.033402919769287,TN,FP
1666,0,0,1,0.5574383735656738,1.0299125909805298,TN,FP
1667,0,0,1,0.5566455721855164,1.0330418348312378,TN,FP
1668,0,0,1,0.5336580872535706,1.03485906124115,TN,FP
1669,0,0,1,0.5375009775161743,1.0149604082107544,TN,FP
1670,0,0,1,0.5668131709098816,1.0354273319244385,TN,FP
1671,0,0,1,0.5516883134841919,1.0077905654907227,TN,FP
1672,0,0,1,0.5663495659828186,1.043877363204956,TN,FP
1673,0,0,1,0.5491133332252502,1.0176700353622437,TN,FP
1674,0,0,1,0.574065625667572,1.0165886878967285,TN,FP
1675,0,0,1,0.5809407830238342,1.0445332527160645,TN,FP
1676,0,0,1,0.5673914551734924,1.0638360977172852,TN,FP
1677,0,0,1,0.5670537948608398,1.009009599685669,TN,FP
1678,0,0,1,0.5496923923492432,1.018832802772522,TN,FP
1679,0,0,1,0.575371265411377,1.0010771751403809,TN,FP
1680,0,0,1,0.5578171014785767,0.9895785450935364,TN,FP
1681,0,0,1,0.5305251479148865,0.9886926412582397,TN,FP
1682,0,0,1,0.5738065838813782,0.9996289610862732,TN,FP
1683,0,0,1,0.5417903661727905,1.0015099048614502,TN,FP
1684,0,0,1,0.5645520091056824,0.9853836297988892,TN,FP
1685,0,0,1,0.5879156589508057,0.9892758131027222,TN,FP
1686,0,0,1,0.5578077435493469,0.9835128784179688,TN,FP
1687,0,0,1,0.553825855255127,0.962297260761261,TN,FP
1688,0,0,1,0.5358685851097107,0.951056718826294,TN,FP
1689,0,0,1,0.5679373741149902,0.969078004360199,TN,FP
1690,0,0,1,0.5636522173881531,1.0223057270050049,TN,FP
1691,0,0,1,0.5681056380271912,0.9623371362686157,TN,FP
1692,0,0,1,0.5618637800216675,0.9720060229301453,TN,FP
1693,0,0,1,0.5421558618545532,0.9596314430236816,TN,FP
1694,0,0,1,0.5529218912124634,0.9589977860450745,TN,FP
1695,0,0,1,0.5442221164703369,0.9348351359367371,TN,FP
1696,0,0,1,0.5365492105484009,0.9346054792404175,TN,FP
1697,0,0,1,0.54069584608078,0.9186903238296509,TN,FP
1698,0,0,1,0.540730357170105,0.9246329665184021,TN,FP
1699,0,0,1,0.525688111782074,0.9104758501052856,TN,FP
1700,0,0,1,0.5390158295631409,0.9073779582977295,TN,FP
1701,0,0,1,0.5409350395202637,0.9039790630340576,TN,FP
1702,0,0,1,0.5475372672080994,0.9130393862724304,TN,FP
1703,0,0,1,0.5486164689064026,0.9054789543151855,TN,FP
1704,0,0,1,0.5327153205871582,0.8914943933486938,TN,FP
1705,0,0,1,0.5437966585159302,0.8917487263679504,TN,FP
1706,0,0,1,0.5357204675674438,0.8737175464630127,TN,FP
1707,0,0,1,0.5209068059921265,0.8598409295082092,TN,FP
1708,0,0,1,0.5312221646308899,0.872031569480896,TN,FP
1709,0,0,1,0.5407123565673828,0.8751579523086548,TN,FP
1710,0,0,1,0.5271316170692444,0.8801416158676147,TN,FP
1711,0,0,1,0.5247433185577393,0.8581150770187378,TN,FP
1712,0,0,1,0.5533843040466309,0.8510589003562927,TN,FP
1713,0,0,1,0.5450809597969055,0.8522132635116577,TN,FP
1714,0,0,1,0.532315194606781,0.8313154578208923,TN,FP
1715,0,0,1,0.5304942727088928,0.8385805487632751,TN,FP
1716,0,0,1,0.5494807958602905,0.8385651111602783,TN,FP
1717,0,0,1,0.562099277973175,0.8488564491271973,TN,FP
1718,0,0,1,0.5725657343864441,0.8338499665260315,TN,FP
1719,0,0,1,0.5739796161651611,0.8375990986824036,TN,FP
1720,0,0,1,0.5685948729515076,0.8215680122375488,TN,FP
1721,0,0,1,0.5707861185073853,0.8148477077484131,TN,FP
1722,0,0,1,0.5591920614242554,0.8064274787902832,TN,FP
1723,0,0,1,0.5651267766952515,0.7955676317214966,TN,FP
1724,0,0,1,0.579626739025116,0.7937448620796204,TN,FP
1725,0,0,1,0.5485171675682068,0.7926526665687561,TN,FP
1726,0,0,1,0.5667788982391357,0.779013454914093,TN,FP
1727,0,0,1,0.5749511122703552,0.7766271829605103,TN,FP
1728,0,0,1,0.5717581510543823,0.7783660888671875,TN,FP
1729,0,0,1,0.5572657585144043,0.7703498601913452,TN,FP
1730,0,0,1,0.5860700607299805,0.7647011280059814,TN,FP
1731,0,0,1,0.5626896023750305,0.7616010904312134,TN,FP
1732,0,0,1,0.5645098090171814,0.7463890314102173,TN,FP
1733,0,0,1,0.5775467753410339,0.7574039697647095,TN,FP
1734,0,0,1,0.576779305934906,0.7543379068374634,TN,FP
1735,0,0,1,0.5744454860687256,0.7503417134284973,TN,FP
1736,0,0,1,0.596897304058075,0.7459138631820679,TN,FP
1737,0,0,1,0.5772756934165955,0.747475266456604,TN,FP
1738,0,0,1,0.5822244882583618,0.7495021820068359,TN,FP
1739,0,0,1,0.5740601420402527,0.7380626797676086,TN,FP
1740,0,0,1,0.5817342400550842,0.7199127078056335,TN,FP
1741,0,0,1,0.587862491607666,0.731181800365448,TN,FP
1742,0,0,1,0.5789772868156433,0.7305858731269836,TN,FP
1743,0,0,1,0.5867184996604919,0.7223456501960754,TN,FP
1744,0,0,1,0.5804411172866821,0.717012345790863,TN,FP
1745,0,0,1,0.5821797847747803,0.7172290086746216,TN,FP
1746,0,0,1,0.5871217846870422,0.7197447419166565,TN,FP
1747,0,0,1,0.5860920548439026,0.7215031385421753,TN,FP
1748,0,0,1,0.5850698947906494,0.7253862023353577,TN,FP
1749,0,0,1,0.5919643044471741,0.7443490624427795,TN,FP
1750,0,0,1,0.5763179063796997,0.7250123023986816,TN,FP
1751,0,0,1,0.5717682838439941,0.7071678638458252,TN,FP
1752,0,0,1,0.5758726596832275,0.7038336396217346,TN,FP
1753,0,0,1,0.569709837436676,0.7070655822753906,TN,FP
1754,0,0,1,0.5833132266998291,0.7113454341888428,TN,FP
1755,0,0,1,0.588182270526886,0.7231863141059875,TN,FP
1756,0,0,1,0.5932782888412476,0.7268573045730591,TN,FP
1757,0,0,1,0.5893264412879944,0.7543197870254517,TN,FP
1758,0,0,1,0.5883700847625732,0.7316874861717224,TN,FP
1759,0,0,1,0.5867505073547363,0.7380043864250183,TN,FP
1760,0,0,1,0.5882753729820251,0.7395691871643066,TN,FP
1761,0,0,1,0.5868160724639893,0.74908846616745,TN,FP
1762,0,0,1,0.5876300930976868,0.7579225897789001,TN,FP
1763,0,0,1,0.5863836407661438,0.7628195285797119,TN,FP
1764,0,0,1,0.596677303314209,0.7778252959251404,TN,FP
1765,0,0,1,0.5855449438095093,0.782050371170044,TN,FP
1766,0,0,1,0.5907642841339111,0.7903793454170227,TN,FP
1767,0,0,1,0.5877467393875122,0.8104726672172546,TN,FP
1768,0,0,1,0.6008037328720093,0.8320087194442749,TN,FP
1769,0,0,1,0.6122629642486572,0.8643597960472107,TN,FP
1793,0,0,1,0.5760664343833923,0.6327216029167175,TN,FP
1794,0,0,1,0.5625711679458618,0.6286316514015198,TN,FP
1795,0,0,1,0.5830667018890381,0.6307924389839172,TN,FP
1796,0,0,1,0.5752016305923462,0.6259422302246094,TN,FP
1797,0,0,1,0.5982047915458679,0.6317645907402039,TN,FP
1798,0,0,1,0.5968968272209167,0.6589537858963013,TN,FP
1799,0,0,1,0.592282235622406,0.6384093761444092,TN,FP
1800,0,0,1,0.5648711323738098,0.6358621120452881,TN,FP
1801,0,0,1,0.5796491503715515,0.6356396079063416,TN,FP
1802,0,0,1,0.5992417931556702,0.6212863326072693,TN,FP
1803,0,0,1,0.6047730445861816,0.6227933764457703,TN,FP
1804,0,0,1,0.5568096041679382,0.6163777709007263,TN,FP
1805,0,0,1,0.5989436507225037,0.6471447944641113,TN,FP
1806,0,0,1,0.5569032430648804,0.6237630844116211,TN,FP
1807,0,0,1,0.5604665875434875,0.6332613825798035,TN,FP
1808,0,0,1,0.5703811049461365,0.6075744032859802,TN,FP
1809,0,0,1,0.5583009719848633,0.6087881326675415,TN,FP
1810,0,0,1,0.5871080756187439,0.6070418953895569,TN,FP
1811,0,0,1,0.589561939239502,0.593732476234436,TN,FP
1812,0,0,1,0.5880798101425171,0.6004772186279297,TN,FP
1813,0,0,1,0.5515283346176147,0.5987592935562134,TN,FP
1814,0,0,1,0.5672721266746521,0.6258254051208496,TN,FP
1815,0,0,1,0.5937055945396423,0.6461309790611267,TN,FP
1816,0,0,1,0.5727660655975342,0.6543790698051453,TN,FP
1817,0,0,1,0.5888778567314148,0.61570143699646,TN,FP
1818,0,0,1,0.6043242812156677,0.6162058115005493,TN,FP
1819,0,0,1,0.5761466026306152,0.6189951300621033,TN,FP
1834,0,0,1,0.6039749979972839,1.0060093402862549,TN,FP
1835,0,0,1,0.5767253637313843,1.0110286474227905,TN,FP
1839,0,0,1,0.5868877172470093,1.0149624347686768,TN,FP
1841,0,0,1,0.5791187882423401,0.945228636264801,TN,FP
1842,0,0,1,0.6017253398895264,1.0105781555175781,TN,FP
1843,0,0,1,0.5635035634040833,0.9360561966896057,TN,FP
1844,0,0,1,0.555378258228302,0.9698323607444763,TN,FP
1845,0,0,1,0.5624468922615051,0.9056149125099182,TN,FP
1846,0,0,1,0.6018903255462646,0.9042866230010986,TN,FP
1847,0,0,1,0.5647205114364624,0.8798010945320129,TN,FP
1848,0,0,1,0.5559583902359009,0.8840903639793396,TN,FP
1849,0,0,1,0.5749553442001343,0.8935081362724304,TN,FP
1850,0,0,1,0.560164749622345,0.8681215047836304,TN,FP
1851,0,0,1,0.5429961681365967,0.8669079542160034,TN,FP
1852,0,0,1,0.5873726010322571,0.8519330024719238,TN,FP
1853,0,0,1,0.52390456199646,0.8327845931053162,TN,FP
1854,0,0,1,0.582021951675415,0.8340471386909485,TN,FP
1855,0,0,1,0.5466073155403137,0.8828592896461487,TN,FP
1856,0,0,1,0.5474143624305725,0.8539375066757202,TN,FP
1857,0,0,1,0.5402516722679138,0.8311589956283569,TN,FP
1858,0,0,1,0.5585968494415283,0.8194540143013,TN,FP
1859,0,0,1,0.5606518387794495,0.8246162533760071,TN,FP
1860,0,0,1,0.5592917799949646,0.8110063672065735,TN,FP
1861,0,0,1,0.5420995354652405,0.8048773407936096,TN,FP
1862,0,0,1,0.5446814894676208,0.8159627318382263,TN,FP
1863,0,0,1,0.5270739197731018,0.8004682660102844,TN,FP
1864,0,0,1,0.5327655673027039,0.7619285583496094,TN,FP
1865,0,0,1,0.505715012550354,0.7488391399383545,TN,FP
1866,0,0,1,0.5013687610626221,0.7491673827171326,TN,FP
1867,0,0,1,0.5249838829040527,0.7412430047988892,TN,FP
1868,0,0,1,0.5013818144798279,0.762338399887085,TN,FP
1869,0,0,1,0.5234631299972534,0.7276527285575867,TN,FP
1870,0,0,1,0.519705593585968,0.7237064242362976,TN,FP
1871,0,0,1,0.5316520929336548,0.7753769159317017,TN,FP
1872,0,0,1,0.5341886878013611,0.7312700152397156,TN,FP
1873,0,0,1,0.5223677158355713,0.7306758761405945,TN,FP
1874,0,0,1,0.5178353190422058,0.7172105312347412,TN,FP
1875,0,0,1,0.4939529299736023,0.7054725885391235,TN,FP
1876,0,0,1,0.5186756253242493,0.6988926529884338,TN,FP
1877,0,0,1,0.5178138613700867,0.6940019726753235,TN,FP
1878,0,0,1,0.4921688437461853,0.6898689270019531,TN,FP
1879,0,0,1,0.5049732327461243,0.6765382885932922,TN,FP
1880,0,0,1,0.5298448204994202,0.6820529699325562,TN,FP
1881,0,0,1,0.4992673099040985,0.6875270009040833,TN,FP
1882,0,0,1,0.5077474117279053,0.6727943420410156,TN,FP
1883,0,0,1,0.47484245896339417,0.661552906036377,TN,FP
1884,0,0,1,0.5172663331031799,0.6594668626785278,TN,FP
1885,0,0,1,0.5033445954322815,0.660673201084137,TN,FP
1886,0,0,1,0.4859277307987213,0.6505314707756042,TN,FP
1887,0,0,1,0.4756397008895874,0.6489444971084595,TN,FP
1888,0,0,1,0.4929894208908081,0.640764594078064,TN,FP
1889,0,0,1,0.49770447611808777,0.6328228116035461,TN,FP
1890,0,0,1,0.48774635791778564,0.6451934576034546,TN,FP
1891,0,0,1,0.4878063201904297,0.633948564529419,TN,FP
1892,0,0,1,0.49470600485801697,0.6194833517074585,TN,FP
1893,0,0,1,0.4741119146347046,0.6367873549461365,TN,FP
1894,0,0,1,0.48872849345207214,0.6084088683128357,TN,FP
1895,0,0,1,0.4763423204421997,0.5995581150054932,TN,FP
1896,0,0,1,0.4744758605957031,0.6143311858177185,TN,FP
1897,0,0,1,0.4975026845932007,0.6021311283111572,TN,FP
1898,0,0,1,0.4846460223197937,0.6016790866851807,TN,FP
1899,0,0,1,0.48219868540763855,0.5948368906974792,TN,FP
1900,0,0,1,0.4961095452308655,0.5921459197998047,TN,FP
1901,0,0,1,0.4890219569206238,0.5892780423164368,TN,FP
1902,0,0,1,0.4959738850593567,0.5843238830566406,TN,FP
1903,0,0,1,0.5037535429000854,0.579862117767334,TN,FP
1904,0,0,1,0.4937147796154022,0.5700546503067017,TN,FP
1905,0,0,1,0.49185532331466675,0.5754984021186829,TN,FP
1906,0,0,1,0.4895628094673157,0.5595424771308899,TN,FP
1907,0,0,1,0.48192089796066284,0.5765918493270874,TN,FP
1908,0,0,1,0.4853462874889374,0.5450924038887024,TN,FP
1909,0,0,1,0.47495102882385254,0.5383684039115906,TN,FP
1910,0,0,1,0.5011288523674011,0.5485174655914307,TN,FP
1911,0,0,1,0.5255854725837708,0.6414535641670227,TN,FP
1912,0,0,1,0.5271211862564087,0.6378412842750549,TN,FP
1913,0,0,1,0.5365142822265625,0.6356814503669739,TN,FP
1914,0,0,1,0.5405768752098083,0.6419723033905029,TN,FP
1915,0,0,1,0.5408129096031189,1.7307072877883911,TN,FP
1916,0,0,1,0.5479946732521057,1.777495265007019,TN,FP
1917,0,0,1,0.5521190762519836,0.6665180921554565,TN,FP
1918,0,0,1,0.5368793606758118,0.6605914831161499,TN,FP
1919,0,0,1,0.5400394797325134,1.7156617641448975,TN,FP
1920,0,0,1,0.5325470566749573,0.9747381806373596,TN,FP
1921,0,0,1,0.5409453511238098,1.7685840129852295,TN,FP
1922,0,0,1,0.5448058247566223,1.765459418296814,TN,FP
1923,0,0,1,0.5388679504394531,1.672581434249878,TN,FP
1924,0,0,1,0.5490051507949829,1.659670352935791,TN,FP
1925,0,0,1,0.5514818429946899,1.7537121772766113,TN,FP
1926,0,0,1,0.5649110078811646,1.6891767978668213,TN,FP
1927,0,0,1,0.5646494030952454,1.6810553073883057,TN,FP
1928,0,0,1,0.563399612903595,1.7412489652633667,TN,FP
1929,0,0,1,0.5778032541275024,1.7168240547180176,TN,FP
1930,0,0,1,0.5810562372207642,1.7638131380081177,TN,FP
1931,0,0,1,0.5767427086830139,1.7034804821014404,TN,FP
1932,0,0,1,0.5565938353538513,1.732418417930603,TN,FP
1933,0,0,1,0.5671535730361938,1.7184147834777832,TN,FP
1934,0,0,1,0.542864203453064,0.6632594466209412,TN,FP
1935,0,0,1,0.5558676719665527,0.6663256883621216,TN,FP
1936,0,0,1,0.5478243827819824,0.7102444171905518,TN,FP
1937,0,0,1,0.5462865829467773,0.6833868622779846,TN,FP
1938,0,0,1,0.5684912204742432,1.941746711730957,TN,FP
1939,0,0,1,0.5560734272003174,0.6487001776695251,TN,FP
1940,0,0,1,0.548147976398468,1.7857049703598022,TN,FP
1941,0,0,1,0.550485372543335,1.7270697355270386,TN,FP
1942,0,0,1,0.5477808713912964,1.6761263608932495,TN,FP
1943,0,0,1,0.5429918169975281,1.7358189821243286,TN,FP
1944,0,0,1,0.5509001016616821,1.7631562948226929,TN,FP
1945,0,0,1,0.5918717384338379,1.6797839403152466,TN,FP
1946,0,0,1,0.570751428604126,1.6939719915390015,TN,FP
1947,0,0,1,0.5592442750930786,1.7373344898223877,TN,FP
1948,0,0,1,0.5513049960136414,1.6712524890899658,TN,FP
1949,0,0,1,0.5690709948539734,0.6976111531257629,TN,FP
1950,0,0,1,0.5560058951377869,0.6680855751037598,TN,FP
1951,0,0,1,0.5722146034240723,0.6846730709075928,TN,FP
1952,0,0,1,0.5759623646736145,0.6679682731628418,TN,FP
1953,0,0,1,0.5633291006088257,1.6257156133651733,TN,FP
1954,0,0,1,0.5715355277061462,1.6567351818084717,TN,FP
1955,0,0,1,0.5659341216087341,1.6402313709259033,TN,FP
1956,0,0,1,0.5686032772064209,1.6197412014007568,TN,FP
1957,0,0,1,0.5761597156524658,1.6076098680496216,TN,FP
1958,0,0,1,0.5767552852630615,1.6935527324676514,TN,FP
1959,0,0,1,0.5761867165565491,1.6953489780426025,TN,FP
1960,0,0,1,0.5733702182769775,1.75712251663208,TN,FP
1961,0,0,1,0.5663677453994751,1.6549209356307983,TN,FP
1962,0,0,1,0.5680423974990845,1.698990821838379,TN,FP
1963,0,0,1,0.5693555474281311,1.5895804166793823,TN,FP
1964,0,0,1,0.5646573901176453,1.6806756258010864,TN,FP
1965,0,0,1,0.5723583102226257,1.6908981800079346,TN,FP
1966,0,0,1,0.5647168159484863,1.6034138202667236,TN,FP
1967,0,0,1,0.5504915714263916,1.5482145547866821,TN,FP
1968,0,0,1,0.5600934028625488,1.594362735748291,TN,FP
1969,0,0,1,0.564984142780304,1.5485124588012695,TN,FP
1970,0,0,1,0.563246488571167,1.545711636543274,TN,FP
1971,0,0,1,0.5634680390357971,1.515154242515564,TN,FP
1972,0,0,1,0.5569582581520081,1.5761289596557617,TN,FP
1973,0,0,1,0.5639265179634094,1.51177978515625,TN,FP
1974,0,0,1,0.5541056394577026,0.7599635124206543,TN,FP
1975,0,0,1,0.5500164031982422,1.4754482507705688,TN,FP
1976,0,0,1,0.5429486632347107,1.5527007579803467,TN,FP
1977,0,0,1,0.5357239246368408,1.5136758089065552,TN,FP
1978,0,0,1,0.5383148789405823,1.434314250946045,TN,FP
1979,0,0,1,0.5556778311729431,1.540471076965332,TN,FP
1980,0,0,1,0.5418270826339722,1.5555169582366943,TN,FP
1981,0,0,1,0.5561490058898926,1.4464489221572876,TN,FP
1982,0,0,1,0.5555579662322998,1.5961463451385498,TN,FP
1983,0,0,1,0.555549144744873,1.5423187017440796,TN,FP
1984,0,0,1,0.5587537884712219,1.5192757844924927,TN,FP
1985,0,0,1,0.5609531998634338,1.8401594161987305,TN,FP
1986,0,0,1,0.5606678128242493,1.4229321479797363,TN,FP
1987,0,0,1,0.5655650496482849,1.4710289239883423,TN,FP
1988,0,0,1,0.558936595916748,1.5388182401657104,TN,FP
1989,0,0,1,0.5546987652778625,1.6569043397903442,TN,FP
1990,0,0,1,0.581763505935669,0.7834498882293701,TN,FP
1991,0,0,1,0.5634828805923462,1.4472699165344238,TN,FP
1992,0,0,1,0.5541431307792664,1.4392260313034058,TN,FP
1993,0,0,1,0.5804792642593384,1.3739945888519287,TN,FP
1994,0,0,1,0.5477861166000366,1.2977250814437866,TN,FP
1995,0,0,1,0.5495984554290771,1.4047765731811523,TN,FP
1996,0,0,1,0.5625670552253723,1.3051608800888062,TN,FP
1997,0,0,1,0.5536602139472961,1.2618426084518433,TN,FP
1998,0,0,1,0.5508678555488586,1.2874833345413208,TN,FP
1999,0,0,1,0.5459690093994141,1.249659776687622,TN,FP
2000,0,0,1,0.5567558407783508,1.2386834621429443,TN,FP
2001,0,0,1,0.585084855556488,1.2379192113876343,TN,FP
2002,0,0,1,0.5433750152587891,1.2101702690124512,TN,FP
2003,0,0,1,0.5434276461601257,1.2475838661193848,TN,FP
2004,0,0,1,0.569275438785553,1.2045173645019531,TN,FP
2005,0,0,1,0.5558950304985046,1.1929198503494263,TN,FP
2006,0,0,1,0.5450995564460754,1.1865277290344238,TN,FP
2007,0,0,1,0.5306819677352905,1.1708568334579468,TN,FP
2008,0,0,1,0.5348314046859741,1.1630151271820068,TN,FP
2009,0,0,1,0.5418381094932556,1.1817678213119507,TN,FP
2010,0,0,1,0.5405930876731873,1.2177201509475708,TN,FP
2011,0,0,1,0.5594926476478577,1.1584876775741577,TN,FP
2012,0,0,1,0.5523093938827515,1.1939170360565186,TN,FP
2013,0,0,1,0.5684674978256226,1.1575026512145996,TN,FP
2014,0,0,1,0.5592426061630249,1.1143536567687988,TN,FP
2015,0,0,1,0.555855393409729,1.1060806512832642,TN,FP
2016,0,0,1,0.5552831888198853,1.173315167427063,TN,FP
2017,0,0,1,0.5606882572174072,1.0972388982772827,TN,FP
2018,0,0,1,0.5543348789215088,1.0812386274337769,TN,FP
2019,0,0,1,0.539176344871521,1.139082431793213,TN,FP
2022,0,0,1,0.5994293093681335,0.7017706036567688,TN,FP
2025,0,0,1,0.5939327478408813,0.6817450523376465,TN,FP
2027,0,0,1,0.6053264737129211,0.6900051832199097,TN,FP
2028,0,0,1,0.5951944589614868,0.7010810971260071,TN,FP
2031,0,0,1,0.6031298637390137,0.6648669242858887,TN,FP
2032,0,0,1,0.6004438996315002,0.6758926510810852,TN,FP
2033,0,0,1,0.5642489790916443,0.6597297787666321,TN,FP
2034,0,0,1,0.5727209448814392,0.6717140674591064,TN,FP
2035,0,0,1,0.6077336668968201,0.6868187189102173,TN,FP
2036,0,0,1,0.5996696949005127,0.6712872385978699,TN,FP
2037,0,0,1,0.5992462635040283,0.6724259853363037,TN,FP
2038,0,0,1,0.5826678276062012,0.6717139482498169,TN,FP
2039,0,0,1,0.5807791352272034,0.6665894389152527,TN,FP
2040,0,0,1,0.5925817489624023,0.6615396738052368,TN,FP
2041,0,0,1,0.5926954746246338,0.6739874482154846,TN,FP
2042,0,0,1,0.58394455909729,0.6491258144378662,TN,FP
2043,0,0,1,0.5956613421440125,0.6583458781242371,TN,FP
2044,0,0,1,0.5902265906333923,0.6591238379478455,TN,FP
2045,0,0,1,0.5886734127998352,0.6531192064285278,TN,FP
2046,0,0,1,0.6058233976364136,0.6711437702178955,TN,FP
2048,0,0,1,0.586395800113678,0.667510449886322,TN,FP
2049,0,0,1,0.6078786253929138,0.6535715460777283,TN,FP
2050,0,0,1,0.5828483700752258,0.648861289024353,TN,FP
2051,0,0,1,0.5800926089286804,0.6380192041397095,TN,FP
2052,0,0,1,0.5893962383270264,0.6282915472984314,TN,FP
2053,0,0,1,0.6015574932098389,0.6199873089790344,TN,FP
2054,0,0,1,0.6057676076889038,0.6254527568817139,TN,FP
2055,0,0,1,0.5864917039871216,0.6219300031661987,TN,FP
2056,0,0,1,0.5991339683532715,0.6155786514282227,TN,FP
2057,0,0,1,0.6029872298240662,0.6103717088699341,TN,FP
2058,0,0,1,0.592796802520752,0.61933833360672,TN,FP
2059,0,0,1,0.598461925983429,0.6150315403938293,TN,FP
2060,0,0,1,0.5807347297668457,0.6182709336280823,TN,FP
2061,0,0,1,0.5973391532897949,0.6063104867935181,TN,FP
2062,0,0,1,0.5787061452865601,0.5965168476104736,TN,FP
2063,0,0,1,0.5957497358322144,0.6018701791763306,TN,FP
2064,0,0,1,0.5730920433998108,0.591963529586792,TN,FP
2065,0,0,1,0.580115795135498,0.5906602740287781,TN,FP
2066,0,0,1,0.592689037322998,0.5903552770614624,TN,FP
2067,0,0,1,0.601431667804718,0.5959511399269104,TN,FP
2068,0,0,1,0.6024390459060669,0.5905207991600037,TN,FP
2069,0,0,1,0.6124143600463867,0.587810754776001,TN,FP
2070,0,0,1,0.5654668211936951,0.5818902850151062,TN,FP
2071,0,0,1,0.5725967288017273,0.5691832900047302,TN,FP
2072,0,0,1,0.5715580582618713,0.5707553625106812,TN,FP
2073,0,0,1,0.593590497970581,0.59263014793396,TN,FP
2074,0,0,1,0.5863378047943115,0.5845643877983093,TN,FP
2075,0,0,1,0.5773823261260986,0.5868649482727051,TN,FP
2076,0,0,1,0.5699253082275391,0.5885752439498901,TN,FP
2077,0,0,1,0.5645984411239624,0.5840555429458618,TN,FP
2078,0,0,1,0.595661461353302,0.5858327746391296,TN,FP
2079,0,0,1,0.6017974615097046,0.5853227376937866,TN,FP
2080,0,0,1,0.5998175144195557,0.5977622866630554,TN,FP
2081,0,0,1,0.603656530380249,0.590717077255249,TN,FP
2082,0,0,1,0.5792202353477478,0.5961459875106812,TN,FP
2083,0,0,1,0.5873407125473022,0.5902432799339294,TN,FP
2084,0,0,1,0.6001267433166504,0.5862412452697754,TN,FP
2085,0,0,1,0.5989043116569519,0.5872300863265991,TN,FP
2086,0,0,1,0.5910245776176453,0.5721294283866882,TN,FP
2087,0,0,1,0.5919438004493713,0.5764873027801514,TN,FP
2088,0,0,1,0.6046252846717834,0.5715049505233765,TN,FP
2089,0,0,1,0.5908688902854919,0.5619071125984192,TN,FP
2090,0,0,1,0.585009753704071,0.5677610039710999,TN,FP
2091,0,0,1,0.587700366973877,0.5685251355171204,TN,FP
2092,0,0,1,0.5887709856033325,0.5631076097488403,TN,FP
2093,0,0,1,0.5971342325210571,0.5705392956733704,TN,FP
2094,0,0,1,0.5812243819236755,0.6217212080955505,TN,FP
2095,0,0,1,0.5992140769958496,0.560907781124115,TN,FP
2096,0,0,1,0.6034509539604187,0.5570448637008667,TN,FP
2097,0,0,1,0.5597519874572754,0.5406055450439453,TN,FP
2098,0,0,1,0.5698778629302979,0.5429858565330505,TN,FP
2099,0,0,1,0.5640823841094971,0.5467313528060913,TN,FP
2100,0,0,1,0.6022043824195862,0.5498192310333252,TN,FP
2101,0,0,1,0.5657806992530823,0.5366486310958862,TN,FP
2102,0,0,1,0.5662011504173279,0.5454685688018799,TN,FP
2103,0,0,1,0.5904884338378906,0.564791202545166,TN,FP
2104,0,0,1,0.5954463481903076,0.5605382919311523,TN,FP
2105,0,0,1,0.5841283798217773,0.5415070056915283,TN,FP
2106,0,0,1,0.5820724368095398,0.5606552362442017,TN,FP
2107,0,0,1,0.570292055606842,0.5504465103149414,TN,FP
2108,0,0,1,0.5674447417259216,0.570305347442627,TN,FP
2109,0,0,1,0.5844922661781311,0.5593263506889343,TN,FP
2110,0,0,1,0.5672628879547119,0.5315043926239014,TN,FP
2111,0,0,1,0.5698009133338928,0.5373485684394836,TN,FP
2112,0,0,1,0.5883657932281494,0.5719842314720154,TN,FP
2113,0,0,1,0.5840632915496826,0.5367693305015564,TN,FP
2114,0,0,1,0.5789267420768738,0.5546147227287292,TN,FP
2115,0,0,1,0.5787084102630615,0.543945848941803,TN,FP
2116,0,0,1,0.5626458525657654,0.5569121837615967,TN,FP
2117,0,0,1,0.5622929930686951,0.5255032181739807,TN,FP
2118,0,0,1,0.5738237500190735,0.5498262643814087,TN,FP
2119,0,0,1,0.541461706161499,0.6002118587493896,TN,FP
2120,0,0,1,0.5796866416931152,0.5505773425102234,TN,FP
2121,0,0,1,0.557915210723877,0.5344199538230896,TN,FP
2122,0,0,1,0.577893078327179,0.5388211607933044,TN,FP
2123,0,0,1,0.5570042729377747,0.5489795804023743,TN,FP
2124,0,0,1,0.565569281578064,0.6355113983154297,TN,FP
2125,0,0,1,0.559562087059021,0.530444324016571,TN,FP
2126,0,0,1,0.5481178760528564,0.5658239126205444,TN,FP
2127,0,0,1,0.5618554353713989,0.5705904960632324,TN,FP
2128,0,0,1,0.5894190073013306,0.551237165927887,TN,FP
2129,0,0,1,0.5692291259765625,0.5772508382797241,TN,FP
2130,0,0,1,0.5290356278419495,0.6495494246482849,TN,FP
2131,0,0,1,0.5726832747459412,0.663750171661377,TN,FP
2132,0,0,1,0.5348074436187744,0.6407198309898376,TN,FP
2133,0,0,1,0.5457985997200012,0.650005578994751,TN,FP
2134,0,0,1,0.5336474180221558,0.6204221248626709,TN,FP
2135,0,0,1,0.5286607146263123,0.603206992149353,TN,FP
2136,0,0,1,0.566192090511322,0.6664462089538574,TN,FP
2137,0,0,1,0.573779284954071,0.7003704905509949,TN,FP
2138,0,0,1,0.5702787637710571,0.6784547567367554,TN,FP
2139,0,0,1,0.5790688395500183,0.6989495754241943,TN,FP
2140,0,0,1,0.5922488570213318,0.6904403567314148,TN,FP
2142,0,0,1,0.536274254322052,1.3484256267547607,TN,FP
2143,0,0,1,0.5324023962020874,1.3213441371917725,TN,FP
2144,0,0,1,0.5383450984954834,1.3781492710113525,TN,FP
2145,0,0,1,0.5395859479904175,1.4149366617202759,TN,FP
2146,0,0,1,0.5523468255996704,1.3450294733047485,TN,FP
2147,0,0,1,0.5570604205131531,1.4154411554336548,TN,FP
2148,0,0,1,0.5440219044685364,1.3588327169418335,TN,FP
2149,0,0,1,0.5305705070495605,1.3582181930541992,TN,FP
2150,0,0,1,0.5576440095901489,1.3104380369186401,TN,FP
2151,0,0,1,0.5460741519927979,1.3071763515472412,TN,FP
2152,0,0,1,0.5500848293304443,1.397904396057129,TN,FP
2153,0,0,1,0.538540780544281,1.2407026290893555,TN,FP
2154,0,0,1,0.5445168018341064,1.2911700010299683,TN,FP
2155,0,0,1,0.54616379737854,1.3030706644058228,TN,FP
2156,0,0,1,0.5364377498626709,1.3423370122909546,TN,FP
2157,0,0,1,0.5345702171325684,1.3397324085235596,TN,FP
2158,0,0,1,0.5305901169776917,1.2891520261764526,TN,FP
2159,0,0,1,0.5478283762931824,1.3500829935073853,TN,FP
2160,0,0,1,0.5504485368728638,1.3110836744308472,TN,FP
2161,0,0,1,0.5239619612693787,1.285862684249878,TN,FP
2162,0,0,1,0.5167441368103027,1.2404284477233887,TN,FP
2163,0,0,1,0.516703188419342,1.2231090068817139,TN,FP
2164,0,0,1,0.5515615344047546,1.343896746635437,TN,FP
2165,0,0,1,0.5247388482093811,1.3489422798156738,TN,FP
2166,0,0,1,0.5321725606918335,1.3335670232772827,TN,FP
2167,0,0,1,0.525056779384613,1.2853481769561768,TN,FP
2168,0,0,1,0.5234906077384949,1.3345032930374146,TN,FP
2169,0,0,1,0.5112517476081848,1.2902880907058716,TN,FP
2170,0,0,1,0.5051526427268982,1.2832294702529907,TN,FP
2171,0,0,1,0.5254778861999512,1.3150373697280884,TN,FP
2172,0,0,1,0.5285892486572266,1.2561489343643188,TN,FP
2173,0,0,1,0.518642246723175,1.2713265419006348,TN,FP
2174,0,0,1,0.5153040885925293,1.307533860206604,TN,FP
2175,0,0,1,0.5420472025871277,1.3049288988113403,TN,FP
2176,0,0,1,0.5223662853240967,1.1931618452072144,TN,FP
2177,0,0,1,0.5335151553153992,1.3050966262817383,TN,FP
2178,0,0,1,0.5318588614463806,1.25132417678833,TN,FP
2179,0,0,1,0.5198703408241272,1.2348552942276,TN,FP
2180,0,0,1,0.5158092975616455,1.2449464797973633,TN,FP
2181,0,0,1,0.513458788394928,1.2104581594467163,TN,FP
2182,0,0,1,0.5279712677001953,1.1973170042037964,TN,FP
2183,0,0,1,0.5159484148025513,1.301194667816162,TN,FP
2184,0,0,1,0.5163509249687195,1.2344592809677124,TN,FP
2185,0,0,1,0.5126331448554993,1.2046564817428589,TN,FP
2186,0,0,1,0.5253244638442993,1.230848789215088,TN,FP
2187,0,0,1,0.5266022682189941,1.2776488065719604,TN,FP
2188,0,0,1,0.5342532992362976,1.167140007019043,TN,FP
2189,0,0,1,0.5603665709495544,1.2583270072937012,TN,FP
2190,0,0,1,0.555282473564148,1.195887565612793,TN,FP
2191,0,0,1,0.5332295894622803,1.2036712169647217,TN,FP
2192,0,0,1,0.5497780442237854,1.1425201892852783,TN,FP
2193,0,0,1,0.5398681163787842,1.2151089906692505,TN,FP
2194,0,0,1,0.5166391730308533,1.25825834274292,TN,FP
2195,0,0,1,0.5156790614128113,1.205323338508606,TN,FP
2196,0,0,1,0.5430471897125244,1.2085788249969482,TN,FP
2198,0,0,1,0.5240440964698792,1.2145073413848877,TN,FP
2199,0,0,1,0.5142665505409241,1.1118710041046143,TN,FP
2200,0,0,1,0.526108980178833,1.1735037565231323,TN,FP
2201,0,0,1,0.5181138515472412,1.1642400026321411,TN,FP
2202,0,0,1,0.5075027942657471,1.1878012418746948,TN,FP
2203,0,0,1,0.4953894317150116,1.2030516862869263,TN,FP
2204,0,0,1,0.49818289279937744,1.1238791942596436,TN,FP
2205,0,0,1,0.5039091110229492,1.1304795742034912,TN,FP
2206,0,0,1,0.4993884563446045,1.0836869478225708,TN,FP
2207,0,0,1,0.48694369196891785,1.0621315240859985,TN,FP
2208,0,0,1,0.49760472774505615,1.1149948835372925,TN,FP
2209,0,0,1,0.5097959041595459,1.0971142053604126,TN,FP
2210,0,0,1,0.5072066783905029,1.072820782661438,TN,FP
2211,0,0,1,0.5153055787086487,1.1261968612670898,TN,FP
2212,0,0,1,0.531326949596405,1.0715622901916504,TN,FP
2213,0,0,1,0.5341336727142334,1.0505197048187256,TN,FP
2214,0,0,1,0.5211231112480164,1.0299484729766846,TN,FP
2215,0,0,1,0.5404128432273865,1.0956716537475586,TN,FP
2216,0,0,1,0.524189293384552,1.0421143770217896,TN,FP
2217,0,0,1,0.5262216925621033,1.0052756071090698,TN,FP
2218,0,0,1,0.5310037732124329,1.0202155113220215,TN,FP
2219,0,0,1,0.5312165021896362,1.0078998804092407,TN,FP
2220,0,0,1,0.5364360809326172,1.0169498920440674,TN,FP
2221,0,0,1,0.5295133590698242,0.9565243721008301,TN,FP
2222,0,0,1,0.535918653011322,0.954357922077179,TN,FP
2223,0,0,1,0.5278780460357666,0.9618222117424011,TN,FP
2224,0,0,1,0.5274352431297302,0.96873939037323,TN,FP
2225,0,0,1,0.5380028486251831,0.9296168684959412,TN,FP
2226,0,0,1,0.5233995318412781,0.9343815445899963,TN,FP
2227,0,0,1,0.5346932411193848,0.9240338206291199,TN,FP
2228,0,0,1,0.5337294936180115,0.9053799510002136,TN,FP
2229,0,0,1,0.5361396074295044,0.9549683928489685,TN,FP
2230,0,0,1,0.5414966344833374,0.8959565162658691,TN,FP
2231,0,0,1,0.5661834478378296,0.9084408283233643,TN,FP
2232,0,0,1,0.5502611994743347,0.8986209630966187,TN,FP
2233,0,0,1,0.5386073589324951,0.9085521697998047,TN,FP
2234,0,0,1,0.5675598382949829,0.8991789817810059,TN,FP
2235,0,0,1,0.5481629371643066,0.9058361649513245,TN,FP
2236,0,0,1,0.5820950865745544,0.6513906121253967,TN,FP
2237,0,0,1,0.5889989733695984,0.633020281791687,TN,FP
2238,0,0,1,0.5508763790130615,0.6407851576805115,TN,FP
2239,0,0,1,0.5450923442840576,0.6233775615692139,TN,FP
2240,0,0,1,0.5678389668464661,0.6148092150688171,TN,FP
2241,0,0,1,0.5522525906562805,0.6233140826225281,TN,FP
2242,0,0,1,0.5450766086578369,0.6158380508422852,TN,FP
2243,0,0,1,0.5445598363876343,0.6025903224945068,TN,FP
2244,0,0,1,0.558922529220581,0.6096352934837341,TN,FP
2245,0,0,1,0.5137723088264465,0.5966602563858032,TN,FP
2246,0,0,1,0.5333300828933716,0.5816660523414612,TN,FP
2247,0,0,1,0.5302018523216248,0.5738068222999573,TN,FP
2248,0,0,1,0.5376068353652954,0.5655643343925476,TN,FP
2249,0,0,1,0.5573841333389282,0.574238657951355,TN,FP
2250,0,0,1,0.5384587645530701,0.5446784496307373,TN,FP
2251,0,0,1,0.5313607454299927,0.5427498817443848,TN,FP
2252,0,0,1,0.5259758830070496,0.5399959087371826,TN,FP
2253,0,0,1,0.547171950340271,0.5550323128700256,TN,FP
2254,0,0,1,0.5540972352027893,0.5370321869850159,TN,FP
2255,0,0,1,0.5531296133995056,0.5284761190414429,TN,FP
2256,0,0,1,0.5414009690284729,0.5540084838867188,TN,FP
2257,0,0,1,0.5457216501235962,0.5262610912322998,TN,FP
2258,0,0,1,0.5606486797332764,0.5257853865623474,TN,FP
2259,0,0,1,0.5233299732208252,0.5168938636779785,TN,FP
2260,0,0,1,0.5650261044502258,0.5036921501159668,TN,FP
2261,0,0,1,0.5288746356964111,0.5055311918258667,TN,FP
2262,0,0,1,0.5427966117858887,0.5189400911331177,TN,FP
2263,0,0,1,0.5225017666816711,0.5084211826324463,TN,FP
2266,0,0,1,0.5098329782485962,0.5241062045097351,TN,FP
2270,0,0,1,0.5270522236824036,0.5010570883750916,TN,FP
2280,0,0,1,0.5508136749267578,0.527991771697998,TN,FP
2282,0,0,1,0.5291132926940918,0.5225549936294556,TN,FP
2285,0,0,1,0.5488451719284058,0.5069093108177185,TN,FP
2286,0,0,1,0.5534356832504272,0.5061421394348145,TN,FP
2287,0,0,1,0.5454534292221069,0.4989767372608185,TN,FP
2288,0,0,1,0.5509088635444641,0.5361895561218262,TN,FP
2289,0,0,1,0.5288038849830627,0.5304233431816101,TN,FP
2290,0,0,1,0.5447535514831543,0.5142595171928406,TN,FP
2291,0,0,1,0.5616300106048584,0.5246762037277222,TN,FP
2292,0,0,1,0.5650789737701416,0.5678728222846985,TN,FP
2293,0,0,1,0.561509907245636,0.5507805347442627,TN,FP
2294,0,0,1,0.5389155149459839,0.5462459921836853,TN,FP
2295,0,0,1,0.5483973622322083,0.5477674007415771,TN,FP
2296,0,0,1,0.5566933751106262,0.559326708316803,TN,FP
2297,0,0,1,0.5376319289207458,0.5654899477958679,TN,FP
2298,0,0,1,0.607347846031189,0.561613917350769,TN,FP
2299,0,0,1,0.565528154373169,0.6056358218193054,TN,FP
2300,0,0,1,0.5599400401115417,0.5931044220924377,TN,FP
2301,0,0,1,0.5573052763938904,0.6227958798408508,TN,FP
2302,0,0,1,0.6053214073181152,0.5986501574516296,TN,FP
2303,0,0,1,0.5842606425285339,0.5885825157165527,TN,FP
2304,0,0,1,0.5978374481201172,0.5943189859390259,TN,FP
2305,0,0,1,0.5458803772926331,0.5952776074409485,TN,FP
2306,0,0,1,0.583099901676178,0.5762443542480469,TN,FP
2307,0,0,1,0.5660498142242432,0.5839343070983887,TN,FP
2308,0,0,1,0.5675019025802612,0.5573278665542603,TN,FP
2309,0,0,1,0.5953410863876343,0.5906622409820557,TN,FP
2310,0,0,1,0.5681590437889099,0.5895822644233704,TN,FP
2311,0,0,1,0.5728756189346313,0.5795130729675293,TN,FP
2312,0,0,1,0.5805566310882568,0.5736153721809387,TN,FP
2313,0,0,1,0.5749870538711548,0.5708180069923401,TN,FP
2314,0,0,1,0.5698084235191345,0.5677432417869568,TN,FP
2315,0,0,1,0.6027950048446655,0.5531288981437683,TN,FP
2316,0,0,1,0.567705512046814,0.5433354377746582,TN,FP
2317,0,0,1,0.5907441973686218,0.5684376358985901,TN,FP
2318,0,0,1,0.577057421207428,0.5551153421401978,TN,FP
2319,0,0,1,0.6084643602371216,0.564619779586792,TN,FP
2320,0,0,1,0.5976026654243469,0.5761119723320007,TN,FP
2321,0,0,1,0.604011058807373,0.572360634803772,TN,FP
2333,0,0,1,0.5893126130104065,0.5761364698410034,TN,FP
2336,0,0,1,0.6103246808052063,0.6051711440086365,TN,FP
2338,0,0,1,0.6087659597396851,0.6064038872718811,TN,FP
2341,0,0,1,0.6020156741142273,0.7904987335205078,TN,FP
2342,0,0,1,0.5862392783164978,0.9332049489021301,TN,FP
2343,0,0,1,0.5962104201316833,0.9091214537620544,TN,FP
2344,0,0,1,0.5821863412857056,0.9167213439941406,TN,FP
2345,0,0,1,0.5899536609649658,1.055605411529541,TN,FP
2346,0,0,1,0.6001079082489014,1.143613338470459,TN,FP
2347,0,0,1,0.6058884263038635,1.0249329805374146,TN,FP
2348,0,0,1,0.5915970802307129,1.1401153802871704,TN,FP
2349,0,0,1,0.5779121518135071,1.221916675567627,TN,FP
2350,0,0,1,0.5893380641937256,0.9546369314193726,TN,FP
2351,0,0,1,0.5816254019737244,0.87568199634552,TN,FP
2352,0,0,1,0.58612459897995,1.0227553844451904,TN,FP
2353,0,0,1,0.5845319628715515,1.15000319480896,TN,FP
2354,0,0,1,0.5821505784988403,1.129140019416809,TN,FP
2355,0,0,1,0.609663724899292,1.1057255268096924,TN,FP
2357,0,0,1,0.596895694732666,0.944417417049408,TN,FP
2358,0,0,1,0.6072210669517517,0.8388835191726685,TN,FP
2359,0,0,1,0.5871172547340393,0.8332826495170593,TN,FP
2383,0,0,1,0.5851230025291443,1.1705361604690552,TN,FP
2384,0,0,1,0.5754299163818359,1.1826083660125732,TN,FP
2385,0,0,1,0.6029736399650574,1.1624611616134644,TN,FP
2386,0,0,1,0.5995761156082153,1.1566064357757568,TN,FP
2387,0,0,1,0.581579864025116,1.1421407461166382,TN,FP
2388,0,0,1,0.5817479491233826,1.1613221168518066,TN,FP
2389,0,0,1,0.5884395241737366,1.157357096672058,TN,FP
2390,0,0,1,0.5788623094558716,1.1656150817871094,TN,FP
2391,0,0,1,0.5901477336883545,1.1724019050598145,TN,FP
2392,0,0,1,0.5976268649101257,1.1911625862121582,TN,FP
2394,0,0,1,0.6090938448905945,1.1760454177856445,TN,FP
2395,0,0,1,0.5768840312957764,1.1463311910629272,TN,FP
2396,0,0,1,0.5874573588371277,1.131386637687683,TN,FP
2397,0,0,1,0.6111366152763367,1.1341748237609863,TN,FP
2398,0,0,1,0.594383180141449,1.1313835382461548,TN,FP
2399,0,0,1,0.5920416116714478,1.116696834564209,TN,FP
2400,0,0,1,0.6108173131942749,1.1190474033355713,TN,FP
2401,0,0,1,0.5788944363594055,1.1185606718063354,TN,FP
2402,0,0,1,0.5697165131568909,1.0928940773010254,TN,FP
2403,0,0,1,0.5969333648681641,1.0924084186553955,TN,FP
2404,0,0,1,0.5538022518157959,1.062647819519043,TN,FP
2405,0,0,1,0.5689423084259033,1.0626410245895386,TN,FP
2406,0,0,1,0.5460968613624573,1.0649974346160889,TN,FP
2407,0,0,1,0.6078508496284485,1.0656765699386597,TN,FP
2408,0,0,1,0.5592685341835022,1.0795643329620361,TN,FP
2409,0,0,1,0.5637040734291077,1.0391255617141724,TN,FP
2410,0,0,1,0.5570259690284729,1.0494146347045898,TN,FP
2411,0,0,1,0.5809009075164795,1.0443507432937622,TN,FP
2413,0,0,1,0.5810176730155945,1.036813735961914,TN,FP
2414,0,0,1,0.5592315196990967,1.007883071899414,TN,FP
2415,0,0,1,0.5661488175392151,1.001783013343811,TN,FP
2416,0,0,1,0.5617935061454773,1.0034781694412231,TN,FP
2417,0,0,1,0.558590829372406,1.0018986463546753,TN,FP
2418,0,0,1,0.572694718837738,1.0287739038467407,TN,FP
2419,0,0,1,0.5594454407691956,0.9928433895111084,TN,FP
2420,0,0,1,0.5614941120147705,0.997863233089447,TN,FP
2421,0,0,1,0.553415834903717,0.9976893663406372,TN,FP
2422,0,0,1,0.5643143653869629,0.9991245865821838,TN,FP
2423,0,0,1,0.5485718250274658,0.9775984287261963,TN,FP
2424,0,0,1,0.5473153591156006,0.9787434339523315,TN,FP
2425,0,0,1,0.5601473450660706,0.9595484733581543,TN,FP
2426,0,0,1,0.5669273138046265,0.9466577172279358,TN,FP
2427,0,0,1,0.5580970048904419,0.9490833878517151,TN,FP
2428,0,0,1,0.5888859033584595,0.9298355579376221,TN,FP
2429,0,0,1,0.5560397505760193,0.9252107739448547,TN,FP
2430,0,0,1,0.558618426322937,0.9244747757911682,TN,FP
2431,0,0,1,0.5791943073272705,0.9068291187286377,TN,FP
2432,0,0,1,0.557268500328064,0.8935002088546753,TN,FP
2433,0,0,1,0.5731476545333862,0.8912904858589172,TN,FP
2434,0,0,1,0.5647532939910889,0.8725588321685791,TN,FP
2435,0,0,1,0.5501638650894165,0.8709871768951416,TN,FP
2436,0,0,1,0.5569190382957458,0.8647792339324951,TN,FP
2437,0,0,1,0.5752994418144226,0.8562144637107849,TN,FP
2438,0,0,1,0.5458309650421143,0.836524486541748,TN,FP
2439,0,0,1,0.5639857649803162,0.8374442458152771,TN,FP
2440,0,0,1,0.5484053492546082,0.8129377961158752,TN,FP
2441,0,0,1,0.5440952777862549,0.8051367402076721,TN,FP
2442,0,0,1,0.5294080972671509,0.7823888659477234,TN,FP
2443,0,0,1,0.519967257976532,0.7736279368400574,TN,FP
2444,0,0,1,0.5238446593284607,0.7626941204071045,TN,FP
2445,0,0,1,0.5192767977714539,0.7621711492538452,TN,FP
2446,0,0,1,0.5230525732040405,0.7499850392341614,TN,FP
2447,0,0,1,0.5073824524879456,0.7592340111732483,TN,FP
2448,0,0,1,0.5101473331451416,0.7358992099761963,TN,FP
2449,0,0,1,0.5087487101554871,0.7358603477478027,TN,FP
2450,0,0,1,0.504843533039093,0.7478283643722534,TN,FP
2451,0,0,1,0.5250664949417114,0.7255541086196899,TN,FP
2452,0,0,1,0.5117403268814087,0.7187093496322632,TN,FP
2453,0,0,1,0.5175062417984009,0.7112932801246643,TN,FP
2454,0,0,1,0.5098411440849304,0.7038573622703552,TN,FP
2455,0,0,1,0.5121825933456421,0.6985811591148376,TN,FP
2456,0,0,1,0.5076013803482056,0.6838765144348145,TN,FP
2457,0,0,1,0.5141933560371399,0.6902275085449219,TN,FP
2458,0,0,1,0.5080202221870422,0.7016303539276123,TN,FP
2459,0,0,1,0.5245916247367859,0.6924357414245605,TN,FP
2460,0,0,1,0.5053529143333435,0.6636090278625488,TN,FP
2461,0,0,1,0.4984387457370758,0.6578894257545471,TN,FP
2462,0,0,1,0.4983450174331665,0.6539954543113708,TN,FP
2463,0,0,1,0.5159784555435181,0.654289186000824,TN,FP
2464,0,0,1,0.5121002793312073,0.6723204255104065,TN,FP
2465,0,0,1,0.5174860954284668,0.6574888825416565,TN,FP
2466,0,0,1,0.5169616937637329,0.6554750204086304,TN,FP
2467,0,0,1,0.5135163068771362,0.6442462205886841,TN,FP
2468,0,0,1,0.5151204466819763,0.6471053957939148,TN,FP
2469,0,0,1,0.5233680605888367,0.6546415090560913,TN,FP
2470,0,0,1,0.528367817401886,0.6505657434463501,TN,FP
2471,0,0,1,0.5426030158996582,0.6611668467521667,TN,FP
2472,0,0,1,0.5448405742645264,0.6619014739990234,TN,FP
2473,0,0,1,0.554815948009491,0.6587998867034912,TN,FP
2474,0,0,1,0.542766273021698,0.6546111106872559,TN,FP
2475,0,0,1,0.5480906963348389,0.668057918548584,TN,FP
2476,0,0,1,0.5545206665992737,0.6740161180496216,TN,FP
2477,0,0,1,0.5534773468971252,0.6895620822906494,TN,FP
2478,0,0,1,0.551500678062439,0.68865567445755,TN,FP
2479,0,0,1,0.5613834261894226,0.7875270247459412,TN,FP
2481,0,0,1,0.5799638628959656,1.2087801694869995,TN,FP
2483,0,0,1,0.6006417870521545,1.1873663663864136,TN,FP
2484,0,0,1,0.5849859118461609,1.158839464187622,TN,FP
2485,0,0,1,0.5586753487586975,1.170475959777832,TN,FP
2486,0,0,1,0.6067551374435425,1.1523053646087646,TN,FP
2487,0,0,1,0.5924911499023438,1.2016901969909668,TN,FP
2488,0,0,1,0.5740182995796204,1.1400783061981201,TN,FP
2489,0,0,1,0.5759921073913574,1.1220782995224,TN,FP
2490,0,0,1,0.5701130628585815,1.130977749824524,TN,FP
2491,0,0,1,0.5809051394462585,1.1232491731643677,TN,FP
2492,0,0,1,0.5678879022598267,1.093271255493164,TN,FP
2493,0,0,1,0.5881766676902771,1.095220685005188,TN,FP
2494,0,0,1,0.5700371265411377,1.1120270490646362,TN,FP
2495,0,0,1,0.5920301675796509,1.0658600330352783,TN,FP
2496,0,0,1,0.581861138343811,1.0796914100646973,TN,FP
2497,0,0,1,0.5623007416725159,1.1241456270217896,TN,FP
2498,0,0,1,0.6101958751678467,1.058939814567566,TN,FP
2499,0,0,1,0.5965951085090637,1.0687100887298584,TN,FP
2500,0,0,1,0.6078432202339172,1.0390892028808594,TN,FP
2501,0,0,1,0.6044031381607056,1.046455979347229,TN,FP
2502,0,0,1,0.5603458285331726,1.0275075435638428,TN,FP
2503,0,0,1,0.5542187690734863,1.0094971656799316,TN,FP
2504,0,0,1,0.6115102171897888,1.0297632217407227,TN,FP
2505,0,0,1,0.5814103484153748,1.0166466236114502,TN,FP
2506,0,0,1,0.5406697988510132,1.0340896844863892,TN,FP
2507,0,0,1,0.5559605956077576,0.9909780621528625,TN,FP
2508,0,0,1,0.5759925246238708,0.9643089771270752,TN,FP
2509,0,0,1,0.5670139789581299,0.976167619228363,TN,FP
2510,0,0,1,0.5618362426757812,0.9887629747390747,TN,FP
2511,0,0,1,0.5470238924026489,0.9580955505371094,TN,FP
2512,0,0,1,0.5568817257881165,0.9406893849372864,TN,FP
2513,0,0,1,0.5447180271148682,0.9550275206565857,TN,FP
2514,0,0,1,0.5397511124610901,0.9699156880378723,TN,FP
2515,0,0,1,0.5583823919296265,0.9689421057701111,TN,FP
2516,0,0,1,0.603710949420929,0.9526939988136292,TN,FP
2517,0,0,1,0.5534589290618896,0.9455961585044861,TN,FP
2518,0,0,1,0.5226397514343262,0.9435384273529053,TN,FP
2519,0,0,1,0.5693157315254211,0.9269447922706604,TN,FP
2520,0,0,1,0.5470029711723328,0.9532154202461243,TN,FP
2521,0,0,1,0.510478138923645,0.8897568583488464,TN,FP
2522,0,0,1,0.5184857845306396,0.9031314849853516,TN,FP
2523,0,0,1,0.534684956073761,0.8822956681251526,TN,FP
2524,0,0,1,0.5501958131790161,0.8580663204193115,TN,FP
2525,0,0,1,0.5259692072868347,0.8954037427902222,TN,FP
2526,0,0,1,0.5367579460144043,0.855652928352356,TN,FP
2527,0,0,1,0.5416496992111206,0.8576492071151733,TN,FP
2528,0,0,1,0.5231876373291016,0.8535401821136475,TN,FP
2529,0,0,1,0.5240370035171509,0.8638295531272888,TN,FP
2530,0,0,1,0.5318815112113953,0.8484989404678345,TN,FP
2531,0,0,1,0.5423279404640198,0.8311982154846191,TN,FP
2532,0,0,1,0.5293548703193665,0.7921304106712341,TN,FP
2533,0,0,1,0.5261296629905701,0.8075536489486694,TN,FP
2534,0,0,1,0.5133739113807678,0.796343207359314,TN,FP
2535,0,0,1,0.5461978316307068,0.7814538478851318,TN,FP
2536,0,0,1,0.5354759693145752,0.7658398151397705,TN,FP
2537,0,0,1,0.5472991466522217,0.7674473524093628,TN,FP
2538,0,0,1,0.5040565729141235,0.7351542711257935,TN,FP
2539,0,0,1,0.5576397180557251,0.7520815134048462,TN,FP
2540,0,0,1,0.5308217406272888,0.7391641139984131,TN,FP
2541,0,0,1,0.5494376420974731,0.7641854882240295,TN,FP
2542,0,0,1,0.5362600088119507,0.7384507060050964,TN,FP
2543,0,0,1,0.5381788015365601,0.700710117816925,TN,FP
2544,0,0,1,0.5211958885192871,0.7014599442481995,TN,FP
2545,0,0,1,0.5297819375991821,0.7156748175621033,TN,FP
2546,0,0,1,0.5132479071617126,0.6783250570297241,TN,FP
2547,0,0,1,0.5189480781555176,0.6597195267677307,TN,FP
2548,0,0,1,0.5311618447303772,0.6437890529632568,TN,FP
2549,0,0,1,0.5131493210792542,0.6430151462554932,TN,FP
2550,0,0,1,0.533877432346344,0.6205549240112305,TN,FP
2551,0,0,1,0.5467628836631775,0.6175971031188965,TN,FP
2552,0,0,1,0.5939557552337646,0.6078169941902161,TN,FP
2553,0,0,1,0.5511142015457153,0.6494287848472595,TN,FP
2554,0,0,1,0.5317285656929016,0.6011463403701782,TN,FP
2555,0,0,1,0.5312669277191162,0.5828233957290649,TN,FP
2556,0,0,1,0.5033934116363525,0.5806335806846619,TN,FP
2557,0,0,1,0.6036177277565002,0.5664555430412292,TN,FP
2558,0,0,1,0.5562544465065002,0.5535857677459717,TN,FP
2559,0,0,1,0.5668507218360901,0.5524652004241943,TN,FP
2560,0,0,1,0.6100252270698547,0.5565118789672852,TN,FP
2561,0,0,1,0.571830689907074,0.572232186794281,TN,FP
2562,0,0,1,0.5960546731948853,0.5546391010284424,TN,FP
2563,0,0,1,0.5758097767829895,0.556226909160614,TN,FP
2564,0,0,1,0.5411303043365479,0.5579733848571777,TN,FP
2565,0,0,1,0.611886203289032,0.5397497415542603,TN,FP
2566,0,0,1,0.5963075757026672,0.5407227873802185,TN,FP
2567,0,0,1,0.5807853937149048,0.541860818862915,TN,FP
2569,0,0,1,0.5706020593643188,0.5518978834152222,TN,FP
2570,0,0,1,0.567965030670166,0.532704770565033,TN,FP
2571,0,0,1,0.6046698689460754,0.5311537384986877,TN,FP
2572,0,0,1,0.5637514591217041,0.538400411605835,TN,FP
2573,0,0,1,0.5757197737693787,0.5354129672050476,TN,FP
2574,0,0,1,0.5661126971244812,0.5290229320526123,TN,FP
2575,0,0,1,0.5894401669502258,0.5381070971488953,TN,FP
2576,0,0,1,0.5657267570495605,0.5540579557418823,TN,FP
2577,0,0,1,0.5624392628669739,0.5385415554046631,TN,FP
2578,0,0,1,0.5717914700508118,0.532315194606781,TN,FP
2579,0,0,1,0.5559980273246765,0.555173933506012,TN,FP
2580,0,0,1,0.5747911334037781,0.5499042272567749,TN,FP
2582,0,0,1,0.5782791376113892,0.5548994541168213,TN,FP
2583,0,0,1,0.5533002614974976,0.5458672642707825,TN,FP
2584,0,0,1,0.5666021704673767,0.5438147187232971,TN,FP
2585,0,0,1,0.5553893446922302,0.5382185578346252,TN,FP
2586,0,0,1,0.5599197149276733,0.5526368618011475,TN,FP
2587,0,0,1,0.5631062984466553,0.5746766924858093,TN,FP
2588,0,0,1,0.5751910209655762,0.6086627840995789,TN,FP
2589,0,0,1,0.5615232586860657,0.5727962255477905,TN,FP
2590,0,0,1,0.5569109916687012,0.5762683153152466,TN,FP
2591,0,0,1,0.5583549737930298,0.6020813584327698,TN,FP
2592,0,0,1,0.586266279220581,0.6102328896522522,TN,FP
2593,0,0,1,0.5703250169754028,0.6178116798400879,TN,FP
2594,0,0,1,0.5962710380554199,0.6279691457748413,TN,FP
2595,0,0,1,0.6102981567382812,0.6362911462783813,TN,FP
2596,0,0,1,0.6077409386634827,0.6318234801292419,TN,FP
2597,0,0,1,0.6121070384979248,0.6502663493156433,TN,FP
2598,0,0,1,0.6065922379493713,0.6432743668556213,TN,FP
2634,0,0,1,0.5531885623931885,1.0779238939285278,TN,FP
2635,0,0,1,0.5414840579032898,1.0768159627914429,TN,FP
2636,0,0,1,0.5402871370315552,1.0452868938446045,TN,FP
2637,0,0,1,0.551533043384552,1.0078415870666504,TN,FP
2638,0,0,1,0.55859375,1.0048797130584717,TN,FP
2639,0,0,1,0.5637524127960205,1.0320780277252197,TN,FP
2640,0,0,1,0.5665856599807739,1.0707734823226929,TN,FP
2641,0,0,1,0.553711473941803,0.9682878851890564,TN,FP
2642,0,0,1,0.5540524125099182,1.0681769847869873,TN,FP
2643,0,0,1,0.5512157678604126,1.0169070959091187,TN,FP
2644,0,0,1,0.5424630641937256,1.063909649848938,TN,FP
2645,0,0,1,0.5488147735595703,1.0675944089889526,TN,FP
2646,0,0,1,0.5476682782173157,1.0029057264328003,TN,FP
2647,0,0,1,0.5654196739196777,0.9646608233451843,TN,FP
2648,0,0,1,0.5535494089126587,1.0221915245056152,TN,FP
2649,0,0,1,0.5697921514511108,1.0392990112304688,TN,FP
2650,0,0,1,0.5710556507110596,1.063697099685669,TN,FP
2651,0,0,1,0.5701072216033936,0.9540734887123108,TN,FP
2652,0,0,1,0.5757664442062378,1.0194281339645386,TN,FP
2653,0,0,1,0.565291702747345,1.0444928407669067,TN,FP
2654,0,0,1,0.5617644786834717,1.0131328105926514,TN,FP
2655,0,0,1,0.5780135989189148,0.9935023784637451,TN,FP
2656,0,0,1,0.5680042505264282,1.0083729028701782,TN,FP
2657,0,0,1,0.5852658748626709,0.9946988821029663,TN,FP
2658,0,0,1,0.5962537527084351,0.987942099571228,TN,FP
2659,0,0,1,0.5922821760177612,1.0085698366165161,TN,FP
2660,0,0,1,0.5906733870506287,1.0438063144683838,TN,FP
2661,0,0,1,0.5856301188468933,1.0199954509735107,TN,FP
2662,0,0,1,0.5818685293197632,0.9680589437484741,TN,FP
2663,0,0,1,0.5819008350372314,0.9397122263908386,TN,FP
2664,0,0,1,0.5947206020355225,0.9945007562637329,TN,FP
2665,0,0,1,0.6017923355102539,1.0012996196746826,TN,FP
2666,0,0,1,0.5773239135742188,1.0078738927841187,TN,FP
2667,0,0,1,0.578376293182373,0.998778223991394,TN,FP
2668,0,0,1,0.5731363892555237,0.9122007489204407,TN,FP
2669,0,0,1,0.5878555774688721,0.9040252566337585,TN,FP
2670,0,0,1,0.5760107636451721,1.0544155836105347,TN,FP
2671,0,0,1,0.5904372334480286,0.9174153804779053,TN,FP
2672,0,0,1,0.5950611233711243,0.9877780675888062,TN,FP
2673,0,0,1,0.5939955711364746,0.9932329058647156,TN,FP
2674,0,0,1,0.5746383666992188,0.938937783241272,TN,FP
2675,0,0,1,0.5792187452316284,0.9594695568084717,TN,FP
2676,0,0,1,0.5712196230888367,0.9335501194000244,TN,FP
2677,0,0,1,0.5713589191436768,0.9260891675949097,TN,FP
2678,0,0,1,0.5744280219078064,0.8751299381256104,TN,FP
2679,0,0,1,0.5646029114723206,0.8589761853218079,TN,FP
2680,0,0,1,0.5575405359268188,0.8700379729270935,TN,FP
2681,0,0,1,0.5584102869033813,0.8723814487457275,TN,FP
2682,0,0,1,0.5660266280174255,0.8600802421569824,TN,FP
2683,0,0,1,0.5772899389266968,0.8861362338066101,TN,FP
2684,0,0,1,0.5641148686408997,0.8889390826225281,TN,FP
2685,0,0,1,0.5734479427337646,0.8314814567565918,TN,FP
2686,0,0,1,0.5777480006217957,0.8246083855628967,TN,FP
2687,0,0,1,0.5573355555534363,0.882341206073761,TN,FP
2688,0,0,1,0.5572585463523865,0.8138977289199829,TN,FP
2689,0,0,1,0.5468230247497559,0.8643506765365601,TN,FP
2690,0,0,1,0.5443354249000549,0.8474335670471191,TN,FP
2691,0,0,1,0.5489158034324646,0.8492369651794434,TN,FP
2692,0,0,1,0.5507243871688843,0.8162537217140198,TN,FP
2693,0,0,1,0.5703186988830566,0.8125359416007996,TN,FP
2694,0,0,1,0.5588074922561646,0.806262195110321,TN,FP
2695,0,0,1,0.5578354001045227,0.8658273220062256,TN,FP
2696,0,0,1,0.5558367371559143,0.7907707095146179,TN,FP
2697,0,0,1,0.551224946975708,0.7632160186767578,TN,FP
2698,0,0,1,0.5459644794464111,0.7547092437744141,TN,FP
2699,0,0,1,0.5342925786972046,0.7385586500167847,TN,FP
2700,0,0,1,0.5592855215072632,0.8023918867111206,TN,FP
2701,0,0,1,0.5712588429450989,0.7528729438781738,TN,FP
2702,0,0,1,0.5495131015777588,0.733379065990448,TN,FP
2703,0,0,1,0.559475302696228,0.7260263562202454,TN,FP
2704,0,0,1,0.5439360737800598,0.7175875306129456,TN,FP
2705,0,0,1,0.5507930517196655,0.7127929925918579,TN,FP
2706,0,0,1,0.5625429749488831,0.7079408168792725,TN,FP
2707,0,0,1,0.548012912273407,0.6986342072486877,TN,FP
2708,0,0,1,0.551287829875946,0.6942198872566223,TN,FP
2709,0,0,1,0.5628781318664551,0.7098786234855652,TN,FP
2710,0,0,1,0.5505363345146179,0.6981195211410522,TN,FP
2711,0,0,1,0.5571221709251404,0.6828582286834717,TN,FP
2712,0,0,1,0.5455915331840515,0.6748344302177429,TN,FP
2713,0,0,1,0.5526783466339111,0.7003137469291687,TN,FP
2714,0,0,1,0.5549762845039368,0.653664231300354,TN,FP
2715,0,0,1,0.565396785736084,0.6449337005615234,TN,FP
2716,0,0,1,0.5619344115257263,0.6517146229743958,TN,FP
2717,0,0,1,0.5505561828613281,0.6360024213790894,TN,FP
2718,0,0,1,0.5586614608764648,0.64116370677948,TN,FP
2719,0,0,1,0.5494420528411865,0.6312969326972961,TN,FP
2720,0,0,1,0.5531139969825745,0.6204016208648682,TN,FP
2721,0,0,1,0.5434932708740234,0.6063898801803589,TN,FP
2722,0,0,1,0.5415162444114685,0.5898522138595581,TN,FP
2723,0,0,1,0.5280104279518127,0.6173191666603088,TN,FP
2724,0,0,1,0.5265229940414429,0.5915445685386658,TN,FP
2725,0,0,1,0.5675939917564392,0.5895246267318726,TN,FP
2726,0,0,1,0.5501030683517456,0.5957881808280945,TN,FP
2727,0,0,1,0.5314276218414307,0.5767911672592163,TN,FP
2728,0,0,1,0.5340755581855774,0.5702278017997742,TN,FP
2729,0,0,1,0.5366094708442688,0.5695216655731201,TN,FP
2730,0,0,1,0.5575340986251831,0.5810908675193787,TN,FP
2731,0,0,1,0.567095935344696,0.6285212635993958,TN,FP
2732,0,0,1,0.5415757894515991,0.5768069624900818,TN,FP
2733,0,0,1,0.5319170951843262,0.5660566091537476,TN,FP
2734,0,0,1,0.5376483798027039,0.5494410991668701,TN,FP
2735,0,0,1,0.5574243068695068,0.5751986503601074,TN,FP
2736,0,0,1,0.5327025055885315,0.5663169622421265,TN,FP
2737,0,0,1,0.5564631819725037,0.5586417317390442,TN,FP
2738,0,0,1,0.5673148036003113,0.5774558782577515,TN,FP
2739,0,0,1,0.539817750453949,0.5726515054702759,TN,FP
2740,0,0,1,0.5842375755310059,0.5858367681503296,TN,FP
2741,0,0,1,0.5430806875228882,0.5494747757911682,TN,FP
2742,0,0,1,0.5610687136650085,0.5523457527160645,TN,FP
2743,0,0,1,0.5348629951477051,0.5568652153015137,TN,FP
2744,0,0,1,0.5485198497772217,0.5505176186561584,TN,FP
2745,0,0,1,0.5675041079521179,0.5446422696113586,TN,FP
2746,0,0,1,0.5774927735328674,0.5641310811042786,TN,FP
2747,0,0,1,0.5572896003723145,0.5535941123962402,TN,FP
2748,0,0,1,0.6044895648956299,0.5500028133392334,TN,FP
2749,0,0,1,0.5869318246841431,0.5628048181533813,TN,FP
2750,0,0,1,0.602763831615448,0.5562931299209595,TN,FP
2752,0,0,1,0.6069015264511108,0.560029923915863,TN,FP
2754,0,0,1,0.5612324476242065,0.5578674077987671,TN,FP
2755,0,0,1,0.5920189023017883,0.5450839996337891,TN,FP
2757,0,0,1,0.5823595523834229,0.5434944033622742,TN,FP
2783,0,0,1,0.49258875846862793,0.6663832664489746,TN,FP
2784,0,0,1,0.4773595333099365,0.6511473059654236,TN,FP
2785,0,0,1,0.5066034197807312,0.8178159594535828,TN,FP
2786,0,0,1,0.4922877252101898,0.6555237770080566,TN,FP
2787,0,0,1,0.49667641520500183,0.6662493348121643,TN,FP
2788,0,0,1,0.4953460395336151,0.6614723801612854,TN,FP
2789,0,0,1,0.48670944571495056,0.6765008568763733,TN,FP
2790,0,0,1,0.4928843677043915,0.6467491388320923,TN,FP
2791,0,0,1,0.4893854558467865,0.6356459856033325,TN,FP
2792,0,0,1,0.5043035745620728,0.6490831971168518,TN,FP
2793,0,0,1,0.497099369764328,0.634824275970459,TN,FP
2794,0,0,1,0.5132484436035156,0.6876879930496216,TN,FP
2795,0,0,1,0.504266619682312,0.6227120161056519,TN,FP
2796,0,0,1,0.5045953392982483,0.6310979723930359,TN,FP
2797,0,0,1,0.5332567095756531,0.6346374750137329,TN,FP
2798,0,0,1,0.5165988802909851,0.6278516054153442,TN,FP
2799,0,0,1,0.512972891330719,0.6118350028991699,TN,FP
2800,0,0,1,0.5077588558197021,0.604002833366394,TN,FP
2801,0,0,1,0.5284391641616821,0.623548686504364,TN,FP
2802,0,0,1,0.49176207184791565,0.5966388583183289,TN,FP
2803,0,0,1,0.5188061594963074,0.6467806100845337,TN,FP
2804,0,0,1,0.5098892450332642,0.6176359057426453,TN,FP
2805,0,0,1,0.5212391018867493,0.6084510684013367,TN,FP
2806,0,0,1,0.5228155255317688,0.6038711667060852,TN,FP
2807,0,0,1,0.5215901732444763,0.6175453066825867,TN,FP
2808,0,0,1,0.5435903072357178,0.6170651912689209,TN,FP
2809,0,0,1,0.520102322101593,0.6141059994697571,TN,FP
2810,0,0,1,0.5201364159584045,0.592144250869751,TN,FP
2811,0,0,1,0.5469099879264832,0.6049180030822754,TN,FP
2812,0,0,1,0.5401809811592102,0.5781667828559875,TN,FP
2813,0,0,1,0.5326123237609863,0.5671597123146057,TN,FP
2814,0,0,1,0.5376270413398743,0.5604009032249451,TN,FP
2815,0,0,1,0.5151247978210449,0.5772179961204529,TN,FP
2816,0,0,1,0.5238589644432068,0.6236023902893066,TN,FP
2817,0,0,1,0.5317277312278748,0.5935994982719421,TN,FP
2818,0,0,1,0.5322820544242859,0.592901885509491,TN,FP
2819,0,0,1,0.5225071907043457,0.5636680722236633,TN,FP
2820,0,0,1,0.5309669971466064,0.5730997920036316,TN,FP
2821,0,0,1,0.5295680165290833,0.572861909866333,TN,FP
2822,0,0,1,0.54303377866745,0.5695903301239014,TN,FP
2823,0,0,1,0.549476683139801,0.5769292712211609,TN,FP
2824,0,0,1,0.5443397760391235,0.5849047303199768,TN,FP
2825,0,0,1,0.5431139469146729,0.5601450204849243,TN,FP
2826,0,0,1,0.5481019020080566,0.6130608916282654,TN,FP
2827,0,0,1,0.5476433038711548,0.579572319984436,TN,FP
2828,0,0,1,0.5597075819969177,0.550630509853363,TN,FP
2829,0,0,1,0.5370781421661377,0.5698481202125549,TN,FP
2830,0,0,1,0.5423271656036377,0.5885068774223328,TN,FP
2831,0,0,1,0.5539615154266357,0.5553776621818542,TN,FP
2832,0,0,1,0.5540855526924133,0.5599350929260254,TN,FP
2833,0,0,1,0.5679124593734741,0.5625972151756287,TN,FP
2834,0,0,1,0.5789974331855774,0.5685407519340515,TN,FP
2835,0,0,1,0.5725625157356262,0.5625244975090027,TN,FP
2836,0,0,1,0.5921960473060608,0.580213725566864,TN,FP
2837,0,0,1,0.5948781371116638,0.5702250003814697,TN,FP
2838,0,0,1,0.5685836672782898,0.5539867877960205,TN,FP
2839,0,0,1,0.5856317281723022,0.5696730613708496,TN,FP
2840,0,0,1,0.5995962619781494,0.55771803855896,TN,FP
2841,0,0,1,0.5807298421859741,0.5656259655952454,TN,FP
2842,0,0,1,0.5708842277526855,0.5614264011383057,TN,FP
2843,0,0,1,0.6068127155303955,0.5573641061782837,TN,FP
2844,0,0,1,0.6082813143730164,0.5567213296890259,TN,FP
2847,0,0,1,0.6033622026443481,0.5622266530990601,TN,FP
2860,0,0,1,0.5274078845977783,0.8902906775474548,TN,FP
2861,0,0,1,0.5323567986488342,0.834388256072998,TN,FP
2862,0,0,1,0.5444302558898926,0.8279803395271301,TN,FP
2863,0,0,1,0.522894561290741,0.8500020503997803,TN,FP
2864,0,0,1,0.5136587023735046,0.803800642490387,TN,FP
2865,0,0,1,0.531381368637085,0.8027990460395813,TN,FP
2866,0,0,1,0.5405027866363525,0.8213686347007751,TN,FP
2867,0,0,1,0.5134651064872742,0.8079778552055359,TN,FP
2868,0,0,1,0.5280634164810181,0.780768632888794,TN,FP
2869,0,0,1,0.525454044342041,0.7970109581947327,TN,FP
2870,0,0,1,0.5425257682800293,0.8081783056259155,TN,FP
2871,0,0,1,0.5297002792358398,0.7724432945251465,TN,FP
2872,0,0,1,0.5303338766098022,0.7815762162208557,TN,FP
2873,0,0,1,0.5209314823150635,0.7670727372169495,TN,FP
2874,0,0,1,0.5538697838783264,0.7681213617324829,TN,FP
2875,0,0,1,0.5399704575538635,0.7655039429664612,TN,FP
2876,0,0,1,0.5626642107963562,0.7544920444488525,TN,FP
2877,0,0,1,0.5323260426521301,0.7499146461486816,TN,FP
2878,0,0,1,0.5392389893531799,0.752643346786499,TN,FP
2879,0,0,1,0.555936872959137,0.7281944751739502,TN,FP
2880,0,0,1,0.5230080485343933,0.760128378868103,TN,FP
2881,0,0,1,0.5411422252655029,0.7081993222236633,TN,FP
2882,0,0,1,0.5073005557060242,0.7184091210365295,TN,FP
2883,0,0,1,0.5170173645019531,0.7032495737075806,TN,FP
2884,0,0,1,0.5329910516738892,0.7135391235351562,TN,FP
2885,0,0,1,0.5364691615104675,0.7058342695236206,TN,FP
2886,0,0,1,0.5311664342880249,0.7132519483566284,TN,FP
2887,0,0,1,0.5343514084815979,0.7151058316230774,TN,FP
2888,0,0,1,0.549206554889679,0.6822716593742371,TN,FP
2889,0,0,1,0.5264633297920227,0.6799706816673279,TN,FP
2890,0,0,1,0.5491278767585754,0.6857857704162598,TN,FP
2891,0,0,1,0.5477368235588074,0.676176905632019,TN,FP
2892,0,0,1,0.5356394052505493,0.6801345944404602,TN,FP
2893,0,0,1,0.5411427617073059,0.6772648692131042,TN,FP
2894,0,0,1,0.5740354061126709,0.6984751224517822,TN,FP
2895,0,0,1,0.5769715309143066,0.6725835204124451,TN,FP
2896,0,0,1,0.5742859840393066,0.6734430193901062,TN,FP
2897,0,0,1,0.5918785333633423,0.6716209650039673,TN,FP
2898,0,0,1,0.5569510459899902,0.6683381795883179,TN,FP
2899,0,0,1,0.5676413178443909,0.6479887366294861,TN,FP
2900,0,0,1,0.5557049512863159,0.6336040496826172,TN,FP
2901,0,0,1,0.5500178933143616,0.6285308003425598,TN,FP
2902,0,0,1,0.5512568950653076,0.6339181065559387,TN,FP
2903,0,0,1,0.5544030666351318,0.6239478588104248,TN,FP
2904,0,0,1,0.5593955516815186,0.6292251944541931,TN,FP
2905,0,0,1,0.5601848363876343,0.6260671019554138,TN,FP
2906,0,0,1,0.5747501254081726,0.6385251879692078,TN,FP
2907,0,0,1,0.5670234560966492,0.6329829692840576,TN,FP
2908,0,0,1,0.5717816352844238,0.6342300176620483,TN,FP
2909,0,0,1,0.5750316977500916,0.6340420246124268,TN,FP
2910,0,0,1,0.5801854133605957,0.6356515288352966,TN,FP
2911,0,0,1,0.5871486067771912,0.6413576602935791,TN,FP
2912,0,0,1,0.5891491174697876,0.6821280717849731,TN,FP
2913,0,0,1,0.5819725394248962,0.6411035060882568,TN,FP
2914,0,0,1,0.6019905209541321,0.6506450772285461,TN,FP
2915,0,0,1,0.594066858291626,0.6527037620544434,TN,FP
2916,0,0,1,0.6089010238647461,0.651456892490387,TN,FP
2917,0,0,1,0.5904269814491272,0.6505481004714966,TN,FP
2918,0,0,1,0.6057023406028748,0.6617586612701416,TN,FP
2932,0,0,1,0.492745578289032,0.8000258803367615,TN,FP
2933,0,0,1,0.5134862065315247,0.7614010572433472,TN,FP
2934,0,0,1,0.49533337354660034,0.7143300771713257,TN,FP
2935,0,0,1,0.4882448613643646,0.7598593235015869,TN,FP
2936,0,0,1,0.5215548872947693,0.750255823135376,TN,FP
2937,0,0,1,0.5015971064567566,0.7233843207359314,TN,FP
2938,0,0,1,0.5120410323143005,0.7333368062973022,TN,FP
2939,0,0,1,0.4789276421070099,0.7102108597755432,TN,FP
2940,0,0,1,0.4902424216270447,0.6999773979187012,TN,FP
2941,0,0,1,0.4969773590564728,0.6926541924476624,TN,FP
2942,0,0,1,0.5093198418617249,0.7436361908912659,TN,FP
2943,0,0,1,0.5091463923454285,0.6933331489562988,TN,FP
2944,0,0,1,0.49038851261138916,0.7066408395767212,TN,FP
2945,0,0,1,0.5368204712867737,0.7039642930030823,TN,FP
2946,0,0,1,0.5267909169197083,0.7262753248214722,TN,FP
2947,0,0,1,0.49843722581863403,0.7027778029441833,TN,FP
2948,0,0,1,0.5028359889984131,0.7018158435821533,TN,FP
2949,0,0,1,0.4937041997909546,0.7336550354957581,TN,FP
2950,0,0,1,0.4874085485935211,0.6995258331298828,TN,FP
2951,0,0,1,0.5026443004608154,0.7034052014350891,TN,FP
2952,0,0,1,0.5239809155464172,0.6887003183364868,TN,FP
2953,0,0,1,0.4983481168746948,0.700925886631012,TN,FP
2954,0,0,1,0.5005764961242676,0.6746861934661865,TN,FP
2955,0,0,1,0.5002543926239014,0.6876559257507324,TN,FP
2956,0,0,1,0.5072067975997925,0.660582959651947,TN,FP
2957,0,0,1,0.5155654549598694,0.6514123678207397,TN,FP
2958,0,0,1,0.5103951096534729,0.6630339026451111,TN,FP
2959,0,0,1,0.5103020071983337,0.6582750678062439,TN,FP
2960,0,0,1,0.533673107624054,0.652881920337677,TN,FP
2961,0,0,1,0.5390082001686096,0.6750048995018005,TN,FP
2962,0,0,1,0.5171190500259399,0.6527870297431946,TN,FP
2963,0,0,1,0.5579901337623596,0.638795018196106,TN,FP
2964,0,0,1,0.547598659992218,0.6810991168022156,TN,FP
2965,0,0,1,0.51690673828125,0.6648913025856018,TN,FP
2966,0,0,1,0.5186344385147095,0.6143415570259094,TN,FP
2967,0,0,1,0.5088414549827576,0.6423786282539368,TN,FP
2968,0,0,1,0.4912984371185303,0.6280566453933716,TN,FP
2969,0,0,1,0.5202686786651611,0.626980721950531,TN,FP
2970,0,0,1,0.5202844142913818,0.5976667404174805,TN,FP
2971,0,0,1,0.511313259601593,0.6279596090316772,TN,FP
2972,0,0,1,0.5048848986625671,0.622270941734314,TN,FP
2973,0,0,1,0.5100735425949097,0.5713679790496826,TN,FP
2974,0,0,1,0.5182382464408875,0.6095136404037476,TN,FP
2975,0,0,1,0.527727484703064,0.6090805530548096,TN,FP
2976,0,0,1,0.49664798378944397,0.5701357126235962,TN,FP
2977,0,0,1,0.5265939831733704,0.5784713625907898,TN,FP
2978,0,0,1,0.4712660312652588,0.5968956351280212,TN,FP
2979,0,0,1,0.5377690196037292,0.58072429895401,TN,FP
2980,0,0,1,0.5493341684341431,0.5396834015846252,TN,FP
2981,0,0,1,0.5146117806434631,0.5757307410240173,TN,FP
2982,0,0,1,0.5060515403747559,0.543215274810791,TN,FP
2983,0,0,1,0.5114179849624634,0.5827044248580933,TN,FP
2984,0,0,1,0.5277265310287476,0.5904991030693054,TN,FP
2985,0,0,1,0.5393114686012268,0.5481138825416565,TN,FP
2986,0,0,1,0.5129411816596985,0.560964822769165,TN,FP
2987,0,0,1,0.5185379981994629,0.5538596510887146,TN,FP
2988,0,0,1,0.5558782815933228,0.5387173295021057,TN,FP
2989,0,0,1,0.5073724389076233,0.5494089722633362,TN,FP
2990,0,0,1,0.5071157217025757,0.5441792011260986,TN,FP
2991,0,0,1,0.5208823680877686,0.5384411811828613,TN,FP
2992,0,0,1,0.5273842811584473,0.5749837160110474,TN,FP
2993,0,0,1,0.5141160488128662,0.5597374439239502,TN,FP
2994,0,0,1,0.5094608068466187,0.5480072498321533,TN,FP
2995,0,0,1,0.5164803862571716,0.5468847155570984,TN,FP
2996,0,0,1,0.5430457592010498,0.5704044103622437,TN,FP
2997,0,0,1,0.5198400020599365,0.5832265615463257,TN,FP
2998,0,0,1,0.5156885385513306,0.5881076455116272,TN,FP
2999,0,0,1,0.5206393599510193,0.6060178875923157,TN,FP
3000,0,0,1,0.523486316204071,0.5674893856048584,TN,FP
3001,0,0,1,0.545663595199585,0.5782278776168823,TN,FP
3002,0,0,1,0.5152294635772705,0.5717210173606873,TN,FP
3003,0,0,1,0.5153492093086243,0.6438866257667542,TN,FP
3004,0,0,1,0.5473814010620117,0.5677759051322937,TN,FP
3005,0,0,1,0.5365687012672424,0.5972874760627747,TN,FP
3006,0,0,1,0.5469706058502197,0.6068853139877319,TN,FP
3007,0,0,1,0.5601866245269775,0.6182395815849304,TN,FP
3008,0,0,1,0.5060415863990784,0.7811007499694824,TN,FP
3009,0,0,1,0.5052143931388855,0.7703149914741516,TN,FP
3010,0,0,1,0.4983441233634949,0.7523861527442932,TN,FP
3011,0,0,1,0.5054640173912048,0.7423825263977051,TN,FP
3012,0,0,1,0.526329755783081,0.7272303700447083,TN,FP
3013,0,0,1,0.498311311006546,0.7256390452384949,TN,FP
3014,0,0,1,0.5065929889678955,0.7417024374008179,TN,FP
3015,0,0,1,0.5213132500648499,0.7143917083740234,TN,FP
3016,0,0,1,0.5192709565162659,0.7410082817077637,TN,FP
3017,0,0,1,0.504613995552063,0.7110196948051453,TN,FP
3018,0,0,1,0.5116718411445618,0.7311100959777832,TN,FP
3019,0,0,1,0.5103772878646851,0.6986861228942871,TN,FP
3020,0,0,1,0.5148742198944092,0.7024306654930115,TN,FP
3021,0,0,1,0.5373544096946716,0.7589769959449768,TN,FP
3022,0,0,1,0.5327253937721252,0.7705565094947815,TN,FP
3023,0,0,1,0.526678204536438,0.6906959414482117,TN,FP
3024,0,0,1,0.5326213240623474,0.7600862979888916,TN,FP
3025,0,0,1,0.5201473832130432,0.689953625202179,TN,FP
3026,0,0,1,0.5434678792953491,0.7249575257301331,TN,FP
3027,0,0,1,0.5060655474662781,0.6755436658859253,TN,FP
3028,0,0,1,0.5309890508651733,0.6415307521820068,TN,FP
3029,0,0,1,0.5253742337226868,0.6436076164245605,TN,FP
3030,0,0,1,0.513450562953949,0.6524698138237,TN,FP
3031,0,0,1,0.518812894821167,0.6683774590492249,TN,FP
3032,0,0,1,0.5373141765594482,0.6873049736022949,TN,FP
3033,0,0,1,0.5209844708442688,0.6948308348655701,TN,FP
3034,0,0,1,0.5220994353294373,0.6248758435249329,TN,FP
3035,0,0,1,0.50033038854599,0.6095333695411682,TN,FP
3036,0,0,1,0.5034192204475403,0.615487277507782,TN,FP
3037,0,0,1,0.509537398815155,0.6105897426605225,TN,FP
3038,0,0,1,0.4967544674873352,0.5983394384384155,TN,FP
3039,0,0,1,0.49463677406311035,0.5885114073753357,TN,FP
3040,0,0,1,0.4898315370082855,0.5805712938308716,TN,FP
3041,0,0,1,0.5134816765785217,0.6013858914375305,TN,FP
3042,0,0,1,0.4978012442588806,0.6124072074890137,TN,FP
3043,0,0,1,0.48947662115097046,0.5761141777038574,TN,FP
3044,0,0,1,0.5125438570976257,0.5819302797317505,TN,FP
3045,0,0,1,0.49607789516448975,0.5835619568824768,TN,FP
3046,0,0,1,0.5160914659500122,0.5785685777664185,TN,FP
3047,0,0,1,0.49165594577789307,0.5624168515205383,TN,FP
3048,0,0,1,0.496313214302063,0.5572053790092468,TN,FP
3049,0,0,1,0.5173870921134949,0.5702359676361084,TN,FP
3050,0,0,1,0.5056539177894592,0.5605092644691467,TN,FP
3051,0,0,1,0.5289896726608276,0.5500656366348267,TN,FP
3052,0,0,1,0.5005725622177124,0.554408073425293,TN,FP
3053,0,0,1,0.5226925015449524,0.5770599246025085,TN,FP
3054,0,0,1,0.5198567509651184,0.5531547665596008,TN,FP
3055,0,0,1,0.5361401438713074,0.5648348331451416,TN,FP
3056,0,0,1,0.5481094717979431,0.5569548606872559,TN,FP
3057,0,0,1,0.5564501285552979,0.5697804689407349,TN,FP
3058,0,0,1,0.5251262784004211,0.5609878301620483,TN,FP
3059,0,0,1,0.5426623821258545,0.5560315251350403,TN,FP
3060,0,0,1,0.5519416928291321,0.5588277578353882,TN,FP
3061,0,0,1,0.5298816561698914,0.5619755983352661,TN,FP
3062,0,0,1,0.5453882813453674,0.5521597266197205,TN,FP
3063,0,0,1,0.5297592878341675,0.5800591111183167,TN,FP
3064,0,0,1,0.5805068016052246,0.5458382368087769,TN,FP
3065,0,0,1,0.5182985067367554,0.5425460338592529,TN,FP
3066,0,0,1,0.5378534197807312,0.5400809645652771,TN,FP
3067,0,0,1,0.5554783344268799,0.5385357141494751,TN,FP
3068,0,0,1,0.5679259300231934,0.5441210269927979,TN,FP
3069,0,0,1,0.5637651681900024,0.5597492456436157,TN,FP
3070,0,0,1,0.5655089616775513,0.542003870010376,TN,FP
3071,0,0,1,0.5772070288658142,0.5340156555175781,TN,FP
3072,0,0,1,0.5782667994499207,0.5241029858589172,TN,FP
3073,0,0,1,0.5813519358634949,0.5298428535461426,TN,FP
3074,0,0,1,0.5484875440597534,0.5322214365005493,TN,FP
3075,0,0,1,0.5960959792137146,0.5354084372520447,TN,FP
3076,0,0,1,0.579791784286499,0.5708492398262024,TN,FP
3077,0,0,1,0.5665318965911865,0.5344297885894775,TN,FP
3078,0,0,1,0.5519822835922241,0.5421139597892761,TN,FP
3079,0,0,1,0.5806143283843994,0.5351879000663757,TN,FP
3080,0,0,1,0.5989181399345398,0.5414939522743225,TN,FP
3081,0,0,1,0.5994347333908081,0.5304952263832092,TN,FP
3082,0,0,1,0.5790806412696838,0.5249040126800537,TN,FP
3083,0,0,1,0.5857774615287781,0.529663622379303,TN,FP
3084,0,0,1,0.59642094373703,0.5403106808662415,TN,FP
3094,0,0,1,0.5931122303009033,0.9860165119171143,TN,FP
3095,0,0,1,0.6102694272994995,0.9802137613296509,TN,FP
3099,0,0,1,0.611494779586792,0.9644998908042908,TN,FP
3103,0,0,1,0.5962766408920288,0.9367615580558777,TN,FP
3125,0,0,1,0.6116990447044373,0.8638373613357544,TN,FP
3126,0,0,1,0.6052053570747375,0.8515234589576721,TN,FP
3130,0,0,1,0.6092565655708313,0.847513735294342,TN,FP
3170,0,0,1,0.6028946042060852,1.0408697128295898,TN,FP
3172,0,0,1,0.5795525908470154,1.0280417203903198,TN,FP
3173,0,0,1,0.5960144400596619,1.0170520544052124,TN,FP
3175,0,0,1,0.5878081321716309,1.0250266790390015,TN,FP
3176,0,0,1,0.5835431814193726,0.9809055924415588,TN,FP
3177,0,0,1,0.5857285857200623,0.9862684607505798,TN,FP
3178,0,0,1,0.5890476703643799,0.9884111285209656,TN,FP
3179,0,0,1,0.5978902578353882,1.000374674797058,TN,FP
3180,0,0,1,0.5801956653594971,0.9826982021331787,TN,FP
3181,0,0,1,0.5874124765396118,0.9762895703315735,TN,FP
3182,0,0,1,0.5887411236763,0.9809393882751465,TN,FP
3184,0,0,1,0.607332706451416,0.9703930616378784,TN,FP
3185,0,0,1,0.560962438583374,0.9572120904922485,TN,FP
3187,0,0,1,0.6025547981262207,0.9472435712814331,TN,FP
3188,0,0,1,0.5903708338737488,0.9531585574150085,TN,FP
3190,0,0,1,0.5786693096160889,0.9301520586013794,TN,FP
3191,0,0,1,0.5879315733909607,0.9306517839431763,TN,FP
3192,0,0,1,0.6084747314453125,0.9679189324378967,TN,FP
3195,0,0,1,0.6075273156166077,0.9137975573539734,TN,FP
3196,0,0,1,0.5986038446426392,0.9019478559494019,TN,FP
3199,0,0,1,0.5967552065849304,0.8824163675308228,TN,FP
3200,0,0,1,0.593606173992157,0.8615893721580505,TN,FP
3201,0,0,1,0.6044628024101257,0.8776199817657471,TN,FP
3202,0,0,1,0.5959939360618591,0.8473166823387146,TN,FP
3203,0,0,1,0.5848716497421265,0.8365428447723389,TN,FP
3204,0,0,1,0.5800816416740417,0.8262542486190796,TN,FP
3205,0,0,1,0.5864642858505249,0.8416194915771484,TN,FP
3206,0,0,1,0.5851477980613708,0.8390835523605347,TN,FP
3207,0,0,1,0.5795530676841736,0.8100827932357788,TN,FP
3208,0,0,1,0.5743476152420044,0.809313178062439,TN,FP
3209,0,0,1,0.5944254994392395,0.8117529153823853,TN,FP
3210,0,0,1,0.5562834143638611,0.7911017537117004,TN,FP
3211,0,0,1,0.546932578086853,0.7840097546577454,TN,FP
3212,0,0,1,0.587799608707428,0.7832658886909485,TN,FP
3213,0,0,1,0.577304482460022,0.7762448787689209,TN,FP
3214,0,0,1,0.5750276446342468,0.777382493019104,TN,FP
3215,0,0,1,0.5724817514419556,0.7667811512947083,TN,FP
3216,0,0,1,0.5529606342315674,0.7476428747177124,TN,FP
3217,0,0,1,0.5367149114608765,0.7379041910171509,TN,FP
3218,0,0,1,0.5561900734901428,0.7263164520263672,TN,FP
3219,0,0,1,0.5603115558624268,0.7280504703521729,TN,FP
3220,0,0,1,0.5715479254722595,0.7300955057144165,TN,FP
3221,0,0,1,0.5564512014389038,0.719565749168396,TN,FP
3222,0,0,1,0.5639508366584778,0.7259414792060852,TN,FP
3223,0,0,1,0.5506537556648254,0.7076645493507385,TN,FP
3224,0,0,1,0.5571422576904297,0.7404394745826721,TN,FP
3225,0,0,1,0.5648929476737976,0.6973075866699219,TN,FP
3226,0,0,1,0.5618535280227661,0.7014898061752319,TN,FP
3227,0,0,1,0.5636034607887268,0.6896861791610718,TN,FP
3228,0,0,1,0.5637953281402588,0.7383858561515808,TN,FP
3229,0,0,1,0.5665375590324402,0.697856605052948,TN,FP
3230,0,0,1,0.5726101398468018,0.6935098171234131,TN,FP
3231,0,0,1,0.5751562118530273,0.6861860752105713,TN,FP
3232,0,0,1,0.5858120322227478,0.677041232585907,TN,FP
3233,0,0,1,0.5850294232368469,0.6757726073265076,TN,FP
3234,0,0,1,0.5812066793441772,0.6919538378715515,TN,FP
3235,0,0,1,0.5745347738265991,0.6846424341201782,TN,FP
3236,0,0,1,0.5779139995574951,0.7248249053955078,TN,FP
3237,0,0,1,0.5835663080215454,0.6719658374786377,TN,FP
3238,0,0,1,0.5927760601043701,0.6917387247085571,TN,FP
3239,0,0,1,0.5888085961341858,0.6885778307914734,TN,FP
3240,0,0,1,0.5691410303115845,0.692955732345581,TN,FP
3241,0,0,1,0.5970901846885681,0.697171151638031,TN,FP
3242,0,0,1,0.5827311277389526,0.6995403170585632,TN,FP
3243,0,0,1,0.5798634886741638,0.7089980840682983,TN,FP
3244,0,0,1,0.5619567036628723,0.7629544734954834,TN,FP
3246,0,0,1,0.5720257759094238,0.7476450204849243,TN,FP
3247,0,0,1,0.5728517770767212,0.7611751556396484,TN,FP
3248,0,0,1,0.6050060391426086,0.7843164205551147,TN,FP
3250,0,0,1,0.6092497110366821,0.8950636982917786,TN,FP
3273,0,0,1,0.5642567276954651,0.6534330248832703,TN,FP
3274,0,0,1,0.544888436794281,0.6430560350418091,TN,FP
3275,0,0,1,0.5336390137672424,0.6456369161605835,TN,FP
3276,0,0,1,0.5667389631271362,0.6415531039237976,TN,FP
3277,0,0,1,0.5541648268699646,0.6352179050445557,TN,FP
3278,0,0,1,0.5448418259620667,0.6548255681991577,TN,FP
3279,0,0,1,0.5345108509063721,0.6447269320487976,TN,FP
3280,0,0,1,0.5189474821090698,0.6171860694885254,TN,FP
3281,0,0,1,0.5324228405952454,0.6325228810310364,TN,FP
3282,0,0,1,0.549095094203949,0.6237009167671204,TN,FP
3283,0,0,1,0.5545543432235718,0.6215193271636963,TN,FP
3284,0,0,1,0.5366815328598022,0.6328830122947693,TN,FP
3285,0,0,1,0.5738536715507507,0.6288841366767883,TN,FP
3286,0,0,1,0.5249723196029663,0.6096757650375366,TN,FP
3287,0,0,1,0.5260828733444214,0.6068486571311951,TN,FP
3288,0,0,1,0.5483254790306091,0.6114031672477722,TN,FP
3289,0,0,1,0.5400611758232117,0.6212394833564758,TN,FP
3290,0,0,1,0.5288805365562439,0.6101016998291016,TN,FP
3291,0,0,1,0.5262943506240845,0.6153386831283569,TN,FP
3292,0,0,1,0.5053830146789551,0.6326788067817688,TN,FP
3293,0,0,1,0.5104276537895203,0.6089732646942139,TN,FP
3294,0,0,1,0.5277284383773804,0.5926409959793091,TN,FP
3295,0,0,1,0.5060631036758423,0.6035826206207275,TN,FP
3296,0,0,1,0.5275171995162964,0.5850085020065308,TN,FP
3297,0,0,1,0.5289151668548584,0.5984970331192017,TN,FP
3298,0,0,1,0.5300297141075134,0.6070154905319214,TN,FP
3299,0,0,1,0.5303733944892883,0.6183082461357117,TN,FP
3300,0,0,1,0.5279000401496887,0.634655773639679,TN,FP
3301,0,0,1,0.5408985614776611,0.6200392842292786,TN,FP
3302,0,0,1,0.5563526749610901,0.6076161861419678,TN,FP
3303,0,0,1,0.5292878150939941,0.6026902794837952,TN,FP
3304,0,0,1,0.5391880869865417,0.6057826280593872,TN,FP
3305,0,0,1,0.5225122570991516,0.6020790338516235,TN,FP
3306,0,0,1,0.539610743522644,0.600277841091156,TN,FP
3307,0,0,1,0.5386223793029785,0.6063105463981628,TN,FP
3308,0,0,1,0.5321667790412903,0.6016777157783508,TN,FP
3309,0,0,1,0.5451391339302063,0.6042367815971375,TN,FP
3310,0,0,1,0.5266468524932861,0.609299898147583,TN,FP
3311,0,0,1,0.5470916628837585,0.613217830657959,TN,FP
3312,0,0,1,0.5538045167922974,0.607835590839386,TN,FP
3313,0,0,1,0.5459338426589966,0.6012863516807556,TN,FP
3314,0,0,1,0.543398916721344,0.6171661615371704,TN,FP
3315,0,0,1,0.541176974773407,0.5984222292900085,TN,FP
3316,0,0,1,0.5306431651115417,0.5978620648384094,TN,FP
3317,0,0,1,0.5290826559066772,0.5905442237854004,TN,FP
3318,0,0,1,0.5318684577941895,0.5926458835601807,TN,FP
3319,0,0,1,0.5215235948562622,0.6040642261505127,TN,FP
3320,0,0,1,0.5231342911720276,0.5770772695541382,TN,FP
3321,0,0,1,0.5378801822662354,0.5840008854866028,TN,FP
3322,0,0,1,0.5409821271896362,0.5833654403686523,TN,FP
3323,0,0,1,0.5326902270317078,0.5850821733474731,TN,FP
3324,0,0,1,0.5212623476982117,0.5844650864601135,TN,FP
3325,0,0,1,0.5306742787361145,0.5869120955467224,TN,FP
3326,0,0,1,0.5274137258529663,0.5829446315765381,TN,FP
3327,0,0,1,0.5176441669464111,0.5793028473854065,TN,FP
3328,0,0,1,0.5267494320869446,0.5787787437438965,TN,FP
3329,0,0,1,0.5382468700408936,0.5828899145126343,TN,FP
3330,0,0,1,0.542244553565979,0.5846866369247437,TN,FP
3331,0,0,1,0.5434884428977966,0.5807043313980103,TN,FP
3332,0,0,1,0.5359110832214355,0.5843321681022644,TN,FP
3333,0,0,1,0.5538656115531921,0.6122654676437378,TN,FP
3334,0,0,1,0.5431670546531677,0.5833461880683899,TN,FP
3335,0,0,1,0.5345801115036011,0.5819050073623657,TN,FP
3336,0,0,1,0.5382280349731445,0.5944947600364685,TN,FP
3337,0,0,1,0.5346510410308838,0.5797107815742493,TN,FP
3338,0,0,1,0.5440831184387207,0.5783748030662537,TN,FP
3339,0,0,1,0.5140305757522583,0.5550758838653564,TN,FP
3340,0,0,1,0.5225460529327393,0.5658859014511108,TN,FP
3341,0,0,1,0.5443551540374756,0.5927132368087769,TN,FP
3342,0,0,1,0.5541101694107056,0.5884146094322205,TN,FP
3343,0,0,1,0.5539318919181824,0.5918960571289062,TN,FP
3344,0,0,1,0.5541720390319824,0.5943784713745117,TN,FP
3345,0,0,1,0.5604351162910461,0.594346821308136,TN,FP
3346,0,0,1,0.5483423471450806,0.58884596824646,TN,FP
3347,0,0,1,0.5355516672134399,0.5727195739746094,TN,FP
3348,0,0,1,0.5368001461029053,0.5662034153938293,TN,FP
3349,0,0,1,0.524125874042511,0.5540740489959717,TN,FP
3350,0,0,1,0.5272378325462341,0.5522782802581787,TN,FP
3351,0,0,1,0.5281876921653748,0.5763858556747437,TN,FP
3352,0,0,1,0.5287702679634094,0.5647052526473999,TN,FP
3353,0,0,1,0.5216414928436279,0.559879720211029,TN,FP
3354,0,0,1,0.5148987174034119,0.5628918409347534,TN,FP
3355,0,0,1,0.5147624611854553,0.5635157227516174,TN,FP
3356,0,0,1,0.5316051840782166,0.5596171021461487,TN,FP
3357,0,0,1,0.5233013033866882,0.5687177181243896,TN,FP
3358,0,0,1,0.5224385857582092,0.5685393214225769,TN,FP
3359,0,0,1,0.511207103729248,0.5844668745994568,TN,FP
3360,0,0,1,0.5292098522186279,0.5802679657936096,TN,FP
3361,0,0,1,0.5227702260017395,0.7605757713317871,TN,FP
3362,0,0,1,0.5273773670196533,1.3992294073104858,TN,FP
3363,0,0,1,0.5201367139816284,1.296144962310791,TN,FP
3364,0,0,1,0.5250649452209473,1.3516013622283936,TN,FP
3365,0,0,1,0.5208303928375244,0.5534070730209351,TN,FP
3366,0,0,1,0.5370241403579712,0.5784738659858704,TN,FP
3367,0,0,1,0.5203983783721924,0.5756239891052246,TN,FP
3368,0,0,1,0.5342738628387451,0.5613778829574585,TN,FP
3369,0,0,1,0.5091246962547302,0.5999830365180969,TN,FP
3370,0,0,1,0.4988439083099365,1.139136791229248,TN,FP
3371,0,0,1,0.5217164754867554,1.187260389328003,TN,FP
3372,0,0,1,0.5096141695976257,1.155553936958313,TN,FP
3373,0,0,1,0.5114552974700928,1.2490252256393433,TN,FP
3374,0,0,1,0.5155730247497559,1.1307718753814697,TN,FP
3375,0,0,1,0.5146722197532654,1.1671150922775269,TN,FP
3376,0,0,1,0.5174804925918579,1.114880084991455,TN,FP
3377,0,0,1,0.5522864460945129,1.1303960084915161,TN,FP
3378,0,0,1,0.5105553269386292,1.128261685371399,TN,FP
3379,0,0,1,0.5119073390960693,1.127954363822937,TN,FP
3380,0,0,1,0.5049565434455872,1.0591078996658325,TN,FP
3381,0,0,1,0.5132976770401001,1.0453921556472778,TN,FP
3382,0,0,1,0.5174188017845154,1.0367509126663208,TN,FP
3383,0,0,1,0.5168867111206055,1.048862099647522,TN,FP
3384,0,0,1,0.5183899402618408,0.686758279800415,TN,FP
3385,0,0,1,0.522030234336853,1.0070087909698486,TN,FP
3386,0,0,1,0.5636909604072571,1.0246013402938843,TN,FP
3387,0,0,1,0.514071524143219,1.0657061338424683,TN,FP
3388,0,0,1,0.521227240562439,1.0247958898544312,TN,FP
3389,0,0,1,0.5261433124542236,0.9538514614105225,TN,FP
3390,0,0,1,0.5190597772598267,0.9363152980804443,TN,FP
3391,0,0,1,0.5107080340385437,0.9100098609924316,TN,FP
3392,0,0,1,0.5219379663467407,1.1257952451705933,TN,FP
3393,0,0,1,0.5090758800506592,0.9422685503959656,TN,FP
3394,0,0,1,0.5091061592102051,0.9246721863746643,TN,FP
3395,0,0,1,0.5083791613578796,0.8861058950424194,TN,FP
3396,0,0,1,0.560731828212738,0.582095205783844,TN,FP
3397,0,0,1,0.5733786821365356,0.5855276584625244,TN,FP
3398,0,0,1,0.5898770093917847,0.5817148089408875,TN,FP
3399,0,0,1,0.5807219743728638,0.5857799053192139,TN,FP
3400,0,0,1,0.571454644203186,0.583474338054657,TN,FP
3401,0,0,1,0.5545927286148071,0.5927966833114624,TN,FP
3402,0,0,1,0.5667997002601624,0.5796025991439819,TN,FP
3403,0,0,1,0.5626435279846191,0.5719120502471924,TN,FP
3404,0,0,1,0.5573957562446594,0.5571916103363037,TN,FP
3405,0,0,1,0.5555145740509033,0.564767599105835,TN,FP
3406,0,0,1,0.5554487705230713,0.5589373111724854,TN,FP
3407,0,0,1,0.5786105990409851,0.5901814103126526,TN,FP
3408,0,0,1,0.5741403102874756,0.5775639414787292,TN,FP
3409,0,0,1,0.5761643052101135,0.5780721306800842,TN,FP
3410,0,0,1,0.5649476647377014,0.5729933381080627,TN,FP
3411,0,0,1,0.5636285543441772,0.5701541304588318,TN,FP
3412,0,0,1,0.5651142001152039,0.5831935405731201,TN,FP
3413,0,0,1,0.540477991104126,0.5480936169624329,TN,FP
3414,0,0,1,0.5354462265968323,0.5915041565895081,TN,FP
3415,0,0,1,0.5359223484992981,0.5401369333267212,TN,FP
3416,0,0,1,0.5380845665931702,0.5449743270874023,TN,FP
3417,0,0,1,0.5264801383018494,0.5525206923484802,TN,FP
3418,0,0,1,0.5273927450180054,0.5398809313774109,TN,FP
3419,0,0,1,0.5156018733978271,0.5352174043655396,TN,FP
3420,0,0,1,0.5252290964126587,0.5260204076766968,TN,FP
3421,0,0,1,0.5273441076278687,0.5386028289794922,TN,FP
3422,0,0,1,0.5211132764816284,0.529808521270752,TN,FP
3423,0,0,1,0.5248745083808899,0.5244481563568115,TN,FP
3424,0,0,1,0.5156917572021484,0.521411120891571,TN,FP
3425,0,0,1,0.5360597372055054,0.5540227293968201,TN,FP
3426,0,0,1,0.5293399095535278,0.5269898772239685,TN,FP
3427,0,0,1,0.5195370316505432,0.5221648216247559,TN,FP
3428,0,0,1,0.5164704322814941,0.523521363735199,TN,FP
3429,0,0,1,0.5088567137718201,0.5139515399932861,TN,FP
3430,0,0,1,0.50969398021698,0.5247687697410583,TN,FP
3431,0,0,1,0.5219082236289978,0.5256059765815735,TN,FP
3432,0,0,1,0.5186408162117004,0.5167762637138367,TN,FP
3433,0,0,1,0.5105856657028198,0.5227630734443665,TN,FP
3434,0,0,1,0.5153238773345947,0.5201408863067627,TN,FP
3435,0,0,1,0.5165872573852539,0.515350878238678,TN,FP
3436,0,0,1,0.5224025845527649,0.5098738074302673,TN,FP
3437,0,0,1,0.49916407465934753,0.5212404727935791,TN,FP
3438,0,0,1,0.5085322260856628,0.5114407539367676,TN,FP
3439,0,0,1,0.5102694630622864,0.5132479071617126,TN,FP
3440,0,0,1,0.49947598576545715,0.5018603205680847,TN,FP
3441,0,0,1,0.5122533440589905,0.5081688761711121,TN,FP
3442,0,0,1,0.5041412115097046,0.5174838304519653,TN,FP
3443,0,0,1,0.4976853132247925,0.5043814778327942,TN,FP
3444,0,0,1,0.48752129077911377,0.4965837895870209,TN,FP
3445,0,0,1,0.5005646347999573,0.5045515894889832,TN,FP
3446,0,0,1,0.5116115808486938,0.5120602250099182,TN,FP
3447,0,0,1,0.5002189874649048,0.5087910890579224,TN,FP
3450,0,0,1,0.4933159649372101,0.5110180974006653,TN,FP
3451,0,0,1,0.4864221513271332,0.4944956600666046,TN,FP
3453,0,0,1,0.4948808252811432,0.5050353407859802,TN,FP
3454,0,0,1,0.4938778579235077,0.5029756426811218,TN,FP
3466,0,0,1,0.47798779606819153,0.49596089124679565,TN,FP
3469,0,0,1,0.4865511655807495,0.5023003220558167,TN,FP
3470,0,0,1,0.48150399327278137,0.5001064538955688,TN,FP
3504,0,0,1,0.5882073640823364,0.6509273052215576,TN,FP
3520,0,0,1,0.6066515445709229,0.6891818046569824,TN,FP
3546,0,0,1,0.6004884839057922,0.6902278661727905,TN,FP
3548,0,0,1,0.6104509830474854,0.668302595615387,TN,FP
3550,0,0,1,0.6111575365066528,0.6677789092063904,TN,FP
3553,0,0,1,0.6023762226104736,0.6829421520233154,TN,FP
3554,0,0,1,0.6017197370529175,0.6708019971847534,TN,FP
3555,0,0,1,0.5895322561264038,0.6768366098403931,TN,FP
3556,0,0,1,0.5737118721008301,0.6835545301437378,TN,FP
3557,0,0,1,0.5871998071670532,0.6739634871482849,TN,FP
3558,0,0,1,0.5859100222587585,0.6694128513336182,TN,FP
3559,0,0,1,0.5859215259552002,0.6614003777503967,TN,FP
3560,0,0,1,0.5955324769020081,0.6405522227287292,TN,FP
3561,0,0,1,0.5569620132446289,0.6658014059066772,TN,FP
3562,0,0,1,0.5584948062896729,0.6235819458961487,TN,FP
3563,0,0,1,0.5638311505317688,0.659727931022644,TN,FP
3564,0,0,1,0.5782350301742554,0.6520393490791321,TN,FP
3565,0,0,1,0.5549184083938599,0.6381756067276001,TN,FP
3566,0,0,1,0.5606948733329773,0.6633093357086182,TN,FP
3567,0,0,1,0.5728943347930908,0.7041084170341492,TN,FP
3568,0,0,1,0.5717504620552063,0.7120163440704346,TN,FP
3569,0,0,1,0.5618942975997925,0.7078296542167664,TN,FP
3570,0,0,1,0.5877996683120728,0.7159442901611328,TN,FP
3571,0,0,1,0.5563154816627502,0.6878925561904907,TN,FP
3572,0,0,1,0.5731990933418274,0.6192812919616699,TN,FP
3573,0,0,1,0.5854376554489136,0.7034543752670288,TN,FP
3574,0,0,1,0.5963484048843384,0.7639163136482239,TN,FP
3575,0,0,1,0.5814691781997681,0.7939856648445129,TN,FP
3576,0,0,1,0.5955269932746887,0.8044254779815674,TN,FP
3577,0,0,1,0.5949808359146118,0.814995288848877,TN,FP
3578,0,0,1,0.5950976610183716,0.7294216156005859,TN,FP
3579,0,0,1,0.583182156085968,0.8555110096931458,TN,FP
3580,0,0,1,0.6089246273040771,0.7289621233940125,TN,FP
3581,0,0,1,0.5829812288284302,0.727874755859375,TN,FP
3582,0,0,1,0.5700686573982239,0.7598333954811096,TN,FP
3583,0,0,1,0.5670396089553833,0.7608900666236877,TN,FP
3584,0,0,1,0.588853120803833,0.7301791906356812,TN,FP
3585,0,0,1,0.5749685764312744,1.0662628412246704,TN,FP
3586,0,0,1,0.5500781536102295,0.7096703052520752,TN,FP
3587,0,0,1,0.5541849136352539,0.6958749890327454,TN,FP
3588,0,0,1,0.5756767392158508,0.9683874249458313,TN,FP
3589,0,0,1,0.5749102234840393,0.8526696562767029,TN,FP
3590,0,0,1,0.5733662843704224,0.876749575138092,TN,FP
3591,0,0,1,0.5760068297386169,0.9532209634780884,TN,FP
3592,0,0,1,0.5410378575325012,0.8543161749839783,TN,FP
3593,0,0,1,0.5605899095535278,1.1750226020812988,TN,FP
3594,0,0,1,0.5602090954780579,0.8744027614593506,TN,FP
3595,0,0,1,0.5743758678436279,0.9774169325828552,TN,FP
3596,0,0,1,0.5488008856773376,0.7896502017974854,TN,FP
3597,0,0,1,0.5576725006103516,1.1586405038833618,TN,FP
3598,0,0,1,0.5202111601829529,0.8649803400039673,TN,FP
3599,0,0,1,0.55491042137146,1.1383897066116333,TN,FP
3600,0,0,1,0.5618162751197815,1.1092473268508911,TN,FP
3601,0,0,1,0.5674465894699097,1.0867472887039185,TN,FP
3602,0,0,1,0.5598549246788025,1.0986384153366089,TN,FP
3603,0,0,1,0.5479435920715332,1.1095902919769287,TN,FP
3604,0,0,1,0.5377034544944763,1.1145029067993164,TN,FP
3605,0,0,1,0.5490511059761047,1.1286382675170898,TN,FP
3606,0,0,1,0.5348447561264038,1.0969648361206055,TN,FP
3607,0,0,1,0.5319651365280151,1.1007111072540283,TN,FP
3608,0,0,1,0.5081907510757446,1.0863935947418213,TN,FP
3609,0,0,1,0.5207046866416931,1.0936157703399658,TN,FP
3610,0,0,1,0.5115383267402649,1.0763840675354004,TN,FP
3611,0,0,1,0.5036858916282654,1.06327223777771,TN,FP
3612,0,0,1,0.5184889435768127,1.0636340379714966,TN,FP
3613,0,0,1,0.5153309106826782,1.0662357807159424,TN,FP
3614,0,0,1,0.5186032652854919,1.068946123123169,TN,FP
3615,0,0,1,0.5347962379455566,1.0775327682495117,TN,FP
3616,0,0,1,0.5118899345397949,1.063053011894226,TN,FP
3617,0,0,1,0.5258694291114807,1.0573416948318481,TN,FP
3618,0,0,1,0.518481969833374,1.06597101688385,TN,FP
3619,0,0,1,0.5464234948158264,1.093382477760315,TN,FP
3620,0,0,1,0.5326070785522461,1.0941168069839478,TN,FP
3621,0,0,1,0.5403923392295837,1.085705041885376,TN,FP
3622,0,0,1,0.5278533697128296,1.0922913551330566,TN,FP
3623,0,0,1,0.5305318236351013,1.1036282777786255,TN,FP
3624,0,0,1,0.5396018028259277,1.1075644493103027,TN,FP
3625,0,0,1,0.5166552662849426,0.5130254626274109,TN,FP
3626,0,0,1,0.5163062214851379,0.511070191860199,TN,FP
3627,0,0,1,0.520966112613678,0.5202407240867615,TN,FP
3628,0,0,1,0.5244342684745789,0.5152357220649719,TN,FP
3629,0,0,1,0.5241373777389526,0.5161784887313843,TN,FP
3630,0,0,1,0.5236284732818604,0.5149616003036499,TN,FP
3631,0,0,1,0.5179085731506348,0.509387731552124,TN,FP
3632,0,0,1,0.5273597240447998,0.5078352093696594,TN,FP
3633,0,0,1,0.5193566679954529,0.5119839310646057,TN,FP
3634,0,0,1,0.5063554644584656,0.5021183490753174,TN,FP
3635,0,0,1,0.543866753578186,0.5138144493103027,TN,FP
3636,0,0,1,0.5132178068161011,0.5079447031021118,TN,FP
3637,0,0,1,0.5229417085647583,0.5047581195831299,TN,FP
3638,0,0,1,0.522530734539032,0.5109937191009521,TN,FP
3639,0,0,1,0.541841983795166,0.5167922377586365,TN,FP
3640,0,0,1,0.5178356170654297,0.5169064998626709,TN,FP
3641,0,0,1,0.5175398588180542,0.5172263979911804,TN,FP
3642,0,0,1,0.5228943824768066,0.5122334361076355,TN,FP
3643,0,0,1,0.5032895803451538,0.5063478350639343,TN,FP
3644,0,0,1,0.5186846256256104,0.5019269585609436,TN,FP
3645,0,0,1,0.5296008586883545,0.5045304894447327,TN,FP
3646,0,0,1,0.5180408954620361,0.5067211985588074,TN,FP
3647,0,0,1,0.5013332366943359,0.5062004327774048,TN,FP
3648,0,0,1,0.4956997334957123,0.49517494440078735,TN,FP
3654,0,0,1,0.5524013638496399,1.0145891904830933,TN,FP
3655,0,0,1,0.5953596234321594,0.9765194058418274,TN,FP
3656,0,0,1,0.6028967499732971,1.0204522609710693,TN,FP
3657,0,0,1,0.5885035991668701,1.0392513275146484,TN,FP
3659,0,0,1,0.5767948627471924,1.0067623853683472,TN,FP
3660,0,0,1,0.5903201103210449,0.9643566012382507,TN,FP
3661,0,0,1,0.5871298313140869,0.9969830513000488,TN,FP
3662,0,0,1,0.598854660987854,0.9826270937919617,TN,FP
3663,0,0,1,0.5668799877166748,0.9964428544044495,TN,FP
3664,0,0,1,0.5804554224014282,0.9819259643554688,TN,FP
3665,0,0,1,0.5550153851509094,1.0126240253448486,TN,FP
3666,0,0,1,0.5653744339942932,0.9266123175621033,TN,FP
3667,0,0,1,0.5766903162002563,0.9751753211021423,TN,FP
3668,0,0,1,0.5652305483818054,1.0024160146713257,TN,FP
3669,0,0,1,0.5947169661521912,0.9723110795021057,TN,FP
3670,0,0,1,0.552086591720581,0.9992226362228394,TN,FP
3671,0,0,1,0.5704966187477112,1.003036618232727,TN,FP
3672,0,0,1,0.5669397711753845,0.9512986540794373,TN,FP
3673,0,0,1,0.5538145303726196,0.9563243985176086,TN,FP
3674,0,0,1,0.5745235681533813,0.9285258650779724,TN,FP
3675,0,0,1,0.5627149343490601,0.9408029317855835,TN,FP
3676,0,0,1,0.5786043405532837,0.9334204792976379,TN,FP
3677,0,0,1,0.593869686126709,0.9235155582427979,TN,FP
3678,0,0,1,0.552019476890564,0.9588091373443604,TN,FP
3679,0,0,1,0.5721372365951538,0.9067373871803284,TN,FP
3680,0,0,1,0.5463836789131165,0.9164484143257141,TN,FP
3682,0,0,1,0.5689113140106201,0.9668766260147095,TN,FP
3683,0,0,1,0.5838395953178406,0.9245918393135071,TN,FP
3684,0,0,1,0.5432274341583252,0.903764009475708,TN,FP
3685,0,0,1,0.5724352598190308,0.9128901958465576,TN,FP
3686,0,0,1,0.5856108069419861,0.9124616980552673,TN,FP
3687,0,0,1,0.5656240582466125,0.914550244808197,TN,FP
3688,0,0,1,0.5380132794380188,0.9621557593345642,TN,FP
3689,0,0,1,0.6022076606750488,0.9344773888587952,TN,FP
3690,0,0,1,0.5541608929634094,0.911781370639801,TN,FP
3691,0,0,1,0.5836889147758484,0.9327079653739929,TN,FP
3692,0,0,1,0.5619521141052246,0.8851026296615601,TN,FP
3693,0,0,1,0.5244930386543274,0.9184682369232178,TN,FP
3694,0,0,1,0.563362181186676,0.8865757584571838,TN,FP
3695,0,0,1,0.5946158766746521,0.9270155429840088,TN,FP
3696,0,0,1,0.5467932820320129,0.9267180562019348,TN,FP
3697,0,0,1,0.5979036092758179,0.878572940826416,TN,FP
3698,0,0,1,0.5770397186279297,0.88397616147995,TN,FP
3699,0,0,1,0.5631715655326843,0.8877636790275574,TN,FP
3700,0,0,1,0.5667271018028259,0.8868858814239502,TN,FP
3701,0,0,1,0.5507714748382568,0.8854446411132812,TN,FP
3702,0,0,1,0.5498657822608948,0.8530054688453674,TN,FP
3703,0,0,1,0.5105306506156921,0.8607321977615356,TN,FP
3704,0,0,1,0.5425175428390503,0.8729028105735779,TN,FP
3705,0,0,1,0.5125472545623779,0.8685064911842346,TN,FP
3706,0,0,1,0.5195177793502808,0.8721044659614563,TN,FP
3707,0,0,1,0.49939510226249695,0.8562613129615784,TN,FP
3708,0,0,1,0.5131818652153015,0.8731470704078674,TN,FP
3709,0,0,1,0.512682318687439,0.8993770480155945,TN,FP
3710,0,0,1,0.5237953662872314,0.8386190533638,TN,FP
3711,0,0,1,0.5139656662940979,0.9050198197364807,TN,FP
3712,0,0,1,0.5233446359634399,0.8566610813140869,TN,FP
3713,0,0,1,0.5103796124458313,0.8536945581436157,TN,FP
3714,0,0,1,0.5028943419456482,0.8939501047134399,TN,FP
3715,0,0,1,0.49671170115470886,0.8473772406578064,TN,FP
3716,0,0,1,0.5389102101325989,0.8358840942382812,TN,FP
3717,0,0,1,0.5012548565864563,0.8334829807281494,TN,FP
3718,0,0,1,0.48004478216171265,0.8419440388679504,TN,FP
3719,0,0,1,0.5045380592346191,0.7973188757896423,TN,FP
3720,0,0,1,0.5061206221580505,0.8324931263923645,TN,FP
3721,0,0,1,0.5083959698677063,0.8049490451812744,TN,FP
3722,0,0,1,0.5304200053215027,0.8346323370933533,TN,FP
3723,0,0,1,0.506000816822052,0.7894627451896667,TN,FP
3724,0,0,1,0.48427319526672363,0.8037331104278564,TN,FP
3725,0,0,1,0.47802990674972534,0.7818312048912048,TN,FP
3726,0,0,1,0.5098419785499573,0.7666952013969421,TN,FP
3727,0,0,1,0.507781445980072,0.793867290019989,TN,FP
3728,0,0,1,0.5235599875450134,0.7481706738471985,TN,FP
3729,0,0,1,0.49868541955947876,0.7662444114685059,TN,FP
3730,0,0,1,0.5130713582038879,0.7651711106300354,TN,FP
3731,0,0,1,0.5150930881500244,0.7864884734153748,TN,FP
3732,0,0,1,0.5316921472549438,0.7684391736984253,TN,FP
3733,0,0,1,0.521754801273346,0.7521162629127502,TN,FP
3734,0,0,1,0.5170550346374512,0.7525604963302612,TN,FP
3735,0,0,1,0.4997239410877228,0.7488890290260315,TN,FP
3736,0,0,1,0.4983457326889038,0.740206778049469,TN,FP
3737,0,0,1,0.5085294842720032,0.7109742164611816,TN,FP
3738,0,0,1,0.5228846073150635,0.7293520569801331,TN,FP
3739,0,0,1,0.5496084690093994,0.7435356378555298,TN,FP
3740,0,0,1,0.5130367875099182,0.7456076145172119,TN,FP
3741,0,0,1,0.5316908359527588,0.7298331260681152,TN,FP
3742,0,0,1,0.5487693548202515,0.756072998046875,TN,FP
3743,0,0,1,0.572857141494751,0.7160037159919739,TN,FP
3744,0,0,1,0.5711652040481567,0.8141196370124817,TN,FP
3745,0,0,1,0.5433057546615601,0.7211268544197083,TN,FP
3746,0,0,1,0.5286586284637451,0.7328976988792419,TN,FP
3747,0,0,1,0.5453097224235535,0.7130093574523926,TN,FP
3748,0,0,1,0.536069393157959,0.7125838398933411,TN,FP
3749,0,0,1,0.553056538105011,0.7012192606925964,TN,FP
3750,0,0,1,0.5286897420883179,0.693488597869873,TN,FP
3751,0,0,1,0.52740877866745,0.6935150623321533,TN,FP
3752,0,0,1,0.5418282151222229,0.6659525036811829,TN,FP
3753,0,0,1,0.5172898769378662,0.6633529663085938,TN,FP
3754,0,0,1,0.5228277444839478,0.6477752923965454,TN,FP
3755,0,0,1,0.5375818610191345,0.6460810899734497,TN,FP
3756,0,0,1,0.5040658712387085,0.6809672713279724,TN,FP
3757,0,0,1,0.5113163590431213,0.6519511938095093,TN,FP
3758,0,0,1,0.5608972907066345,0.699800431728363,TN,FP
3759,0,0,1,0.5350992679595947,0.6842503547668457,TN,FP
3760,0,0,1,0.5487459301948547,0.666435956954956,TN,FP
3761,0,0,1,0.5520384907722473,0.6980287432670593,TN,FP
3762,0,0,1,0.5950798988342285,0.6661110520362854,TN,FP
3763,0,0,1,0.5775631070137024,0.6924278140068054,TN,FP
3764,0,0,1,0.558387279510498,0.6613181829452515,TN,FP
3765,0,0,1,0.5521119832992554,0.7010470628738403,TN,FP
3766,0,0,1,0.5713784694671631,0.6519573926925659,TN,FP
3767,0,0,1,0.6038646697998047,0.6524295806884766,TN,FP
3768,0,0,1,0.5603522062301636,0.6509988307952881,TN,FP
3769,0,0,1,0.548136293888092,0.6367955207824707,TN,FP
3770,0,0,1,0.5975506901741028,0.6222920417785645,TN,FP
3771,0,0,1,0.5480832457542419,0.6116507649421692,TN,FP
3772,0,0,1,0.5357677340507507,0.6086790561676025,TN,FP
3773,0,0,1,0.5487669706344604,0.6181266903877258,TN,FP
3774,0,0,1,0.5592387914657593,0.59836745262146,TN,FP
3775,0,0,1,0.5550315380096436,0.6041965484619141,TN,FP
3776,0,0,1,0.5333353281021118,0.6073128581047058,TN,FP
3777,0,0,1,0.5490432381629944,0.5810602307319641,TN,FP
3779,0,0,1,0.5532799363136292,0.5846797823905945,TN,FP
3780,0,0,1,0.5494217872619629,0.5966688394546509,TN,FP
3781,0,0,1,0.5589876770973206,0.6247794032096863,TN,FP
3782,0,0,1,0.5647650361061096,0.5839292407035828,TN,FP
3783,0,0,1,0.5566719174385071,0.5853815674781799,TN,FP
3784,0,0,1,0.5633779764175415,0.5877388119697571,TN,FP
3785,0,0,1,0.5564436912536621,0.5807051062583923,TN,FP
3786,0,0,1,0.5482287406921387,0.5933820605278015,TN,FP
3787,0,0,1,0.554511547088623,0.5843783617019653,TN,FP
3788,0,0,1,0.5673545598983765,0.5833722949028015,TN,FP
3789,0,0,1,0.5398405194282532,0.5713143348693848,TN,FP
3790,0,0,1,0.5392659902572632,0.5858801007270813,TN,FP
3791,0,0,1,0.571488618850708,0.5573942065238953,TN,FP
3792,0,0,1,0.5724272727966309,0.5595414042472839,TN,FP
3793,0,0,1,0.571241021156311,0.5552414059638977,TN,FP
3794,0,0,1,0.579508364200592,0.5621469616889954,TN,FP
3795,0,0,1,0.567010223865509,0.5460470914840698,TN,FP
3796,0,0,1,0.5644559860229492,0.556442141532898,TN,FP
3797,0,0,1,0.5855396389961243,0.5419518947601318,TN,FP
3798,0,0,1,0.5902272462844849,0.5455368161201477,TN,FP
3799,0,0,1,0.5693390369415283,0.5379285216331482,TN,FP
3800,0,0,1,0.5641038417816162,0.5342352390289307,TN,FP
3801,0,0,1,0.553615152835846,0.5288410782814026,TN,FP
3802,0,0,1,0.564409077167511,0.5191550850868225,TN,FP
3803,0,0,1,0.5647921562194824,0.5279648303985596,TN,FP
3804,0,0,1,0.5590933561325073,0.5275437235832214,TN,FP
3805,0,0,1,0.5727055072784424,0.52781081199646,TN,FP
3806,0,0,1,0.5425901412963867,0.5181407928466797,TN,FP
3807,0,0,1,0.550508439540863,0.5109168887138367,TN,FP
3808,0,0,1,0.544479250907898,0.5149524807929993,TN,FP
3809,0,0,1,0.5215116739273071,0.5136959552764893,TN,FP
3811,0,0,1,0.5359278321266174,0.4964075982570648,TN,FP
3812,0,0,1,0.5261709094047546,0.5089768767356873,TN,FP
3813,0,0,1,0.5364730954170227,0.5179690718650818,TN,FP
3815,0,0,1,0.5128320455551147,0.5009058117866516,TN,FP
3816,0,0,1,0.5158662796020508,0.5040613412857056,TN,FP
3819,0,0,1,0.513573408126831,0.5068176984786987,TN,FP
3822,0,0,1,0.5043386220932007,0.5372304320335388,TN,FP
3823,0,0,1,0.49137333035469055,0.5565699934959412,TN,FP
3828,0,0,1,0.47630512714385986,0.4980379343032837,TN,FP
3851,0,0,1,0.4898498058319092,0.5020806789398193,TN,FP
3852,0,0,1,0.48666244745254517,0.5049452185630798,TN,FP
3853,0,0,1,0.493459016084671,0.5046340823173523,TN,FP
3854,0,0,1,0.5209497213363647,0.5153694748878479,TN,FP
3855,0,0,1,0.4847143888473511,0.5029761791229248,TN,FP
3856,0,0,1,0.5020642280578613,0.5115471482276917,TN,FP
3857,0,0,1,0.4969533681869507,0.5172431468963623,TN,FP
3858,0,0,1,0.49559566378593445,0.5130519866943359,TN,FP
3859,0,0,1,0.4937920868396759,0.514585018157959,TN,FP
3860,0,0,1,0.49246203899383545,0.5075623393058777,TN,FP
3861,0,0,1,0.49145546555519104,0.5158330798149109,TN,FP
3862,0,0,1,0.4864822328090668,0.5089284777641296,TN,FP
3863,0,0,1,0.5010560750961304,0.5185743570327759,TN,FP
3864,0,0,1,0.5291763544082642,0.5278048515319824,TN,FP
3865,0,0,1,0.5157278776168823,0.5288786888122559,TN,FP
3866,0,0,1,0.5092039704322815,0.5372880697250366,TN,FP
3867,0,0,1,0.5168104767799377,0.5661993622779846,TN,FP
3868,0,0,1,0.515957772731781,0.5919392704963684,TN,FP
3869,0,0,1,0.5231549739837646,0.5756078362464905,TN,FP
3870,0,0,1,0.5201255679130554,0.5774855613708496,TN,FP
3871,0,0,1,0.5251931548118591,0.6073341369628906,TN,FP
3872,0,0,1,0.5267239212989807,0.5985838174819946,TN,FP
3873,0,0,1,0.5254093408584595,0.619890570640564,TN,FP
3874,0,0,1,0.52571702003479,0.620989978313446,TN,FP
3875,0,0,1,0.5332525372505188,0.9708608984947205,TN,FP
3876,0,0,1,0.5523404479026794,0.620612621307373,TN,FP
3877,0,0,1,0.5452682375907898,0.5747404098510742,TN,FP
3878,0,0,1,0.5469590425491333,0.5757788419723511,TN,FP
3879,0,0,1,0.5564639568328857,0.6467310190200806,TN,FP
3880,0,0,1,0.5593307018280029,0.6068019270896912,TN,FP
3881,0,0,1,0.5551815032958984,0.6510318517684937,TN,FP
3882,0,0,1,0.5522668957710266,0.7454599738121033,TN,FP
3883,0,0,1,0.5526121854782104,0.6716898083686829,TN,FP
3884,0,0,1,0.5596304535865784,0.7483506798744202,TN,FP
3885,0,0,1,0.5513538122177124,0.6406967639923096,TN,FP
3886,0,0,1,0.5632614493370056,0.6599820852279663,TN,FP
3887,0,0,1,0.5618585348129272,0.6209897398948669,TN,FP
3888,0,0,1,0.5645492076873779,0.610309362411499,TN,FP
3889,0,0,1,0.5408720970153809,0.5820903778076172,TN,FP
3890,0,0,1,0.552989661693573,0.5881664752960205,TN,FP
3891,0,0,1,0.5574283003807068,0.5788016319274902,TN,FP
3892,0,0,1,0.5506212115287781,0.5743181109428406,TN,FP
3893,0,0,1,0.5668690204620361,0.5878473520278931,TN,FP
3894,0,0,1,0.5732777118682861,0.5779533982276917,TN,FP
3895,0,0,1,0.566362738609314,0.5721396207809448,TN,FP
3896,0,0,1,0.5799866318702698,0.598015308380127,TN,FP
3897,0,0,1,0.5956642627716064,0.5984954237937927,TN,FP
3908,0,0,1,0.5449721813201904,0.5573040843009949,TN,FP
3909,0,0,1,0.5398868918418884,0.5520735383033752,TN,FP
3910,0,0,1,0.5635467767715454,0.5513105988502502,TN,FP
3911,0,0,1,0.5486124157905579,0.5586657524108887,TN,FP
3912,0,0,1,0.5450579524040222,0.5496504306793213,TN,FP
3913,0,0,1,0.5623263716697693,0.6078060865402222,TN,FP
3914,0,0,1,0.5460941195487976,0.5519850254058838,TN,FP
3915,0,0,1,0.5631959438323975,0.5501693487167358,TN,FP
3916,0,0,1,0.5329443216323853,0.5454174280166626,TN,FP
3917,0,0,1,0.5309643745422363,0.5537044405937195,TN,FP
3918,0,0,1,0.5348119139671326,0.5388574004173279,TN,FP
3919,0,0,1,0.5563737750053406,0.5356338024139404,TN,FP
3920,0,0,1,0.5471778512001038,0.5344859957695007,TN,FP
3921,0,0,1,0.5423564910888672,0.5355693697929382,TN,FP
3922,0,0,1,0.5429535508155823,0.5362141132354736,TN,FP
3923,0,0,1,0.5671337246894836,0.5241835713386536,TN,FP
3924,0,0,1,0.5208541750907898,0.5179826021194458,TN,FP
3925,0,0,1,0.5687049627304077,0.5145896077156067,TN,FP
3926,0,0,1,0.5427646636962891,0.5055219531059265,TN,FP
3927,0,0,1,0.5578193068504333,0.5087732076644897,TN,FP
3928,0,0,1,0.5337970852851868,0.5252954959869385,TN,FP
3929,0,0,1,0.5493890643119812,0.5153917670249939,TN,FP
3930,0,0,1,0.5477283000946045,0.5201139450073242,TN,FP
3931,0,0,1,0.5432340502738953,0.5087873339653015,TN,FP
3932,0,0,1,0.5379186868667603,0.500399112701416,TN,FP
3933,0,0,1,0.5444948673248291,0.6089044213294983,TN,FP
3934,0,0,1,0.5523359179496765,0.6209573149681091,TN,FP
3935,0,0,1,0.5440105199813843,0.608437180519104,TN,FP
3936,0,0,1,0.5441202521324158,0.6083365678787231,TN,FP
3937,0,0,1,0.5344673991203308,0.6194551587104797,TN,FP
3938,0,0,1,0.5530200004577637,0.6080976128578186,TN,FP
3939,0,0,1,0.5463844537734985,0.6173875331878662,TN,FP
3940,0,0,1,0.5611773133277893,0.6016448140144348,TN,FP
3941,0,0,1,0.5407392978668213,0.6048839688301086,TN,FP
3942,0,0,1,0.5448482036590576,0.6158444285392761,TN,FP
3943,0,0,1,0.5465545654296875,0.6070327758789062,TN,FP
3944,0,0,1,0.5463472008705139,0.6056903600692749,TN,FP
3945,0,0,1,0.5408245325088501,0.6172685027122498,TN,FP
3946,0,0,1,0.5501031279563904,0.6028658151626587,TN,FP
3947,0,0,1,0.5415195822715759,0.5986597537994385,TN,FP
3948,0,0,1,0.5669824481010437,0.6093356609344482,TN,FP
3949,0,0,1,0.5349838733673096,0.6023944020271301,TN,FP
3950,0,0,1,0.5302244424819946,0.6040289402008057,TN,FP
3951,0,0,1,0.5359030961990356,0.6035902500152588,TN,FP
3952,0,0,1,0.5397440195083618,0.6112583875656128,TN,FP
3953,0,0,1,0.5340432524681091,0.6079512238502502,TN,FP
3954,0,0,1,0.5294228196144104,0.6094293594360352,TN,FP
3955,0,0,1,0.5408788323402405,0.6033385992050171,TN,FP
3956,0,0,1,0.5437572598457336,0.6117804050445557,TN,FP
3957,0,0,1,0.5291550755500793,0.605728030204773,TN,FP
3958,0,0,1,0.5262253284454346,0.5974655747413635,TN,FP
3959,0,0,1,0.5456419587135315,0.5959318280220032,TN,FP
3960,0,0,1,0.541279137134552,0.60244220495224,TN,FP
3961,0,0,1,0.546678364276886,0.6034388542175293,TN,FP
3962,0,0,1,0.5316739082336426,0.5975921750068665,TN,FP
3963,0,0,1,0.5280230045318604,0.6034678220748901,TN,FP
3964,0,0,1,0.5365703701972961,0.6147709488868713,TN,FP
3965,0,0,1,0.5206854939460754,0.6013562679290771,TN,FP
3966,0,0,1,0.5318335890769958,0.6000189781188965,TN,FP
3967,0,0,1,0.5336438417434692,0.5914055109024048,TN,FP
3968,0,0,1,0.5364453792572021,0.6216133832931519,TN,FP
3969,0,0,1,0.5207220315933228,0.5844101309776306,TN,FP
3970,0,0,1,0.5216092467308044,0.5819740891456604,TN,FP
3971,0,0,1,0.509788990020752,0.5865753889083862,TN,FP
3972,0,0,1,0.5390753746032715,0.5879442095756531,TN,FP
3973,0,0,1,0.5202920436859131,0.5854527950286865,TN,FP
3974,0,0,1,0.5146137475967407,0.5829880237579346,TN,FP
3975,0,0,1,0.5171229839324951,0.5877246856689453,TN,FP
3976,0,0,1,0.5209026336669922,0.6063166856765747,TN,FP
3977,0,0,1,0.49918854236602783,0.5942274332046509,TN,FP
3978,0,0,1,0.526883065700531,0.5798245072364807,TN,FP
3979,0,0,1,0.5045357346534729,0.5743514895439148,TN,FP
3980,0,0,1,0.503068208694458,0.5744823217391968,TN,FP
3981,0,0,1,0.517173707485199,0.5853716135025024,TN,FP
3982,0,0,1,0.505887508392334,0.5996221303939819,TN,FP
3983,0,0,1,0.5175703763961792,0.5829832553863525,TN,FP
3984,0,0,1,0.5274500250816345,0.5763724446296692,TN,FP
3985,0,0,1,0.5150330066680908,0.5875107049942017,TN,FP
3986,0,0,1,0.5194529294967651,0.593183159828186,TN,FP
3987,0,0,1,0.5086501836776733,0.5791492462158203,TN,FP
3988,0,0,1,0.49778202176094055,0.5711442828178406,TN,FP
3989,0,0,1,0.5099887847900391,0.5805380344390869,TN,FP
3990,0,0,1,0.514363706111908,0.5813291668891907,TN,FP
3991,0,0,1,0.5149356722831726,0.5852664709091187,TN,FP
3992,0,0,1,0.5378537774085999,0.6070255637168884,TN,FP
3993,0,0,1,0.5398754477500916,0.6032261252403259,TN,FP
3994,0,0,1,0.5291914939880371,0.5916014909744263,TN,FP
3995,0,0,1,0.525357186794281,0.5850731134414673,TN,FP
3996,0,0,1,0.516986608505249,0.6110432147979736,TN,FP
3997,0,0,1,0.5255789160728455,0.5860790014266968,TN,FP
3998,0,0,1,0.5255022644996643,0.5853679180145264,TN,FP
3999,0,0,1,0.5217348337173462,0.5877825617790222,TN,FP
4000,0,0,1,0.5340709686279297,0.5977315902709961,TN,FP
4001,0,0,1,0.5448001623153687,0.5932431221008301,TN,FP
4002,0,0,1,0.5312309265136719,0.5841309428215027,TN,FP
4003,0,0,1,0.5443641543388367,0.6024366021156311,TN,FP
4004,0,0,1,0.5500108599662781,0.6072680950164795,TN,FP
4005,0,0,1,0.554317057132721,0.6195868849754333,TN,FP
4006,0,0,1,0.5494178533554077,0.6067426800727844,TN,FP
4007,0,0,1,0.5555559396743774,0.6196008920669556,TN,FP
4008,0,0,1,0.5517754554748535,0.647080659866333,TN,FP
4009,0,0,1,0.5552610158920288,0.6291450262069702,TN,FP
4010,0,0,1,0.5511228442192078,1.5310925245285034,TN,FP
4011,0,0,1,0.542513370513916,0.9755071401596069,TN,FP
4012,0,0,1,0.5373512506484985,0.6180166006088257,TN,FP
4013,0,0,1,0.5426000356674194,1.4820791482925415,TN,FP
4014,0,0,1,0.5323631763458252,0.6513816714286804,TN,FP
4015,0,0,1,0.5335218906402588,0.6218888759613037,TN,FP
4016,0,0,1,0.5178749561309814,0.5986985564231873,TN,FP
4017,0,0,1,0.5192492604255676,1.4107141494750977,TN,FP
4018,0,0,1,0.5246734619140625,1.456935167312622,TN,FP
4019,0,0,1,0.5342651009559631,1.3954668045043945,TN,FP
4020,0,0,1,0.5209505558013916,1.3810328245162964,TN,FP
4021,0,0,1,0.5186348557472229,1.377578616142273,TN,FP
4022,0,0,1,0.5337854623794556,1.369144320487976,TN,FP
4023,0,0,1,0.5501481890678406,1.4496906995773315,TN,FP
4024,0,0,1,0.5268831849098206,1.3428219556808472,TN,FP
4025,0,0,1,0.5270830392837524,1.326665997505188,TN,FP
4026,0,0,1,0.5255169868469238,1.3379019498825073,TN,FP
4027,0,0,1,0.5195062756538391,1.345717191696167,TN,FP
4060,0,0,1,0.6122623085975647,1.3421412706375122,TN,FP
4068,0,0,1,0.6078343391418457,1.2820910215377808,TN,FP
4074,0,0,1,0.6082237362861633,1.2059657573699951,TN,FP
4078,0,0,1,0.5989088416099548,1.2187861204147339,TN,FP
4079,0,0,1,0.5681862831115723,1.2040965557098389,TN,FP
4081,0,0,1,0.5912619829177856,1.1479744911193848,TN,FP
4083,0,0,1,0.5935896039009094,1.1702520847320557,TN,FP
4085,0,0,1,0.6021496057510376,1.135416865348816,TN,FP
4087,0,0,1,0.5884706377983093,1.200822353363037,TN,FP
4088,0,0,1,0.5857572555541992,1.1231276988983154,TN,FP
4089,0,0,1,0.6002301573753357,1.095475673675537,TN,FP
4090,0,0,1,0.5692899227142334,1.0651700496673584,TN,FP
4091,0,0,1,0.568725049495697,1.0905708074569702,TN,FP
4093,0,0,1,0.5842711925506592,1.0815482139587402,TN,FP
4094,0,0,1,0.5775839686393738,1.0460565090179443,TN,FP
4096,0,0,1,0.5746750831604004,1.10646390914917,TN,FP
4097,0,0,1,0.5783371329307556,1.0178567171096802,TN,FP
4098,0,0,1,0.5669814944267273,1.01211416721344,TN,FP
4099,0,0,1,0.5532099008560181,0.948598325252533,TN,FP
4100,0,0,1,0.5973396897315979,0.9688229560852051,TN,FP
4101,0,0,1,0.548805832862854,1.037744164466858,TN,FP
4102,0,0,1,0.5579326152801514,0.9739237427711487,TN,FP
4103,0,0,1,0.5845540761947632,0.9561025500297546,TN,FP
4104,0,0,1,0.6003101468086243,0.9875205755233765,TN,FP
4105,0,0,1,0.5607929825782776,0.9489755034446716,TN,FP
4106,0,0,1,0.5490602850914001,0.9103358387947083,TN,FP
4107,0,0,1,0.5425764322280884,0.9230830669403076,TN,FP
4108,0,0,1,0.5812876224517822,0.9672052264213562,TN,FP
4109,0,0,1,0.6006973385810852,0.8934621214866638,TN,FP
4110,0,0,1,0.5512732863426208,0.9019344449043274,TN,FP
4111,0,0,1,0.5940801501274109,0.8934617638587952,TN,FP
4112,0,0,1,0.5559973120689392,0.8995211720466614,TN,FP
4113,0,0,1,0.5361295938491821,0.8507172465324402,TN,FP
4114,0,0,1,0.5424551963806152,0.8408796787261963,TN,FP
4115,0,0,1,0.540473461151123,0.8335172533988953,TN,FP
4116,0,0,1,0.5318983197212219,0.8286544680595398,TN,FP
4117,0,0,1,0.5403493046760559,0.7880238890647888,TN,FP
4118,0,0,1,0.5259503722190857,0.7758538126945496,TN,FP
4119,0,0,1,0.5206084251403809,0.7607122659683228,TN,FP
4120,0,0,1,0.5621816515922546,0.768707275390625,TN,FP
4121,0,0,1,0.5198745131492615,0.7508241534233093,TN,FP
4122,0,0,1,0.5199233293533325,0.7478623986244202,TN,FP
4123,0,0,1,0.5519914031028748,0.7017030119895935,TN,FP
4124,0,0,1,0.5350536108016968,0.717074990272522,TN,FP
4125,0,0,1,0.5236452221870422,0.713269054889679,TN,FP
4126,0,0,1,0.5403127074241638,0.6865604519844055,TN,FP
4127,0,0,1,0.5326829552650452,0.7046595215797424,TN,FP
4128,0,0,1,0.5739171504974365,0.6883256435394287,TN,FP
4129,0,0,1,0.558197557926178,0.6817468404769897,TN,FP
4130,0,0,1,0.5544566512107849,0.655853271484375,TN,FP
4131,0,0,1,0.5417062640190125,0.6486141681671143,TN,FP
4132,0,0,1,0.5331263542175293,0.6357490420341492,TN,FP
4133,0,0,1,0.5252994298934937,0.6232175230979919,TN,FP
4134,0,0,1,0.5476322770118713,0.6124888062477112,TN,FP
4135,0,0,1,0.5509054064750671,0.5970348715782166,TN,FP
4136,0,0,1,0.5607920289039612,0.6151729822158813,TN,FP
4137,0,0,1,0.5457087159156799,0.6031544208526611,TN,FP
4138,0,0,1,0.5524784922599792,0.6048177480697632,TN,FP
4139,0,0,1,0.5815854072570801,0.5896492004394531,TN,FP
4140,0,0,1,0.5535984635353088,0.588215172290802,TN,FP
4141,0,0,1,0.5306463241577148,0.5672493577003479,TN,FP
4142,0,0,1,0.5825235843658447,0.5548849701881409,TN,FP
4143,0,0,1,0.5640830993652344,0.5561681985855103,TN,FP
4144,0,0,1,0.5660643577575684,0.5488712191581726,TN,FP
4145,0,0,1,0.5638991594314575,0.5527097582817078,TN,FP
4146,0,0,1,0.5785729885101318,0.5492565035820007,TN,FP
4147,0,0,1,0.5596714615821838,0.5478261709213257,TN,FP
4148,0,0,1,0.5566049814224243,0.5475054383277893,TN,FP
4149,0,0,1,0.5809303522109985,0.5553199052810669,TN,FP
4150,0,0,1,0.589378833770752,0.5565570592880249,TN,FP
4151,0,0,1,0.5823484063148499,0.5492367744445801,TN,FP
4152,0,0,1,0.5491299629211426,0.5531582832336426,TN,FP
4153,0,0,1,0.5811496376991272,0.5678806304931641,TN,FP
4154,0,0,1,0.5918489098548889,0.5738945007324219,TN,FP
4155,0,0,1,0.5731907486915588,0.578224241733551,TN,FP
4156,0,0,1,0.5929356217384338,0.593309223651886,TN,FP
4157,0,0,1,0.6000530123710632,0.6192825436592102,TN,FP
4158,0,0,1,0.5941365957260132,0.620962917804718,TN,FP
4168,0,0,1,0.5814211368560791,0.6571862101554871,TN,FP
4169,0,0,1,0.5806858539581299,0.6718502640724182,TN,FP
4170,0,0,1,0.5504930019378662,0.6587855815887451,TN,FP
4171,0,0,1,0.5601117014884949,0.6467587351799011,TN,FP
4172,0,0,1,0.5799417495727539,0.6549949049949646,TN,FP
4173,0,0,1,0.5853546261787415,0.6424345970153809,TN,FP
4174,0,0,1,0.5962026119232178,0.6523331999778748,TN,FP
4175,0,0,1,0.5885114073753357,0.6548363566398621,TN,FP
4176,0,0,1,0.5688847303390503,0.6416063904762268,TN,FP
4177,0,0,1,0.5850642919540405,0.640317440032959,TN,FP
4178,0,0,1,0.5720801949501038,0.6455478668212891,TN,FP
4179,0,0,1,0.5682228803634644,0.635256290435791,TN,FP
4180,0,0,1,0.5891503691673279,0.6360211372375488,TN,FP
4181,0,0,1,0.5837092399597168,0.628307044506073,TN,FP
4182,0,0,1,0.5739648938179016,0.640561580657959,TN,FP
4183,0,0,1,0.5877725481987,0.6282027959823608,TN,FP
4184,0,0,1,0.5814816951751709,0.6227385997772217,TN,FP
4185,0,0,1,0.5730083584785461,0.6257829666137695,TN,FP
4186,0,0,1,0.5917368531227112,0.6302677989006042,TN,FP
4187,0,0,1,0.5918989777565002,0.6101070046424866,TN,FP
4188,0,0,1,0.5496809482574463,0.6052563786506653,TN,FP
4189,0,0,1,0.5648438930511475,0.5973392724990845,TN,FP
4190,0,0,1,0.5734972357749939,0.5980406403541565,TN,FP
4191,0,0,1,0.5624036192893982,0.5925761461257935,TN,FP
4192,0,0,1,0.5485355854034424,0.5877589583396912,TN,FP
4193,0,0,1,0.5435199737548828,0.5907409191131592,TN,FP
4194,0,0,1,0.5544882416725159,0.5784692168235779,TN,FP
4195,0,0,1,0.5484697818756104,0.5772606134414673,TN,FP
4196,0,0,1,0.5704662799835205,0.5866827964782715,TN,FP
4197,0,0,1,0.5819929242134094,0.5817031264305115,TN,FP
4198,0,0,1,0.5636370778083801,0.5897895097732544,TN,FP
4199,0,0,1,0.5828409790992737,0.6004341840744019,TN,FP
4200,0,0,1,0.600384533405304,0.6041465401649475,TN,FP
4201,0,0,1,0.604299783706665,0.6172871589660645,TN,FP
4202,0,0,1,0.5727925300598145,0.5994617938995361,TN,FP
4203,0,0,1,0.5903514623641968,0.6321743130683899,TN,FP
4205,0,0,1,0.6123374700546265,0.6145867705345154,TN,FP
4206,0,0,1,0.6071464419364929,0.6049835681915283,TN,FP
4234,0,0,1,0.6124505400657654,0.6612263321876526,TN,FP
4241,0,0,1,0.6107496619224548,0.6662838459014893,TN,FP
4242,0,0,1,0.6131240725517273,0.6392834186553955,TN,FP
4243,0,0,1,0.6029037833213806,0.6619714498519897,TN,FP
4244,0,0,1,0.596166729927063,0.6809024810791016,TN,FP
4245,0,0,1,0.601535439491272,0.6977157592773438,TN,FP
4249,0,0,1,0.5886934995651245,0.6780776977539062,TN,FP
4250,0,0,1,0.5908510088920593,0.6875142455101013,TN,FP
4304,0,0,1,0.6106830835342407,1.254601240158081,TN,FP
4305,0,0,1,0.5960744023323059,1.2491284608840942,TN,FP
4306,0,0,1,0.5777941346168518,1.234778642654419,TN,FP
4307,0,0,1,0.5781934857368469,1.1927731037139893,TN,FP
4308,0,0,1,0.6119697093963623,1.2254317998886108,TN,FP
4309,0,0,1,0.6011711955070496,1.2087674140930176,TN,FP
4310,0,0,1,0.578193187713623,1.1615179777145386,TN,FP
4311,0,0,1,0.5873069167137146,1.1869020462036133,TN,FP
4312,0,0,1,0.5612801909446716,1.1699552536010742,TN,FP
4314,0,0,1,0.5829313397407532,1.1840033531188965,TN,FP
4315,0,0,1,0.5974195599555969,1.3045889139175415,TN,FP
4317,0,0,1,0.6051962375640869,1.1743842363357544,TN,FP
4318,0,0,1,0.5415895581245422,1.1388885974884033,TN,FP
4319,0,0,1,0.6063225865364075,1.2368254661560059,TN,FP
4320,0,0,1,0.5721395611763,1.1676331758499146,TN,FP
4321,0,0,1,0.573138415813446,1.1350939273834229,TN,FP
4322,0,0,1,0.583395779132843,1.1164138317108154,TN,FP
4324,0,0,1,0.604361355304718,1.1325745582580566,TN,FP
4325,0,0,1,0.5992143154144287,1.1541359424591064,TN,FP
4326,0,0,1,0.5828685164451599,1.1492986679077148,TN,FP
4327,0,0,1,0.6078762412071228,1.1905980110168457,TN,FP
4328,0,0,1,0.578687846660614,1.0962103605270386,TN,FP
4329,0,0,1,0.5916025638580322,1.1275231838226318,TN,FP
4330,0,0,1,0.5602471828460693,1.1505157947540283,TN,FP
4331,0,0,1,0.5527341961860657,1.1061241626739502,TN,FP
4332,0,0,1,0.5579602718353271,1.0261174440383911,TN,FP
4333,0,0,1,0.5306833386421204,1.0803484916687012,TN,FP
4334,0,0,1,0.5037896633148193,1.0506230592727661,TN,FP
4335,0,0,1,0.5596674084663391,1.0511696338653564,TN,FP
4336,0,0,1,0.5018049478530884,1.0648243427276611,TN,FP
4337,0,0,1,0.5377207398414612,1.0224159955978394,TN,FP
4338,0,0,1,0.5258593559265137,0.9826955199241638,TN,FP
4339,0,0,1,0.5113341808319092,0.9905247688293457,TN,FP
4340,0,0,1,0.5075829029083252,0.9551675915718079,TN,FP
4341,0,0,1,0.509880542755127,0.9717504978179932,TN,FP
4342,0,0,1,0.5293348431587219,0.9808790683746338,TN,FP
4343,0,0,1,0.5629558563232422,0.9800997376441956,TN,FP
4344,0,0,1,0.523037850856781,0.9592545032501221,TN,FP
4345,0,0,1,0.4913179874420166,0.9083424210548401,TN,FP
4346,0,0,1,0.5274201035499573,0.8934664726257324,TN,FP
4347,0,0,1,0.5130175948143005,0.9274864196777344,TN,FP
4348,0,0,1,0.5046606063842773,0.8775819540023804,TN,FP
4349,0,0,1,0.49428513646125793,0.8744311332702637,TN,FP
4350,0,0,1,0.5260429978370667,0.9089752435684204,TN,FP
4351,0,0,1,0.5110042691230774,0.9044143557548523,TN,FP
4352,0,0,1,0.49416327476501465,0.9014772772789001,TN,FP
4353,0,0,1,0.5293996930122375,0.8510993123054504,TN,FP
4354,0,0,1,0.5000996589660645,0.8553022146224976,TN,FP
4355,0,0,1,0.5746501684188843,0.6272045969963074,TN,FP
4356,0,0,1,0.5602729916572571,0.6366059184074402,TN,FP
4357,0,0,1,0.5589514374732971,0.6217640042304993,TN,FP
4358,0,0,1,0.552405595779419,0.6157668828964233,TN,FP
4359,0,0,1,0.5731093287467957,0.6170618534088135,TN,FP
4360,0,0,1,0.5812461376190186,0.6191595196723938,TN,FP
4361,0,0,1,0.5561708211898804,0.6208354830741882,TN,FP
4362,0,0,1,0.5687668323516846,0.6148410439491272,TN,FP
4363,0,0,1,0.5471485257148743,0.6090246438980103,TN,FP
4364,0,0,1,0.5541305541992188,0.611834704875946,TN,FP
4365,0,0,1,0.5530321598052979,0.6131908893585205,TN,FP
4366,0,0,1,0.5260459780693054,0.6025242805480957,TN,FP
4367,0,0,1,0.5471121668815613,0.599461019039154,TN,FP
4368,0,0,1,0.5526740550994873,0.6064437627792358,TN,FP
4369,0,0,1,0.5655787587165833,0.6083675622940063,TN,FP
4370,0,0,1,0.5635731220245361,0.6170191764831543,TN,FP
4371,0,0,1,0.5595752596855164,0.6050857901573181,TN,FP
4372,0,0,1,0.5538561940193176,0.6346432566642761,TN,FP
4373,0,0,1,0.5581589937210083,0.6051784157752991,TN,FP
4374,0,0,1,0.5519109964370728,0.6067062020301819,TN,FP
4375,0,0,1,0.5737887024879456,0.622373104095459,TN,FP
4376,0,0,1,0.5574176907539368,0.6020827889442444,TN,FP
4377,0,0,1,0.5781205892562866,0.6115690469741821,TN,FP
4378,0,0,1,0.5579946041107178,0.6115516424179077,TN,FP
4379,0,0,1,0.5595607161521912,0.6102809309959412,TN,FP
4380,0,0,1,0.5659072399139404,0.6114968061447144,TN,FP
4381,0,0,1,0.5954022407531738,0.6283302903175354,TN,FP
4382,0,0,1,0.5895618200302124,0.6094765663146973,TN,FP
4383,0,0,1,0.579944908618927,0.6215859055519104,TN,FP
4384,0,0,1,0.5758872032165527,0.6072081923484802,TN,FP
4385,0,0,1,0.586560070514679,0.6063801050186157,TN,FP
4386,0,0,1,0.5760663747787476,0.6111425161361694,TN,FP
4387,0,0,1,0.589586615562439,0.6100122332572937,TN,FP
4388,0,0,1,0.5745486617088318,0.6006256937980652,TN,FP
4389,0,0,1,0.5761135220527649,0.6014686822891235,TN,FP
4390,0,0,1,0.5825434923171997,0.6034282445907593,TN,FP
4391,0,0,1,0.594871461391449,0.5963331460952759,TN,FP
4392,0,0,1,0.5604279637336731,0.6065621972084045,TN,FP
4393,0,0,1,0.5621151924133301,0.5826053619384766,TN,FP
4394,0,0,1,0.5687822103500366,0.5734032392501831,TN,FP
4395,0,0,1,0.5513933300971985,0.5695990920066833,TN,FP
4396,0,0,1,0.5469326972961426,0.5827755331993103,TN,FP
4397,0,0,1,0.5715742707252502,0.5726836919784546,TN,FP
4398,0,0,1,0.5566648840904236,0.5680614709854126,TN,FP
4399,0,0,1,0.560207724571228,0.5627578496932983,TN,FP
4400,0,0,1,0.5632627010345459,0.5596176385879517,TN,FP
4401,0,0,1,0.5458804965019226,0.5651026368141174,TN,FP
4402,0,0,1,0.5645654201507568,0.5672988891601562,TN,FP
4403,0,0,1,0.5982867479324341,0.6098280549049377,TN,FP
4404,0,0,1,0.5632684826850891,0.5873731374740601,TN,FP
4405,0,0,1,0.5670520663261414,0.5859380960464478,TN,FP
4406,0,0,1,0.5709850192070007,0.5918336510658264,TN,FP
4407,0,0,1,0.5565216541290283,0.559351921081543,TN,FP
4408,0,0,1,0.5615830421447754,0.5726853013038635,TN,FP
4409,0,0,1,0.5677671432495117,0.5763564109802246,TN,FP
4410,0,0,1,0.5623180866241455,0.5680883526802063,TN,FP
4411,0,0,1,0.5568487644195557,0.5596053600311279,TN,FP
4412,0,0,1,0.5842064619064331,0.5686535239219666,TN,FP
4413,0,0,1,0.5728764533996582,0.5608921647071838,TN,FP
4414,0,0,1,0.5826500654220581,0.5634049773216248,TN,FP
4415,0,0,1,0.5641912817955017,0.5620070099830627,TN,FP
4416,0,0,1,0.5663646459579468,0.5582714676856995,TN,FP
4417,0,0,1,0.5786166191101074,0.5784659385681152,TN,FP
4418,0,0,1,0.5755209922790527,0.5704591274261475,TN,FP
4419,0,0,1,0.5538506507873535,1.0355623960494995,TN,FP
4420,0,0,1,0.5500332117080688,1.0360654592514038,TN,FP
4421,0,0,1,0.5564768314361572,1.063952922821045,TN,FP
4422,0,0,1,0.551866888999939,1.042496681213379,TN,FP
4423,0,0,1,0.5492232441902161,1.042036771774292,TN,FP
4424,0,0,1,0.5367411971092224,1.037322998046875,TN,FP
4425,0,0,1,0.5302361845970154,1.0161967277526855,TN,FP
4426,0,0,1,0.5288257002830505,1.0004457235336304,TN,FP
4427,0,0,1,0.5322836637496948,0.9838409423828125,TN,FP
4428,0,0,1,0.557491660118103,0.9888342022895813,TN,FP
4429,0,0,1,0.5391369462013245,0.984916627407074,TN,FP
4430,0,0,1,0.5483870506286621,0.9875941276550293,TN,FP
4431,0,0,1,0.5394410490989685,0.9904899001121521,TN,FP
4432,0,0,1,0.5292404294013977,0.9734610915184021,TN,FP
4433,0,0,1,0.537351131439209,0.9715652465820312,TN,FP
4434,0,0,1,0.5572341680526733,0.9514877200126648,TN,FP
4435,0,0,1,0.5422433614730835,0.9498677253723145,TN,FP
4436,0,0,1,0.5396530032157898,0.9459882378578186,TN,FP
4437,0,0,1,0.5542479157447815,0.9566929340362549,TN,FP
4438,0,0,1,0.5473169684410095,0.9325960278511047,TN,FP
4439,0,0,1,0.532163679599762,0.9346370100975037,TN,FP
4440,0,0,1,0.530002772808075,0.9215015172958374,TN,FP
4441,0,0,1,0.5393983721733093,0.8975674510002136,TN,FP
4442,0,0,1,0.5385902523994446,0.8891310095787048,TN,FP
4443,0,0,1,0.5473583340644836,0.8789882659912109,TN,FP
4444,0,0,1,0.5495999455451965,0.8869625329971313,TN,FP
4445,0,0,1,0.5437150001525879,0.8823149800300598,TN,FP
4446,0,0,1,0.5512828230857849,0.8830509781837463,TN,FP
4447,0,0,1,0.5626621842384338,0.8854963183403015,TN,FP
4448,0,0,1,0.5785338878631592,0.8746384382247925,TN,FP
4449,0,0,1,0.5849108099937439,0.8756542205810547,TN,FP
4450,0,0,1,0.580249011516571,0.8638227581977844,TN,FP
4451,0,0,1,0.5778019428253174,0.8594367504119873,TN,FP
4452,0,0,1,0.5816055536270142,0.8552256226539612,TN,FP
4453,0,0,1,0.5827415585517883,0.849667489528656,TN,FP
4454,0,0,1,0.5917062163352966,0.8470104932785034,TN,FP
4455,0,0,1,0.5799189209938049,0.8318013548851013,TN,FP
4456,0,0,1,0.5883622169494629,0.8315715193748474,TN,FP
4457,0,0,1,0.5891771912574768,0.8345592617988586,TN,FP
4458,0,0,1,0.5845873355865479,0.8231936693191528,TN,FP
4459,0,0,1,0.5979688167572021,0.8222982883453369,TN,FP
4460,0,0,1,0.5997579097747803,0.8276525735855103,TN,FP
4461,0,0,1,0.5996895432472229,0.8205951452255249,TN,FP
4462,0,0,1,0.603603720664978,0.8230590224266052,TN,FP
4463,0,0,1,0.6007867455482483,0.8126756548881531,TN,FP
4464,0,0,1,0.6050989627838135,0.809069037437439,TN,FP
4465,0,0,1,0.606453001499176,0.804817795753479,TN,FP
4466,0,0,1,0.6043725609779358,0.8010256886482239,TN,FP
4467,0,0,1,0.6046279668807983,0.7944360971450806,TN,FP
4468,0,0,1,0.600807249546051,0.7832802534103394,TN,FP
4469,0,0,1,0.5933597683906555,0.7648870348930359,TN,FP
4470,0,0,1,0.5887582898139954,0.7517406940460205,TN,FP
4471,0,0,1,0.5751980543136597,0.7423632740974426,TN,FP
4472,0,0,1,0.585074782371521,0.7379377484321594,TN,FP
4473,0,0,1,0.5768848061561584,0.7289686799049377,TN,FP
4474,0,0,1,0.5905348062515259,0.7346276640892029,TN,FP
4475,0,0,1,0.5946069955825806,0.7342382669448853,TN,FP
4476,0,0,1,0.5944647192955017,0.7267308831214905,TN,FP
4477,0,0,1,0.5985380411148071,0.7250931262969971,TN,FP
4478,0,0,1,0.601636528968811,0.7203522324562073,TN,FP
4479,0,0,1,0.6075348854064941,0.7148443460464478,TN,FP
4480,0,0,1,0.609393835067749,0.7213042974472046,TN,FP
4506,0,0,1,0.5614204406738281,0.6441146731376648,TN,FP
4507,0,0,1,0.5547473430633545,0.6508195400238037,TN,FP
4508,0,0,1,0.5600447654724121,0.6426806449890137,TN,FP
4509,0,0,1,0.5527524352073669,0.6476922035217285,TN,FP
4510,0,0,1,0.5575051307678223,0.6367787718772888,TN,FP
4511,0,0,1,0.5625166893005371,0.6432124376296997,TN,FP
4512,0,0,1,0.5629028081893921,0.634171724319458,TN,FP
4513,0,0,1,0.5492608547210693,0.6226274371147156,TN,FP
4514,0,0,1,0.549223005771637,0.6170362234115601,TN,FP
4515,0,0,1,0.5493862628936768,0.6268209218978882,TN,FP
4516,0,0,1,0.5387735962867737,0.6317573189735413,TN,FP
4517,0,0,1,0.5444371104240417,0.6139498949050903,TN,FP
4518,0,0,1,0.5296526551246643,0.60219806432724,TN,FP
4519,0,0,1,0.5436782836914062,0.6156220436096191,TN,FP
4520,0,0,1,0.5435202121734619,0.6168771982192993,TN,FP
4521,0,0,1,0.5532440543174744,0.6289735436439514,TN,FP
4522,0,0,1,0.5594563484191895,0.6544728875160217,TN,FP
4523,0,0,1,0.5512298941612244,1.6189401149749756,TN,FP
4524,0,0,1,0.5525106191635132,0.6198710799217224,TN,FP
4525,0,0,1,0.5387496948242188,0.6107119917869568,TN,FP
4526,0,0,1,0.5531743764877319,0.6678584814071655,TN,FP
4527,0,0,1,0.5537947416305542,0.623282790184021,TN,FP
4528,0,0,1,0.5484133958816528,0.6159477829933167,TN,FP
4529,0,0,1,0.5465723872184753,1.5214654207229614,TN,FP
4530,0,0,1,0.5470567345619202,1.0827819108963013,TN,FP
4531,0,0,1,0.5422227382659912,1.4973634481430054,TN,FP
4532,0,0,1,0.5459651947021484,1.5098505020141602,TN,FP
4533,0,0,1,0.5584649443626404,1.6053519248962402,TN,FP
4534,0,0,1,0.5754984021186829,1.5531516075134277,TN,FP
4535,0,0,1,0.5829737782478333,1.5409928560256958,TN,FP
4536,0,0,1,0.5760326981544495,1.5263882875442505,TN,FP
4537,0,0,1,0.5632171034812927,1.5640196800231934,TN,FP
4538,0,0,1,0.5877176523208618,1.5005375146865845,TN,FP
4539,0,0,1,0.5582032203674316,1.5829235315322876,TN,FP
4540,0,0,1,0.5594829320907593,1.5550410747528076,TN,FP
4541,0,0,1,0.5735000371932983,1.6249431371688843,TN,FP
4542,0,0,1,0.5692460536956787,1.574426531791687,TN,FP
4543,0,0,1,0.5720356702804565,1.548536777496338,TN,FP
4544,0,0,1,0.562874972820282,1.5762945413589478,TN,FP
4545,0,0,1,0.5669679045677185,1.5956299304962158,TN,FP
4546,0,0,1,0.5766333937644958,1.592213749885559,TN,FP
4547,0,0,1,0.5529717803001404,1.593654751777649,TN,FP
4548,0,0,1,0.5534085035324097,1.5155529975891113,TN,FP
4549,0,0,1,0.5430963039398193,1.500429391860962,TN,FP
4550,0,0,1,0.5438812375068665,1.4632726907730103,TN,FP
4551,0,0,1,0.5447410345077515,1.535223364830017,TN,FP
4552,0,0,1,0.5678384304046631,1.553904414176941,TN,FP
4553,0,0,1,0.5458561778068542,1.5434081554412842,TN,FP
4554,0,0,1,0.5356638431549072,1.4896529912948608,TN,FP
4555,0,0,1,0.5215338468551636,1.4116604328155518,TN,FP
4556,0,0,1,0.5107908248901367,1.395369291305542,TN,FP
4557,0,0,1,0.5199838876724243,1.4438003301620483,TN,FP
4558,0,0,1,0.5148435235023499,1.4723010063171387,TN,FP
4559,0,0,1,0.5161296725273132,1.3647304773330688,TN,FP
4560,0,0,1,0.5098684430122375,1.3470144271850586,TN,FP
4561,0,0,1,0.5122157335281372,1.368353009223938,TN,FP
4562,0,0,1,0.5045791268348694,1.4096627235412598,TN,FP
4563,0,0,1,0.5022667050361633,1.350588083267212,TN,FP
4564,0,0,1,0.4983530342578888,1.341558814048767,TN,FP
4565,0,0,1,0.5133971571922302,1.3047255277633667,TN,FP
4566,0,0,1,0.5094237327575684,1.262833595275879,TN,FP
4567,0,0,1,0.5128080248832703,1.3787429332733154,TN,FP
4568,0,0,1,0.5146481990814209,1.3700933456420898,TN,FP
4569,0,0,1,0.5152824521064758,1.3832581043243408,TN,FP
4570,0,0,1,0.5017617344856262,1.2696577310562134,TN,FP
4571,0,0,1,0.492071270942688,1.3473244905471802,TN,FP
4572,0,0,1,0.4941549003124237,1.3073104619979858,TN,FP
4573,0,0,1,0.4917508363723755,1.3000597953796387,TN,FP
4574,0,0,1,0.49980437755584717,1.2873291969299316,TN,FP
4575,0,0,1,0.4887862503528595,1.2922090291976929,TN,FP
4576,0,0,1,0.4957367181777954,1.192712426185608,TN,FP
4577,0,0,1,0.4893573820590973,1.2349131107330322,TN,FP
4578,0,0,1,0.47733214497566223,1.195950984954834,TN,FP
4579,0,0,1,0.4939015209674835,1.251824140548706,TN,FP
4580,0,0,1,0.48754051327705383,1.173943042755127,TN,FP
4581,0,0,1,0.504287838935852,1.2572945356369019,TN,FP
4582,0,0,1,0.4832448959350586,1.1213421821594238,TN,FP
4583,0,0,1,0.4865768551826477,1.179033637046814,TN,FP
4584,0,0,1,0.4873891770839691,1.1262898445129395,TN,FP
4585,0,0,1,0.48439449071884155,1.1734380722045898,TN,FP
4586,0,0,1,0.5216608643531799,1.1666282415390015,TN,FP
4587,0,0,1,0.500557005405426,1.1564810276031494,TN,FP
4588,0,0,1,0.48509976267814636,1.0653800964355469,TN,FP
4589,0,0,1,0.4815395772457123,1.0454096794128418,TN,FP
4590,0,0,1,0.48399749398231506,1.0762357711791992,TN,FP
4591,0,0,1,0.48073291778564453,1.0088497400283813,TN,FP
4592,0,0,1,0.47760406136512756,1.040771484375,TN,FP
4593,0,0,1,0.46989402174949646,1.0806660652160645,TN,FP
4594,0,0,1,0.48287859559059143,1.0258926153182983,TN,FP
4595,0,0,1,0.4851036071777344,1.0007973909378052,TN,FP
4596,0,0,1,0.48306533694267273,1.0828962326049805,TN,FP
4597,0,0,1,0.5038288235664368,1.055216908454895,TN,FP
4598,0,0,1,0.5121495723724365,1.0532135963439941,TN,FP
4599,0,0,1,0.5093021392822266,1.0869337320327759,TN,FP
4600,0,0,1,0.6012240648269653,0.9635958671569824,TN,FP
4601,0,0,1,0.49998533725738525,0.9804531335830688,TN,FP
4602,0,0,1,0.49756962060928345,1.0117870569229126,TN,FP
4603,0,0,1,0.4972483813762665,1.0139493942260742,TN,FP
4604,0,0,1,0.4960227310657501,0.9839562773704529,TN,FP
4605,0,0,1,0.5007796287536621,0.9942743182182312,TN,FP
4606,0,0,1,0.5021474361419678,1.0031499862670898,TN,FP
4607,0,0,1,0.49669700860977173,0.9560631513595581,TN,FP
4608,0,0,1,0.49635419249534607,0.9651818871498108,TN,FP
4609,0,0,1,0.5008672475814819,0.9465503096580505,TN,FP
4610,0,0,1,0.5130817890167236,0.9858414530754089,TN,FP
4611,0,0,1,0.5120399594306946,0.9997697472572327,TN,FP
4612,0,0,1,0.5030012726783752,0.9927223920822144,TN,FP
4613,0,0,1,0.5052324533462524,0.9527333974838257,TN,FP
4614,0,0,1,0.5104377269744873,0.9455010890960693,TN,FP
4615,0,0,1,0.517458975315094,0.9338228106498718,TN,FP
4616,0,0,1,0.5308274030685425,0.9337713122367859,TN,FP
4617,0,0,1,0.5269785523414612,0.753101646900177,TN,FP
4618,0,0,1,0.5455654263496399,0.752760112285614,TN,FP
4619,0,0,1,0.5219346880912781,0.7646991014480591,TN,FP
4620,0,0,1,0.5275684595108032,0.7508338093757629,TN,FP
4621,0,0,1,0.5441539883613586,0.7426695227622986,TN,FP
4622,0,0,1,0.5260235667228699,0.7462002038955688,TN,FP
4623,0,0,1,0.5501973628997803,0.7595366835594177,TN,FP
4624,0,0,1,0.5507447123527527,0.784034252166748,TN,FP
4625,0,0,1,0.5363447666168213,0.7589690685272217,TN,FP
4626,0,0,1,0.5451369285583496,0.7749233841896057,TN,FP
4627,0,0,1,0.5590457320213318,0.7697206735610962,TN,FP
4628,0,0,1,0.5627261996269226,0.7783826589584351,TN,FP
4629,0,0,1,0.552010178565979,0.7863093018531799,TN,FP
4630,0,0,1,0.5776864886283875,0.7965393662452698,TN,FP
4631,0,0,1,0.5728331208229065,0.7849882245063782,TN,FP
4632,0,0,1,0.5551304817199707,0.783149242401123,TN,FP
4633,0,0,1,0.5505602955818176,0.7610160708427429,TN,FP
4634,0,0,1,0.5352725982666016,0.8044744729995728,TN,FP
4635,0,0,1,0.5331736207008362,0.7416728138923645,TN,FP
4636,0,0,1,0.5313296318054199,0.7503304481506348,TN,FP
4637,0,0,1,0.547378420829773,0.7534353733062744,TN,FP
4638,0,0,1,0.5777797102928162,0.7537279725074768,TN,FP
4639,0,0,1,0.5763532519340515,0.7559887766838074,TN,FP
4640,0,0,1,0.5558927655220032,0.7965949773788452,TN,FP
4641,0,0,1,0.5656705498695374,0.7775232195854187,TN,FP
4642,0,0,1,0.567548930644989,0.7586361169815063,TN,FP
4643,0,0,1,0.5514277219772339,0.7552438974380493,TN,FP
4644,0,0,1,0.5547229647636414,0.7409648299217224,TN,FP
4645,0,0,1,0.5610415935516357,0.745570957660675,TN,FP
4646,0,0,1,0.5610021948814392,0.7377317547798157,TN,FP
4647,0,0,1,0.5541489124298096,0.7588269114494324,TN,FP
4648,0,0,1,0.5504657626152039,0.7500560879707336,TN,FP
4649,0,0,1,0.571496844291687,0.7464460134506226,TN,FP
4650,0,0,1,0.5803102254867554,0.7396845817565918,TN,FP
4651,0,0,1,0.5648369193077087,0.7264816164970398,TN,FP
4652,0,0,1,0.5655496716499329,0.7254180908203125,TN,FP
4653,0,0,1,0.5504526495933533,0.7161908149719238,TN,FP
4654,0,0,1,0.5770761370658875,0.7178395986557007,TN,FP
4655,0,0,1,0.5477564334869385,0.7065945267677307,TN,FP
4656,0,0,1,0.5790966749191284,0.7098475694656372,TN,FP
4657,0,0,1,0.5575656890869141,0.697752833366394,TN,FP
4658,0,0,1,0.5630596280097961,0.6981478333473206,TN,FP
4659,0,0,1,0.5554186701774597,0.7019572257995605,TN,FP
4660,0,0,1,0.5286545753479004,0.6737921833992004,TN,FP
4661,0,0,1,0.5154924988746643,0.6826493740081787,TN,FP
4662,0,0,1,0.5374271869659424,0.6635288000106812,TN,FP
4663,0,0,1,0.5365442633628845,0.6498593688011169,TN,FP
4664,0,0,1,0.5164747834205627,0.6391021609306335,TN,FP
4665,0,0,1,0.5139712691307068,0.6286444664001465,TN,FP
4666,0,0,1,0.5087218284606934,0.6285324692726135,TN,FP
4667,0,0,1,0.5024040341377258,0.6284897327423096,TN,FP
4668,0,0,1,0.511898398399353,0.6194779872894287,TN,FP
4669,0,0,1,0.4994219243526459,0.6177537441253662,TN,FP
4670,0,0,1,0.49525386095046997,0.6214911937713623,TN,FP
4671,0,0,1,0.49594128131866455,0.6096593737602234,TN,FP
4672,0,0,1,0.4982820451259613,0.6093694567680359,TN,FP
4673,0,0,1,0.48213866353034973,0.6284951567649841,TN,FP
4674,0,0,1,0.49220630526542664,0.6336332559585571,TN,FP
4675,0,0,1,0.49201539158821106,0.5994526743888855,TN,FP
4676,0,0,1,0.48514625430107117,0.5755159258842468,TN,FP
4677,0,0,1,0.49751296639442444,0.5781329274177551,TN,FP
4678,0,0,1,0.49462246894836426,0.5719718337059021,TN,FP
4679,0,0,1,0.48078635334968567,0.5598631501197815,TN,FP
4680,0,0,1,0.4897117614746094,0.5717427134513855,TN,FP
4681,0,0,1,0.4816732704639435,0.5479118227958679,TN,FP
4682,0,0,1,0.4753701388835907,0.5515760183334351,TN,FP
4683,0,0,1,0.4657631814479828,0.5377978682518005,TN,FP
4684,0,0,1,0.46238869428634644,0.5359194278717041,TN,FP
4685,0,0,1,0.47264915704727173,0.5318603515625,TN,FP
4686,0,0,1,0.4756290316581726,0.5264161825180054,TN,FP
4687,0,0,1,0.4736628830432892,0.5414900779724121,TN,FP
4688,0,0,1,0.47362005710601807,0.5269811153411865,TN,FP
4689,0,0,1,0.47496455907821655,0.5283129811286926,TN,FP
4690,0,0,1,0.46552008390426636,0.5329854488372803,TN,FP
4691,0,0,1,0.47209370136260986,0.5247693657875061,TN,FP
4692,0,0,1,0.4712228775024414,0.5360594391822815,TN,FP
4693,0,0,1,0.4811883270740509,0.5365831255912781,TN,FP
4694,0,0,1,0.4841846227645874,0.534136176109314,TN,FP
4695,0,0,1,0.47507965564727783,0.5291987061500549,TN,FP
4696,0,0,1,0.48178768157958984,0.5423935651779175,TN,FP
4697,0,0,1,0.485219806432724,0.5406656861305237,TN,FP
4698,0,0,1,0.47829657793045044,0.530180037021637,TN,FP
4699,0,0,1,0.47445595264434814,0.5328090190887451,TN,FP
4700,0,0,1,0.4567123055458069,0.5305463671684265,TN,FP
4701,0,0,1,0.47400158643722534,0.5286728739738464,TN,FP
4702,0,0,1,0.4581556022167206,0.5209758877754211,TN,FP
4703,0,0,1,0.45034733414649963,0.5134472846984863,TN,FP
4704,0,0,1,0.4570041596889496,0.5156635046005249,TN,FP
4705,0,0,1,0.4804534912109375,0.5373451113700867,TN,FP
4706,0,0,1,0.46250593662261963,0.5285027027130127,TN,FP
4707,0,0,1,0.48078683018684387,0.5399326086044312,TN,FP
4708,0,0,1,0.4804579019546509,0.5520366430282593,TN,FP
4709,0,0,1,0.49470606446266174,0.5574353337287903,TN,FP
4710,0,0,1,0.48003676533699036,0.54704350233078,TN,FP
4711,0,0,1,0.48396560549736023,0.5467129349708557,TN,FP
4712,0,0,1,0.4935934841632843,0.5655838251113892,TN,FP
4713,0,0,1,0.48997262120246887,0.5682646036148071,TN,FP
4714,0,0,1,0.47696104645729065,0.5746876001358032,TN,FP
4715,0,0,1,0.47595885396003723,0.5768558382987976,TN,FP
4716,0,0,1,0.4781845510005951,0.5918319821357727,TN,FP
4717,0,0,1,0.4846199154853821,0.593269944190979,TN,FP
4718,0,0,1,0.4827888011932373,0.7964096069335938,TN,FP
4719,0,0,1,0.49154648184776306,1.102529525756836,TN,FP
4720,0,0,1,0.49606144428253174,0.5988960266113281,TN,FP
4721,0,0,1,0.4972533881664276,1.1064448356628418,TN,FP
4722,0,0,1,0.5030323266983032,1.048774003982544,TN,FP
4723,0,0,1,0.5003058910369873,1.0991724729537964,TN,FP
4724,0,0,1,0.49751120805740356,1.077134370803833,TN,FP
4725,0,0,1,0.49194175004959106,1.019556999206543,TN,FP
4726,0,0,1,0.4964448809623718,0.9857968688011169,TN,FP
4727,0,0,1,0.5000184178352356,0.6376739144325256,TN,FP
4728,0,0,1,0.4973098039627075,0.6429916620254517,TN,FP
4729,0,0,1,0.5101219415664673,1.04098641872406,TN,FP
4730,0,0,1,0.5238103866577148,1.1249984502792358,TN,FP
4731,0,0,1,0.5242273211479187,0.9368338584899902,TN,FP
4732,0,0,1,0.5382150411605835,0.9402446746826172,TN,FP
4733,0,0,1,0.5310806632041931,0.9673739671707153,TN,FP
4734,0,0,1,0.5583582520484924,0.9432258009910583,TN,FP
4735,0,0,1,0.5567296743392944,0.9225649833679199,TN,FP
4736,0,0,1,0.5600570440292358,0.8313757181167603,TN,FP
4737,0,0,1,0.5748443603515625,0.8565540909767151,TN,FP
4738,0,0,1,0.5369039177894592,0.8125142455101013,TN,FP
4739,0,0,1,0.556479275226593,0.8371951580047607,TN,FP
4740,0,0,1,0.5370265245437622,0.8042577505111694,TN,FP
4741,0,0,1,0.5432851314544678,0.7799977660179138,TN,FP
4742,0,0,1,0.5452423691749573,0.7528369426727295,TN,FP
4743,0,0,1,0.560011088848114,0.7236112356185913,TN,FP
4747,0,0,1,0.6006571054458618,1.1098192930221558,TN,FP
4753,0,0,1,0.6020506024360657,1.0348438024520874,TN,FP
4754,0,0,1,0.5992356538772583,1.0178645849227905,TN,FP
4756,0,0,1,0.612525999546051,1.008013367652893,TN,FP
4757,0,0,1,0.5902172327041626,1.0859782695770264,TN,FP
4758,0,0,1,0.5930020213127136,1.0346804857254028,TN,FP
4759,0,0,1,0.6002587080001831,1.0434443950653076,TN,FP
4760,0,0,1,0.5702207088470459,1.0314359664916992,TN,FP
4761,0,0,1,0.5813935995101929,0.9679573774337769,TN,FP
4762,0,0,1,0.5639066100120544,0.9870457649230957,TN,FP
4763,0,0,1,0.5723240375518799,0.9334291219711304,TN,FP
4764,0,0,1,0.583814799785614,1.0414432287216187,TN,FP
4765,0,0,1,0.5898311138153076,0.9832342267036438,TN,FP
4766,0,0,1,0.6004136800765991,0.9579657912254333,TN,FP
4767,0,0,1,0.5554448962211609,0.9131942987442017,TN,FP
4768,0,0,1,0.5666738748550415,0.9468971490859985,TN,FP
4769,0,0,1,0.5533493161201477,0.8960787057876587,TN,FP
4770,0,0,1,0.5696955323219299,0.9654223918914795,TN,FP
4771,0,0,1,0.562650740146637,0.9643405675888062,TN,FP
4772,0,0,1,0.5541840195655823,0.8805744051933289,TN,FP
4773,0,0,1,0.5289537906646729,0.9209846258163452,TN,FP
4774,0,0,1,0.5317578315734863,0.8778051137924194,TN,FP
4775,0,0,1,0.5254098773002625,0.8480850458145142,TN,FP
4776,0,0,1,0.5356225371360779,0.853096604347229,TN,FP
4777,0,0,1,0.5524982213973999,0.8449234962463379,TN,FP
4778,0,0,1,0.5624595284461975,0.863538384437561,TN,FP
4779,0,0,1,0.5241507887840271,0.9263604879379272,TN,FP
4780,0,0,1,0.5339981317520142,0.8787883520126343,TN,FP
4781,0,0,1,0.5160427689552307,0.8256781101226807,TN,FP
4782,0,0,1,0.5474969744682312,0.8477241396903992,TN,FP
4783,0,0,1,0.5220712423324585,0.8477935194969177,TN,FP
4784,0,0,1,0.5271163582801819,0.8104679584503174,TN,FP
4785,0,0,1,0.5247244238853455,0.7949004173278809,TN,FP
4786,0,0,1,0.5153701305389404,0.7953741550445557,TN,FP
4787,0,0,1,0.5084676742553711,0.7901289463043213,TN,FP
4788,0,0,1,0.5416964888572693,0.7767285108566284,TN,FP
4789,0,0,1,0.5425127744674683,0.5394441485404968,TN,FP
4790,0,0,1,0.5537015795707703,0.5370579361915588,TN,FP
4791,0,0,1,0.5423582792282104,0.5370672345161438,TN,FP
4792,0,0,1,0.5422556400299072,0.5391398668289185,TN,FP
4793,0,0,1,0.5441733598709106,0.536835789680481,TN,FP
4794,0,0,1,0.5426821708679199,0.5422506928443909,TN,FP
4795,0,0,1,0.5445933938026428,0.5324767231941223,TN,FP
4796,0,0,1,0.5370579361915588,0.5360240340232849,TN,FP
4797,0,0,1,0.5507815480232239,0.5302203297615051,TN,FP
4798,0,0,1,0.5496348738670349,0.527068555355072,TN,FP
4799,0,0,1,0.5248068571090698,0.5347891449928284,TN,FP
4800,0,0,1,0.5311481952667236,0.5229900479316711,TN,FP
4801,0,0,1,0.5191188454627991,0.5231189727783203,TN,FP
4802,0,0,1,0.5301837921142578,0.52768874168396,TN,FP
4803,0,0,1,0.529563844203949,0.5256160497665405,TN,FP
4804,0,0,1,0.5429045557975769,0.5220532417297363,TN,FP
4805,0,0,1,0.5269159078598022,0.5236587524414062,TN,FP
4806,0,0,1,0.5330446362495422,0.5261539220809937,TN,FP
4807,0,0,1,0.512687623500824,0.518648087978363,TN,FP
4808,0,0,1,0.5132477879524231,0.5191851258277893,TN,FP
4809,0,0,1,0.5279430150985718,0.5224710702896118,TN,FP
4810,0,0,1,0.5426443219184875,0.5263879895210266,TN,FP
4811,0,0,1,0.5272253155708313,0.5225949287414551,TN,FP
4812,0,0,1,0.5139824151992798,0.5157167315483093,TN,FP
4813,0,0,1,0.5353507995605469,0.5157753825187683,TN,FP
4814,0,0,1,0.539717435836792,0.5167678594589233,TN,FP
4815,0,0,1,0.5321977138519287,0.5191645622253418,TN,FP
4816,0,0,1,0.5206887722015381,0.518605649471283,TN,FP
4817,0,0,1,0.5156174898147583,0.5133174657821655,TN,FP
4818,0,0,1,0.5177996754646301,0.5165967345237732,TN,FP
4819,0,0,1,0.5267835259437561,0.5289835333824158,TN,FP
4820,0,0,1,0.5396888852119446,0.5261284112930298,TN,FP
4821,0,0,1,0.5346859097480774,0.5254642367362976,TN,FP
4822,0,0,1,0.5486690402030945,0.5391836166381836,TN,FP
4823,0,0,1,0.5547194480895996,0.5408126711845398,TN,FP
4824,0,0,1,0.5601141452789307,0.5491979122161865,TN,FP
4825,0,0,1,0.5646597146987915,0.5647101402282715,TN,FP
4826,0,0,1,0.5719341039657593,0.566188633441925,TN,FP
4827,0,0,1,0.5742015838623047,0.5721688270568848,TN,FP
4828,0,0,1,0.5854122042655945,0.5843100547790527,TN,FP
4829,0,0,1,0.5882415175437927,0.581133246421814,TN,FP
4830,0,0,1,0.5700132250785828,0.5745244026184082,TN,FP
4831,0,0,1,0.5991597175598145,0.5894191861152649,TN,FP
4832,0,0,1,0.5948758721351624,0.5911803245544434,TN,FP
4833,0,0,1,0.5813403129577637,0.5791274905204773,TN,FP
4834,0,0,1,0.5828037261962891,0.5876696705818176,TN,FP
4835,0,0,1,0.577242910861969,0.5854586362838745,TN,FP
4836,0,0,1,0.5843899250030518,0.5879489779472351,TN,FP
4837,0,0,1,0.5841920971870422,0.5845300555229187,TN,FP
4838,0,0,1,0.5889434218406677,0.5918765068054199,TN,FP
4839,0,0,1,0.5913165807723999,0.5957403779029846,TN,FP
4840,0,0,1,0.5897939205169678,0.5938289165496826,TN,FP
4841,0,0,1,0.5745241641998291,0.582455575466156,TN,FP
4842,0,0,1,0.5613757967948914,0.5860471725463867,TN,FP
4843,0,0,1,0.5808435678482056,0.5883095860481262,TN,FP
4844,0,0,1,0.5684950351715088,0.5725536942481995,TN,FP
4845,0,0,1,0.5738766193389893,0.5814412236213684,TN,FP
4846,0,0,1,0.5727795362472534,0.5809012055397034,TN,FP
4847,0,0,1,0.572638750076294,0.5787506699562073,TN,FP
4848,0,0,1,0.5837315917015076,0.5844281315803528,TN,FP
4849,0,0,1,0.5710592865943909,0.5818790197372437,TN,FP
4850,0,0,1,0.5680718421936035,0.579721987247467,TN,FP
4851,0,0,1,0.5803714990615845,0.5910539627075195,TN,FP
4852,0,0,1,0.5809856057167053,0.5955972075462341,TN,FP
4853,0,0,1,0.5827451944351196,0.5943046808242798,TN,FP
4854,0,0,1,0.5834177136421204,0.5922296643257141,TN,FP
4855,0,0,1,0.5883683562278748,0.59355628490448,TN,FP
4856,0,0,1,0.5742024779319763,0.5896763801574707,TN,FP
4857,0,0,1,0.5687769055366516,0.5830100178718567,TN,FP
4858,0,0,1,0.5586279034614563,0.5702397227287292,TN,FP
4859,0,0,1,0.5626291036605835,0.5610625147819519,TN,FP
4860,0,0,1,0.5534569025039673,0.5650725364685059,TN,FP
4861,0,0,1,0.5588332414627075,0.5671849846839905,TN,FP
4862,0,0,1,0.5504327416419983,0.5666422843933105,TN,FP
4863,0,0,1,0.5609643459320068,0.5740519165992737,TN,FP
4864,0,0,1,0.5588817000389099,0.5844262838363647,TN,FP
4865,0,0,1,0.5571945309638977,0.5778734087944031,TN,FP
4866,0,0,1,0.5549615621566772,0.5858614444732666,TN,FP
4867,0,0,1,0.5592797994613647,0.5759114027023315,TN,FP
4868,0,0,1,0.5602136850357056,0.5847011208534241,TN,FP
4869,0,0,1,0.5657570362091064,0.5899247527122498,TN,FP
4870,0,0,1,0.5622090697288513,0.5950378775596619,TN,FP
4871,0,0,1,0.5593782663345337,0.5968651175498962,TN,FP
4872,0,0,1,0.5433008670806885,0.5738121271133423,TN,FP
4873,0,0,1,0.5353139638900757,0.5999283790588379,TN,FP
4874,0,0,1,0.5359176397323608,0.6077312231063843,TN,FP
4875,0,0,1,0.5690027475357056,1.136738896369934,TN,FP
4876,0,0,1,0.5373024940490723,1.1321972608566284,TN,FP
4877,0,0,1,0.5294546484947205,1.442681908607483,TN,FP
4878,0,0,1,0.5252048373222351,1.0966534614562988,TN,FP
4879,0,0,1,0.5439654588699341,1.126338243484497,TN,FP
4880,0,0,1,0.5463573932647705,1.3211369514465332,TN,FP
4881,0,0,1,0.5319886207580566,1.0636202096939087,TN,FP
4882,0,0,1,0.5356326103210449,1.0539218187332153,TN,FP
4883,0,0,1,0.544654130935669,1.039998173713684,TN,FP
4884,0,0,1,0.5210930109024048,1.0134578943252563,TN,FP
4885,0,0,1,0.5212278962135315,1.0105382204055786,TN,FP
4886,0,0,1,0.550001859664917,1.0732265710830688,TN,FP
4887,0,0,1,0.5544546246528625,0.8901299238204956,TN,FP
4888,0,0,1,0.5818626284599304,0.8992547392845154,TN,FP
4889,0,0,1,0.5737437605857849,0.877795398235321,TN,FP
4890,0,0,1,0.5870628952980042,0.9007831811904907,TN,FP
4891,0,0,1,0.6107434630393982,0.8939340114593506,TN,FP
4892,0,0,1,0.6088376045227051,0.8841661214828491,TN,FP
4893,0,0,1,0.5772224068641663,0.9050502777099609,TN,FP
4894,0,0,1,0.5926046967506409,0.8903870582580566,TN,FP
4895,0,0,1,0.6045594811439514,0.9480980634689331,TN,FP
4896,0,0,1,0.5785295367240906,0.8604907989501953,TN,FP
4897,0,0,1,0.6013588905334473,0.8687338829040527,TN,FP
4898,0,0,1,0.5750007033348083,0.8356450796127319,TN,FP
4899,0,0,1,0.5803623795509338,0.8189988136291504,TN,FP
4900,0,0,1,0.566184937953949,0.8239069581031799,TN,FP
4901,0,0,1,0.5719655752182007,0.7878751158714294,TN,FP
4902,0,0,1,0.5723661780357361,0.8167658448219299,TN,FP
4903,0,0,1,0.5721792578697205,0.8298178315162659,TN,FP
4904,0,0,1,0.5500795245170593,0.7831475138664246,TN,FP
4905,0,0,1,0.564328670501709,0.8009803891181946,TN,FP
4906,0,0,1,0.5547629594802856,0.7887696623802185,TN,FP
4907,0,0,1,0.5586986541748047,0.763365626335144,TN,FP
4908,0,0,1,0.5358320474624634,0.7852222919464111,TN,FP
4909,0,0,1,0.5604961514472961,0.7907339334487915,TN,FP
4910,0,0,1,0.5684630870819092,0.7683435678482056,TN,FP
4911,0,0,1,0.5495771765708923,0.7647841572761536,TN,FP
4912,0,0,1,0.5607771873474121,0.7669522166252136,TN,FP
4913,0,0,1,0.5619283318519592,0.7511234879493713,TN,FP
4914,0,0,1,0.5702744126319885,0.7508302330970764,TN,FP
4915,0,0,1,0.5686567425727844,0.7571296691894531,TN,FP
4916,0,0,1,0.5527657866477966,0.749267041683197,TN,FP
4917,0,0,1,0.5586134195327759,0.7451346516609192,TN,FP
4918,0,0,1,0.5663745403289795,0.7190132141113281,TN,FP
4919,0,0,1,0.5672463774681091,0.7481439709663391,TN,FP
4920,0,0,1,0.6001427173614502,0.7097336649894714,TN,FP
4921,0,0,1,0.5982025265693665,0.7195978760719299,TN,FP
4922,0,0,1,0.5858142971992493,0.6897839903831482,TN,FP
4923,0,0,1,0.5673781633377075,0.6805465221405029,TN,FP
4924,0,0,1,0.5755751132965088,0.6842239499092102,TN,FP
4925,0,0,1,0.6076154112815857,0.7139248847961426,TN,FP
4927,0,0,1,0.5926105380058289,0.6863680481910706,TN,FP
4928,0,0,1,0.5789178013801575,0.6547706127166748,TN,FP
4929,0,0,1,0.583331823348999,0.6437317728996277,TN,FP
4931,0,0,1,0.6010351181030273,0.6538868546485901,TN,FP
4932,0,0,1,0.6089853048324585,0.6376941800117493,TN,FP
4933,0,0,1,0.6024511456489563,0.6398225426673889,TN,FP
4934,0,0,1,0.6097664833068848,0.6225578784942627,TN,FP
4935,0,0,1,0.5828659534454346,0.6174303293228149,TN,FP
4936,0,0,1,0.6057088971138,0.6188094615936279,TN,FP
4937,0,0,1,0.609696626663208,0.6346667408943176,TN,FP
4938,0,0,1,0.6011499166488647,0.5973743200302124,TN,FP
4939,0,0,1,0.5993819236755371,0.5887987613677979,TN,FP
4940,0,0,1,0.5899532437324524,0.5877082347869873,TN,FP
4941,0,0,1,0.608578085899353,0.5780569314956665,TN,FP
4942,0,0,1,0.582205593585968,0.6497743129730225,TN,FP
4944,0,0,1,0.5947139859199524,0.5558862686157227,TN,FP
4945,0,0,1,0.6072894930839539,0.5634317994117737,TN,FP
4949,0,0,1,0.6043967604637146,0.5837490558624268,TN,FP
4951,0,0,1,0.6084367632865906,0.5558313727378845,TN,FP
4958,0,0,1,0.5828474164009094,0.5827898979187012,TN,FP
4959,0,0,1,0.6123464107513428,0.5846420526504517,TN,FP
4960,0,0,1,0.5680203437805176,0.6310446858406067,TN,FP
4962,0,0,1,0.5800890922546387,0.6350367069244385,TN,FP
4963,0,0,1,0.588200032711029,0.6786417961120605,TN,FP
4964,0,0,1,0.5986062288284302,0.589951753616333,TN,FP
4965,0,0,1,0.5630452036857605,0.644665539264679,TN,FP
4966,0,0,1,0.595919132232666,0.6408293843269348,TN,FP
4967,0,0,1,0.5698757767677307,0.6050288081169128,TN,FP
4968,0,0,1,0.5819594860076904,0.6185098886489868,TN,FP
4969,0,0,1,0.5981742739677429,0.6294234395027161,TN,FP
4970,0,0,1,0.6081160306930542,0.6121297478675842,TN,FP
4971,0,0,1,0.586855411529541,0.6313393115997314,TN,FP
4972,0,0,1,0.5790718793869019,0.6480041742324829,TN,FP
4973,0,0,1,0.5952320694923401,0.6735814809799194,TN,FP
4974,0,0,1,0.5724667906761169,0.6586303114891052,TN,FP
4975,0,0,1,0.5437777042388916,0.6677272319793701,TN,FP
4976,0,0,1,0.5631974339485168,0.6718747019767761,TN,FP
4977,0,0,1,0.5744980573654175,0.6874935030937195,TN,FP
4978,0,0,1,0.5493960976600647,0.7031092047691345,TN,FP
4979,0,0,1,0.5683882236480713,0.7207157015800476,TN,FP
4980,0,0,1,0.548933207988739,0.7197926044464111,TN,FP
4981,0,0,1,0.5509244799613953,0.7162505984306335,TN,FP
4982,0,0,1,0.5412623882293701,0.7363897562026978,TN,FP
4983,0,0,1,0.5608190298080444,0.6883351802825928,TN,FP
4984,0,0,1,0.578474760055542,0.7189346551895142,TN,FP
4985,0,0,1,0.5660669803619385,0.7238494753837585,TN,FP
4986,0,0,1,0.5676855444908142,0.7257013916969299,TN,FP
5012,0,0,1,0.6041368246078491,1.3330857753753662,TN,FP
5028,0,0,1,0.6115629076957703,1.2165131568908691,TN,FP
5045,0,0,1,0.6080629825592041,1.225427508354187,TN,FP
5046,0,0,1,0.5889315605163574,1.195125937461853,TN,FP
5048,0,0,1,0.6045136451721191,1.2535383701324463,TN,FP
5056,0,0,1,0.5885131359100342,1.1457834243774414,TN,FP
5059,0,0,1,0.5961310267448425,1.1757155656814575,TN,FP
5060,0,0,1,0.6057711243629456,1.0896111726760864,TN,FP
5061,0,0,1,0.6070556044578552,1.1741454601287842,TN,FP
5062,0,0,1,0.5834712982177734,1.0964210033416748,TN,FP
5063,0,0,1,0.6054483652114868,1.1003247499465942,TN,FP
5065,0,0,1,0.6081467866897583,1.1404283046722412,TN,FP
5066,0,0,1,0.598712146282196,1.1694697141647339,TN,FP
5067,0,0,1,0.5779253244400024,1.1039462089538574,TN,FP
5068,0,0,1,0.5978071689605713,1.1288021802902222,TN,FP
5069,0,0,1,0.5885964035987854,1.1428351402282715,TN,FP
5073,0,0,1,0.6119046211242676,1.1421763896942139,TN,FP
5076,0,0,1,0.5732810497283936,1.067782998085022,TN,FP
5077,0,0,1,0.5987172722816467,1.0765244960784912,TN,FP
5078,0,0,1,0.6033356189727783,1.1157714128494263,TN,FP
5079,0,0,1,0.5646224617958069,1.0338921546936035,TN,FP
5080,0,0,1,0.5666404366493225,1.0315437316894531,TN,FP
5081,0,0,1,0.5845555663108826,1.0272021293640137,TN,FP
5082,0,0,1,0.5874223113059998,1.069359302520752,TN,FP
5085,0,0,1,0.5990155935287476,1.0457878112792969,TN,FP
5087,0,0,1,0.5838560461997986,1.020910382270813,TN,FP
5088,0,0,1,0.5847681164741516,1.017856478691101,TN,FP
5091,0,0,1,0.5920087099075317,0.9721223711967468,TN,FP
5092,0,0,1,0.6082262992858887,0.9586927890777588,TN,FP
5093,0,0,1,0.5901243090629578,0.9421605467796326,TN,FP
5094,0,0,1,0.6001586318016052,0.9389781355857849,TN,FP
5096,0,0,1,0.5940420627593994,0.959743857383728,TN,FP
5097,0,0,1,0.5917885303497314,0.9446769952774048,TN,FP
5098,0,0,1,0.6084159016609192,0.9452977776527405,TN,FP
5099,0,0,1,0.5903065204620361,0.9248019456863403,TN,FP
5100,0,0,1,0.5828795433044434,0.8848557472229004,TN,FP
5102,0,0,1,0.5952770113945007,0.8682054877281189,TN,FP
5103,0,0,1,0.5568450689315796,0.8500053286552429,TN,FP
5104,0,0,1,0.567823588848114,0.8522034287452698,TN,FP
5105,0,0,1,0.5683115124702454,0.8693484663963318,TN,FP
5106,0,0,1,0.5906577110290527,0.8238580226898193,TN,FP
5107,0,0,1,0.5661630034446716,0.8357100486755371,TN,FP
5108,0,0,1,0.5859991312026978,0.7967690825462341,TN,FP
5109,0,0,1,0.5590866208076477,0.8301884531974792,TN,FP
5110,0,0,1,0.5774478912353516,0.8343562483787537,TN,FP
5111,0,0,1,0.6025413870811462,0.8124791979789734,TN,FP
5112,0,0,1,0.5595242381095886,0.7917236089706421,TN,FP
5113,0,0,1,0.5822207927703857,0.7756751179695129,TN,FP
5114,0,0,1,0.5910741686820984,0.777695894241333,TN,FP
5115,0,0,1,0.5601162910461426,0.7662216424942017,TN,FP
5116,0,0,1,0.5360157489776611,0.733965277671814,TN,FP
5117,0,0,1,0.5445358157157898,0.7264982461929321,TN,FP
5118,0,0,1,0.5759910345077515,0.7134526968002319,TN,FP
5119,0,0,1,0.5726655721664429,0.7086590528488159,TN,FP
5120,0,0,1,0.587911069393158,0.7049856781959534,TN,FP
5121,0,0,1,0.566169261932373,0.6916468143463135,TN,FP
5122,0,0,1,0.5767138004302979,0.6695030927658081,TN,FP
5123,0,0,1,0.59454745054245,0.6779412031173706,TN,FP
5124,0,0,1,0.5541039705276489,0.6685287952423096,TN,FP
5125,0,0,1,0.5882996320724487,0.6689607501029968,TN,FP
5126,0,0,1,0.6006243228912354,0.6548383831977844,TN,FP
5127,0,0,1,0.5893919467926025,0.6500807404518127,TN,FP
5128,0,0,1,0.6037551164627075,0.6552078127861023,TN,FP
5129,0,0,1,0.6101709604263306,0.6523635983467102,TN,FP
5132,0,0,1,0.5916526317596436,0.6448280215263367,TN,FP
5135,0,0,1,0.600482702255249,0.6321257948875427,TN,FP
5144,0,0,1,0.6036505103111267,0.6161448955535889,TN,FP
5146,0,0,1,0.6071624755859375,0.5688320398330688,TN,FP
5147,0,0,1,0.5923628807067871,0.5776174664497375,TN,FP
5148,0,0,1,0.5861523151397705,0.6350201964378357,TN,FP
5150,0,0,1,0.5758726000785828,0.6076404452323914,TN,FP
5152,0,0,1,0.6015665531158447,0.5716682076454163,TN,FP
5153,0,0,1,0.60124671459198,0.5856606960296631,TN,FP
5156,0,0,1,0.5864335894584656,0.5878492593765259,TN,FP
5160,0,0,1,0.5969551205635071,0.5934694409370422,TN,FP
5162,0,0,1,0.6040191054344177,0.5866671204566956,TN,FP
5163,0,0,1,0.589205801486969,0.5711404085159302,TN,FP
5164,0,0,1,0.5849176645278931,0.5847511887550354,TN,FP
5165,0,0,1,0.5822198987007141,0.5773110389709473,TN,FP
5166,0,0,1,0.6027485728263855,0.6419119238853455,TN,FP
5167,0,0,1,0.6010883450508118,0.5741527080535889,TN,FP
5168,0,0,1,0.6096577644348145,0.6239835619926453,TN,FP
5169,0,0,1,0.606459379196167,0.5700148940086365,TN,FP
5170,0,0,1,0.5883419513702393,0.6189024448394775,TN,FP
5171,0,0,1,0.5896093249320984,0.6145588159561157,TN,FP
5172,0,0,1,0.5879198908805847,0.5731327533721924,TN,FP
5173,0,0,1,0.6003259420394897,0.6285767555236816,TN,FP
5174,0,0,1,0.6002580523490906,0.6433658003807068,TN,FP
5178,0,0,1,0.5961709022521973,0.6837286353111267,TN,FP
5179,0,0,1,0.591473400592804,0.6968064904212952,TN,FP
5180,0,0,1,0.5257338881492615,0.6108105182647705,TN,FP
5181,0,0,1,0.5151957869529724,0.6104087829589844,TN,FP
5182,0,0,1,0.5231037735939026,0.7020046710968018,TN,FP
5183,0,0,1,0.5102028250694275,0.6588973999023438,TN,FP
5184,0,0,1,0.5096700191497803,0.6042574048042297,TN,FP
5185,0,0,1,0.5127129554748535,0.5960412621498108,TN,FP
5186,0,0,1,0.5291984677314758,1.555729866027832,TN,FP
5187,0,0,1,0.5119539499282837,0.6024214029312134,TN,FP
5188,0,0,1,0.5153047442436218,0.6201937794685364,TN,FP
5189,0,0,1,0.5148560404777527,0.5835675597190857,TN,FP
5190,0,0,1,0.49920904636383057,1.3900599479675293,TN,FP
5191,0,0,1,0.5067808032035828,1.4097671508789062,TN,FP
5192,0,0,1,0.5001308917999268,1.3571563959121704,TN,FP
5193,0,0,1,0.49843817949295044,1.3663026094436646,TN,FP
5194,0,0,1,0.49558544158935547,1.4910011291503906,TN,FP
5195,0,0,1,0.521043598651886,1.3399044275283813,TN,FP
5196,0,0,1,0.4981571137905121,1.3358879089355469,TN,FP
5197,0,0,1,0.5156490206718445,1.418891191482544,TN,FP
5198,0,0,1,0.5129392743110657,1.3348820209503174,TN,FP
5199,0,0,1,0.5171489119529724,1.3965193033218384,TN,FP
5200,0,0,1,0.5302557349205017,1.3149043321609497,TN,FP
5201,0,0,1,0.513211190700531,1.3290940523147583,TN,FP
5202,0,0,1,0.5080030560493469,1.3391294479370117,TN,FP
5203,0,0,1,0.508676290512085,1.3677935600280762,TN,FP
5204,0,0,1,0.5152010917663574,1.3351123332977295,TN,FP
5205,0,0,1,0.5131141543388367,1.3155064582824707,TN,FP
5206,0,0,1,0.5123658180236816,1.3165820837020874,TN,FP
5207,0,0,1,0.5180837512016296,1.3634675741195679,TN,FP
5208,0,0,1,0.5503866076469421,1.3216012716293335,TN,FP
5209,0,0,1,0.5349486470222473,1.2914834022521973,TN,FP
5210,0,0,1,0.5258592963218689,1.2953872680664062,TN,FP
5211,0,0,1,0.5293745398521423,1.3525950908660889,TN,FP
5212,0,0,1,0.5265543460845947,1.2917816638946533,TN,FP
5213,0,0,1,0.5689089894294739,1.3386225700378418,TN,FP
5214,0,0,1,0.5178571939468384,1.252667784690857,TN,FP
5215,0,0,1,0.5301933884620667,1.2506403923034668,TN,FP
5217,0,0,1,0.5356423854827881,1.2858141660690308,TN,FP
5218,0,0,1,0.5277026891708374,1.3269320726394653,TN,FP
5219,0,0,1,0.5310638546943665,1.3413547277450562,TN,FP
5220,0,0,1,0.5291769504547119,1.2110121250152588,TN,FP
5221,0,0,1,0.5392184257507324,1.1971702575683594,TN,FP
5222,0,0,1,0.5412692427635193,1.1833548545837402,TN,FP
5223,0,0,1,0.5590781569480896,1.1757887601852417,TN,FP
5224,0,0,1,0.5492467880249023,1.1685669422149658,TN,FP
5225,0,0,1,0.5580205917358398,1.2210384607315063,TN,FP
5226,0,0,1,0.5658993124961853,1.1905403137207031,TN,FP
5227,0,0,1,0.5689911842346191,1.1666114330291748,TN,FP
5228,0,0,1,0.564516007900238,1.1549080610275269,TN,FP
5229,0,0,1,0.5564413666725159,1.2565858364105225,TN,FP
5230,0,0,1,0.5631542801856995,1.1633682250976562,TN,FP
5231,0,0,1,0.5556244850158691,1.2217594385147095,TN,FP
5232,0,0,1,0.564657986164093,1.1841717958450317,TN,FP
5233,0,0,1,0.5545610189437866,1.1691828966140747,TN,FP
5234,0,0,1,0.5503405928611755,1.1952301263809204,TN,FP
5235,0,0,1,0.5409749746322632,1.212559700012207,TN,FP
5236,0,0,1,0.5599266290664673,1.1284500360488892,TN,FP
5237,0,0,1,0.5368597507476807,1.2253352403640747,TN,FP
5238,0,0,1,0.5324704051017761,1.1918768882751465,TN,FP
5239,0,0,1,0.5347294211387634,1.0745234489440918,TN,FP
5240,0,0,1,0.525921106338501,1.148437738418579,TN,FP
5241,0,0,1,0.5407512187957764,1.1543853282928467,TN,FP
5242,0,0,1,0.5323577523231506,1.1156597137451172,TN,FP
5243,0,0,1,0.5293691158294678,1.0998338460922241,TN,FP
5244,0,0,1,0.5262613892555237,1.0653965473175049,TN,FP
5245,0,0,1,0.5277442932128906,1.0883326530456543,TN,FP
5246,0,0,1,0.5277154445648193,1.138669490814209,TN,FP
5247,0,0,1,0.5464690923690796,1.056502103805542,TN,FP
5248,0,0,1,0.5147190690040588,1.0848060846328735,TN,FP
5249,0,0,1,0.5203446745872498,1.0792746543884277,TN,FP
5250,0,0,1,0.5218437910079956,1.0715140104293823,TN,FP
5251,0,0,1,0.5183162689208984,1.108206868171692,TN,FP
5252,0,0,1,0.5260547399520874,1.0671221017837524,TN,FP
5253,0,0,1,0.5356991291046143,1.043665885925293,TN,FP
5254,0,0,1,0.5466274619102478,1.0995036363601685,TN,FP
5255,0,0,1,0.5295687317848206,0.9975725412368774,TN,FP
5256,0,0,1,0.5386486649513245,1.0993802547454834,TN,FP
5257,0,0,1,0.5436996221542358,1.0454124212265015,TN,FP
5258,0,0,1,0.5306553244590759,1.007086157798767,TN,FP
5259,0,0,1,0.516275942325592,0.9932913780212402,TN,FP
5260,0,0,1,0.5086345672607422,1.035258173942566,TN,FP
5261,0,0,1,0.5036793351173401,1.0053741931915283,TN,FP
5262,0,0,1,0.5140066742897034,0.9263213872909546,TN,FP
5263,0,0,1,0.5234054327011108,0.9827103614807129,TN,FP
5264,0,0,1,0.5196887254714966,1.015598177909851,TN,FP
5265,0,0,1,0.5120318531990051,0.9917938709259033,TN,FP
5266,0,0,1,0.5089356899261475,0.9766334295272827,TN,FP
5267,0,0,1,0.5179269313812256,0.9673241972923279,TN,FP
5268,0,0,1,0.511244535446167,0.964259922504425,TN,FP
5269,0,0,1,0.5115129351615906,0.9487047791481018,TN,FP
5270,0,0,1,0.5067983269691467,0.9204098582267761,TN,FP
5271,0,0,1,0.5035250782966614,0.9027059674263,TN,FP
5272,0,0,1,0.5086379051208496,0.9293583631515503,TN,FP
5273,0,0,1,0.5119374394416809,0.8846021294593811,TN,FP
5274,0,0,1,0.5026780962944031,0.8774878978729248,TN,FP
5275,0,0,1,0.49277323484420776,0.8536041378974915,TN,FP
5276,0,0,1,0.49670013785362244,0.837033212184906,TN,FP
5277,0,0,1,0.5051623582839966,0.8304948210716248,TN,FP
5278,0,0,1,0.4907529950141907,0.845999538898468,TN,FP
5279,0,0,1,0.49353399872779846,0.8316534161567688,TN,FP
5280,0,0,1,0.49744972586631775,0.8355315923690796,TN,FP
5281,0,0,1,0.4970037043094635,0.8241574168205261,TN,FP
5282,0,0,1,0.5288185477256775,0.8316723108291626,TN,FP
5283,0,0,1,0.5127375721931458,0.8199350237846375,TN,FP
5284,0,0,1,0.5156176090240479,0.7892845869064331,TN,FP
5285,0,0,1,0.5096644759178162,0.7969725131988525,TN,FP
5286,0,0,1,0.5775747895240784,0.5678331851959229,TN,FP
5287,0,0,1,0.5673926472663879,0.5713358521461487,TN,FP
5288,0,0,1,0.5806035399436951,0.574059247970581,TN,FP
5289,0,0,1,0.5655902624130249,0.5788797736167908,TN,FP
5290,0,0,1,0.5652166604995728,0.5731105804443359,TN,FP
5291,0,0,1,0.5982545614242554,0.5746338367462158,TN,FP
5292,0,0,1,0.5722389221191406,0.5736608505249023,TN,FP
5293,0,0,1,0.5909335017204285,0.568621814250946,TN,FP
5294,0,0,1,0.5780494809150696,0.5877367258071899,TN,FP
5295,0,0,1,0.5769585967063904,0.5627305507659912,TN,FP
5296,0,0,1,0.5889580845832825,0.5690183043479919,TN,FP
5297,0,0,1,0.5801939368247986,0.5689384341239929,TN,FP
5298,0,0,1,0.5732885003089905,0.5730996131896973,TN,FP
5299,0,0,1,0.6090186834335327,0.5915164947509766,TN,FP
5300,0,0,1,0.5969873666763306,0.5695313811302185,TN,FP
5302,0,0,1,0.6054350733757019,0.5846834778785706,TN,FP
5303,0,0,1,0.6095528602600098,0.5764692425727844,TN,FP
5304,0,0,1,0.6045234799385071,0.6062598824501038,TN,FP
5306,0,0,1,0.6010487675666809,0.5763875246047974,TN,FP
5307,0,0,1,0.6014367341995239,0.5663878321647644,TN,FP
5308,0,0,1,0.5590800046920776,0.5684494972229004,TN,FP
5309,0,0,1,0.5937425494194031,0.5634002685546875,TN,FP
5310,0,0,1,0.5945117473602295,0.5722195506095886,TN,FP
5311,0,0,1,0.5807089805603027,0.553097128868103,TN,FP
5312,0,0,1,0.5825996994972229,0.5623717308044434,TN,FP
5313,0,0,1,0.5876394510269165,0.5531891584396362,TN,FP
5314,0,0,1,0.5771077275276184,0.5588882565498352,TN,FP
5315,0,0,1,0.578591525554657,0.5605835914611816,TN,FP
5316,0,0,1,0.595263659954071,0.602200984954834,TN,FP
5317,0,0,1,0.5884835720062256,0.5649444460868835,TN,FP
5318,0,0,1,0.5873292684555054,0.556510865688324,TN,FP
5319,0,0,1,0.5792853236198425,0.5655345320701599,TN,FP
5320,0,0,1,0.6082205176353455,0.5892211198806763,TN,FP
5321,0,0,1,0.6030309796333313,0.5944732427597046,TN,FP
5322,0,0,1,0.573203980922699,0.5867536664009094,TN,FP
5323,0,0,1,0.5818027257919312,0.5656383037567139,TN,FP
5324,0,0,1,0.5671072602272034,0.5663358569145203,TN,FP
5325,0,0,1,0.5791780948638916,0.5791982412338257,TN,FP
5326,0,0,1,0.5825949907302856,0.569251537322998,TN,FP
5327,0,0,1,0.5754167437553406,0.5518333315849304,TN,FP
5328,0,0,1,0.5650055408477783,0.5436397790908813,TN,FP
5329,0,0,1,0.5495990514755249,0.5701444149017334,TN,FP
5330,0,0,1,0.5639833807945251,0.5665298700332642,TN,FP
5331,0,0,1,0.5802561640739441,0.5569427013397217,TN,FP
5332,0,0,1,0.5621128678321838,0.5424109697341919,TN,FP
5333,0,0,1,0.572356104850769,0.5624658465385437,TN,FP
5334,0,0,1,0.5659187436103821,0.5482166409492493,TN,FP
5335,0,0,1,0.5678189396858215,0.5469564199447632,TN,FP
5336,0,0,1,0.5507363677024841,0.5580675005912781,TN,FP
5337,0,0,1,0.5463033318519592,0.5427448153495789,TN,FP
5338,0,0,1,0.5535250306129456,0.5521875619888306,TN,FP
5339,0,0,1,0.5440975427627563,0.5445650815963745,TN,FP
5340,0,0,1,0.5528537631034851,0.5423641800880432,TN,FP
5341,0,0,1,0.5301267504692078,0.5197545886039734,TN,FP
5342,0,0,1,0.5274458527565002,0.5233224630355835,TN,FP
5343,0,0,1,0.5360864400863647,0.5205146074295044,TN,FP
5344,0,0,1,0.5364730954170227,0.5087124109268188,TN,FP
5345,0,0,1,0.5140560269355774,0.5061427354812622,TN,FP
5346,0,0,1,0.5014168620109558,0.5011503100395203,TN,FP
5347,0,0,1,0.5167196393013,0.49942532181739807,TN,FP
5348,0,0,1,0.5291269421577454,0.5010778903961182,TN,FP
5349,0,0,1,0.5183217525482178,0.5046484470367432,TN,FP
5357,0,0,1,0.5345243215560913,0.5014963150024414,TN,FP
5358,0,0,1,0.5260623693466187,0.5122340321540833,TN,FP
5359,0,0,1,0.5169938802719116,0.5077739953994751,TN,FP
5360,0,0,1,0.5231207609176636,0.5070929527282715,TN,FP
5361,0,0,1,0.5297613143920898,0.5095836520195007,TN,FP
5362,0,0,1,0.5126738548278809,0.5078368186950684,TN,FP
5363,0,0,1,0.5332070589065552,0.5232880115509033,TN,FP
5364,0,0,1,0.5381812453269958,0.5400331616401672,TN,FP
5365,0,0,1,0.5312730669975281,0.5291387438774109,TN,FP
5366,0,0,1,0.5292463898658752,0.5289390683174133,TN,FP
5367,0,0,1,0.5180493593215942,0.5324965119361877,TN,FP
5368,0,0,1,0.5352424383163452,0.5433056354522705,TN,FP
5369,0,0,1,0.5255061388015747,0.5381053686141968,TN,FP
5370,0,0,1,0.5432063937187195,0.5610088109970093,TN,FP
5371,0,0,1,0.5423131585121155,0.5585330128669739,TN,FP
5372,0,0,1,0.5474278330802917,0.5722707509994507,TN,FP
5373,0,0,1,0.567645788192749,0.5614417791366577,TN,FP
5374,0,0,1,0.5461736917495728,0.5694869160652161,TN,FP
5375,0,0,1,0.569490373134613,0.5705894827842712,TN,FP
5376,0,0,1,0.5513504147529602,0.57732754945755,TN,FP
5377,0,0,1,0.56121426820755,0.5950594544410706,TN,FP
5378,0,0,1,0.5596030950546265,0.5902260541915894,TN,FP
5379,0,0,1,0.5665475130081177,0.5903686285018921,TN,FP
5380,0,0,1,0.5528746247291565,0.5947901010513306,TN,FP
5381,0,0,1,0.5465176701545715,0.6051902174949646,TN,FP
5382,0,0,1,0.5529825091362,0.6088029742240906,TN,FP
5383,0,0,1,0.5458561778068542,0.6044178009033203,TN,FP
5384,0,0,1,0.5414777994155884,0.6152893304824829,TN,FP
5385,0,0,1,0.535409688949585,0.6109006404876709,TN,FP
5386,0,0,1,0.5637017488479614,0.6114913821220398,TN,FP
5387,0,0,1,0.5432112812995911,0.622203528881073,TN,FP
5388,0,0,1,0.5439461469650269,0.626203179359436,TN,FP
5389,0,0,1,0.5623387098312378,0.6463252902030945,TN,FP
5390,0,0,1,0.5492526888847351,0.6680703163146973,TN,FP
5391,0,0,1,0.5518710613250732,0.667284369468689,TN,FP
5392,0,0,1,0.5591781139373779,0.6661415100097656,TN,FP
5393,0,0,1,0.582184910774231,0.6877598762512207,TN,FP
5394,0,0,1,0.5704786777496338,0.7095691561698914,TN,FP
5395,0,0,1,0.5896766185760498,0.7028135061264038,TN,FP
5396,0,0,1,0.5749688148498535,0.7018001675605774,TN,FP
5397,0,0,1,0.5804799199104309,0.8009954690933228,TN,FP
5398,0,0,1,0.5855520963668823,0.7820327877998352,TN,FP
5399,0,0,1,0.5698469281196594,0.6893552541732788,TN,FP
5400,0,0,1,0.6011699438095093,0.7131108641624451,TN,FP
5401,0,0,1,0.6045841574668884,0.6754329800605774,TN,FP
5427,0,0,1,0.5698682069778442,0.5730023384094238,TN,FP
5428,0,0,1,0.5972759127616882,0.5797447562217712,TN,FP
5429,0,0,1,0.5818865895271301,0.5691683292388916,TN,FP
5430,0,0,1,0.5794634819030762,0.5747553706169128,TN,FP
5431,0,0,1,0.5969467163085938,0.5858991146087646,TN,FP
5432,0,0,1,0.5856051445007324,0.5899623036384583,TN,FP
5433,0,0,1,0.5939580798149109,0.5919243693351746,TN,FP
5434,0,0,1,0.6113187670707703,0.5960776209831238,TN,FP
5435,0,0,1,0.6090196371078491,0.6090613007545471,TN,FP
5436,0,0,1,0.5969143509864807,0.5963266491889954,TN,FP
5437,0,0,1,0.5736041069030762,0.5932134389877319,TN,FP
5438,0,0,1,0.5793971419334412,0.5829000473022461,TN,FP
5439,0,0,1,0.6086568832397461,0.5884905457496643,TN,FP
5440,0,0,1,0.5678903460502625,0.5891467928886414,TN,FP
5441,0,0,1,0.6062462329864502,0.5896987915039062,TN,FP
5442,0,0,1,0.6058173775672913,0.5954648852348328,TN,FP
5443,0,0,1,0.5880578756332397,0.5899073481559753,TN,FP
5444,0,0,1,0.5781487822532654,0.5852309465408325,TN,FP
5445,0,0,1,0.5765854716300964,0.5933008193969727,TN,FP
5446,0,0,1,0.6019144654273987,0.6032134294509888,TN,FP
5448,0,0,1,0.564344584941864,0.5932530760765076,TN,FP
5449,0,0,1,0.5640671849250793,0.5896099209785461,TN,FP
5450,0,0,1,0.5728042125701904,0.5801247954368591,TN,FP
5451,0,0,1,0.5720735788345337,0.6046059131622314,TN,FP
5452,0,0,1,0.5566318035125732,0.5947688221931458,TN,FP
5453,0,0,1,0.5605661273002625,0.5758627653121948,TN,FP
5454,0,0,1,0.54410719871521,0.5892610549926758,TN,FP
5455,0,0,1,0.5470117330551147,0.57779860496521,TN,FP
5456,0,0,1,0.5733752250671387,0.5925542712211609,TN,FP
5457,0,0,1,0.5619038343429565,0.6134883761405945,TN,FP
5458,0,0,1,0.5306503772735596,0.5992146730422974,TN,FP
5459,0,0,1,0.5475057363510132,0.6001242995262146,TN,FP
5460,0,0,1,0.5399271249771118,0.5981488227844238,TN,FP
5461,0,0,1,0.572346568107605,0.6124662160873413,TN,FP
5462,0,0,1,0.5605708360671997,0.6193003058433533,TN,FP
5463,0,0,1,0.5430302619934082,0.6007248759269714,TN,FP
5464,0,0,1,0.5681853294372559,0.5665523409843445,TN,FP
5465,0,0,1,0.5515661239624023,0.6004672646522522,TN,FP
5466,0,0,1,0.5515453815460205,0.624136209487915,TN,FP
5467,0,0,1,0.5524703860282898,0.6277686357498169,TN,FP
5468,0,0,1,0.5377193689346313,0.6393840312957764,TN,FP
5469,0,0,1,0.5483455061912537,0.6023607850074768,TN,FP
5470,0,0,1,0.5378469228744507,0.6008161902427673,TN,FP
5471,0,0,1,0.5487637519836426,0.6318647265434265,TN,FP
5472,0,0,1,0.5389981269836426,0.6376101970672607,TN,FP
5473,0,0,1,0.5444668531417847,0.6053541302680969,TN,FP
5474,0,0,1,0.5377197265625,0.6330820322036743,TN,FP
5475,0,0,1,0.5403140783309937,0.6797754764556885,TN,FP
5476,0,0,1,0.5416397452354431,0.636782169342041,TN,FP
5477,0,0,1,0.5298827290534973,0.622471034526825,TN,FP
5478,0,0,1,0.5276114344596863,0.5982781648635864,TN,FP
5479,0,0,1,0.5159457921981812,0.6098875999450684,TN,FP
5480,0,0,1,0.5204669833183289,0.6350778341293335,TN,FP
5481,0,0,1,0.5163019895553589,0.6511415243148804,TN,FP
5482,0,0,1,0.514953076839447,0.6118911504745483,TN,FP
5483,0,0,1,0.5103523135185242,0.5867780447006226,TN,FP
5484,0,0,1,0.5115031599998474,0.6407220363616943,TN,FP
5485,0,0,1,0.5199651122093201,0.604155957698822,TN,FP
5486,0,0,1,0.5161678194999695,0.6293498873710632,TN,FP
5487,0,0,1,0.5334783792495728,0.6526605486869812,TN,FP
5488,0,0,1,0.5346681475639343,0.6397863626480103,TN,FP
5489,0,0,1,0.5546194314956665,0.684847891330719,TN,FP
5490,0,0,1,0.5485753417015076,0.7431663274765015,TN,FP
5491,0,0,1,0.5448129773139954,0.6989094614982605,TN,FP
5492,0,0,1,0.5405368804931641,0.6724632978439331,TN,FP
5493,0,0,1,0.5646846294403076,0.7083901166915894,TN,FP
5494,0,0,1,0.5523542165756226,0.683958113193512,TN,FP
5495,0,0,1,0.5571753978729248,0.8109807372093201,TN,FP
5496,0,0,1,0.5705915689468384,1.0419443845748901,TN,FP
5497,0,0,1,0.6107999682426453,0.8127643465995789,TN,FP
5498,0,0,1,0.6085610389709473,1.0216872692108154,TN,FP
5525,0,0,1,0.5692288875579834,0.5408086776733398,TN,FP
5526,0,0,1,0.568999171257019,0.5418868660926819,TN,FP
5527,0,0,1,0.5877783298492432,0.5412311553955078,TN,FP
5528,0,0,1,0.5831145644187927,0.530706524848938,TN,FP
5529,0,0,1,0.568152666091919,0.5314552783966064,TN,FP
5530,0,0,1,0.5511903166770935,0.535128653049469,TN,FP
5531,0,0,1,0.5775277018547058,0.5404649376869202,TN,FP
5532,0,0,1,0.567011296749115,0.5469720959663391,TN,FP
5533,0,0,1,0.5705934166908264,0.5414595603942871,TN,FP
5534,0,0,1,0.600148618221283,0.5429856181144714,TN,FP
5535,0,0,1,0.5682556629180908,0.5406777858734131,TN,FP
5536,0,0,1,0.5539534091949463,0.5371895432472229,TN,FP
5537,0,0,1,0.5705384612083435,0.5302335619926453,TN,FP
5538,0,0,1,0.5687400698661804,0.5325202345848083,TN,FP
5539,0,0,1,0.5674520134925842,0.5502223372459412,TN,FP
5540,0,0,1,0.5782040953636169,0.5538427829742432,TN,FP
5541,0,0,1,0.5870177149772644,0.5352672338485718,TN,FP
5542,0,0,1,0.5631059408187866,0.547031819820404,TN,FP
5543,0,0,1,0.5592136383056641,0.5505167841911316,TN,FP
5544,0,0,1,0.5719233751296997,0.5449442863464355,TN,FP
5545,0,0,1,0.5733904838562012,0.5429454445838928,TN,FP
5546,0,0,1,0.5705295205116272,0.5360938310623169,TN,FP
5554,0,0,1,0.611544668674469,0.6557617783546448,TN,FP
5558,0,0,1,0.6084595322608948,0.6442590355873108,TN,FP
5560,0,0,1,0.6031898856163025,0.6336909532546997,TN,FP
5562,0,0,1,0.6084325909614563,0.6173779368400574,TN,FP
5563,0,0,1,0.6048739552497864,0.6208961606025696,TN,FP
5564,0,0,1,0.5994376540184021,0.618874192237854,TN,FP
5565,0,0,1,0.5892598032951355,0.6234515309333801,TN,FP
5566,0,0,1,0.594190239906311,0.61625075340271,TN,FP
5567,0,0,1,0.612331211566925,0.6144564151763916,TN,FP
5568,0,0,1,0.5986577868461609,0.6070600152015686,TN,FP
5570,0,0,1,0.5791289806365967,0.6141472458839417,TN,FP
5571,0,0,1,0.5926669239997864,0.6014195680618286,TN,FP
5572,0,0,1,0.5877426266670227,0.6035454869270325,TN,FP
5573,0,0,1,0.606539249420166,0.6854808330535889,TN,FP
5574,0,0,1,0.5814274549484253,0.5923095345497131,TN,FP
5575,0,0,1,0.5545657277107239,0.573391854763031,TN,FP
5576,0,0,1,0.5521917939186096,0.5735092163085938,TN,FP
5577,0,0,1,0.5462445020675659,0.5547550320625305,TN,FP
5578,0,0,1,0.5417748093605042,0.5535706281661987,TN,FP
5579,0,0,1,0.5289326310157776,0.537465512752533,TN,FP
5580,0,0,1,0.533339262008667,0.5539118051528931,TN,FP
5581,0,0,1,0.5548207759857178,0.54343181848526,TN,FP
5582,0,0,1,0.5377018451690674,0.531999945640564,TN,FP
5583,0,0,1,0.5401997566223145,0.5454387664794922,TN,FP
5584,0,0,1,0.5204547047615051,0.5286469459533691,TN,FP
5585,0,0,1,0.5189568996429443,0.5172724723815918,TN,FP
5586,0,0,1,0.5154740214347839,0.5307056903839111,TN,FP
5587,0,0,1,0.5098802447319031,0.5123296976089478,TN,FP
5588,0,0,1,0.5081102252006531,0.5079488158226013,TN,FP
5589,0,0,1,0.5302149653434753,0.5214694738388062,TN,FP
5590,0,0,1,0.5141782164573669,0.5084872245788574,TN,FP
5591,0,0,1,0.5171242952346802,0.5110035538673401,TN,FP
5592,0,0,1,0.5328308939933777,0.5481768846511841,TN,FP
5593,0,0,1,0.5297233462333679,0.5158644318580627,TN,FP
5594,0,0,1,0.550342321395874,0.517478883266449,TN,FP
5595,0,0,1,0.5366650223731995,0.5085053443908691,TN,FP
5596,0,0,1,0.5133357048034668,0.505054235458374,TN,FP
5597,0,0,1,0.5028747320175171,0.5100609660148621,TN,FP
5598,0,0,1,0.5150046348571777,0.524082362651825,TN,FP
5599,0,0,1,0.5254668593406677,0.5408559441566467,TN,FP
5600,0,0,1,0.5165629386901855,0.5155514478683472,TN,FP
5601,0,0,1,0.5104361176490784,0.5104514360427856,TN,FP
5602,0,0,1,0.5315352082252502,0.5109947323799133,TN,FP
5603,0,0,1,0.5246970653533936,0.5207776427268982,TN,FP
5604,0,0,1,0.5211983919143677,0.5288106799125671,TN,FP
5605,0,0,1,0.532126247882843,0.5333968997001648,TN,FP
5606,0,0,1,0.5274719595909119,0.5301632881164551,TN,FP
5607,0,0,1,0.531899094581604,0.5348692536354065,TN,FP
5608,0,0,1,0.5022674798965454,0.511815071105957,TN,FP
5609,0,0,1,0.5153627395629883,0.5186282992362976,TN,FP
5610,0,0,1,0.5171358585357666,0.5143981575965881,TN,FP
5611,0,0,1,0.5085410475730896,0.5008054375648499,TN,FP
5612,0,0,1,0.5147073268890381,0.5233062505722046,TN,FP
5613,0,0,1,0.502800703048706,0.5169437527656555,TN,FP
5614,0,0,1,0.5104495882987976,0.5177799463272095,TN,FP
5615,0,0,1,0.5339486002922058,0.5148220658302307,TN,FP
5616,0,0,1,0.5255833268165588,0.5292234420776367,TN,FP
5617,0,0,1,0.528730571269989,0.5399184226989746,TN,FP
5618,0,0,1,0.5366207957267761,0.5415735840797424,TN,FP
5619,0,0,1,0.5402335524559021,0.5424105525016785,TN,FP
5620,0,0,1,0.5356557369232178,0.5431082248687744,TN,FP
5621,0,0,1,0.5459134578704834,0.5480703115463257,TN,FP
5622,0,0,1,0.558236300945282,0.5500745177268982,TN,FP
5623,0,0,1,0.5510818958282471,0.5522133111953735,TN,FP
5624,0,0,1,0.5637515783309937,0.5525971055030823,TN,FP
5625,0,0,1,0.5489711761474609,0.5606915950775146,TN,FP
5626,0,0,1,0.548147439956665,0.5620127320289612,TN,FP
5627,0,0,1,0.5444439053535461,0.5589559674263,TN,FP
5628,0,0,1,0.5415184497833252,0.5561208128929138,TN,FP
5629,0,0,1,0.5401154160499573,0.5524457693099976,TN,FP
5630,0,0,1,0.536309540271759,0.5559539198875427,TN,FP
5631,0,0,1,0.5367366075515747,0.5567708611488342,TN,FP
5632,0,0,1,0.5363455414772034,0.5584911108016968,TN,FP
5633,0,0,1,0.5343804359436035,0.5510315299034119,TN,FP
5634,0,0,1,0.5394430756568909,0.5612956285476685,TN,FP
5635,0,0,1,0.5430911779403687,0.5777442455291748,TN,FP
5636,0,0,1,0.5350707173347473,0.5719316601753235,TN,FP
5637,0,0,1,0.5292573571205139,0.5572794079780579,TN,FP
5638,0,0,1,0.5264429450035095,0.560244619846344,TN,FP
5639,0,0,1,0.5219157934188843,0.5557568669319153,TN,FP
5640,0,0,1,0.5148422718048096,0.5427995920181274,TN,FP
5641,0,0,1,0.5255488753318787,0.5656548738479614,TN,FP
5642,0,0,1,0.5222808718681335,0.6102508306503296,TN,FP
5643,0,0,1,0.5219318866729736,0.5613061189651489,TN,FP
5644,0,0,1,0.521166980266571,0.5639928579330444,TN,FP
5645,0,0,1,0.5364319682121277,0.5727894306182861,TN,FP
5646,0,0,1,0.5542833209037781,0.60302734375,TN,FP
5647,0,0,1,0.5498138666152954,0.5949432253837585,TN,FP
5648,0,0,1,0.5431514382362366,0.593625009059906,TN,FP
5649,0,0,1,0.5518022775650024,0.6182254552841187,TN,FP
5650,0,0,1,0.5479997396469116,0.6320561766624451,TN,FP
5651,0,0,1,0.5507852435112,0.6217795610427856,TN,FP
5652,0,0,1,0.5452089905738831,0.5564665794372559,TN,FP
5653,0,0,1,0.5475126504898071,0.6394094824790955,TN,FP
5654,0,0,1,0.5447967648506165,0.601759672164917,TN,FP
5655,0,0,1,0.5303029417991638,0.5725761651992798,TN,FP
5656,0,0,1,0.5338403582572937,0.5572455525398254,TN,FP
5657,0,0,1,0.5272623300552368,0.5505872964859009,TN,FP
5658,0,0,1,0.5359117984771729,0.5966640114784241,TN,FP
5659,0,0,1,0.5341137647628784,0.561028242111206,TN,FP
5660,0,0,1,0.5406423211097717,0.5442936420440674,TN,FP
5661,0,0,1,0.5400933623313904,0.5603986978530884,TN,FP
5685,0,0,1,0.5412291288375854,0.6376955509185791,TN,FP
5686,0,0,1,0.5596907734870911,0.6391193270683289,TN,FP
5687,0,0,1,0.5645075440406799,0.6588498950004578,TN,FP
5688,0,0,1,0.5616318583488464,0.6704951524734497,TN,FP
5689,0,0,1,0.5689802765846252,0.6899067759513855,TN,FP
5690,0,0,1,0.5724313855171204,0.6611253619194031,TN,FP
5691,0,0,1,0.5701967477798462,0.6571003198623657,TN,FP
5692,0,0,1,0.5907624959945679,0.6688755750656128,TN,FP
5693,0,0,1,0.5658894777297974,0.662354588508606,TN,FP
5694,0,0,1,0.5988288521766663,0.6661055088043213,TN,FP
5695,0,0,1,0.5832802653312683,0.6709095239639282,TN,FP
5696,0,0,1,0.6020706295967102,0.6790457367897034,TN,FP
5698,0,0,1,0.5840446949005127,0.6704074144363403,TN,FP
5699,0,0,1,0.5874707698822021,0.666233241558075,TN,FP
5700,0,0,1,0.5931369662284851,0.6708072423934937,TN,FP
5702,0,0,1,0.5958916544914246,0.6682191491127014,TN,FP
5703,0,0,1,0.5876643657684326,0.6687400937080383,TN,FP
5704,0,0,1,0.5837674140930176,0.664394199848175,TN,FP
5705,0,0,1,0.5742606520652771,0.6535671353340149,TN,FP
5706,0,0,1,0.5653713345527649,0.6487502455711365,TN,FP
5707,0,0,1,0.5703012943267822,0.6382896900177002,TN,FP
5708,0,0,1,0.5400841236114502,0.6266520619392395,TN,FP
5709,0,0,1,0.5621533393859863,0.6257789134979248,TN,FP
5710,0,0,1,0.5392739772796631,0.6196972131729126,TN,FP
5711,0,0,1,0.5333759188652039,0.6235369443893433,TN,FP
5712,0,0,1,0.5575668215751648,0.6283954381942749,TN,FP
5713,0,0,1,0.564319908618927,0.6361834406852722,TN,FP
5714,0,0,1,0.557628870010376,0.6390448808670044,TN,FP
5715,0,0,1,0.5540528297424316,0.6379184126853943,TN,FP
5716,0,0,1,0.5555291175842285,0.6261002421379089,TN,FP
5717,0,0,1,0.5331217646598816,0.6174198389053345,TN,FP
5718,0,0,1,0.538444459438324,0.6198877096176147,TN,FP
5719,0,0,1,0.5239814519882202,0.6116208434104919,TN,FP
5720,0,0,1,0.5313732624053955,0.6026978492736816,TN,FP
5721,0,0,1,0.5381042957305908,0.612362802028656,TN,FP
5722,0,0,1,0.5345749855041504,0.6031062602996826,TN,FP
5723,0,0,1,0.5569829344749451,0.6124229431152344,TN,FP
5724,0,0,1,0.5455998182296753,0.6157650947570801,TN,FP
5725,0,0,1,0.5248551368713379,0.5967164039611816,TN,FP
5726,0,0,1,0.5371187329292297,0.6096158623695374,TN,FP
5727,0,0,1,0.5432621240615845,0.6162839531898499,TN,FP
5728,0,0,1,0.543944239616394,0.61582350730896,TN,FP
5729,0,0,1,0.5500468015670776,0.6232985854148865,TN,FP
5730,0,0,1,0.548633337020874,0.6049503087997437,TN,FP
5731,0,0,1,0.5354728102684021,0.5948542952537537,TN,FP
5732,0,0,1,0.5366560220718384,0.608168363571167,TN,FP
5733,0,0,1,0.52621990442276,0.5938737392425537,TN,FP
5734,0,0,1,0.5368103981018066,0.6128101944923401,TN,FP
5735,0,0,1,0.5330957174301147,0.5978706479072571,TN,FP
5736,0,0,1,0.5366963148117065,0.5966277122497559,TN,FP
5737,0,0,1,0.532407820224762,0.6137040853500366,TN,FP
5738,0,0,1,0.5318424701690674,0.5971349477767944,TN,FP
5739,0,0,1,0.5384812355041504,0.604682207107544,TN,FP
5740,0,0,1,0.54087233543396,0.6087883710861206,TN,FP
5741,0,0,1,0.5375414490699768,0.5944175720214844,TN,FP
5742,0,0,1,0.5332334637641907,0.6021803617477417,TN,FP
5743,0,0,1,0.547641932964325,0.5958673357963562,TN,FP
5744,0,0,1,0.5409659743309021,0.598510205745697,TN,FP
5745,0,0,1,0.5406278967857361,0.6113741397857666,TN,FP
5746,0,0,1,0.5543239116668701,0.6064052581787109,TN,FP
5747,0,0,1,0.5386579036712646,0.6098276972770691,TN,FP
5748,0,0,1,0.5403885841369629,0.6170081496238708,TN,FP
5749,0,0,1,0.5444438457489014,0.9373624324798584,TN,FP
5750,0,0,1,0.5463683605194092,1.5282678604125977,TN,FP
5751,0,0,1,0.5302605628967285,1.523837924003601,TN,FP
5752,0,0,1,0.5310308337211609,1.534275770187378,TN,FP
5753,0,0,1,0.5279237031936646,1.6363301277160645,TN,FP
5754,0,0,1,0.5279582738876343,1.5984323024749756,TN,FP
5755,0,0,1,0.525706946849823,0.5982133746147156,TN,FP
5756,0,0,1,0.5353381633758545,0.5933706164360046,TN,FP
5757,0,0,1,0.5355861186981201,0.6060640215873718,TN,FP
5758,0,0,1,0.5374199748039246,0.596885621547699,TN,FP
5759,0,0,1,0.5431481599807739,1.4563621282577515,TN,FP
5760,0,0,1,0.5492770671844482,1.4630013704299927,TN,FP
5761,0,0,1,0.5437192916870117,1.4451130628585815,TN,FP
5762,0,0,1,0.5449205636978149,1.4450575113296509,TN,FP
5763,0,0,1,0.5357654094696045,1.4208096265792847,TN,FP
5764,0,0,1,0.5418893694877625,1.5460745096206665,TN,FP
5765,0,0,1,0.5297604203224182,0.6223878264427185,TN,FP
5766,0,0,1,0.5293180346488953,0.6007751226425171,TN,FP
5767,0,0,1,0.5348172187805176,1.602122187614441,TN,FP
5768,0,0,1,0.5295391082763672,1.3952701091766357,TN,FP
5769,0,0,1,0.530698299407959,0.6269139647483826,TN,FP
5770,0,0,1,0.5240386724472046,1.3387211561203003,TN,FP
5771,0,0,1,0.5119602680206299,0.6457761526107788,TN,FP
5772,0,0,1,0.5155418515205383,0.586661696434021,TN,FP
5773,0,0,1,0.5151285529136658,1.2912945747375488,TN,FP
5774,0,0,1,0.5337611436843872,1.3863990306854248,TN,FP
5775,0,0,1,0.519355058670044,1.3288863897323608,TN,FP
5776,0,0,1,0.5160211324691772,1.3210972547531128,TN,FP
5777,0,0,1,0.521375298500061,1.240024447441101,TN,FP
5778,0,0,1,0.5209441184997559,1.2499778270721436,TN,FP
5779,0,0,1,0.516086757183075,1.2803133726119995,TN,FP
5780,0,0,1,0.5124914646148682,1.2616562843322754,TN,FP
5781,0,0,1,0.5122870206832886,1.2167431116104126,TN,FP
5782,0,0,1,0.5163432955741882,1.1737771034240723,TN,FP
5783,0,0,1,0.5207885503768921,1.2417112588882446,TN,FP
5784,0,0,1,0.5125184059143066,1.2218486070632935,TN,FP
5785,0,0,1,0.5117695331573486,1.2198046445846558,TN,FP
5786,0,0,1,0.5188509225845337,1.227514624595642,TN,FP
5787,0,0,1,0.5103790760040283,1.2045543193817139,TN,FP
5788,0,0,1,0.5268282890319824,1.0823718309402466,TN,FP
5789,0,0,1,0.5097678899765015,1.1477404832839966,TN,FP
5790,0,0,1,0.5157593488693237,1.1110831499099731,TN,FP
5791,0,0,1,0.5118478536605835,0.6812666058540344,TN,FP
5792,0,0,1,0.5114182829856873,1.1921135187149048,TN,FP
5794,0,0,1,0.598385751247406,0.6707125902175903,TN,FP
5812,0,0,1,0.5926883220672607,0.6367549300193787,TN,FP
5813,0,0,1,0.5881302356719971,0.6258122324943542,TN,FP
5814,0,0,1,0.5351940393447876,0.6235141158103943,TN,FP
5815,0,0,1,0.5366455316543579,0.6338168382644653,TN,FP
5816,0,0,1,0.5706586241722107,0.6465339660644531,TN,FP
5817,0,0,1,0.5840713977813721,0.6188194751739502,TN,FP
5818,0,0,1,0.5435851812362671,0.612813413143158,TN,FP
5819,0,0,1,0.5959635972976685,0.6069394946098328,TN,FP
5820,0,0,1,0.6050540208816528,0.6109475493431091,TN,FP
5821,0,0,1,0.5740121603012085,0.6214552521705627,TN,FP
5822,0,0,1,0.605593740940094,0.5986567139625549,TN,FP
5823,0,0,1,0.5697791576385498,0.598278820514679,TN,FP
5824,0,0,1,0.5886534452438354,0.6107907891273499,TN,FP
5825,0,0,1,0.6127686500549316,0.6139219999313354,TN,FP
5826,0,0,1,0.5638819932937622,0.5940820574760437,TN,FP
5828,0,0,1,0.5831626653671265,0.6002272963523865,TN,FP
5829,0,0,1,0.6122369766235352,0.5970054268836975,TN,FP
5830,0,0,1,0.5884020924568176,0.5890567302703857,TN,FP
5831,0,0,1,0.5868352055549622,0.5912164449691772,TN,FP
5832,0,0,1,0.5736748576164246,0.5869216322898865,TN,FP
5834,0,0,1,0.608335018157959,0.5947002172470093,TN,FP
5835,0,0,1,0.5820876955986023,0.5702297687530518,TN,FP
5836,0,0,1,0.540067195892334,0.5572561025619507,TN,FP
5837,0,0,1,0.5502222180366516,0.5591734051704407,TN,FP
5838,0,0,1,0.5524944067001343,0.5577135682106018,TN,FP
5839,0,0,1,0.5743047595024109,0.5467701554298401,TN,FP
5840,0,0,1,0.5960584878921509,0.5585942268371582,TN,FP
5841,0,0,1,0.6079344153404236,0.5703094005584717,TN,FP
5845,0,0,1,0.556580662727356,0.5533883571624756,TN,FP
5847,0,0,1,0.5716711282730103,0.5712975263595581,TN,FP
5848,0,0,1,0.5945042371749878,0.5571703910827637,TN,FP
5849,0,0,1,0.5506725907325745,0.546048641204834,TN,FP
5850,0,0,1,0.546919584274292,0.536704421043396,TN,FP
5851,0,0,1,0.5699373483657837,0.5368990898132324,TN,FP
5852,0,0,1,0.5596161484718323,0.5369418859481812,TN,FP
5854,0,0,1,0.5759834051132202,0.545490562915802,TN,FP
5856,0,0,1,0.544310986995697,0.535007655620575,TN,FP
5859,0,0,1,0.5675041079521179,0.6511509418487549,TN,FP
5860,0,0,1,0.5516618490219116,0.5272361636161804,TN,FP
5861,0,0,1,0.5703902840614319,0.5264409184455872,TN,FP
5862,0,0,1,0.5797213912010193,0.5203899145126343,TN,FP
5863,0,0,1,0.5576336979866028,0.5406797528266907,TN,FP
5864,0,0,1,0.5591924786567688,0.5241811275482178,TN,FP
5865,0,0,1,0.564300000667572,0.5365616083145142,TN,FP
5866,0,0,1,0.6009059548377991,0.521594762802124,TN,FP
5867,0,0,1,0.5924403667449951,0.5258955359458923,TN,FP
5868,0,0,1,0.5569120645523071,0.5254415273666382,TN,FP
5869,0,0,1,0.5476738810539246,0.5259712338447571,TN,FP
5870,0,0,1,0.5304872989654541,0.5064160823822021,TN,FP
5871,0,0,1,0.5176754593849182,0.4941854774951935,TN,FP
5872,0,0,1,0.5496911406517029,0.5133680105209351,TN,FP
5873,0,0,1,0.5458313226699829,0.49928319454193115,TN,FP
5876,0,0,1,0.4999265968799591,0.5185476541519165,TN,FP
5877,0,0,1,0.5141923427581787,0.5496847033500671,TN,FP
5878,0,0,1,0.48803919553756714,0.5035777688026428,TN,FP
5881,0,0,1,0.4675099849700928,0.5718785524368286,TN,FP
5882,0,0,1,0.5022611021995544,0.5135340690612793,TN,FP
5883,0,0,1,0.4977074861526489,0.5038610696792603,TN,FP
5884,0,0,1,0.49466708302497864,0.5703603625297546,TN,FP
5885,0,0,1,0.5081034302711487,0.5871227383613586,TN,FP
5886,0,0,1,0.481582373380661,0.5153622627258301,TN,FP
5887,0,0,1,0.5300297141075134,0.5429030060768127,TN,FP
5888,0,0,1,0.5033795833587646,0.5299292802810669,TN,FP
5889,0,0,1,0.48215317726135254,0.5527178049087524,TN,FP
5890,0,0,1,0.48568081855773926,0.5231473445892334,TN,FP
5891,0,0,1,0.4953044056892395,0.5927800536155701,TN,FP
5892,0,0,1,0.542660117149353,0.591655433177948,TN,FP
5893,0,0,1,0.4874492287635803,0.6127932667732239,TN,FP
5894,0,0,1,0.5761904716491699,0.923616349697113,TN,FP
5895,0,0,1,0.5971763134002686,0.9190540909767151,TN,FP
5896,0,0,1,0.5646106004714966,0.913073718547821,TN,FP
5897,0,0,1,0.5743527412414551,0.9632500410079956,TN,FP
5898,0,0,1,0.5944503545761108,0.9149666428565979,TN,FP
5899,0,0,1,0.5636792182922363,0.9076483249664307,TN,FP
5900,0,0,1,0.5595242977142334,0.906370997428894,TN,FP
5901,0,0,1,0.5996738076210022,0.9268758893013,TN,FP
5902,0,0,1,0.5814133882522583,0.9089698791503906,TN,FP
5904,0,0,1,0.5691245794296265,0.8859860301017761,TN,FP
5905,0,0,1,0.5896430015563965,0.9104862213134766,TN,FP
5906,0,0,1,0.539463460445404,0.8850208520889282,TN,FP
5907,0,0,1,0.568184494972229,0.8758744597434998,TN,FP
5908,0,0,1,0.5611085295677185,0.8600215315818787,TN,FP
5909,0,0,1,0.5777034759521484,0.8758985996246338,TN,FP
5910,0,0,1,0.5631248354911804,0.8718577027320862,TN,FP
5911,0,0,1,0.5599651336669922,0.8647961616516113,TN,FP
5912,0,0,1,0.5635263323783875,0.869550347328186,TN,FP
5913,0,0,1,0.5694012641906738,0.8632327318191528,TN,FP
5914,0,0,1,0.5631496906280518,0.8668760657310486,TN,FP
5915,0,0,1,0.5740516185760498,0.8587796092033386,TN,FP
5916,0,0,1,0.5813544988632202,0.8553386926651001,TN,FP
5917,0,0,1,0.568295955657959,0.8657273054122925,TN,FP
5918,0,0,1,0.5919015407562256,0.8711932301521301,TN,FP
5919,0,0,1,0.5414361357688904,0.8849552869796753,TN,FP
5920,0,0,1,0.5510473847389221,0.8402167558670044,TN,FP
5921,0,0,1,0.5545100569725037,0.8558657765388489,TN,FP
5922,0,0,1,0.5482587218284607,0.8167040944099426,TN,FP
5923,0,0,1,0.5384933352470398,0.8196966648101807,TN,FP
5924,0,0,1,0.5517361164093018,0.811461329460144,TN,FP
5925,0,0,1,0.5656813979148865,0.8314909338951111,TN,FP
5926,0,0,1,0.5570591688156128,0.7922707200050354,TN,FP
5927,0,0,1,0.5173997282981873,0.8195337057113647,TN,FP
5928,0,0,1,0.5325684547424316,0.793892502784729,TN,FP
5929,0,0,1,0.5594319701194763,0.7924110293388367,TN,FP
5930,0,0,1,0.49952957034111023,0.7654727697372437,TN,FP
5931,0,0,1,0.5013716816902161,0.7376600503921509,TN,FP
5932,0,0,1,0.5150766372680664,0.7611849904060364,TN,FP
5933,0,0,1,0.5065736174583435,0.7195120453834534,TN,FP
5934,0,0,1,0.5088791847229004,0.7426308989524841,TN,FP
5935,0,0,1,0.5169369578361511,0.7853295207023621,TN,FP
5936,0,0,1,0.5206055641174316,0.7270681858062744,TN,FP
5937,0,0,1,0.4906611144542694,0.7218591570854187,TN,FP
5938,0,0,1,0.5001829266548157,0.7024759650230408,TN,FP
5939,0,0,1,0.5206688046455383,0.6932958364486694,TN,FP
5940,0,0,1,0.505127489566803,0.6952277421951294,TN,FP
5941,0,0,1,0.4911648631095886,0.6755701303482056,TN,FP
5942,0,0,1,0.5091462135314941,0.6867017149925232,TN,FP
5943,0,0,1,0.5138643383979797,0.6666030883789062,TN,FP
5944,0,0,1,0.5053373575210571,0.66089928150177,TN,FP
5945,0,0,1,0.5159258246421814,0.6495568752288818,TN,FP
5946,0,0,1,0.4888276159763336,0.6376208662986755,TN,FP
5947,0,0,1,0.518934965133667,0.6467469930648804,TN,FP
5948,0,0,1,0.5186495780944824,0.6318248510360718,TN,FP
5949,0,0,1,0.49754875898361206,0.6338788866996765,TN,FP
5950,0,0,1,0.4992513954639435,0.6298850774765015,TN,FP
5951,0,0,1,0.49559730291366577,0.6260966062545776,TN,FP
5952,0,0,1,0.49197205901145935,0.629931628704071,TN,FP
5953,0,0,1,0.5118387937545776,0.628190279006958,TN,FP
5954,0,0,1,0.5108938813209534,0.614048421382904,TN,FP
5955,0,0,1,0.5303331613540649,0.6055877208709717,TN,FP
5956,0,0,1,0.5249137282371521,0.6150644421577454,TN,FP
5957,0,0,1,0.5204397439956665,0.523256242275238,TN,FP
5958,0,0,1,0.5622974634170532,0.538962185382843,TN,FP
5959,0,0,1,0.5357511639595032,0.5361726880073547,TN,FP
5960,0,0,1,0.5362216830253601,0.539945662021637,TN,FP
5961,0,0,1,0.5450079441070557,0.5343472361564636,TN,FP
5962,0,0,1,0.5465342998504639,0.5426614880561829,TN,FP
5963,0,0,1,0.542768657207489,0.5434125065803528,TN,FP
5964,0,0,1,0.5768395066261292,0.5473498106002808,TN,FP
5965,0,0,1,0.5621305108070374,0.5472449660301208,TN,FP
5966,0,0,1,0.5577149391174316,0.5515466928482056,TN,FP
5967,0,0,1,0.5644360184669495,0.5468927621841431,TN,FP
5968,0,0,1,0.5359282493591309,0.5474584698677063,TN,FP
5969,0,0,1,0.5454246997833252,0.5482945442199707,TN,FP
5970,0,0,1,0.5381610989570618,0.5414085984230042,TN,FP
5971,0,0,1,0.5393174290657043,0.5372805595397949,TN,FP
5972,0,0,1,0.5345373749732971,0.5292645692825317,TN,FP
5973,0,0,1,0.5294045209884644,0.5365236401557922,TN,FP
5974,0,0,1,0.5475356578826904,0.5420114994049072,TN,FP
5975,0,0,1,0.5612247586250305,0.5563516020774841,TN,FP
5976,0,0,1,0.5609590411186218,0.5569458603858948,TN,FP
5977,0,0,1,0.569366991519928,0.5557811856269836,TN,FP
5978,0,0,1,0.5684900283813477,0.5472447872161865,TN,FP
5979,0,0,1,0.5524747371673584,0.5487269759178162,TN,FP
5980,0,0,1,0.5565193295478821,0.5479125380516052,TN,FP
5981,0,0,1,0.5501508116722107,0.5387108325958252,TN,FP
5982,0,0,1,0.5643222332000732,0.5363677144050598,TN,FP
5983,0,0,1,0.5507807731628418,0.5276973843574524,TN,FP
5984,0,0,1,0.5537121295928955,0.526462733745575,TN,FP
5985,0,0,1,0.5129260420799255,0.5212051868438721,TN,FP
5986,0,0,1,0.5494592785835266,0.5183324217796326,TN,FP
5987,0,0,1,0.5428445935249329,0.5270189046859741,TN,FP
5988,0,0,1,0.5378572344779968,0.5138065218925476,TN,FP
5989,0,0,1,0.5450875163078308,0.513078510761261,TN,FP
5990,0,0,1,0.5355467200279236,0.5024484395980835,TN,FP
5991,0,0,1,0.5160465836524963,0.5040094256401062,TN,FP
5992,0,0,1,0.49556320905685425,0.49649524688720703,TN,FP
5993,0,0,1,0.5078967809677124,0.4976890981197357,TN,FP
5995,0,0,1,0.4885331988334656,0.49422165751457214,TN,FP
5997,0,0,1,0.4989158511161804,0.5013059377670288,TN,FP
5998,0,0,1,0.4902392327785492,0.5027385950088501,TN,FP
5999,0,0,1,0.5078077912330627,0.5078853964805603,TN,FP
6000,0,0,1,0.5114929676055908,0.5139362215995789,TN,FP
6001,0,0,1,0.5140691995620728,0.5108659267425537,TN,FP
6002,0,0,1,0.5097677111625671,0.509547770023346,TN,FP
6003,0,0,1,0.5147443413734436,0.5093026161193848,TN,FP
6004,0,0,1,0.5328267812728882,0.5079942941665649,TN,FP
6005,0,0,1,0.5006173849105835,0.5040380954742432,TN,FP
6006,0,0,1,0.4948073923587799,0.5015749931335449,TN,FP
6007,0,0,1,0.48254749178886414,0.49701157212257385,TN,FP
6009,0,0,1,0.5054066181182861,0.5018808841705322,TN,FP
6010,0,0,1,0.5092272758483887,0.4947865307331085,TN,FP
6011,0,0,1,0.5105317234992981,0.5006095767021179,TN,FP
6012,0,0,1,0.5110217928886414,0.4976981282234192,TN,FP
6016,0,0,1,0.5186827182769775,0.499935507774353,TN,FP
6017,0,0,1,0.497109591960907,0.4970158338546753,TN,FP
6018,0,0,1,0.5053437948226929,0.5297634601593018,TN,FP
6019,0,0,1,0.5054342150688171,0.49533262848854065,TN,FP
6020,0,0,1,0.49512532353401184,0.5000721216201782,TN,FP
6021,0,0,1,0.4918130934238434,0.5085716247558594,TN,FP
6022,0,0,1,0.4973795413970947,0.5088251233100891,TN,FP
6023,0,0,1,0.4967632293701172,0.5016928315162659,TN,FP
6024,0,0,1,0.5029186606407166,0.5061187148094177,TN,FP
6025,0,0,1,0.4886520504951477,0.4987180829048157,TN,FP
6026,0,0,1,0.48658061027526855,0.4998947083950043,TN,FP
6032,0,0,1,0.46985602378845215,0.5053508281707764,TN,FP
6034,0,0,1,0.4879569709300995,0.5150010585784912,TN,FP
6036,0,0,1,0.4858248829841614,0.5025830864906311,TN,FP
6037,0,0,1,0.493998646736145,0.5015842318534851,TN,FP
6038,0,0,1,0.49588173627853394,0.5119274258613586,TN,FP
6039,0,0,1,0.4980539381504059,0.49559810757637024,TN,FP
6040,0,0,1,0.4964369535446167,0.503180980682373,TN,FP
6041,0,0,1,0.5155606269836426,0.533084511756897,TN,FP
6042,0,0,1,0.5038833022117615,0.5212852954864502,TN,FP
6043,0,0,1,0.49348339438438416,0.5145642161369324,TN,FP
6044,0,0,1,0.49122515320777893,0.5068828463554382,TN,FP
6045,0,0,1,0.5794554948806763,0.5452395081520081,TN,FP
6046,0,0,1,0.5950255393981934,0.5578854084014893,TN,FP
6047,0,0,1,0.5934613347053528,0.5583293437957764,TN,FP
6048,0,0,1,0.592771053314209,0.5621888637542725,TN,FP
6049,0,0,1,0.6054858565330505,0.569016695022583,TN,FP
6050,0,0,1,0.6006495356559753,0.5514459013938904,TN,FP
6051,0,0,1,0.5706448554992676,0.5641109347343445,TN,FP
6052,0,0,1,0.5977828502655029,0.556174635887146,TN,FP
6053,0,0,1,0.5784325003623962,0.5685901045799255,TN,FP
6054,0,0,1,0.5789863467216492,0.5511637330055237,TN,FP
6055,0,0,1,0.5833572149276733,0.5635237693786621,TN,FP
6056,0,0,1,0.5782427787780762,0.5381792187690735,TN,FP
6057,0,0,1,0.5651967525482178,0.5501567721366882,TN,FP
6058,0,0,1,0.5808237791061401,0.546963095664978,TN,FP
6059,0,0,1,0.603691041469574,0.544806957244873,TN,FP
6060,0,0,1,0.5840596556663513,0.5667291879653931,TN,FP
6061,0,0,1,0.5743098258972168,0.5666459798812866,TN,FP
6062,0,0,1,0.5710103511810303,0.5764532685279846,TN,FP
6063,0,0,1,0.5614403486251831,0.5363015532493591,TN,FP
6064,0,0,1,0.5734566450119019,0.5401782393455505,TN,FP
6065,0,0,1,0.5528791546821594,0.5468248128890991,TN,FP
6066,0,0,1,0.5860325694084167,0.539771318435669,TN,FP
6067,0,0,1,0.5694317817687988,0.5652673840522766,TN,FP
6068,0,0,1,0.5871206521987915,0.5695502161979675,TN,FP
6069,0,0,1,0.5626266598701477,0.5587770938873291,TN,FP
6070,0,0,1,0.5716960430145264,0.5805478096008301,TN,FP
6071,0,0,1,0.5893903970718384,0.5542780160903931,TN,FP
6072,0,0,1,0.5765172839164734,0.556465744972229,TN,FP
6073,0,0,1,0.59942227602005,0.5595035552978516,TN,FP
6074,0,0,1,0.5801712870597839,0.5559706687927246,TN,FP
6075,0,0,1,0.6029207706451416,0.5523363351821899,TN,FP
6076,0,0,1,0.5930700302124023,0.5436235666275024,TN,FP
6077,0,0,1,0.5633759498596191,0.5444687008857727,TN,FP
6078,0,0,1,0.5505378246307373,0.5677083730697632,TN,FP
6079,0,0,1,0.5650891661643982,0.5445172786712646,TN,FP
6080,0,0,1,0.5633727312088013,0.5445411801338196,TN,FP
6081,0,0,1,0.5526825785636902,0.551876425743103,TN,FP
6082,0,0,1,0.5712040662765503,0.5467336177825928,TN,FP
6083,0,0,1,0.6028467416763306,0.5737027525901794,TN,FP
6084,0,0,1,0.5238083600997925,0.9036661386489868,TN,FP
6085,0,0,1,0.5818936228752136,0.9126508831977844,TN,FP
6086,0,0,1,0.5647891759872437,0.8951036334037781,TN,FP
6087,0,0,1,0.5100864171981812,0.9590963125228882,TN,FP
6088,0,0,1,0.5317254066467285,0.9251345992088318,TN,FP
6089,0,0,1,0.5064895153045654,0.8807184100151062,TN,FP
6090,0,0,1,0.5395315289497375,0.8750835657119751,TN,FP
6091,0,0,1,0.5238646864891052,0.8844144344329834,TN,FP
6092,0,0,1,0.5365238785743713,0.9072160124778748,TN,FP
6093,0,0,1,0.5345149040222168,0.9105279445648193,TN,FP
6094,0,0,1,0.5102795362472534,0.8381920456886292,TN,FP
6095,0,0,1,0.5227539539337158,0.9022218585014343,TN,FP
6096,0,0,1,0.5045685768127441,0.8705192804336548,TN,FP
6097,0,0,1,0.49378445744514465,0.8491633534431458,TN,FP
6098,0,0,1,0.5415868163108826,0.8378520011901855,TN,FP
6099,0,0,1,0.5134238600730896,0.8859440088272095,TN,FP
6100,0,0,1,0.5245144367218018,0.8563384413719177,TN,FP
6101,0,0,1,0.5224108695983887,0.8496372103691101,TN,FP
6102,0,0,1,0.5180596709251404,0.8337010145187378,TN,FP
6103,0,0,1,0.5498409867286682,0.8298993110656738,TN,FP
6104,0,0,1,0.5138552784919739,0.8478902578353882,TN,FP
6105,0,0,1,0.5210809707641602,0.8327323198318481,TN,FP
6106,0,0,1,0.5491227507591248,0.8366197943687439,TN,FP
6107,0,0,1,0.5556920766830444,0.9402685761451721,TN,FP
6108,0,0,1,0.5404978394508362,0.8379170894622803,TN,FP
6109,0,0,1,0.5288223624229431,0.7898715734481812,TN,FP
6110,0,0,1,0.5443850755691528,0.868190586566925,TN,FP
6111,0,0,1,0.5187299847602844,0.8605535626411438,TN,FP
6112,0,0,1,0.5460584759712219,0.8391720652580261,TN,FP
6113,0,0,1,0.5483484864234924,0.8058303594589233,TN,FP
6114,0,0,1,0.5497177839279175,0.8206609487533569,TN,FP
6115,0,0,1,0.5729799866676331,0.7961769700050354,TN,FP
6116,0,0,1,0.5477016568183899,0.7777388691902161,TN,FP
6117,0,0,1,0.5417962074279785,0.7867974638938904,TN,FP
6118,0,0,1,0.5344362854957581,0.7664251923561096,TN,FP
6119,0,0,1,0.5383503437042236,0.7664443254470825,TN,FP
6120,0,0,1,0.5505521297454834,0.8024352788925171,TN,FP
6121,0,0,1,0.5349285006523132,0.7341313362121582,TN,FP
6122,0,0,1,0.5838047862052917,0.7283294796943665,TN,FP
6123,0,0,1,0.5598943829536438,0.7285373210906982,TN,FP
6124,0,0,1,0.5468629002571106,0.7243214249610901,TN,FP
6125,0,0,1,0.5606974959373474,0.7505195140838623,TN,FP
6126,0,0,1,0.5788084864616394,0.8067205548286438,TN,FP
6127,0,0,1,0.542891800403595,0.7050007581710815,TN,FP
6128,0,0,1,0.5656976103782654,0.7282378673553467,TN,FP
6129,0,0,1,0.5430004596710205,0.6869871616363525,TN,FP
6130,0,0,1,0.530256986618042,0.6980534195899963,TN,FP
6131,0,0,1,0.5936319828033447,0.7102090716362,TN,FP
6132,0,0,1,0.5404312014579773,0.6878654360771179,TN,FP
6133,0,0,1,0.5554360747337341,0.6955676078796387,TN,FP
6134,0,0,1,0.5936753749847412,0.6817777156829834,TN,FP
6135,0,0,1,0.5719509720802307,0.7005473971366882,TN,FP
6136,0,0,1,0.5504425168037415,0.6914926171302795,TN,FP
6137,0,0,1,0.5392554998397827,0.6549791097640991,TN,FP
6138,0,0,1,0.568080723285675,0.6674812436103821,TN,FP
6139,0,0,1,0.5532398223876953,0.6661319136619568,TN,FP
6140,0,0,1,0.6084197163581848,0.6638240814208984,TN,FP
6141,0,0,1,0.5597097873687744,0.6533281207084656,TN,FP
6142,0,0,1,0.5826300978660583,0.6431402564048767,TN,FP
6143,0,0,1,0.5573638677597046,0.6389755606651306,TN,FP
6144,0,0,1,0.5757100582122803,0.6788178086280823,TN,FP
6146,0,0,1,0.5866599082946777,0.7018158435821533,TN,FP
6147,0,0,1,0.5639395713806152,0.6437904834747314,TN,FP
6148,0,0,1,0.5956965088844299,0.6316373348236084,TN,FP
6149,0,0,1,0.555004894733429,0.6253213286399841,TN,FP
6150,0,0,1,0.6088429689407349,0.6135762333869934,TN,FP
6151,0,0,1,0.5780938863754272,0.6121001243591309,TN,FP
6152,0,0,1,0.5912517309188843,0.6107404232025146,TN,FP
6154,0,0,1,0.563913881778717,0.6069504022598267,TN,FP
6156,0,0,1,0.6083837747573853,0.5915127396583557,TN,FP
6157,0,0,1,0.5851558446884155,0.5989778637886047,TN,FP
6158,0,0,1,0.5918161869049072,0.5789725184440613,TN,FP
6159,0,0,1,0.5826766490936279,0.5814358592033386,TN,FP
6161,0,0,1,0.6125288605690002,0.5947834253311157,TN,FP
6163,0,0,1,0.5587610006332397,0.5767355561256409,TN,FP
6164,0,0,1,0.5839459300041199,0.5722198486328125,TN,FP
6165,0,0,1,0.5645030736923218,0.559792160987854,TN,FP
6166,0,0,1,0.5828750729560852,0.5556472539901733,TN,FP
6167,0,0,1,0.5500985980033875,0.5633953213691711,TN,FP
6170,0,0,1,0.5922073125839233,0.5378671288490295,TN,FP
6173,0,0,1,0.584682285785675,0.5330095887184143,TN,FP
6174,0,0,1,0.5530143976211548,0.5325802564620972,TN,FP
6175,0,0,1,0.6099250316619873,0.5272580981254578,TN,FP
6176,0,0,1,0.6020768880844116,0.5425257086753845,TN,FP
6177,0,0,1,0.5855088233947754,0.5325471758842468,TN,FP
6179,0,0,1,0.6011025309562683,0.5559016466140747,TN,FP
6180,0,0,1,0.5973962545394897,0.5530356764793396,TN,FP
6181,0,0,1,0.5985881686210632,0.5453135967254639,TN,FP
6182,0,0,1,0.5807579159736633,0.5687354803085327,TN,FP
6183,0,0,1,0.5915216207504272,0.5499168634414673,TN,FP
6184,0,0,1,0.5599057078361511,0.5695127844810486,TN,FP
6185,0,0,1,0.5675731897354126,0.5782507061958313,TN,FP
6186,0,0,1,0.6051631569862366,0.6233952045440674,TN,FP
6188,0,0,1,0.6056876182556152,0.5900138020515442,TN,FP
6189,0,0,1,0.5868618488311768,0.5938300490379333,TN,FP
6192,0,0,1,0.6001131534576416,0.6101743578910828,TN,FP
6193,0,0,1,0.6029981374740601,0.6313790678977966,TN,FP
6198,0,0,1,0.573651134967804,0.5475647449493408,TN,FP
6199,0,0,1,0.5873965620994568,0.5384213924407959,TN,FP
6200,0,0,1,0.605716347694397,0.5477114319801331,TN,FP
6201,0,0,1,0.613033652305603,0.6615414619445801,TN,FP
6206,0,0,1,0.6021743416786194,0.592450737953186,TN,FP
6207,0,0,1,0.5981515645980835,0.6086060404777527,TN,FP
6208,0,0,1,0.5958005785942078,0.6171702742576599,TN,FP
6210,0,0,1,0.605111300945282,0.6187122464179993,TN,FP
6212,0,0,1,0.595041811466217,0.6607658863067627,TN,FP
6215,0,0,1,0.5877525210380554,0.7169221639633179,TN,FP
6240,0,0,1,0.5923776030540466,0.7420165538787842,TN,FP
6241,0,0,1,0.612964928150177,0.7493742108345032,TN,FP
6242,0,0,1,0.5573294162750244,0.730741560459137,TN,FP
6243,0,0,1,0.5846140384674072,0.7322425246238708,TN,FP
6244,0,0,1,0.5845810174942017,0.7396116852760315,TN,FP
6245,0,0,1,0.5859837532043457,0.7449167370796204,TN,FP
6246,0,0,1,0.588054895401001,0.7357109189033508,TN,FP
6247,0,0,1,0.5630450248718262,0.7362241148948669,TN,FP
6248,0,0,1,0.5645830631256104,0.730116069316864,TN,FP
6249,0,0,1,0.5982654094696045,0.7466284036636353,TN,FP
6250,0,0,1,0.5817645192146301,0.7588830590248108,TN,FP
6251,0,0,1,0.5742687582969666,0.7395877838134766,TN,FP
6252,0,0,1,0.6105523705482483,0.7412984371185303,TN,FP
6253,0,0,1,0.5807006359100342,0.7251715660095215,TN,FP
6254,0,0,1,0.5945875644683838,0.7203099131584167,TN,FP
6255,0,0,1,0.5821853876113892,0.7176001071929932,TN,FP
6256,0,0,1,0.5788978338241577,0.7270281910896301,TN,FP
6257,0,0,1,0.5766565203666687,0.6982488036155701,TN,FP
6258,0,0,1,0.5637060403823853,0.6863449215888977,TN,FP
6259,0,0,1,0.5479121208190918,0.679973840713501,TN,FP
6260,0,0,1,0.5314086675643921,0.6788296699523926,TN,FP
6261,0,0,1,0.560563325881958,0.6739842891693115,TN,FP
6262,0,0,1,0.5648555755615234,0.6818469166755676,TN,FP
6263,0,0,1,0.5452163815498352,0.6753541827201843,TN,FP
6264,0,0,1,0.5368308424949646,0.6739142537117004,TN,FP
6265,0,0,1,0.5369245409965515,0.6603990197181702,TN,FP
6266,0,0,1,0.5545051097869873,0.6656547784805298,TN,FP
6267,0,0,1,0.5367425084114075,0.6500568389892578,TN,FP
6268,0,0,1,0.5313856601715088,0.6427409648895264,TN,FP
6269,0,0,1,0.52470862865448,0.6357152462005615,TN,FP
6270,0,0,1,0.518255889415741,0.634232759475708,TN,FP
6271,0,0,1,0.5421592593193054,0.6329955458641052,TN,FP
6272,0,0,1,0.5262289643287659,0.6157201528549194,TN,FP
6273,0,0,1,0.5235943794250488,0.6081550121307373,TN,FP
6274,0,0,1,0.5102366209030151,0.5999181866645813,TN,FP
6275,0,0,1,0.5238479375839233,0.5987431406974792,TN,FP
6276,0,0,1,0.5236663818359375,0.5911871194839478,TN,FP
6277,0,0,1,0.5030888319015503,0.5913265943527222,TN,FP
6278,0,0,1,0.5297777056694031,0.5850512981414795,TN,FP
6279,0,0,1,0.5055645704269409,0.5881833434104919,TN,FP
6280,0,0,1,0.5159258246421814,0.591194748878479,TN,FP
6281,0,0,1,0.5031365752220154,0.5845817923545837,TN,FP
6282,0,0,1,0.505346417427063,0.5807688236236572,TN,FP
6283,0,0,1,0.5063793659210205,0.5780057907104492,TN,FP
6284,0,0,1,0.5152114033699036,0.584909975528717,TN,FP
6285,0,0,1,0.5018817186355591,0.5722212791442871,TN,FP
6286,0,0,1,0.4947647750377655,0.5643129944801331,TN,FP
6287,0,0,1,0.4960228204727173,0.5680963397026062,TN,FP
6288,0,0,1,0.5046888589859009,0.5663968920707703,TN,FP
6289,0,0,1,0.5104862451553345,0.5659146308898926,TN,FP
6290,0,0,1,0.5200650691986084,0.5668076872825623,TN,FP
6291,0,0,1,0.5073683261871338,0.5767152905464172,TN,FP
6292,0,0,1,0.5076044797897339,0.56821608543396,TN,FP
6293,0,0,1,0.5217987298965454,0.5721182823181152,TN,FP
6294,0,0,1,0.5157415866851807,0.5618172287940979,TN,FP
6295,0,0,1,0.5174376964569092,0.5632120370864868,TN,FP
6296,0,0,1,0.5142879486083984,0.5639841556549072,TN,FP
6297,0,0,1,0.5217416286468506,0.5659147500991821,TN,FP
6298,0,0,1,0.508339524269104,0.5777533054351807,TN,FP
6299,0,0,1,0.5149078369140625,0.5657130479812622,TN,FP
6300,0,0,1,0.5114452838897705,0.5654556751251221,TN,FP
6301,0,0,1,0.5377739667892456,0.5804017186164856,TN,FP
6302,0,0,1,0.510709822177887,0.5624017119407654,TN,FP
6303,0,0,1,0.50388503074646,0.5614528059959412,TN,FP
6304,0,0,1,0.5121147632598877,0.5506346225738525,TN,FP
6305,0,0,1,0.5083717107772827,0.5505678057670593,TN,FP
6306,0,0,1,0.5093984007835388,0.5572128295898438,TN,FP
6307,0,0,1,0.5026172399520874,0.5570540428161621,TN,FP
6308,0,0,1,0.5055854320526123,0.5681822299957275,TN,FP
6309,0,0,1,0.5208427309989929,0.5791148543357849,TN,FP
6310,0,0,1,0.5222299695014954,0.5784774422645569,TN,FP
6311,0,0,1,0.5235676765441895,0.5740936398506165,TN,FP
6312,0,0,1,0.5098140835762024,0.575920820236206,TN,FP
6313,0,0,1,0.5307134389877319,0.5919878482818604,TN,FP
6314,0,0,1,0.5219526290893555,0.5920795798301697,TN,FP
6315,0,0,1,0.5320108532905579,0.5924625396728516,TN,FP
6316,0,0,1,0.5304872989654541,0.5893527865409851,TN,FP
6317,0,0,1,0.523633599281311,0.5910420417785645,TN,FP
6318,0,0,1,0.5098634958267212,0.5844284892082214,TN,FP
6319,0,0,1,0.52176833152771,0.6211180686950684,TN,FP
6320,0,0,1,0.5258429050445557,0.5893245935440063,TN,FP
6321,0,0,1,0.529507040977478,0.5898105502128601,TN,FP
6322,0,0,1,0.5150171518325806,0.6019543409347534,TN,FP
6323,0,0,1,0.5284101366996765,0.6126533150672913,TN,FP
6324,0,0,1,0.5070938467979431,0.6398488879203796,TN,FP
6325,0,0,1,0.5290682911872864,0.6262173056602478,TN,FP
6326,0,0,1,0.5185344219207764,0.6428808569908142,TN,FP
6327,0,0,1,0.5313411951065063,0.6520593166351318,TN,FP
6328,0,0,1,0.5260319709777832,0.656209409236908,TN,FP
6329,0,0,1,0.5252506732940674,0.6554437279701233,TN,FP
6330,0,0,1,0.5065009593963623,0.6703324913978577,TN,FP
6331,0,0,1,0.5097887516021729,0.6729640364646912,TN,FP
6332,0,0,1,0.5075553059577942,0.6726608872413635,TN,FP
6333,0,0,1,0.5055230855941772,0.6947574615478516,TN,FP
6334,0,0,1,0.5089192986488342,0.6977383494377136,TN,FP
6335,0,0,1,0.5090323686599731,0.7011587023735046,TN,FP
6336,0,0,1,0.5351316928863525,0.7409030795097351,TN,FP
6337,0,0,1,0.5310033559799194,0.7855126261711121,TN,FP
6338,0,0,1,0.5328879356384277,0.7855584025382996,TN,FP
6339,0,0,1,0.5312923192977905,0.8870413899421692,TN,FP
6340,0,0,1,0.5303589105606079,0.7872650623321533,TN,FP
6341,0,0,1,0.5300309658050537,0.7746800780296326,TN,FP
6342,0,0,1,0.5328066349029541,0.8014889359474182,TN,FP
6343,0,0,1,0.5302184224128723,0.9379934072494507,TN,FP
6344,0,0,1,0.5209614038467407,0.9500076770782471,TN,FP
6345,0,0,1,0.5246731638908386,0.8835628032684326,TN,FP
6346,0,0,1,0.5340794324874878,0.9164638519287109,TN,FP
6347,0,0,1,0.5209715366363525,0.8716408014297485,TN,FP
6348,0,0,1,0.5293087959289551,0.8517391681671143,TN,FP
6349,0,0,1,0.5265560746192932,0.8549572229385376,TN,FP
6350,0,0,1,0.5371187329292297,0.846569299697876,TN,FP
6351,0,0,1,0.542677640914917,0.8361931443214417,TN,FP
6352,0,0,1,0.5493349432945251,0.8136836290359497,TN,FP
6355,0,0,1,0.6065452694892883,1.3322163820266724,TN,FP
6368,0,0,1,0.602628767490387,1.3197541236877441,TN,FP
6371,0,0,1,0.5789892673492432,1.2480905055999756,TN,FP
6372,0,0,1,0.6102745532989502,1.295290470123291,TN,FP
6374,0,0,1,0.6048493385314941,1.2900912761688232,TN,FP
6376,0,0,1,0.54144686460495,0.6801133751869202,TN,FP
6377,0,0,1,0.5253031849861145,0.6844120025634766,TN,FP
6378,0,0,1,0.5384939312934875,0.6793542504310608,TN,FP
6379,0,0,1,0.529321014881134,0.6736297607421875,TN,FP
6380,0,0,1,0.5177527070045471,0.6661881804466248,TN,FP
6381,0,0,1,0.5219839215278625,0.6595937609672546,TN,FP
6382,0,0,1,0.5393586754798889,0.6712203025817871,TN,FP
6383,0,0,1,0.5225707292556763,0.6586462259292603,TN,FP
6384,0,0,1,0.5406091809272766,0.6735640168190002,TN,FP
6385,0,0,1,0.5246344208717346,0.6573551893234253,TN,FP
6386,0,0,1,0.5268656611442566,0.6473909020423889,TN,FP
6387,0,0,1,0.5415184497833252,0.6475414037704468,TN,FP
6388,0,0,1,0.5417919754981995,0.6350293159484863,TN,FP
6389,0,0,1,0.5060402154922485,0.6228938102722168,TN,FP
6390,0,0,1,0.5088706016540527,0.6240629553794861,TN,FP
6391,0,0,1,0.5126359462738037,0.6103469133377075,TN,FP
6392,0,0,1,0.49518364667892456,0.5995962023735046,TN,FP
6393,0,0,1,0.4974421560764313,0.6041805744171143,TN,FP
6394,0,0,1,0.5094325542449951,0.6094964742660522,TN,FP
6395,0,0,1,0.5122600793838501,0.6088297367095947,TN,FP
6396,0,0,1,0.5057305097579956,0.6049705743789673,TN,FP
6397,0,0,1,0.5045143961906433,0.6025454998016357,TN,FP
6398,0,0,1,0.49833354353904724,0.603386402130127,TN,FP
6399,0,0,1,0.4959472715854645,0.5744165182113647,TN,FP
6400,0,0,1,0.48031389713287354,0.5637331604957581,TN,FP
6401,0,0,1,0.4666869342327118,0.5665127635002136,TN,FP
6402,0,0,1,0.47116029262542725,0.5524560809135437,TN,FP
6403,0,0,1,0.48058032989501953,0.556125819683075,TN,FP
6404,0,0,1,0.4747786819934845,0.5604503154754639,TN,FP
6405,0,0,1,0.4806727170944214,0.5496791005134583,TN,FP
6406,0,0,1,0.47035476565361023,0.5629439353942871,TN,FP
6407,0,0,1,0.4510561227798462,0.5550928711891174,TN,FP
6408,0,0,1,0.46491214632987976,0.5476502180099487,TN,FP
6409,0,0,1,0.4572792053222656,0.5420172214508057,TN,FP
6410,0,0,1,0.4611603617668152,0.5508599281311035,TN,FP
6411,0,0,1,0.46286964416503906,0.547386646270752,TN,FP
6412,0,0,1,0.4691663086414337,0.5481995940208435,TN,FP
6413,0,0,1,0.4640254080295563,0.5699313879013062,TN,FP
6414,0,0,1,0.4635351896286011,0.5428741574287415,TN,FP
6415,0,0,1,0.4689526855945587,0.5424712300300598,TN,FP
6416,0,0,1,0.47014662623405457,0.5431578159332275,TN,FP
6417,0,0,1,0.4597686529159546,0.5355233550071716,TN,FP
6418,0,0,1,0.46865108609199524,0.5398821234703064,TN,FP
6419,0,0,1,0.4673493504524231,0.5417520999908447,TN,FP
6420,0,0,1,0.45473000407218933,0.533306896686554,TN,FP
6421,0,0,1,0.4604167938232422,0.5350213646888733,TN,FP
6422,0,0,1,0.4577617943286896,0.5328800082206726,TN,FP
6423,0,0,1,0.45896652340888977,0.5350406765937805,TN,FP
6424,0,0,1,0.4564371407032013,0.5639474391937256,TN,FP
6425,0,0,1,0.4637937545776367,0.5501652956008911,TN,FP
6426,0,0,1,0.4616914391517639,0.5514697432518005,TN,FP
6427,0,0,1,0.4697456657886505,0.5521835088729858,TN,FP
6428,0,0,1,0.5725711584091187,0.5692624449729919,TN,FP
6429,0,0,1,0.61044842004776,0.6123135089874268,TN,FP
6430,0,0,1,0.597196102142334,0.6569163799285889,TN,FP
6431,0,0,1,0.5728965401649475,0.5733480453491211,TN,FP
6432,0,0,1,0.5726050734519958,0.6080066561698914,TN,FP
6433,0,0,1,0.6011775135993958,0.6263460516929626,TN,FP
6434,0,0,1,0.5888081192970276,0.6556540131568909,TN,FP
6435,0,0,1,0.605826735496521,0.5639955401420593,TN,FP
6436,0,0,1,0.6067588329315186,0.6441116333007812,TN,FP
6439,0,0,1,0.6103172898292542,0.6706687211990356,TN,FP
6440,0,0,1,0.595043957233429,0.6109495162963867,TN,FP
6441,0,0,1,0.5915557742118835,0.6173903942108154,TN,FP
6442,0,0,1,0.59868323802948,0.6127612590789795,TN,FP
6443,0,0,1,0.5765120983123779,0.6588491797447205,TN,FP
6444,0,0,1,0.6120347380638123,0.6642194986343384,TN,FP
6446,0,0,1,0.581681489944458,0.6469003558158875,TN,FP
6447,0,0,1,0.5772316455841064,0.6357153058052063,TN,FP
6448,0,0,1,0.5671936869621277,0.6553099751472473,TN,FP
6449,0,0,1,0.571662962436676,0.6065022349357605,TN,FP
6450,0,0,1,0.5582571625709534,0.6038159728050232,TN,FP
6451,0,0,1,0.5772289037704468,0.6166298389434814,TN,FP
6452,0,0,1,0.5727117657661438,0.6002750992774963,TN,FP
6453,0,0,1,0.5659953951835632,0.6238372325897217,TN,FP
6454,0,0,1,0.569843590259552,0.6357279419898987,TN,FP
6455,0,0,1,0.5462520718574524,0.6402977108955383,TN,FP
6456,0,0,1,0.5846366286277771,0.6165352463722229,TN,FP
6457,0,0,1,0.5457558631896973,0.6028735637664795,TN,FP
6458,0,0,1,0.5361645817756653,0.6196247339248657,TN,FP
6459,0,0,1,0.5379436612129211,0.5818228125572205,TN,FP
6460,0,0,1,0.5615094900131226,0.6475849151611328,TN,FP
6461,0,0,1,0.5545668601989746,0.6421571969985962,TN,FP
6462,0,0,1,0.569279670715332,0.6375075578689575,TN,FP
6463,0,0,1,0.5603480339050293,0.6306760907173157,TN,FP
6464,0,0,1,0.5880061984062195,0.6316541433334351,TN,FP
6465,0,0,1,0.5635032057762146,0.6175438165664673,TN,FP
6466,0,0,1,0.5573104619979858,0.6286416053771973,TN,FP
6467,0,0,1,0.5602486729621887,0.6186221837997437,TN,FP
6468,0,0,1,0.5510833859443665,0.621265709400177,TN,FP
6469,0,0,1,0.582241415977478,0.638540506362915,TN,FP
6470,0,0,1,0.5896960496902466,0.5779110193252563,TN,FP
6471,0,0,1,0.5806101560592651,0.6205296516418457,TN,FP
6472,0,0,1,0.5496450662612915,0.6372072696685791,TN,FP
6473,0,0,1,0.5632066130638123,0.6257349252700806,TN,FP
6474,0,0,1,0.5924167633056641,0.6229761242866516,TN,FP
6475,0,0,1,0.5892255306243896,0.6319299340248108,TN,FP
6476,0,0,1,0.5275232791900635,0.6189169883728027,TN,FP
6477,0,0,1,0.549358606338501,0.6207545399665833,TN,FP
6478,0,0,1,0.5921083092689514,0.6273360252380371,TN,FP
6479,0,0,1,0.5774893760681152,0.6215100288391113,TN,FP
6480,0,0,1,0.5969083309173584,0.6125254034996033,TN,FP
6481,0,0,1,0.5345300436019897,0.6158007979393005,TN,FP
6482,0,0,1,0.5445217490196228,0.603173553943634,TN,FP
6483,0,0,1,0.5500524044036865,0.5988199710845947,TN,FP
6484,0,0,1,0.5241718888282776,0.5962028503417969,TN,FP
6485,0,0,1,0.5531715750694275,0.5985734462738037,TN,FP
6486,0,0,1,0.5034665465354919,0.584777295589447,TN,FP
6487,0,0,1,0.5537964105606079,0.5927912592887878,TN,FP
6488,0,0,1,0.5262333154678345,0.5911226868629456,TN,FP
6489,0,0,1,0.5184028744697571,0.5838047862052917,TN,FP
6490,0,0,1,0.537146806716919,0.5803807377815247,TN,FP
6491,0,0,1,0.5237466096878052,0.5833287239074707,TN,FP
6492,0,0,1,0.4981280565261841,0.5775309205055237,TN,FP
6493,0,0,1,0.5336485505104065,0.5793896317481995,TN,FP
6494,0,0,1,0.5167298913002014,0.5759126543998718,TN,FP
6495,0,0,1,0.5399523973464966,0.582211971282959,TN,FP
6496,0,0,1,0.544946551322937,0.5662360191345215,TN,FP
6497,0,0,1,0.5228138566017151,0.5740068554878235,TN,FP
6498,0,0,1,0.5086150169372559,0.5772205591201782,TN,FP
6499,0,0,1,0.5009877681732178,0.578330397605896,TN,FP
6500,0,0,1,0.4962014853954315,0.5791981220245361,TN,FP
6501,0,0,1,0.5170044302940369,0.5574472546577454,TN,FP
6502,0,0,1,0.5273267030715942,0.5512397289276123,TN,FP
6503,0,0,1,0.5030853152275085,0.5511787533760071,TN,FP
6504,0,0,1,0.5054525136947632,0.550235390663147,TN,FP
6505,0,0,1,0.5063602924346924,0.5704881548881531,TN,FP
6506,0,0,1,0.5001621246337891,0.5521770715713501,TN,FP
6507,0,0,1,0.500914990901947,0.5601646304130554,TN,FP
6508,0,0,1,0.49288439750671387,0.5368155241012573,TN,FP
6509,0,0,1,0.47609782218933105,0.5783205032348633,TN,FP
6510,0,0,1,0.4788154661655426,0.5543993711471558,TN,FP
6511,0,0,1,0.48649656772613525,0.5502099394798279,TN,FP
6512,0,0,1,0.6025047898292542,0.5900663733482361,TN,FP
6513,0,0,1,0.594955563545227,0.5780971646308899,TN,FP
6514,0,0,1,0.5949510931968689,0.5874607563018799,TN,FP
6517,0,0,1,0.6095276474952698,0.5994477272033691,TN,FP
6518,0,0,1,0.5843755602836609,0.6009296774864197,TN,FP
6519,0,0,1,0.5835535526275635,0.5608795881271362,TN,FP
6521,0,0,1,0.5796144008636475,0.5449543595314026,TN,FP
6522,0,0,1,0.5722578167915344,0.5382688641548157,TN,FP
6523,0,0,1,0.575527548789978,0.5339918732643127,TN,FP
6524,0,0,1,0.5664272904396057,0.5278832912445068,TN,FP
6525,0,0,1,0.5723779201507568,0.5254244804382324,TN,FP
6526,0,0,1,0.555926501750946,0.5160427689552307,TN,FP
6527,0,0,1,0.5531797409057617,0.508422315120697,TN,FP
6528,0,0,1,0.5716751217842102,0.5222920775413513,TN,FP
6529,0,0,1,0.5985766053199768,0.5242326855659485,TN,FP
6530,0,0,1,0.5654977560043335,0.5170674324035645,TN,FP
6531,0,0,1,0.5590341687202454,0.5320583581924438,TN,FP
6532,0,0,1,0.5662479400634766,0.5060833692550659,TN,FP
6533,0,0,1,0.5674470663070679,0.5421319007873535,TN,FP
6534,0,0,1,0.5540760159492493,0.5272266268730164,TN,FP
6535,0,0,1,0.555671751499176,0.542751133441925,TN,FP
6536,0,0,1,0.5588681697845459,0.5352491140365601,TN,FP
6537,0,0,1,0.5618630647659302,0.5056592226028442,TN,FP
6538,0,0,1,0.6065822839736938,0.5097917318344116,TN,FP
6540,0,0,1,0.5635746717453003,0.5356789231300354,TN,FP
6541,0,0,1,0.5740422010421753,0.5190832018852234,TN,FP
6542,0,0,1,0.5968502759933472,0.5044489502906799,TN,FP
6543,0,0,1,0.5657113790512085,0.515293300151825,TN,FP
6544,0,0,1,0.5721166729927063,0.5335229635238647,TN,FP
6545,0,0,1,0.5520129799842834,0.5673345327377319,TN,FP
6546,0,0,1,0.5658391118049622,0.5147182941436768,TN,FP
6547,0,0,1,0.5856307744979858,0.49861276149749756,TN,FP
6548,0,0,1,0.5717946887016296,0.49970901012420654,TN,FP
6549,0,0,1,0.559049665927887,0.5209871530532837,TN,FP
6550,0,0,1,0.6130926012992859,0.5437002182006836,TN,FP
6551,0,0,1,0.5824286341667175,0.5491607189178467,TN,FP
6552,0,0,1,0.5591204762458801,0.5364866256713867,TN,FP
6553,0,0,1,0.559486448764801,0.5139870643615723,TN,FP
6554,0,0,1,0.5657377243041992,0.6168382167816162,TN,FP
6555,0,0,1,0.5873014330863953,0.5163241624832153,TN,FP
6556,0,0,1,0.5841362476348877,0.5068089365959167,TN,FP
6557,0,0,1,0.5490751266479492,0.5262221097946167,TN,FP
6558,0,0,1,0.5609289407730103,0.5381534099578857,TN,FP
6559,0,0,1,0.5797128677368164,0.5080195665359497,TN,FP
6561,0,0,1,0.5495420694351196,0.5149145722389221,TN,FP
6562,0,0,1,0.5869735479354858,0.5581709146499634,TN,FP
6563,0,0,1,0.5576445460319519,0.5077338218688965,TN,FP
6564,0,0,1,0.5324617624282837,0.5109542608261108,TN,FP
6565,0,0,1,0.5420676469802856,0.5190532207489014,TN,FP
6566,0,0,1,0.5384328365325928,0.5122302770614624,TN,FP
6567,0,0,1,0.5563609004020691,0.5460551977157593,TN,FP
6568,0,0,1,0.53548663854599,0.5299283862113953,TN,FP
6569,0,0,1,0.5562180280685425,0.512790858745575,TN,FP
6570,0,0,1,0.586584746837616,0.5276293754577637,TN,FP
6571,0,0,1,0.5478474497795105,0.527604877948761,TN,FP
6572,0,0,1,0.5578346848487854,0.5135317444801331,TN,FP
6573,0,0,1,0.5315701961517334,0.520889937877655,TN,FP
6574,0,0,1,0.5578826665878296,0.5404351949691772,TN,FP
6575,0,0,1,0.5810642838478088,0.5614069104194641,TN,FP
6576,0,0,1,0.5541360378265381,0.5563283562660217,TN,FP
6577,0,0,1,0.5645277500152588,0.5793498158454895,TN,FP
6578,0,0,1,0.5270540118217468,0.5728578567504883,TN,FP
6579,0,0,1,0.5463181138038635,0.5566271543502808,TN,FP
6580,0,0,1,0.5389260649681091,0.5891178250312805,TN,FP
6581,0,0,1,0.5393539667129517,0.5294394493103027,TN,FP
6582,0,0,1,0.5548096299171448,0.5823795795440674,TN,FP
6583,0,0,1,0.5436478853225708,0.5615451335906982,TN,FP
6584,0,0,1,0.5470160841941833,0.5817360281944275,TN,FP
6585,0,0,1,0.579059362411499,0.5848976373672485,TN,FP
6586,0,0,1,0.5833731889724731,0.594231128692627,TN,FP
6587,0,0,1,0.5646565556526184,0.5950482487678528,TN,FP
6588,0,0,1,0.5722225308418274,0.5884445905685425,TN,FP
6589,0,0,1,0.569152295589447,0.545735776424408,TN,FP
6590,0,0,1,0.5491704344749451,0.5726392865180969,TN,FP
6591,0,0,1,0.5683881640434265,0.5974528193473816,TN,FP
6592,0,0,1,0.5800107717514038,0.5980715155601501,TN,FP
6593,0,0,1,0.5875255465507507,0.5489426255226135,TN,FP
6594,0,0,1,0.5646253824234009,0.5871846675872803,TN,FP
6596,0,0,1,0.5711877346038818,0.5397002696990967,TN,FP
6597,0,0,1,0.6047418713569641,0.5359512567520142,TN,FP
6598,0,0,1,0.5808621048927307,0.5418298840522766,TN,FP
6599,0,0,1,0.582192599773407,0.5266613960266113,TN,FP
6600,0,0,1,0.6099264621734619,0.5219318270683289,TN,FP
6601,0,0,1,0.5885472893714905,0.5357913970947266,TN,FP
6603,0,0,1,0.5899427533149719,0.5298832058906555,TN,FP
6604,0,0,1,0.5591590404510498,0.5179685950279236,TN,FP
6608,0,0,1,0.6106579303741455,0.5412554740905762,TN,FP
6615,0,0,1,0.6039091348648071,0.8026888370513916,TN,FP
6616,0,0,1,0.6101710796356201,0.7969313859939575,TN,FP
6624,0,0,1,0.6111493706703186,0.8235263228416443,TN,FP
6626,0,0,1,0.6023954153060913,0.9087491631507874,TN,FP
6627,0,0,1,0.5960560441017151,0.8057948350906372,TN,FP
6628,0,0,1,0.5797015428543091,0.8528494834899902,TN,FP
6629,0,0,1,0.5981500744819641,0.7087773680686951,TN,FP
6630,0,0,1,0.5887976884841919,0.6765701174736023,TN,FP
6631,0,0,1,0.5656931400299072,0.7776563763618469,TN,FP
6632,0,0,1,0.5876206755638123,0.8067507147789001,TN,FP
6633,0,0,1,0.5855899453163147,0.6837080121040344,TN,FP
6634,0,0,1,0.5676493644714355,0.8576714396476746,TN,FP
6635,0,0,1,0.5631582736968994,0.7178243398666382,TN,FP
6636,0,0,1,0.5584808588027954,0.7415730357170105,TN,FP
6637,0,0,1,0.5792290568351746,0.6601729393005371,TN,FP
6638,0,0,1,0.5633301734924316,0.7198778390884399,TN,FP
6639,0,0,1,0.5713655352592468,0.6958799958229065,TN,FP
6640,0,0,1,0.5604838132858276,0.6854038834571838,TN,FP
6641,0,0,1,0.5640332698822021,0.6847421526908875,TN,FP
6642,0,0,1,0.5676700472831726,0.6986342072486877,TN,FP
6643,0,0,1,0.5678539872169495,0.6599681377410889,TN,FP
6644,0,0,1,0.5567605495452881,0.6863662600517273,TN,FP
6645,0,0,1,0.5668377876281738,0.6882874965667725,TN,FP
6646,0,0,1,0.5772410035133362,0.658699095249176,TN,FP
6647,0,0,1,0.5717252492904663,0.6607574224472046,TN,FP
6648,0,0,1,0.5931951999664307,0.7243651747703552,TN,FP
6649,0,0,1,0.5771713256835938,0.6963493227958679,TN,FP
6650,0,0,1,0.5803729891777039,0.7046557664871216,TN,FP
6651,0,0,1,0.5816658139228821,0.7214804291725159,TN,FP
6652,0,0,1,0.5911148190498352,0.7551016807556152,TN,FP
6676,0,0,1,0.5613731145858765,0.5226964950561523,TN,FP
6677,0,0,1,0.5465967655181885,0.5083063244819641,TN,FP
6678,0,0,1,0.5647982954978943,0.5078878998756409,TN,FP
6680,0,0,1,0.5228259563446045,0.49785155057907104,TN,FP
6681,0,0,1,0.5345692038536072,0.5035662055015564,TN,FP
6682,0,0,1,0.5813062191009521,0.5042933821678162,TN,FP
6685,0,0,1,0.5617833733558655,0.4951217770576477,TN,FP
6702,0,0,1,0.5297809839248657,0.4940125346183777,TN,FP
6703,0,0,1,0.5585529804229736,0.5080094337463379,TN,FP
6704,0,0,1,0.5871389508247375,0.5035341382026672,TN,FP
6705,0,0,1,0.5383103489875793,0.581317126750946,TN,FP
6706,0,0,1,0.5450730323791504,0.520158052444458,TN,FP
6708,0,0,1,0.5693767666816711,0.5311155319213867,TN,FP
6710,0,0,1,0.6042409539222717,0.55394047498703,TN,FP
6712,0,0,1,0.5920887589454651,0.5879935622215271,TN,FP
6713,0,0,1,0.5929834842681885,0.555087149143219,TN,FP
6714,0,0,1,0.5861603617668152,0.6055046319961548,TN,FP
6715,0,0,1,0.587257981300354,0.6990039348602295,TN,FP
6716,0,0,1,0.5889500975608826,0.5660406351089478,TN,FP
6717,0,0,1,0.5897205471992493,0.5844501256942749,TN,FP
6718,0,0,1,0.5707790851593018,0.557987630367279,TN,FP
6719,0,0,1,0.5695159435272217,0.5531893372535706,TN,FP
6720,0,0,1,0.5592964291572571,0.5529006123542786,TN,FP
6721,0,0,1,0.5562946200370789,0.554394006729126,TN,FP
6722,0,0,1,0.5524558424949646,0.6435497403144836,TN,FP
6723,0,0,1,0.5486656427383423,0.57442706823349,TN,FP
6724,0,0,1,0.5380378365516663,0.5528156161308289,TN,FP
6725,0,0,1,0.551322340965271,0.5497440099716187,TN,FP
6726,0,0,1,0.5795196294784546,0.5549173355102539,TN,FP
6727,0,0,1,0.5861557722091675,0.5546590685844421,TN,FP
6728,0,0,1,0.532996416091919,0.6190946102142334,TN,FP
6729,0,0,1,0.5499426126480103,0.5937909483909607,TN,FP
6730,0,0,1,0.5678204894065857,0.5898969769477844,TN,FP
6731,0,0,1,0.5499231219291687,0.5911591053009033,TN,FP
6732,0,0,1,0.5527999997138977,0.6072946786880493,TN,FP
6733,0,0,1,0.5694193243980408,0.5638732314109802,TN,FP
6734,0,0,1,0.5682180523872375,0.5855588316917419,TN,FP
6735,0,0,1,0.5474669933319092,0.58132404088974,TN,FP
6736,0,0,1,0.5610822439193726,0.6372064352035522,TN,FP
6737,0,0,1,0.5821903944015503,0.6141046285629272,TN,FP
6738,0,0,1,0.5669776201248169,0.6204855442047119,TN,FP
6739,0,0,1,0.5667392611503601,0.6206462383270264,TN,FP
6740,0,0,1,0.555275559425354,0.6283588409423828,TN,FP
6741,0,0,1,0.558991014957428,0.6198967099189758,TN,FP
6742,0,0,1,0.5730867981910706,0.6202791333198547,TN,FP
6744,0,0,1,0.57387375831604,0.6177297234535217,TN,FP
6745,0,0,1,0.572531521320343,0.6138496994972229,TN,FP
6746,0,0,1,0.5537840127944946,0.6035417318344116,TN,FP
6747,0,0,1,0.5555617809295654,0.6040693521499634,TN,FP
6748,0,0,1,0.5688815116882324,0.6012489795684814,TN,FP
6749,0,0,1,0.5831471085548401,0.6053542494773865,TN,FP
6750,0,0,1,0.5739267468452454,0.5927732586860657,TN,FP
6751,0,0,1,0.5633120536804199,0.5934786200523376,TN,FP
6752,0,0,1,0.581561803817749,0.5934432744979858,TN,FP
6753,0,0,1,0.5706377029418945,0.5843420624732971,TN,FP
6754,0,0,1,0.5826374888420105,0.5723521709442139,TN,FP
6755,0,0,1,0.5558445453643799,0.5676370859146118,TN,FP
6756,0,0,1,0.5465014576911926,0.5713610649108887,TN,FP
6757,0,0,1,0.5265211462974548,0.5452584624290466,TN,FP
6758,0,0,1,0.5331053733825684,0.5555347800254822,TN,FP
6759,0,0,1,0.5318889021873474,0.5611977577209473,TN,FP
6760,0,0,1,0.5133160948753357,0.5355824828147888,TN,FP
6761,0,0,1,0.5162500739097595,0.5389944314956665,TN,FP
6762,0,0,1,0.524736762046814,0.5432038903236389,TN,FP
6763,0,0,1,0.525746762752533,0.5590273141860962,TN,FP
6764,0,0,1,0.5278735160827637,0.5438663363456726,TN,FP
6765,0,0,1,0.533137321472168,0.5694946050643921,TN,FP
6766,0,0,1,0.5180906057357788,0.5846025943756104,TN,FP
6789,0,0,1,0.5420064926147461,0.5451985597610474,TN,FP
6790,0,0,1,0.5555686354637146,0.5491319894790649,TN,FP
6791,0,0,1,0.5756928324699402,0.5514401197433472,TN,FP
6792,0,0,1,0.5522735714912415,0.5492106080055237,TN,FP
6793,0,0,1,0.5682364106178284,0.5612270832061768,TN,FP
6794,0,0,1,0.5865764021873474,0.5439238548278809,TN,FP
6795,0,0,1,0.5752010941505432,0.5405476093292236,TN,FP
6796,0,0,1,0.5319473743438721,0.5385785102844238,TN,FP
6797,0,0,1,0.5567269325256348,0.543409526348114,TN,FP
6798,0,0,1,0.523892879486084,0.531893253326416,TN,FP
6799,0,0,1,0.5349977612495422,0.5262844562530518,TN,FP
6800,0,0,1,0.5438992977142334,0.5521929264068604,TN,FP
6801,0,0,1,0.5500340461730957,0.5502930283546448,TN,FP
6802,0,0,1,0.5749573111534119,0.5456486344337463,TN,FP
6803,0,0,1,0.5582787990570068,0.5502285957336426,TN,FP
6804,0,0,1,0.5428136587142944,0.5238155126571655,TN,FP
6805,0,0,1,0.5594388842582703,0.5446606278419495,TN,FP
6806,0,0,1,0.5344857573509216,0.5295795202255249,TN,FP
6807,0,0,1,0.5314074158668518,0.5437795519828796,TN,FP
6808,0,0,1,0.5631632804870605,0.5228065252304077,TN,FP
6809,0,0,1,0.5439478158950806,0.5364086627960205,TN,FP
6810,0,0,1,0.5530480742454529,0.539278507232666,TN,FP
6811,0,0,1,0.5673368573188782,0.5367526412010193,TN,FP
6812,0,0,1,0.5751246809959412,0.530315101146698,TN,FP
6813,0,0,1,0.5291525721549988,0.5230194330215454,TN,FP
6814,0,0,1,0.5274331569671631,0.5260950326919556,TN,FP
6815,0,0,1,0.5265597701072693,0.5170464515686035,TN,FP
6816,0,0,1,0.5066600441932678,0.507087230682373,TN,FP
6817,0,0,1,0.5200690627098083,0.506209671497345,TN,FP
6818,0,0,1,0.509983241558075,0.5090367197990417,TN,FP
6819,0,0,1,0.500985324382782,0.5035209059715271,TN,FP
6820,0,0,1,0.5347961187362671,0.5055956840515137,TN,FP
6821,0,0,1,0.5179124474525452,0.5149129629135132,TN,FP
6822,0,0,1,0.546599268913269,0.5111332535743713,TN,FP
6823,0,0,1,0.5253313183784485,0.5021052360534668,TN,FP
6824,0,0,1,0.5039511322975159,0.4988493025302887,TN,FP
6825,0,0,1,0.5186096429824829,0.5060597658157349,TN,FP
6826,0,0,1,0.5180893540382385,0.504837691783905,TN,FP
6827,0,0,1,0.5130725502967834,0.49730125069618225,TN,FP
6829,0,0,1,0.5015478730201721,0.4969715178012848,TN,FP
6830,0,0,1,0.535874605178833,0.5054319500923157,TN,FP
6831,0,0,1,0.5284676551818848,0.5130242109298706,TN,FP
6832,0,0,1,0.5297379493713379,0.5129969120025635,TN,FP
6833,0,0,1,0.5297336578369141,0.5161552429199219,TN,FP
6834,0,0,1,0.5197950601577759,0.5227805376052856,TN,FP
6835,0,0,1,0.5173709392547607,0.5073686242103577,TN,FP
6836,0,0,1,0.5327191948890686,0.5151093006134033,TN,FP
6837,0,0,1,0.5387090444564819,0.5241570472717285,TN,FP
6838,0,0,1,0.5388443470001221,0.5223340392112732,TN,FP
6839,0,0,1,0.5463008880615234,0.5307303667068481,TN,FP
6840,0,0,1,0.5281996726989746,0.5550371408462524,TN,FP
6841,0,0,1,0.5507708787918091,0.5286435484886169,TN,FP
6842,0,0,1,0.5361008644104004,0.524817943572998,TN,FP
6843,0,0,1,0.5461418032646179,0.5271539688110352,TN,FP
6844,0,0,1,0.5534607172012329,0.5207773447036743,TN,FP
6845,0,0,1,0.5284289717674255,0.5232911705970764,TN,FP
6846,0,0,1,0.5420093536376953,0.5183382630348206,TN,FP
6847,0,0,1,0.5448327660560608,0.5202572345733643,TN,FP
6848,0,0,1,0.5686743259429932,0.5165000557899475,TN,FP
6849,0,0,1,0.5296458601951599,0.518282949924469,TN,FP
6850,0,0,1,0.5481924414634705,0.5273243188858032,TN,FP
6851,0,0,1,0.5403797030448914,0.5265219211578369,TN,FP
6852,0,0,1,0.5441877841949463,0.5261116623878479,TN,FP
6853,0,0,1,0.546664834022522,0.5249822735786438,TN,FP
6854,0,0,1,0.541164219379425,0.5234562754631042,TN,FP
6855,0,0,1,0.5339310765266418,0.5280870199203491,TN,FP
6856,0,0,1,0.557926595211029,0.5405164361000061,TN,FP
6857,0,0,1,0.5591960549354553,0.5444923639297485,TN,FP
6858,0,0,1,0.5447971820831299,0.5405474305152893,TN,FP
6859,0,0,1,0.5556790232658386,0.5329105257987976,TN,FP
6860,0,0,1,0.5412026047706604,0.5316474437713623,TN,FP
6861,0,0,1,0.5411266088485718,0.5319617986679077,TN,FP
6862,0,0,1,0.5345627069473267,0.5287962555885315,TN,FP
6863,0,0,1,0.5249788165092468,0.5195466876029968,TN,FP
6864,0,0,1,0.5198734998703003,0.5157361626625061,TN,FP
6865,0,0,1,0.534010648727417,0.5208965539932251,TN,FP
6866,0,0,1,0.5345200896263123,0.5222902297973633,TN,FP
6867,0,0,1,0.539902925491333,0.5176413059234619,TN,FP
6868,0,0,1,0.5336970090866089,0.5225116610527039,TN,FP
6869,0,0,1,0.5220694541931152,0.5162541270256042,TN,FP
6870,0,0,1,0.514315664768219,0.5168014764785767,TN,FP
6871,0,0,1,0.5141404867172241,0.5186235308647156,TN,FP
6872,0,0,1,0.5200900435447693,0.5123060345649719,TN,FP
6873,0,0,1,0.5126513838768005,0.5168446898460388,TN,FP
6874,0,0,1,0.5295999050140381,0.5129426717758179,TN,FP
6875,0,0,1,0.5090836882591248,0.5066545009613037,TN,FP
6876,0,0,1,0.505918562412262,0.5076429843902588,TN,FP
6877,0,0,1,0.5123438835144043,0.5140726566314697,TN,FP
6878,0,0,1,0.5155916810035706,0.5273077487945557,TN,FP
6879,0,0,1,0.500457763671875,0.5162528157234192,TN,FP
6880,0,0,1,0.49758389592170715,0.5056893229484558,TN,FP
6881,0,0,1,0.5117166638374329,0.5031449198722839,TN,FP
6882,0,0,1,0.5021738409996033,0.5069562792778015,TN,FP
6883,0,0,1,0.4950358271598816,0.5137837529182434,TN,FP
6884,0,0,1,0.503986120223999,0.5068758130073547,TN,FP
6885,0,0,1,0.49173790216445923,0.5086264610290527,TN,FP
6886,0,0,1,0.4934234917163849,0.5069895386695862,TN,FP
6887,0,0,1,0.48389461636543274,0.5064012408256531,TN,FP
6888,0,0,1,0.49220967292785645,0.511293351650238,TN,FP
6889,0,0,1,0.49707427620887756,0.501538097858429,TN,FP
6890,0,0,1,0.4852673411369324,0.5212611556053162,TN,FP
6891,0,0,1,0.5035158395767212,0.5437092781066895,TN,FP
6892,0,0,1,0.49542152881622314,0.5314756035804749,TN,FP
6893,0,0,1,0.5092312693595886,0.567183256149292,TN,FP
6894,0,0,1,0.5147915482521057,0.5524104833602905,TN,FP
6895,0,0,1,0.5028208494186401,0.5546062588691711,TN,FP
6896,0,0,1,0.5061741471290588,0.5531873106956482,TN,FP
6897,0,0,1,0.5059679746627808,0.5835314393043518,TN,FP
6898,0,0,1,0.5052987933158875,0.5709155201911926,TN,FP
6899,0,0,1,0.4979795813560486,0.5835984945297241,TN,FP
6900,0,0,1,0.4857551157474518,0.5384692549705505,TN,FP
6901,0,0,1,0.48626723885536194,0.6723501682281494,TN,FP
6902,0,0,1,0.4982448220252991,0.6078806519508362,TN,FP
6903,0,0,1,0.4894384443759918,0.5491530299186707,TN,FP
6904,0,0,1,0.48449066281318665,0.5959222912788391,TN,FP
6905,0,0,1,0.4794897437095642,0.5729289054870605,TN,FP
6906,0,0,1,0.47620904445648193,0.5398333072662354,TN,FP
6907,0,0,1,0.475062757730484,0.5463184714317322,TN,FP
6908,0,0,1,0.46763619780540466,1.0868170261383057,TN,FP
6909,0,0,1,0.4705278277397156,0.5535585880279541,TN,FP
6910,0,0,1,0.4829943776130676,0.5562716126441956,TN,FP
6911,0,0,1,0.5139181017875671,0.5751859545707703,TN,FP
6912,0,0,1,0.5146199464797974,0.6021854281425476,TN,FP
6913,0,0,1,0.5129207372665405,0.9034842848777771,TN,FP
6914,0,0,1,0.5206014513969421,0.8642541766166687,TN,FP
6915,0,0,1,0.5118252038955688,0.8433473110198975,TN,FP
6916,0,0,1,0.5129830837249756,0.8463073968887329,TN,FP
6917,0,0,1,0.5057151317596436,0.8132005333900452,TN,FP
6918,0,0,1,0.5027057528495789,0.7901507019996643,TN,FP
6919,0,0,1,0.5107523202896118,0.7832815051078796,TN,FP
6920,0,0,1,0.5122636556625366,0.8065534234046936,TN,FP
6921,0,0,1,0.5079162120819092,0.8034274578094482,TN,FP
6922,0,0,1,0.5172989368438721,0.8071722984313965,TN,FP
6923,0,0,1,0.5085023641586304,0.7802963852882385,TN,FP
6924,0,0,1,0.5034971833229065,0.7982484698295593,TN,FP
6925,0,0,1,0.5292915105819702,0.7727911472320557,TN,FP
6926,0,0,1,0.5245380997657776,0.790494978427887,TN,FP
6927,0,0,1,0.5163450241088867,0.7741369605064392,TN,FP
6928,0,0,1,0.5458489060401917,0.7554789185523987,TN,FP
6929,0,0,1,0.5227300524711609,0.7724623084068298,TN,FP
6930,0,0,1,0.5300891399383545,0.7525280714035034,TN,FP
6931,0,0,1,0.5491242408752441,0.7665451765060425,TN,FP
6932,0,0,1,0.5592502951622009,0.7481867074966431,TN,FP
6933,0,0,1,0.5281848907470703,0.7127180695533752,TN,FP
6934,0,0,1,0.5305886268615723,0.7373331189155579,TN,FP
6935,0,0,1,0.5335530638694763,0.708564043045044,TN,FP
6936,0,0,1,0.5913680195808411,0.555107057094574,TN,FP
6937,0,0,1,0.5693534016609192,0.5738742351531982,TN,FP
6938,0,0,1,0.5711644887924194,0.5759804248809814,TN,FP
6939,0,0,1,0.5689777731895447,0.5685102939605713,TN,FP
6940,0,0,1,0.564510703086853,0.568168580532074,TN,FP
6941,0,0,1,0.5589547157287598,0.5734034180641174,TN,FP
6942,0,0,1,0.5705720782279968,0.5532776117324829,TN,FP
6943,0,0,1,0.5446745157241821,0.5664966702461243,TN,FP
6944,0,0,1,0.5637642741203308,0.5678218007087708,TN,FP
6945,0,0,1,0.5421455502510071,0.5561476945877075,TN,FP
6946,0,0,1,0.5662282705307007,0.5541117191314697,TN,FP
6947,0,0,1,0.5806865096092224,0.560614287853241,TN,FP
6948,0,0,1,0.5694749355316162,0.560942530632019,TN,FP
6949,0,0,1,0.5583261251449585,0.5689616203308105,TN,FP
6950,0,0,1,0.584804117679596,0.5672284364700317,TN,FP
6951,0,0,1,0.5946269631385803,0.5666124820709229,TN,FP
6952,0,0,1,0.54886394739151,0.5632976293563843,TN,FP
6953,0,0,1,0.5911705493927002,0.5694573521614075,TN,FP
6954,0,0,1,0.584652841091156,0.5808445811271667,TN,FP
6955,0,0,1,0.5843810439109802,0.5848147869110107,TN,FP
6956,0,0,1,0.5958805680274963,0.5765049457550049,TN,FP
6957,0,0,1,0.5969610214233398,0.5790368914604187,TN,FP
6958,0,0,1,0.5943441987037659,0.5762599110603333,TN,FP
6959,0,0,1,0.5846655368804932,0.5747921466827393,TN,FP
6960,0,0,1,0.5860292315483093,0.5719807744026184,TN,FP
6961,0,0,1,0.5922883749008179,0.5624218583106995,TN,FP
6962,0,0,1,0.5838533639907837,0.5745768547058105,TN,FP
6963,0,0,1,0.5709729194641113,0.5690906643867493,TN,FP
6964,0,0,1,0.607256293296814,0.5771005749702454,TN,FP
6965,0,0,1,0.5786240696907043,0.5664690136909485,TN,FP
6966,0,0,1,0.563636064529419,0.5587714910507202,TN,FP
6967,0,0,1,0.5765860080718994,0.5584664344787598,TN,FP
6968,0,0,1,0.5679495334625244,0.5492072701454163,TN,FP
6969,0,0,1,0.5390093326568604,0.5479013323783875,TN,FP
6970,0,0,1,0.5768911838531494,0.5559705495834351,TN,FP
6971,0,0,1,0.5569250583648682,0.561366081237793,TN,FP
6972,0,0,1,0.5891031622886658,0.5687612891197205,TN,FP
6973,0,0,1,0.5541868805885315,0.5604996681213379,TN,FP
6974,0,0,1,0.557659387588501,0.564231276512146,TN,FP
6975,0,0,1,0.5499235391616821,0.5505369305610657,TN,FP
6976,0,0,1,0.5559571385383606,0.5638164281845093,TN,FP
6977,0,0,1,0.5459162592887878,0.5660341382026672,TN,FP
6978,0,0,1,0.5594372153282166,0.5679169297218323,TN,FP
6979,0,0,1,0.5772826075553894,0.5705285668373108,TN,FP
6980,0,0,1,0.5508829355239868,0.5745193958282471,TN,FP
6981,0,0,1,0.5851038694381714,0.5743613243103027,TN,FP
6982,0,0,1,0.5506033301353455,0.5688773989677429,TN,FP
6983,0,0,1,0.5600106716156006,0.5763509273529053,TN,FP
6984,0,0,1,0.5816454291343689,0.589144229888916,TN,FP
6985,0,0,1,0.5694335699081421,0.5912261605262756,TN,FP
6986,0,0,1,0.5645526051521301,0.5943312644958496,TN,FP
6987,0,0,1,0.5866758227348328,0.5876336097717285,TN,FP
6988,0,0,1,0.5799307227134705,0.5873094797134399,TN,FP
6989,0,0,1,0.6041578650474548,0.5933270454406738,TN,FP
6990,0,0,1,0.5792233347892761,0.5944240689277649,TN,FP
6991,0,0,1,0.5875381827354431,0.603431761264801,TN,FP
6992,0,0,1,0.5965831875801086,0.60505610704422,TN,FP
6993,0,0,1,0.6017442941665649,0.6075660586357117,TN,FP
6994,0,0,1,0.5840416550636292,0.6032745838165283,TN,FP
6995,0,0,1,0.5838689804077148,0.6146000027656555,TN,FP
6996,0,0,1,0.5986630916595459,0.6015082597732544,TN,FP
6997,0,0,1,0.5579150915145874,0.8062172532081604,TN,FP
6998,0,0,1,0.5412821173667908,0.7404773831367493,TN,FP
6999,0,0,1,0.5564237833023071,0.7733101844787598,TN,FP
7000,0,0,1,0.5550890564918518,0.7601559162139893,TN,FP
7001,0,0,1,0.558501124382019,0.7713871598243713,TN,FP
7002,0,0,1,0.5621218681335449,0.7314347624778748,TN,FP
7003,0,0,1,0.5689244866371155,0.7623105645179749,TN,FP
7004,0,0,1,0.5479324460029602,1.3142831325531006,TN,FP
7005,0,0,1,0.5462985038757324,1.3351097106933594,TN,FP
7006,0,0,1,0.6011836528778076,1.3248730897903442,TN,FP
7007,0,0,1,0.529132604598999,1.3090007305145264,TN,FP
7008,0,0,1,0.5398160815238953,1.3098982572555542,TN,FP
7009,0,0,1,0.5296890735626221,1.2981547117233276,TN,FP
7010,0,0,1,0.5369675755500793,1.292047381401062,TN,FP
7011,0,0,1,0.5327515006065369,1.3068968057632446,TN,FP
7012,0,0,1,0.5377065539360046,1.3214906454086304,TN,FP
7013,0,0,1,0.5398054718971252,1.3121588230133057,TN,FP
7014,0,0,1,0.548753023147583,1.2890841960906982,TN,FP
7015,0,0,1,0.5620560050010681,1.3102341890335083,TN,FP
7016,0,0,1,0.5769570469856262,1.3150701522827148,TN,FP
7017,0,0,1,0.5621219277381897,1.3047266006469727,TN,FP
7018,0,0,1,0.5520462989807129,1.2737113237380981,TN,FP
7019,0,0,1,0.5452603697776794,1.2579262256622314,TN,FP
7020,0,0,1,0.545469343662262,1.2795252799987793,TN,FP
7021,0,0,1,0.5426133871078491,1.2665581703186035,TN,FP
7022,0,0,1,0.5678014755249023,1.2762409448623657,TN,FP
7023,0,0,1,0.5962269902229309,0.7523335814476013,TN,FP
7024,0,0,1,0.5859882831573486,0.7518103122711182,TN,FP
7025,0,0,1,0.6029970645904541,0.7506313920021057,TN,FP
7026,0,0,1,0.5858379602432251,0.745148777961731,TN,FP
7027,0,0,1,0.6075145602226257,0.7446470856666565,TN,FP
7028,0,0,1,0.5741601586341858,0.7423104643821716,TN,FP
7029,0,0,1,0.5826703310012817,0.7494432330131531,TN,FP
7030,0,0,1,0.5750218033790588,0.7375940680503845,TN,FP
7031,0,0,1,0.5745908617973328,0.7280327677726746,TN,FP
7032,0,0,1,0.5799353718757629,0.7988122701644897,TN,FP
7033,0,0,1,0.5921266078948975,0.747494101524353,TN,FP
7034,0,0,1,0.5807250738143921,0.7172857522964478,TN,FP
7035,0,0,1,0.5656729340553284,0.7544628977775574,TN,FP
7036,0,0,1,0.5928259491920471,0.7740995287895203,TN,FP
7037,0,0,1,0.6002189517021179,0.734505295753479,TN,FP
7038,0,0,1,0.5703696608543396,0.7233006358146667,TN,FP
7039,0,0,1,0.5783696174621582,0.7357010841369629,TN,FP
7040,0,0,1,0.5923599004745483,0.7578129768371582,TN,FP
7041,0,0,1,0.582251787185669,0.7413753271102905,TN,FP
7042,0,0,1,0.5924736261367798,0.741182267665863,TN,FP
7043,0,0,1,0.580543577671051,0.7293657660484314,TN,FP
7044,0,0,1,0.5866127610206604,0.7137086987495422,TN,FP
7045,0,0,1,0.5865848064422607,1.7469656467437744,TN,FP
7046,0,0,1,0.5758890509605408,1.7934571504592896,TN,FP
7047,0,0,1,0.5681353211402893,1.7602925300598145,TN,FP
7048,0,0,1,0.5793478488922119,1.8019213676452637,TN,FP
7049,0,0,1,0.5772764086723328,1.791924238204956,TN,FP
7050,0,0,1,0.5797385573387146,0.725340723991394,TN,FP
7051,0,0,1,0.5951122641563416,1.748589038848877,TN,FP
7052,0,0,1,0.5878857970237732,1.7464991807937622,TN,FP
7053,0,0,1,0.5894820690155029,1.7303167581558228,TN,FP
7054,0,0,1,0.5668082237243652,1.706870675086975,TN,FP
7055,0,0,1,0.589348316192627,0.7052307724952698,TN,FP
7056,0,0,1,0.5775799751281738,0.7441608905792236,TN,FP
7057,0,0,1,0.5879162549972534,1.6940417289733887,TN,FP
7058,0,0,1,0.5722920298576355,1.6729356050491333,TN,FP
7059,0,0,1,0.5890163779258728,0.70697021484375,TN,FP
7060,0,0,1,0.5570652484893799,0.7207347750663757,TN,FP
7061,0,0,1,0.569722592830658,0.81125807762146,TN,FP
7062,0,0,1,0.5543989539146423,0.7065495848655701,TN,FP
7063,0,0,1,0.5678144693374634,1.096473217010498,TN,FP
7064,0,0,1,0.5691293478012085,1.669499397277832,TN,FP
7065,0,0,1,0.5756092667579651,1.6189584732055664,TN,FP
7067,0,0,1,0.5709046721458435,1.5965304374694824,TN,FP
7068,0,0,1,0.577404797077179,1.5730857849121094,TN,FP
7069,0,0,1,0.5782954692840576,1.5666965246200562,TN,FP
7070,0,0,1,0.5798041820526123,1.5762414932250977,TN,FP
7071,0,0,1,0.5793197154998779,1.5550984144210815,TN,FP
7072,0,0,1,0.5865729451179504,1.6216650009155273,TN,FP
7073,0,0,1,0.5767754316329956,1.5340957641601562,TN,FP
7074,0,0,1,0.586042046546936,1.5450258255004883,TN,FP
7076,0,0,1,0.5843458771705627,1.6506102085113525,TN,FP
7077,0,0,1,0.5924939513206482,1.548048973083496,TN,FP
7078,0,0,1,0.6054390072822571,1.6043528318405151,TN,FP
7079,0,0,1,0.6027316451072693,1.5296250581741333,TN,FP
7081,0,0,1,0.606770396232605,1.533199429512024,TN,FP
7082,0,0,1,0.5986977219581604,1.5521923303604126,TN,FP
7083,0,0,1,0.5878649353981018,1.5011093616485596,TN,FP
7084,0,0,1,0.5959612727165222,1.5858873128890991,TN,FP
7085,0,0,1,0.5947187542915344,1.6190418004989624,TN,FP
7086,0,0,1,0.5949587821960449,1.6008729934692383,TN,FP
7087,0,0,1,0.586834192276001,1.4902784824371338,TN,FP
7088,0,0,1,0.5775688290596008,1.623986840248108,TN,FP
7089,0,0,1,0.5680056214332581,1.5937494039535522,TN,FP
7090,0,0,1,0.5672187209129333,1.5416233539581299,TN,FP
7091,0,0,1,0.5681359171867371,1.4986516237258911,TN,FP
7092,0,0,1,0.5761787295341492,1.4706920385360718,TN,FP
7093,0,0,1,0.5678901076316833,1.5078240633010864,TN,FP
7094,0,0,1,0.5791375637054443,1.4639309644699097,TN,FP
7095,0,0,1,0.5793602466583252,1.4342694282531738,TN,FP
7096,0,0,1,0.5952163934707642,1.4674866199493408,TN,FP
7097,0,0,1,0.5822736620903015,1.4187153577804565,TN,FP
7098,0,0,1,0.5984676480293274,1.4630661010742188,TN,FP
7099,0,0,1,0.5755912065505981,1.3932186365127563,TN,FP
7100,0,0,1,0.554738461971283,1.3854780197143555,TN,FP
7101,0,0,1,0.5505907535552979,1.3897430896759033,TN,FP
7102,0,0,1,0.5722042918205261,1.4325288534164429,TN,FP
7103,0,0,1,0.5812351107597351,1.3799365758895874,TN,FP
7104,0,0,1,0.5888105034828186,1.5075172185897827,TN,FP
7105,0,0,1,0.5862700939178467,1.4098490476608276,TN,FP
7106,0,0,1,0.5690668225288391,1.3497095108032227,TN,FP
7107,0,0,1,0.584252119064331,1.4392870664596558,TN,FP
7108,0,0,1,0.5639466643333435,1.475101113319397,TN,FP
7109,0,0,1,0.5717465877532959,1.365678071975708,TN,FP
7110,0,0,1,0.5759621858596802,1.3493585586547852,TN,FP
7111,0,0,1,0.5788995027542114,1.3842276334762573,TN,FP
7112,0,0,1,0.57696932554245,1.416640043258667,TN,FP
7113,0,0,1,0.5674259662628174,1.411169409751892,TN,FP
7114,0,0,1,0.5601398348808289,1.3566076755523682,TN,FP
7115,0,0,1,0.5686073303222656,1.3537441492080688,TN,FP
7116,0,0,1,0.5818919539451599,1.3830218315124512,TN,FP
7117,0,0,1,0.5785200595855713,1.3629978895187378,TN,FP
7118,0,0,1,0.5770400166511536,1.3997023105621338,TN,FP
7119,0,0,1,0.5726967453956604,1.2989178895950317,TN,FP
7120,0,0,1,0.569703996181488,1.391066312789917,TN,FP
7121,0,0,1,0.5824331045150757,1.3083467483520508,TN,FP
7122,0,0,1,0.5711784958839417,1.326623558998108,TN,FP
7123,0,0,1,0.5678947567939758,1.3850796222686768,TN,FP
7124,0,0,1,0.5653861165046692,1.2408961057662964,TN,FP
7125,0,0,1,0.5567852854728699,1.2928385734558105,TN,FP
7126,0,0,1,0.5523658990859985,1.2930915355682373,TN,FP
7127,0,0,1,0.5412554740905762,1.2217193841934204,TN,FP
7128,0,0,1,0.5669685006141663,1.2414703369140625,TN,FP
7129,0,0,1,0.5467180013656616,1.2754591703414917,TN,FP
7130,0,0,1,0.5421661138534546,1.2706687450408936,TN,FP
7131,0,0,1,0.5348575115203857,1.2463934421539307,TN,FP
7132,0,0,1,0.5514430403709412,1.251012921333313,TN,FP
7133,0,0,1,0.5433620810508728,1.2291533946990967,TN,FP
7134,0,0,1,0.5422887802124023,1.2426934242248535,TN,FP
7135,0,0,1,0.5389522314071655,1.281770944595337,TN,FP
7136,0,0,1,0.548941433429718,1.1996244192123413,TN,FP
7137,0,0,1,0.5257149934768677,1.166015625,TN,FP
7138,0,0,1,0.5248624682426453,1.1319568157196045,TN,FP
7139,0,0,1,0.5371056199073792,1.198725700378418,TN,FP
7140,0,0,1,0.5313504338264465,1.1897330284118652,TN,FP
7141,0,0,1,0.5206696391105652,1.1906524896621704,TN,FP
7142,0,0,1,0.5288552641868591,1.180214524269104,TN,FP
7143,0,0,1,0.5621618032455444,1.1872830390930176,TN,FP
7144,0,0,1,0.5376921892166138,1.1952825784683228,TN,FP
7145,0,0,1,0.5349857807159424,1.2043224573135376,TN,FP
7146,0,0,1,0.5314679741859436,1.1069992780685425,TN,FP
7147,0,0,1,0.542044460773468,1.220288872718811,TN,FP
7148,0,0,1,0.5424585938453674,1.23346745967865,TN,FP
7149,0,0,1,0.5343290567398071,1.0918536186218262,TN,FP
7150,0,0,1,0.5342239737510681,1.180599331855774,TN,FP
7151,0,0,1,0.5565866231918335,0.5503543615341187,TN,FP
7152,0,0,1,0.5429091453552246,0.5475366711616516,TN,FP
7153,0,0,1,0.5357261896133423,0.5484721660614014,TN,FP
7154,0,0,1,0.5480920672416687,0.547658383846283,TN,FP
7155,0,0,1,0.5561178922653198,0.5466129779815674,TN,FP
7156,0,0,1,0.5392360091209412,0.5546491146087646,TN,FP
7157,0,0,1,0.5697734951972961,0.545339822769165,TN,FP
7158,0,0,1,0.5401935577392578,0.5503584146499634,TN,FP
7159,0,0,1,0.5320440530776978,0.5318143963813782,TN,FP
7160,0,0,1,0.5420860052108765,0.5400907397270203,TN,FP
7161,0,0,1,0.5295319557189941,0.5423572063446045,TN,FP
7162,0,0,1,0.5435333847999573,0.5495221614837646,TN,FP
7163,0,0,1,0.5404994487762451,0.5509781837463379,TN,FP
7164,0,0,1,0.5397112965583801,0.5473542213439941,TN,FP
7165,0,0,1,0.5240920782089233,0.5328323245048523,TN,FP
7166,0,0,1,0.5301253795623779,0.5236563682556152,TN,FP
7167,0,0,1,0.5240887999534607,0.5209495425224304,TN,FP
7168,0,0,1,0.5332488417625427,0.5281458497047424,TN,FP
7169,0,0,1,0.5262756943702698,0.533734917640686,TN,FP
7170,0,0,1,0.5281640887260437,0.519801139831543,TN,FP
7171,0,0,1,0.5245532393455505,0.5170478820800781,TN,FP
7172,0,0,1,0.5174497961997986,0.5220796465873718,TN,FP
7173,0,0,1,0.5399895310401917,0.5337112545967102,TN,FP
7174,0,0,1,0.5286408066749573,0.5253939628601074,TN,FP
7175,0,0,1,0.5181366801261902,0.5174787640571594,TN,FP
7176,0,0,1,0.5269952416419983,0.5240750312805176,TN,FP
7177,0,0,1,0.5270050168037415,0.535996675491333,TN,FP
7178,0,0,1,0.5251114368438721,0.5278175473213196,TN,FP
7179,0,0,1,0.5274631381034851,0.5315864086151123,TN,FP
7180,0,0,1,0.5344011783599854,0.525195300579071,TN,FP
7181,0,0,1,0.537091851234436,0.5301496386528015,TN,FP
7182,0,0,1,0.5470093488693237,0.5280725359916687,TN,FP
7183,0,0,1,0.5331836342811584,0.5289692878723145,TN,FP
7184,0,0,1,0.5570610761642456,0.5434658527374268,TN,FP
7185,0,0,1,0.5621168613433838,0.5522083044052124,TN,FP
7186,0,0,1,0.5559585094451904,0.5596166849136353,TN,FP
7187,0,0,1,0.5712601542472839,0.5623886585235596,TN,FP
7188,0,0,1,0.5559945702552795,0.5650328993797302,TN,FP
7189,0,0,1,0.5681124329566956,0.5685456991195679,TN,FP
7190,0,0,1,0.5631147027015686,0.5667220950126648,TN,FP
7191,0,0,1,0.5713658332824707,0.5770465731620789,TN,FP
7192,0,0,1,0.5722789168357849,0.5761626362800598,TN,FP
7193,0,0,1,0.5653188228607178,0.5745726227760315,TN,FP
7194,0,0,1,0.5661087036132812,0.5736062526702881,TN,FP
7195,0,0,1,0.5543307065963745,0.5613610744476318,TN,FP
7196,0,0,1,0.5628082752227783,0.5650117993354797,TN,FP
7197,0,0,1,0.5531556606292725,0.5618390440940857,TN,FP
7198,0,0,1,0.5544683933258057,0.5599419474601746,TN,FP
7199,0,0,1,0.5470666289329529,0.5628120303153992,TN,FP
7200,0,0,1,0.5540440082550049,0.559077799320221,TN,FP
7201,0,0,1,0.5448231101036072,0.5510379672050476,TN,FP
7202,0,0,1,0.5363031625747681,0.5399489998817444,TN,FP
7203,0,0,1,0.5334194898605347,0.5443885922431946,TN,FP
7204,0,0,1,0.5309123992919922,0.5438569784164429,TN,FP
7205,0,0,1,0.5465078949928284,0.5543115139007568,TN,FP
7206,0,0,1,0.5282880067825317,0.5360850095748901,TN,FP
7207,0,0,1,0.5412343740463257,0.5497490167617798,TN,FP
7208,0,0,1,0.5516093969345093,0.5473160743713379,TN,FP
7209,0,0,1,0.5495131015777588,0.5561167001724243,TN,FP
7210,0,0,1,0.5448142290115356,0.5533649921417236,TN,FP
7211,0,0,1,0.5531860589981079,0.559480607509613,TN,FP
7212,0,0,1,0.5613670945167542,0.5736808180809021,TN,FP
7213,0,0,1,0.5472362041473389,0.5651147961616516,TN,FP
7214,0,0,1,0.5547292232513428,0.577394962310791,TN,FP
7215,0,0,1,0.5523092746734619,0.5752863883972168,TN,FP
7216,0,0,1,0.553515613079071,0.5929553508758545,TN,FP
7217,0,0,1,0.5621839165687561,0.589344322681427,TN,FP
7218,0,0,1,0.5614496469497681,0.5724214315414429,TN,FP
7219,0,0,1,0.5662422180175781,0.6052594184875488,TN,FP
7220,0,0,1,0.5682715773582458,0.588436484336853,TN,FP
7221,0,0,1,0.5646970272064209,0.6065788865089417,TN,FP
7222,0,0,1,0.5659681558609009,0.5733930468559265,TN,FP
7223,0,0,1,0.5497822165489197,0.5580456256866455,TN,FP
7224,0,0,1,0.5501925945281982,0.5524759292602539,TN,FP
7225,0,0,1,0.5508481860160828,0.5575233697891235,TN,FP
7226,0,0,1,0.5459171533584595,0.5611239671707153,TN,FP
7227,0,0,1,0.533186137676239,0.5635767579078674,TN,FP
7228,0,0,1,0.5404691100120544,0.543057382106781,TN,FP
7229,0,0,1,0.5378521680831909,0.568314790725708,TN,FP
7230,0,0,1,0.5363871455192566,0.5482079386711121,TN,FP
7231,0,0,1,0.5327135324478149,0.5639488697052002,TN,FP
7232,0,0,1,0.5436365008354187,0.5486273169517517,TN,FP
7233,0,0,1,0.5409191250801086,0.5644026398658752,TN,FP
7234,0,0,1,0.533785879611969,0.5461908578872681,TN,FP
7235,0,0,1,0.5389587879180908,0.5650438666343689,TN,FP
7236,0,0,1,0.539628803730011,0.5571673512458801,TN,FP
7237,0,0,1,0.5344035625457764,0.5469049215316772,TN,FP
7238,0,0,1,0.5342132449150085,0.5849006175994873,TN,FP
7239,0,0,1,0.5497936010360718,0.5848362445831299,TN,FP
7240,0,0,1,0.5529959201812744,0.582263708114624,TN,FP
7241,0,0,1,0.550653338432312,0.6033796072006226,TN,FP
7242,0,0,1,0.5522515773773193,0.6220465302467346,TN,FP
7243,0,0,1,0.5694528222084045,0.6216391921043396,TN,FP
7244,0,0,1,0.5827509760856628,0.6412255764007568,TN,FP
7248,0,0,1,0.5479093194007874,1.0105446577072144,TN,FP
7249,0,0,1,0.5247232913970947,0.9811241030693054,TN,FP
7250,0,0,1,0.5152029991149902,1.0027210712432861,TN,FP
7251,0,0,1,0.5220058560371399,0.9859194755554199,TN,FP
7252,0,0,1,0.5821846127510071,0.9977322220802307,TN,FP
7253,0,0,1,0.5244969725608826,1.009563684463501,TN,FP
7254,0,0,1,0.5331959128379822,0.9454881548881531,TN,FP
7255,0,0,1,0.5710631012916565,0.9705125689506531,TN,FP
7256,0,0,1,0.5370836853981018,0.9580727219581604,TN,FP
7257,0,0,1,0.535270631313324,0.9775233268737793,TN,FP
7258,0,0,1,0.5525314211845398,0.9913465976715088,TN,FP
7259,0,0,1,0.5498231649398804,0.9924652576446533,TN,FP
7260,0,0,1,0.5448125004768372,0.9990598559379578,TN,FP
7261,0,0,1,0.5520563721656799,0.9885619878768921,TN,FP
7262,0,0,1,0.5430877208709717,1.0159062147140503,TN,FP
7263,0,0,1,0.5348848104476929,0.99558424949646,TN,FP
7264,0,0,1,0.5385036468505859,1.0067193508148193,TN,FP
7265,0,0,1,0.5291112661361694,0.9725310802459717,TN,FP
7266,0,0,1,0.5251647233963013,0.9816491603851318,TN,FP
7267,0,0,1,0.5315985083580017,0.9470007419586182,TN,FP
7268,0,0,1,0.5541980266571045,0.9662082195281982,TN,FP
7269,0,0,1,0.5667362809181213,0.984498143196106,TN,FP
7270,0,0,1,0.5589321255683899,0.9624524116516113,TN,FP
7271,0,0,1,0.5435644388198853,0.9829702973365784,TN,FP
7272,0,0,1,0.5427879691123962,0.9933340549468994,TN,FP
7273,0,0,1,0.5822277665138245,0.9815283417701721,TN,FP
7274,0,0,1,0.5439595580101013,0.9220012426376343,TN,FP
7275,0,0,1,0.5569050312042236,0.9669548273086548,TN,FP
7276,0,0,1,0.5710845589637756,0.9642160534858704,TN,FP
7277,0,0,1,0.5728892683982849,0.9299653768539429,TN,FP
7278,0,0,1,0.5692651271820068,0.9595987796783447,TN,FP
7279,0,0,1,0.5707331299781799,0.9415054321289062,TN,FP
7280,0,0,1,0.5582394599914551,0.9308504462242126,TN,FP
7281,0,0,1,0.5913917422294617,0.9285131692886353,TN,FP
7282,0,0,1,0.5480182766914368,0.9121827483177185,TN,FP
7283,0,0,1,0.5926273465156555,0.9185196161270142,TN,FP
7284,0,0,1,0.5557119250297546,0.9219319224357605,TN,FP
7285,0,0,1,0.5580968260765076,0.909921407699585,TN,FP
7286,0,0,1,0.5710560083389282,0.9427268505096436,TN,FP
7287,0,0,1,0.5512006282806396,0.9132605791091919,TN,FP
7288,0,0,1,0.5538535118103027,0.886563241481781,TN,FP
7289,0,0,1,0.5583420991897583,0.9217180609703064,TN,FP
7290,0,0,1,0.5836800336837769,0.89093416929245,TN,FP
7291,0,0,1,0.5504947900772095,0.912964403629303,TN,FP
7292,0,0,1,0.5559580326080322,0.889289379119873,TN,FP
7293,0,0,1,0.5595952272415161,0.9114748239517212,TN,FP
7294,0,0,1,0.5587069988250732,0.8814035654067993,TN,FP
7295,0,0,1,0.540829062461853,0.8618216514587402,TN,FP
7296,0,0,1,0.5408610701560974,0.8795157074928284,TN,FP
7297,0,0,1,0.5468979477882385,0.8756124377250671,TN,FP
7298,0,0,1,0.5353628396987915,0.8480928540229797,TN,FP
7299,0,0,1,0.5419719815254211,0.8726083636283875,TN,FP
7300,0,0,1,0.5158663988113403,0.8798439502716064,TN,FP
7301,0,0,1,0.5528592467308044,0.8666427135467529,TN,FP
7302,0,0,1,0.5386182069778442,0.8674087524414062,TN,FP
7303,0,0,1,0.5013049840927124,0.8402072787284851,TN,FP
7304,0,0,1,0.5275412797927856,0.843772292137146,TN,FP
7305,0,0,1,0.5330036282539368,0.8208416104316711,TN,FP
7306,0,0,1,0.5210813283920288,0.8461502194404602,TN,FP
7307,0,0,1,0.5346792340278625,0.7961927652359009,TN,FP
7308,0,0,1,0.5020850300788879,0.8320262432098389,TN,FP
7309,0,0,1,0.5273900032043457,0.8245294094085693,TN,FP
7310,0,0,1,0.5151007771492004,0.7983381748199463,TN,FP
7311,0,0,1,0.524202823638916,0.801891028881073,TN,FP
7312,0,0,1,0.5395428538322449,0.8136215806007385,TN,FP
7313,0,0,1,0.5375694036483765,0.8043267726898193,TN,FP
7314,0,0,1,0.5448734164237976,0.804404079914093,TN,FP
7315,0,0,1,0.5389673709869385,0.8340957164764404,TN,FP
7316,0,0,1,0.5326334834098816,0.8257685899734497,TN,FP
7317,0,0,1,0.5555737614631653,0.8241125345230103,TN,FP
7318,0,0,1,0.5109118819236755,0.8140271902084351,TN,FP
7319,0,0,1,0.5232681035995483,0.8150733709335327,TN,FP
7320,0,0,1,0.5352707505226135,0.7952539324760437,TN,FP
7321,0,0,1,0.5389940142631531,0.8038634657859802,TN,FP
7322,0,0,1,0.5242599844932556,0.7851783037185669,TN,FP
7323,0,0,1,0.5163573622703552,0.7928696274757385,TN,FP
7324,0,0,1,0.5346727967262268,0.7745917439460754,TN,FP
7325,0,0,1,0.5449420213699341,0.8191980123519897,TN,FP
7326,0,0,1,0.5496719479560852,0.809456467628479,TN,FP
7327,0,0,1,0.5376932621002197,0.8086616396903992,TN,FP
7328,0,0,1,0.5442227125167847,0.79523766040802,TN,FP
7329,0,0,1,0.5312891602516174,0.7804723381996155,TN,FP
7330,0,0,1,0.5383257269859314,0.7900474667549133,TN,FP
7331,0,0,1,0.5377702116966248,0.8069738745689392,TN,FP
7332,0,0,1,0.5409236550331116,0.7974948883056641,TN,FP
7333,0,0,1,0.5372304916381836,0.7808641791343689,TN,FP
7334,0,0,1,0.5155110359191895,0.7775424122810364,TN,FP
7335,0,0,1,0.51612788438797,0.7685320377349854,TN,FP
7336,0,0,1,0.5043757557868958,0.7478175163269043,TN,FP
7337,0,0,1,0.5065253376960754,0.7398444414138794,TN,FP
7338,0,0,1,0.5222786068916321,0.7426201701164246,TN,FP
7339,0,0,1,0.5041326284408569,0.6656795740127563,TN,FP
7340,0,0,1,0.5303680300712585,0.7436689734458923,TN,FP
7341,0,0,1,0.507107138633728,0.7347499132156372,TN,FP
7342,0,0,1,0.5272892117500305,0.7012336850166321,TN,FP
7343,0,0,1,0.5194622874259949,0.7281485795974731,TN,FP
7344,0,0,1,0.5019944310188293,0.7063903212547302,TN,FP
7345,0,0,1,0.5148314833641052,0.7215328812599182,TN,FP
7346,0,0,1,0.5128762722015381,0.703569233417511,TN,FP
7347,0,0,1,0.5210682153701782,0.7005020976066589,TN,FP
7348,0,0,1,0.5071260333061218,0.6987437605857849,TN,FP
7349,0,0,1,0.5187531113624573,0.6967533230781555,TN,FP
7350,0,0,1,0.5185088515281677,0.6876488327980042,TN,FP
7351,0,0,1,0.519183337688446,0.6859697103500366,TN,FP
7352,0,0,1,0.5150688290596008,0.6940446496009827,TN,FP
7353,0,0,1,0.5203045010566711,0.6862504482269287,TN,FP
7354,0,0,1,0.5181933045387268,0.679990828037262,TN,FP
7355,0,0,1,0.5170107483863831,0.6945587396621704,TN,FP
7356,0,0,1,0.5198814272880554,0.6880006194114685,TN,FP
7357,0,0,1,0.5396402478218079,0.6943255066871643,TN,FP
7358,0,0,1,0.5304117798805237,0.6981876492500305,TN,FP
7359,0,0,1,0.522134006023407,0.6818414330482483,TN,FP
7360,0,0,1,0.5385887026786804,0.6883628368377686,TN,FP
7361,0,0,1,0.5226556658744812,0.6688728332519531,TN,FP
7362,0,0,1,0.5178347229957581,0.6722005605697632,TN,FP
7363,0,0,1,0.5195128917694092,0.6636987924575806,TN,FP
7364,0,0,1,0.5236046314239502,0.6577429175376892,TN,FP
7365,0,0,1,0.5320782661437988,0.6667242646217346,TN,FP
7366,0,0,1,0.5367273092269897,0.6610197424888611,TN,FP
7367,0,0,1,0.5403278470039368,0.6612097024917603,TN,FP
7368,0,0,1,0.530648410320282,0.6487428545951843,TN,FP
7369,0,0,1,0.5389978289604187,0.6553964018821716,TN,FP
7370,0,0,1,0.5347496867179871,0.6430858373641968,TN,FP
7371,0,0,1,0.5375317931175232,0.64673912525177,TN,FP
7372,0,0,1,0.5390580296516418,0.6420773267745972,TN,FP
7373,0,0,1,0.5330219864845276,0.6273623704910278,TN,FP
7374,0,0,1,0.5266166925430298,0.6130515933036804,TN,FP
7375,0,0,1,0.5165630578994751,0.5908272862434387,TN,FP
7376,0,0,1,0.5096518993377686,0.5901267528533936,TN,FP
7377,0,0,1,0.5069274306297302,0.5828686356544495,TN,FP
7378,0,0,1,0.5135213136672974,0.5812116265296936,TN,FP
7379,0,0,1,0.5189242362976074,0.5805132985115051,TN,FP
7380,0,0,1,0.5180690288543701,0.5770319104194641,TN,FP
7381,0,0,1,0.5263317823410034,0.5823084115982056,TN,FP
7382,0,0,1,0.530864953994751,0.5847200155258179,TN,FP
7383,0,0,1,0.5254932641983032,0.5795127749443054,TN,FP
7384,0,0,1,0.5279074907302856,0.5759946703910828,TN,FP
7385,0,0,1,0.5249818563461304,0.5708639621734619,TN,FP
7386,0,0,1,0.5256354212760925,0.5687172412872314,TN,FP
7387,0,0,1,0.519343912601471,0.5593059062957764,TN,FP
7388,0,0,1,0.5249942541122437,0.5601438283920288,TN,FP
7389,0,0,1,0.525185227394104,0.5617659091949463,TN,FP
7390,0,0,1,0.5239471197128296,0.559257984161377,TN,FP
7391,0,0,1,0.5318004488945007,0.5637332797050476,TN,FP
7392,0,0,1,0.5312475562095642,0.555898904800415,TN,FP
7393,0,0,1,0.5329096913337708,0.5563156604766846,TN,FP
7394,0,0,1,0.5327596068382263,0.5509964227676392,TN,FP
7395,0,0,1,0.5319132208824158,0.5490186810493469,TN,FP
7396,0,0,1,0.5334251523017883,0.5463082790374756,TN,FP
7397,0,0,1,0.5363507866859436,0.5490127801895142,TN,FP
7398,0,0,1,0.5394715666770935,0.5457831025123596,TN,FP
7399,0,0,1,0.550193727016449,0.5492807626724243,TN,FP
7400,0,0,1,0.5426333546638489,0.5405856966972351,TN,FP
7401,0,0,1,0.5454416871070862,0.5410892367362976,TN,FP
7402,0,0,1,0.5472090840339661,0.5360511541366577,TN,FP
7403,0,0,1,0.5498992800712585,0.5390735268592834,TN,FP
7404,0,0,1,0.5756564140319824,0.5489513278007507,TN,FP
7405,0,0,1,0.5743855237960815,0.5473895072937012,TN,FP
7406,0,0,1,0.5748201608657837,0.5572086572647095,TN,FP
7407,0,0,1,0.5831533670425415,0.543017566204071,TN,FP
7408,0,0,1,0.5830517411231995,0.5450025796890259,TN,FP
7409,0,0,1,0.5831143856048584,0.549272894859314,TN,FP
7410,0,0,1,0.5822662115097046,0.5442067980766296,TN,FP
7411,0,0,1,0.5963489413261414,0.5492130517959595,TN,FP
7412,0,0,1,0.5911379456520081,0.5531665086746216,TN,FP
7413,0,0,1,0.6050996780395508,0.5600204467773438,TN,FP
7416,0,0,1,0.6102077960968018,0.560459554195404,TN,FP
7417,0,0,1,0.6058087944984436,0.5526660680770874,TN,FP
7433,0,0,1,0.5193342566490173,1.2492759227752686,TN,FP
7434,0,0,1,0.5217097997665405,1.2663116455078125,TN,FP
7435,0,0,1,0.5055400133132935,1.2622359991073608,TN,FP
7436,0,0,1,0.5175812840461731,1.2448047399520874,TN,FP
7437,0,0,1,0.5435518026351929,1.2848199605941772,TN,FP
7438,0,0,1,0.5393321514129639,1.2616887092590332,TN,FP
7439,0,0,1,0.5224549770355225,1.2601613998413086,TN,FP
7440,0,0,1,0.5238577723503113,1.2536633014678955,TN,FP
7441,0,0,1,0.5201911926269531,1.2742094993591309,TN,FP
7442,0,0,1,0.5346042513847351,1.2549848556518555,TN,FP
7443,0,0,1,0.5282991528511047,1.2393206357955933,TN,FP
7444,0,0,1,0.5267140865325928,1.250025987625122,TN,FP
7445,0,0,1,0.5219523906707764,1.2185968160629272,TN,FP
7446,0,0,1,0.5225573778152466,1.2369321584701538,TN,FP
7447,0,0,1,0.5321655869483948,1.2392892837524414,TN,FP
7448,0,0,1,0.5159034729003906,1.2408713102340698,TN,FP
7449,0,0,1,0.5345642566680908,1.2435683012008667,TN,FP
7450,0,0,1,0.555372416973114,1.2250540256500244,TN,FP
7451,0,0,1,0.5152530670166016,1.2272350788116455,TN,FP
7452,0,0,1,0.5138383507728577,1.206486463546753,TN,FP
7453,0,0,1,0.5514495968818665,1.222813367843628,TN,FP
7454,0,0,1,0.5226203203201294,1.208498239517212,TN,FP
7455,0,0,1,0.5343900918960571,1.212949275970459,TN,FP
7456,0,0,1,0.5230769515037537,1.2048509120941162,TN,FP
7457,0,0,1,0.5150431990623474,1.203194260597229,TN,FP
7458,0,0,1,0.5198383331298828,1.1699318885803223,TN,FP
7459,0,0,1,0.5235537886619568,1.1593302488327026,TN,FP
7460,0,0,1,0.5117582082748413,1.160069465637207,TN,FP
7461,0,0,1,0.5214129686355591,1.1416984796524048,TN,FP
7462,0,0,1,0.5226631164550781,1.1405636072158813,TN,FP
7463,0,0,1,0.5299478769302368,1.1403518915176392,TN,FP
7464,0,0,1,0.5149480700492859,1.123530626296997,TN,FP
7465,0,0,1,0.530714213848114,1.1274698972702026,TN,FP
7466,0,0,1,0.5215056538581848,1.1158183813095093,TN,FP
7467,0,0,1,0.5153282284736633,1.0967910289764404,TN,FP
7468,0,0,1,0.5337265133857727,1.112931251525879,TN,FP
7469,0,0,1,0.5390499234199524,1.1037681102752686,TN,FP
7470,0,0,1,0.5373088717460632,1.0921430587768555,TN,FP
7471,0,0,1,0.5501971244812012,1.096102237701416,TN,FP
7472,0,0,1,0.538794994354248,1.0841237306594849,TN,FP
7473,0,0,1,0.5380403995513916,1.06884765625,TN,FP
7474,0,0,1,0.5309914350509644,1.0680315494537354,TN,FP
7475,0,0,1,0.5407220721244812,1.0631661415100098,TN,FP
7476,0,0,1,0.5352740287780762,1.0561732053756714,TN,FP
7477,0,0,1,0.5532812476158142,1.0554784536361694,TN,FP
7478,0,0,1,0.5493003726005554,1.0405449867248535,TN,FP
7479,0,0,1,0.5452152490615845,1.0221830606460571,TN,FP
7480,0,0,1,0.5391820669174194,1.0146722793579102,TN,FP
7481,0,0,1,0.5402143001556396,1.0044981241226196,TN,FP
7482,0,0,1,0.5406407117843628,0.995250403881073,TN,FP
7483,0,0,1,0.5530078411102295,0.9938657879829407,TN,FP
7484,0,0,1,0.559863805770874,0.9796322584152222,TN,FP
7485,0,0,1,0.5535760521888733,0.9813821911811829,TN,FP
7486,0,0,1,0.5370825529098511,0.9531570672988892,TN,FP
7487,0,0,1,0.5226988792419434,0.9252575635910034,TN,FP
7488,0,0,1,0.5300353765487671,0.915565013885498,TN,FP
7489,0,0,1,0.5163191556930542,0.8958038091659546,TN,FP
7490,0,0,1,0.5166178345680237,0.8760311603546143,TN,FP
7491,0,0,1,0.5176750421524048,0.8648277521133423,TN,FP
7492,0,0,1,0.521781325340271,0.8575578331947327,TN,FP
7493,0,0,1,0.5275878310203552,0.8510227799415588,TN,FP
7494,0,0,1,0.5317744612693787,0.8467064499855042,TN,FP
7495,0,0,1,0.538398802280426,0.8337336778640747,TN,FP
7496,0,0,1,0.5511465668678284,0.8354503512382507,TN,FP
7497,0,0,1,0.5432636737823486,0.8219911456108093,TN,FP
7498,0,0,1,0.5378676056861877,0.8122671246528625,TN,FP
7499,0,0,1,0.5441461801528931,0.799295961856842,TN,FP
7500,0,0,1,0.5438801050186157,0.7906509637832642,TN,FP
7501,0,0,1,0.5441331267356873,0.7881767153739929,TN,FP
7502,0,0,1,0.5534511804580688,0.7829499840736389,TN,FP
7503,0,0,1,0.5544009208679199,0.7743600606918335,TN,FP
7504,0,0,1,0.5491122603416443,0.7700292468070984,TN,FP
7505,0,0,1,0.5653471946716309,0.7651185393333435,TN,FP
7506,0,0,1,0.5637454390525818,0.7616169452667236,TN,FP
7507,0,0,1,0.5746029019355774,0.7560588717460632,TN,FP
7508,0,0,1,0.5620549917221069,0.741894006729126,TN,FP
7509,0,0,1,0.5845314264297485,0.7557814121246338,TN,FP
7510,0,0,1,0.5763733386993408,0.7456386089324951,TN,FP
7511,0,0,1,0.5884473323822021,0.7410550117492676,TN,FP
7512,0,0,1,0.6052572131156921,0.7421820163726807,TN,FP
7513,0,0,1,0.601843535900116,0.7342798709869385,TN,FP
7514,0,0,1,0.6074331402778625,0.7277967929840088,TN,FP
7515,0,0,1,0.6091089844703674,0.7265730500221252,TN,FP
7534,0,0,1,0.5193073749542236,0.5553796291351318,TN,FP
7535,0,0,1,0.5218477845191956,0.5555658340454102,TN,FP
7536,0,0,1,0.5300853848457336,0.5610703825950623,TN,FP
7537,0,0,1,0.5183101296424866,0.5870097875595093,TN,FP
7538,0,0,1,0.5166963338851929,0.5436790585517883,TN,FP
7539,0,0,1,0.5123580694198608,0.53094482421875,TN,FP
7540,0,0,1,0.520021378993988,0.5597226619720459,TN,FP
7541,0,0,1,0.5194803476333618,0.5406458377838135,TN,FP
7542,0,0,1,0.5229337215423584,0.5288501381874084,TN,FP
7543,0,0,1,0.5254514813423157,0.5510827898979187,TN,FP
7544,0,0,1,0.5082916021347046,0.5419325828552246,TN,FP
7545,0,0,1,0.5279921889305115,0.5307322144508362,TN,FP
7546,0,0,1,0.5134118795394897,0.5430006980895996,TN,FP
7547,0,0,1,0.5068447589874268,0.5298859477043152,TN,FP
7548,0,0,1,0.5028479695320129,1.1286654472351074,TN,FP
7549,0,0,1,0.5090579390525818,0.5198308825492859,TN,FP
7550,0,0,1,0.5059967637062073,1.0517617464065552,TN,FP
7551,0,0,1,0.5137183666229248,0.5154812932014465,TN,FP
7552,0,0,1,0.5310915112495422,0.5262404084205627,TN,FP
7553,0,0,1,0.504835307598114,0.528672993183136,TN,FP
7554,0,0,1,0.4968585968017578,0.5118211507797241,TN,FP
7555,0,0,1,0.49095961451530457,0.5117360353469849,TN,FP
7556,0,0,1,0.4916839301586151,0.5076093673706055,TN,FP
7557,0,0,1,0.49687424302101135,0.4989531636238098,TN,FP
7558,0,0,1,0.4865480363368988,0.5208236575126648,TN,FP
7559,0,0,1,0.4918164908885956,0.5097624659538269,TN,FP
7560,0,0,1,0.48003125190734863,0.5053016543388367,TN,FP
7561,0,0,1,0.4849853813648224,0.5046049952507019,TN,FP
7562,0,0,1,0.48175203800201416,0.5020461082458496,TN,FP
7563,0,0,1,0.48286378383636475,0.510012149810791,TN,FP
7564,0,0,1,0.4815138280391693,0.5067394375801086,TN,FP
7565,0,0,1,0.4922107756137848,0.5014801025390625,TN,FP
7566,0,0,1,0.4718763828277588,0.4941738247871399,TN,FP
7567,0,0,1,0.48852670192718506,0.49919265508651733,TN,FP
7568,0,0,1,0.4826277792453766,0.5017023086547852,TN,FP
7569,0,0,1,0.48661139607429504,0.5067499279975891,TN,FP
7570,0,0,1,0.4820428788661957,0.5032713413238525,TN,FP
7571,0,0,1,0.48742926120758057,0.5026350617408752,TN,FP
7572,0,0,1,0.48472481966018677,0.5034599900245667,TN,FP
7573,0,0,1,0.48491179943084717,0.5039796829223633,TN,FP
7574,0,0,1,0.49153003096580505,0.5168520212173462,TN,FP
7575,0,0,1,0.4947567880153656,0.521266758441925,TN,FP
7576,0,0,1,0.4981764853000641,0.5144001245498657,TN,FP
7577,0,0,1,0.497310608625412,0.5217990875244141,TN,FP
7578,0,0,1,0.507214367389679,0.5275858044624329,TN,FP
7579,0,0,1,0.5127686858177185,0.7185842394828796,TN,FP
7580,0,0,1,0.5211186408996582,0.5393741130828857,TN,FP
7581,0,0,1,0.5222803354263306,0.5376267433166504,TN,FP
7582,0,0,1,0.5153586864471436,0.5397853851318359,TN,FP
7583,0,0,1,0.5127017498016357,0.5401434898376465,TN,FP
7584,0,0,1,0.5085395574569702,0.5381486415863037,TN,FP
7585,0,0,1,0.5130220651626587,0.5367166996002197,TN,FP
7586,0,0,1,0.5129755139350891,0.5332536101341248,TN,FP
7587,0,0,1,0.5048792362213135,0.525948703289032,TN,FP
7588,0,0,1,0.5038084983825684,0.5267109274864197,TN,FP
7589,0,0,1,0.5087661147117615,0.5609920024871826,TN,FP
7590,0,0,1,0.4967377185821533,0.5263513922691345,TN,FP
7591,0,0,1,0.5040124654769897,0.5315918922424316,TN,FP
7592,0,0,1,0.516648530960083,0.5432872176170349,TN,FP
7593,0,0,1,0.4984109401702881,0.5286157727241516,TN,FP
7594,0,0,1,0.5000936985015869,0.528956949710846,TN,FP
7595,0,0,1,0.5165860056877136,0.5387992858886719,TN,FP
7596,0,0,1,0.5059820413589478,0.5451788306236267,TN,FP
7597,0,0,1,0.5095850825309753,0.7838388681411743,TN,FP
7598,0,0,1,0.5182762145996094,0.9208717346191406,TN,FP
7599,0,0,1,0.5145651698112488,0.5748426914215088,TN,FP
7600,0,0,1,0.5103658437728882,0.5457731485366821,TN,FP
7601,0,0,1,0.5102143287658691,0.7311052680015564,TN,FP
7602,0,0,1,0.5064843893051147,0.8633720278739929,TN,FP
7603,0,0,1,0.5014124512672424,0.7190243005752563,TN,FP
7604,0,0,1,0.5123167634010315,0.7108062505722046,TN,FP
7605,0,0,1,0.5085653066635132,0.6969099640846252,TN,FP
7606,0,0,1,0.5074650645256042,0.6950019598007202,TN,FP
7607,0,0,1,0.5163922309875488,0.7231417298316956,TN,FP
7608,0,0,1,0.508609414100647,0.6859103441238403,TN,FP
7609,0,0,1,0.5173769593238831,0.690166175365448,TN,FP
7610,0,0,1,0.5211641788482666,0.7027536630630493,TN,FP
7611,0,0,1,0.5144683718681335,0.7311415672302246,TN,FP
7612,0,0,1,0.5140316486358643,0.7291226983070374,TN,FP
7613,0,0,1,0.5077114105224609,0.678059458732605,TN,FP
7614,0,0,1,0.5158599615097046,0.7290854454040527,TN,FP
7615,0,0,1,0.5126059651374817,0.6877607107162476,TN,FP
7616,0,0,1,0.5218294262886047,0.6821334362030029,TN,FP
7617,0,0,1,0.5234090685844421,0.7024871706962585,TN,FP
7618,0,0,1,0.5214239358901978,0.6850313544273376,TN,FP
7619,0,0,1,0.5263749957084656,0.6861364245414734,TN,FP
7620,0,0,1,0.5309216976165771,0.7012899518013,TN,FP
7621,0,0,1,0.5355848073959351,0.6861405372619629,TN,FP
7622,0,0,1,0.5516296029090881,0.5683987140655518,TN,FP
7623,0,0,1,0.5448841452598572,0.5586073994636536,TN,FP
7624,0,0,1,0.5474746823310852,0.7593215107917786,TN,FP
7625,0,0,1,0.5416767001152039,0.5748091340065002,TN,FP
7626,0,0,1,0.5413884520530701,0.7111309170722961,TN,FP
7627,0,0,1,0.5368101596832275,0.5571755766868591,TN,FP
7628,0,0,1,0.5272071361541748,0.7157792448997498,TN,FP
7629,0,0,1,0.5227329730987549,0.7845494747161865,TN,FP
7630,0,0,1,0.5172752141952515,0.5394519567489624,TN,FP
7631,0,0,1,0.5112299919128418,0.6947767734527588,TN,FP
7632,0,0,1,0.515836775302887,0.6786743998527527,TN,FP
7633,0,0,1,0.5197176933288574,0.688307523727417,TN,FP
7634,0,0,1,0.530694305896759,0.782090425491333,TN,FP
7635,0,0,1,0.5276628732681274,0.6647276282310486,TN,FP
7636,0,0,1,0.5271122455596924,0.7103626728057861,TN,FP
7637,0,0,1,0.5408196449279785,0.6960108876228333,TN,FP
7638,0,0,1,0.5472007989883423,0.6740682721138,TN,FP
7639,0,0,1,0.5545416474342346,0.6914328932762146,TN,FP
7640,0,0,1,0.556463897228241,0.722581684589386,TN,FP
7641,0,0,1,0.5690001845359802,0.6877894401550293,TN,FP
7642,0,0,1,0.5526116490364075,0.6662048101425171,TN,FP
7643,0,0,1,0.5589983463287354,0.6818225979804993,TN,FP
7644,0,0,1,0.5629324913024902,0.7040385603904724,TN,FP
7645,0,0,1,0.5482701063156128,0.7209166884422302,TN,FP
7646,0,0,1,0.5507209300994873,0.6672860980033875,TN,FP
7647,0,0,1,0.54498291015625,0.6864714026451111,TN,FP
7648,0,0,1,0.5464604496955872,0.7126407027244568,TN,FP
7649,0,0,1,0.5389161109924316,0.7836557626724243,TN,FP
7650,0,0,1,0.5499296188354492,0.6844411492347717,TN,FP
7651,0,0,1,0.5516247153282166,0.7868952751159668,TN,FP
7652,0,0,1,0.5509536266326904,0.7385295629501343,TN,FP
7653,0,0,1,0.5518301129341125,0.5800238251686096,TN,FP
7654,0,0,1,0.543957531452179,0.6945000290870667,TN,FP
7655,0,0,1,0.5541999936103821,0.7052964568138123,TN,FP
7656,0,0,1,0.5503315925598145,0.7268517017364502,TN,FP
7657,0,0,1,0.5338084697723389,0.7090524435043335,TN,FP
7658,0,0,1,0.5458908677101135,0.6996810436248779,TN,FP
7659,0,0,1,0.5375418066978455,0.7689648270606995,TN,FP
7660,0,0,1,0.5353712439537048,0.730194628238678,TN,FP
7661,0,0,1,0.5313721299171448,0.6562775373458862,TN,FP
7662,0,0,1,0.5318138003349304,0.7000779509544373,TN,FP
7663,0,0,1,0.5302774906158447,0.5484403371810913,TN,FP
7664,0,0,1,0.5224798917770386,0.7570850253105164,TN,FP
7665,0,0,1,0.5263299942016602,0.7656659483909607,TN,FP
7666,0,0,1,0.527785062789917,0.6286977529525757,TN,FP
7667,0,0,1,0.5212057828903198,0.6290602087974548,TN,FP
7668,0,0,1,0.5204881429672241,0.7530590891838074,TN,FP
7669,0,0,1,0.5059928894042969,0.639945924282074,TN,FP
7670,0,0,1,0.5065877437591553,0.5090590119361877,TN,FP
7671,0,0,1,0.5084691643714905,0.6162894368171692,TN,FP
7672,0,0,1,0.506686806678772,0.5254011750221252,TN,FP
7673,0,0,1,0.5090773701667786,0.6230754256248474,TN,FP
7674,0,0,1,0.5154843926429749,0.6067410111427307,TN,FP
7675,0,0,1,0.5091010332107544,0.6441895365715027,TN,FP
7676,0,0,1,0.5161548852920532,0.6199518442153931,TN,FP
7677,0,0,1,0.5148444175720215,0.7110177874565125,TN,FP
7678,0,0,1,0.5244152545928955,0.6938149929046631,TN,FP
7679,0,0,1,0.5272946357727051,0.7169597148895264,TN,FP
7680,0,0,1,0.5241979956626892,0.6897135376930237,TN,FP
7681,0,0,1,0.5203922986984253,0.7406629920005798,TN,FP
7682,0,0,1,0.5207321643829346,0.5386037230491638,TN,FP
7683,0,0,1,0.5173451900482178,0.5441551208496094,TN,FP
7684,0,0,1,0.5219247937202454,0.5683518648147583,TN,FP
7685,0,0,1,0.524638831615448,0.7142685651779175,TN,FP
7686,0,0,1,0.5236526727676392,0.5444247722625732,TN,FP
7687,0,0,1,0.5081936120986938,0.593654453754425,TN,FP
7688,0,0,1,0.5116020441055298,0.6034204363822937,TN,FP
7689,0,0,1,0.5094314813613892,0.6350001692771912,TN,FP
7690,0,0,1,0.5105753540992737,0.621583878993988,TN,FP
7691,0,0,1,0.504881739616394,0.6312283277511597,TN,FP
7692,0,0,1,0.5089375376701355,0.5503025650978088,TN,FP
7693,0,0,1,0.4960375130176544,0.5028392672538757,TN,FP
7694,0,0,1,0.49701446294784546,0.5351426601409912,TN,FP
7695,0,0,1,0.4964531362056732,0.6121389865875244,TN,FP
7696,0,0,1,0.4995880424976349,0.5135907530784607,TN,FP
7697,0,0,1,0.5057353973388672,0.5539241433143616,TN,FP
7698,0,0,1,0.5111100673675537,0.6384300589561462,TN,FP
7699,0,0,1,0.5076777338981628,0.6365880370140076,TN,FP
7700,0,0,1,0.5030090808868408,0.6367590427398682,TN,FP
7701,0,0,1,0.503594160079956,0.5645810961723328,TN,FP
7702,0,0,1,0.5016401410102844,0.5247693061828613,TN,FP
7703,0,0,1,0.5123308300971985,0.5961949229240417,TN,FP
7704,0,0,1,0.5146558284759521,0.6363153457641602,TN,FP
7705,0,0,1,0.5113101601600647,0.621284544467926,TN,FP
7706,0,0,1,0.5085582733154297,0.6153858304023743,TN,FP
7707,0,0,1,0.5158067345619202,0.5856226086616516,TN,FP
7708,0,0,1,0.516968309879303,0.5962444543838501,TN,FP
7709,0,0,1,0.5153471231460571,0.5988077521324158,TN,FP
7710,0,0,1,0.5184131264686584,0.5847995281219482,TN,FP
7711,0,0,1,0.5306704640388489,0.5980684161186218,TN,FP
7712,0,0,1,0.538076639175415,0.6404816508293152,TN,FP
7713,0,0,1,0.5479251146316528,0.6222289204597473,TN,FP
7714,0,0,1,0.5515838265419006,0.6252427697181702,TN,FP
7715,0,0,1,0.5470747947692871,0.7290720343589783,TN,FP
7716,0,0,1,0.5579976439476013,0.6534734964370728,TN,FP
7717,0,0,1,0.5502313375473022,0.6278316378593445,TN,FP
7718,0,0,1,0.5581706762313843,0.7524334788322449,TN,FP
7719,0,0,1,0.5588396191596985,0.6503564715385437,TN,FP
7720,0,0,1,0.553846001625061,0.6527867913246155,TN,FP
7721,0,0,1,0.5545331835746765,0.6355968117713928,TN,FP
7722,0,0,1,0.5424899458885193,0.6293331384658813,TN,FP
7723,0,0,1,0.5377598404884338,0.7498509883880615,TN,FP
7724,0,0,1,0.5372583866119385,0.6399005055427551,TN,FP
7725,0,0,1,0.5360179543495178,0.6401407122612,TN,FP
7726,0,0,1,0.5557849407196045,0.8362888097763062,TN,FP
7727,0,0,1,0.5366331338882446,0.766624391078949,TN,FP
7728,0,0,1,0.5536032319068909,0.6487241983413696,TN,FP
7729,0,0,1,0.5108336210250854,0.511728048324585,TN,FP
7730,0,0,1,0.5125628709793091,0.5232326984405518,TN,FP
7731,0,0,1,0.5219590663909912,0.5096790790557861,TN,FP
7732,0,0,1,0.5027042627334595,0.5029045343399048,TN,FP
7733,0,0,1,0.5048563480377197,0.5021944642066956,TN,FP
7734,0,0,1,0.5054396390914917,0.5013391971588135,TN,FP
7735,0,0,1,0.5224219560623169,0.5270000696182251,TN,FP
7736,0,0,1,0.5093213319778442,0.5023296475410461,TN,FP
7737,0,0,1,0.5079824924468994,0.5130216479301453,TN,FP
7738,0,0,1,0.5071768164634705,0.5054982304573059,TN,FP
7739,0,0,1,0.522244393825531,0.512485682964325,TN,FP
7740,0,0,1,0.5204730033874512,0.5230334997177124,TN,FP
7741,0,0,1,0.5066144466400146,0.5073943138122559,TN,FP
7742,0,0,1,0.5179570913314819,0.5174235105514526,TN,FP
7743,0,0,1,0.512108325958252,0.514254093170166,TN,FP
7744,0,0,1,0.5171903967857361,0.541780412197113,TN,FP
7745,0,0,1,0.5138441324234009,0.513222873210907,TN,FP
7746,0,0,1,0.5278087258338928,0.5130341053009033,TN,FP
7747,0,0,1,0.5240040421485901,0.5242453217506409,TN,FP
7748,0,0,1,0.5358818173408508,0.5230101346969604,TN,FP
7749,0,0,1,0.5447224974632263,0.5404866337776184,TN,FP
7750,0,0,1,0.5367862582206726,0.5350993871688843,TN,FP
7751,0,0,1,0.5344088077545166,0.5408851504325867,TN,FP
7752,0,0,1,0.5433257222175598,0.5687631368637085,TN,FP
7753,0,0,1,0.526482880115509,0.5426098108291626,TN,FP
7754,0,0,1,0.5249127745628357,0.5367475152015686,TN,FP
7755,0,0,1,0.5285195708274841,0.5375600457191467,TN,FP
7756,0,0,1,0.5319976806640625,0.5413597822189331,TN,FP
7757,0,0,1,0.5415221452713013,0.5461911559104919,TN,FP
7758,0,0,1,0.5291131734848022,0.5596584677696228,TN,FP
7759,0,0,1,0.527478814125061,0.546183168888092,TN,FP
7760,0,0,1,0.5392543077468872,0.5545656681060791,TN,FP
7761,0,0,1,0.5358883142471313,0.5519917011260986,TN,FP
7762,0,0,1,0.5393333435058594,0.5548974275588989,TN,FP
7763,0,0,1,0.5364311337471008,0.5550748109817505,TN,FP
7764,0,0,1,0.5373834371566772,0.5436923503875732,TN,FP
7765,0,0,1,0.5248376727104187,0.5252668261528015,TN,FP
7766,0,0,1,0.5150143504142761,0.5306068062782288,TN,FP
7767,0,0,1,0.5175876021385193,0.5397272109985352,TN,FP
7768,0,0,1,0.5190370082855225,0.5436078310012817,TN,FP
7769,0,0,1,0.5073772668838501,0.5271435379981995,TN,FP
7770,0,0,1,0.5190685391426086,0.5270494818687439,TN,FP
7771,0,0,1,0.505013644695282,0.5322182178497314,TN,FP
7772,0,0,1,0.5168448686599731,0.5484361052513123,TN,FP
7773,0,0,1,0.5173599720001221,0.5465070605278015,TN,FP
7774,0,0,1,0.5403079390525818,0.568009614944458,TN,FP
7775,0,0,1,0.5334774255752563,0.5640624165534973,TN,FP
7776,0,0,1,0.5297638773918152,0.5596839189529419,TN,FP
7777,0,0,1,0.5304262638092041,0.5527656674385071,TN,FP
7778,0,0,1,0.5210788249969482,0.5489203333854675,TN,FP
7779,0,0,1,0.5315235257148743,0.5493503212928772,TN,FP
7780,0,0,1,0.5309717059135437,0.5427230000495911,TN,FP
7781,0,0,1,0.5560070872306824,0.5476629734039307,TN,FP
7782,0,0,1,0.5182388424873352,0.550821840763092,TN,FP
7783,0,0,1,0.5316121578216553,0.5548564791679382,TN,FP
7784,0,0,1,0.5391398072242737,0.5629225969314575,TN,FP
7785,0,0,1,0.5281172394752502,0.5879383087158203,TN,FP
7786,0,0,1,0.5296377539634705,0.5600816607475281,TN,FP
7787,0,0,1,0.5244280695915222,0.5629284381866455,TN,FP
7788,0,0,1,0.5247164964675903,0.5619444847106934,TN,FP
7789,0,0,1,0.5203651189804077,0.5553452372550964,TN,FP
7790,0,0,1,0.5332901477813721,0.5796806812286377,TN,FP
7791,0,0,1,0.5346226692199707,0.5601125359535217,TN,FP
7792,0,0,1,0.5287926197052002,0.5585576891899109,TN,FP
7793,0,0,1,0.5198494791984558,0.5494340658187866,TN,FP
7794,0,0,1,0.5226666927337646,0.7732334733009338,TN,FP
7795,0,0,1,0.5178270936012268,0.549892008304596,TN,FP
7796,0,0,1,0.5216618776321411,0.5448681712150574,TN,FP
7797,0,0,1,0.5206992030143738,0.7369368076324463,TN,FP
7798,0,0,1,0.5125405788421631,0.6542425751686096,TN,FP
7799,0,0,1,0.508733332157135,0.6574662923812866,TN,FP
7800,0,0,1,0.5134261846542358,0.6370853185653687,TN,FP
7801,0,0,1,0.5277201533317566,0.6309835910797119,TN,FP
7802,0,0,1,0.5409058928489685,0.6176518797874451,TN,FP
7803,0,0,1,0.5157968997955322,0.6163300275802612,TN,FP
7804,0,0,1,0.5191236138343811,0.6182172894477844,TN,FP
7805,0,0,1,0.5202769041061401,0.6008334159851074,TN,FP
7806,0,0,1,0.5351075530052185,0.6027644872665405,TN,FP
7807,0,0,1,0.5162380933761597,0.5912180542945862,TN,FP
7808,0,0,1,0.5196874737739563,0.6175757050514221,TN,FP
7809,0,0,1,0.5134387016296387,0.6008967161178589,TN,FP
7810,0,0,1,0.5136716961860657,0.5715076923370361,TN,FP
7811,0,0,1,0.5202246308326721,0.584726095199585,TN,FP
7812,0,0,1,0.5249477624893188,0.5803003907203674,TN,FP
7813,0,0,1,0.5546132922172546,0.7956071496009827,TN,FP
7814,0,0,1,0.5518134832382202,0.7916973829269409,TN,FP
7815,0,0,1,0.5523518919944763,0.7965579032897949,TN,FP
7816,0,0,1,0.5277820825576782,0.8099130988121033,TN,FP
7817,0,0,1,0.5484477877616882,0.7883761525154114,TN,FP
7818,0,0,1,0.5519125461578369,0.7775823473930359,TN,FP
7819,0,0,1,0.5335826277732849,0.7729899883270264,TN,FP
7820,0,0,1,0.5832808017730713,0.7749369740486145,TN,FP
7821,0,0,1,0.5480611324310303,0.7716473340988159,TN,FP
7822,0,0,1,0.5511164665222168,0.7727320194244385,TN,FP
7823,0,0,1,0.5331279039382935,0.7763393521308899,TN,FP
7824,0,0,1,0.5633403062820435,0.7674711346626282,TN,FP
7825,0,0,1,0.5323781371116638,0.7638590335845947,TN,FP
7826,0,0,1,0.5482869148254395,0.769936203956604,TN,FP
7827,0,0,1,0.5451550483703613,0.7672623991966248,TN,FP
7828,0,0,1,0.528570830821991,0.7728803753852844,TN,FP
7829,0,0,1,0.5608596801757812,0.7627912759780884,TN,FP
7830,0,0,1,0.5399326086044312,0.7612537145614624,TN,FP
7831,0,0,1,0.5315126776695251,0.7437872290611267,TN,FP
7832,0,0,1,0.5336623191833496,0.7662467360496521,TN,FP
7833,0,0,1,0.536979079246521,0.7504389882087708,TN,FP
7834,0,0,1,0.5452237725257874,0.7392702698707581,TN,FP
7835,0,0,1,0.546459972858429,0.7434760332107544,TN,FP
7836,0,0,1,0.5341804623603821,0.7328709959983826,TN,FP
7837,0,0,1,0.5222029685974121,0.7217308282852173,TN,FP
7838,0,0,1,0.5204953551292419,0.7273748517036438,TN,FP
7839,0,0,1,0.5151326060295105,0.7164464592933655,TN,FP
7840,0,0,1,0.5258398652076721,0.7105792760848999,TN,FP
7841,0,0,1,0.536871075630188,0.7196698784828186,TN,FP
7842,0,0,1,0.5405523777008057,0.7203405499458313,TN,FP
7843,0,0,1,0.540616512298584,0.7182045578956604,TN,FP
7844,0,0,1,0.5561811923980713,0.7257378101348877,TN,FP
7845,0,0,1,0.5185620188713074,0.7233796119689941,TN,FP
7846,0,0,1,0.5130255818367004,0.7202216386795044,TN,FP
7847,0,0,1,0.5391380190849304,0.6993016600608826,TN,FP
7848,0,0,1,0.5116503238677979,0.6791577935218811,TN,FP
7849,0,0,1,0.5257989764213562,0.6883395910263062,TN,FP
7850,0,0,1,0.5238281488418579,0.7085418701171875,TN,FP
7851,0,0,1,0.5202205777168274,0.6773558855056763,TN,FP
7852,0,0,1,0.5089420080184937,0.6780955791473389,TN,FP
7853,0,0,1,0.5246703624725342,0.9013039469718933,TN,FP
7854,0,0,1,0.5165491104125977,0.896136999130249,TN,FP
7855,0,0,1,0.5339610576629639,0.9037405252456665,TN,FP
7856,0,0,1,0.5270114541053772,0.9265472292900085,TN,FP
7857,0,0,1,0.5653558373451233,0.9203779697418213,TN,FP
7858,0,0,1,0.5275846123695374,0.8937464356422424,TN,FP
7859,0,0,1,0.5231361389160156,0.8977800607681274,TN,FP
7860,0,0,1,0.5468503832817078,0.8916175961494446,TN,FP
7861,0,0,1,0.5373761057853699,0.8833124041557312,TN,FP
7862,0,0,1,0.5669173002243042,0.8792291283607483,TN,FP
7863,0,0,1,0.5662649273872375,0.8918333649635315,TN,FP
7864,0,0,1,0.5709633827209473,0.8626487255096436,TN,FP
7865,0,0,1,0.543814480304718,0.8631240725517273,TN,FP
7866,0,0,1,0.5371997952461243,0.8516390919685364,TN,FP
7867,0,0,1,0.5687151551246643,0.8878437280654907,TN,FP
7868,0,0,1,0.546988844871521,0.8827983736991882,TN,FP
7869,0,0,1,0.5381816029548645,0.8951669335365295,TN,FP
7870,0,0,1,0.568409264087677,0.8731645345687866,TN,FP
7871,0,0,1,0.5437445044517517,0.8889647126197815,TN,FP
7872,0,0,1,0.56019526720047,0.8902069330215454,TN,FP
7873,0,0,1,0.5533909797668457,0.8785277605056763,TN,FP
7874,0,0,1,0.5553464293479919,0.8616445660591125,TN,FP
7875,0,0,1,0.5797852873802185,0.8732669353485107,TN,FP
7876,0,0,1,0.5787478089332581,0.8631538152694702,TN,FP
7877,0,0,1,0.5375977158546448,0.8829872608184814,TN,FP
7878,0,0,1,0.5481988787651062,0.873323380947113,TN,FP
7879,0,0,1,0.5736472010612488,0.8988133072853088,TN,FP
7880,0,0,1,0.5355300903320312,0.8778512477874756,TN,FP
7881,0,0,1,0.563762903213501,0.8737086653709412,TN,FP
7882,0,0,1,0.5367416143417358,0.8495330214500427,TN,FP
7883,0,0,1,0.5474548935890198,0.8630409836769104,TN,FP
7884,0,0,1,0.576447069644928,0.8703693151473999,TN,FP
7885,0,0,1,0.539834201335907,0.8721329569816589,TN,FP
7886,0,0,1,0.5597747564315796,0.8454702496528625,TN,FP
7887,0,0,1,0.5501390099525452,0.834622323513031,TN,FP
7888,0,0,1,0.5551514625549316,0.84285569190979,TN,FP
7889,0,0,1,0.5520721673965454,0.8081561923027039,TN,FP
7890,0,0,1,0.53076171875,0.8091790080070496,TN,FP
7891,0,0,1,0.5442668795585632,0.8320536017417908,TN,FP
7892,0,0,1,0.5275452136993408,0.795091986656189,TN,FP
7893,0,0,1,0.5769193172454834,0.8310770988464355,TN,FP
7894,0,0,1,0.5477844476699829,0.7873796224594116,TN,FP
7895,0,0,1,0.5319927334785461,0.7833675146102905,TN,FP
7896,0,0,1,0.5459665060043335,0.7940601110458374,TN,FP
7897,0,0,1,0.5356619358062744,0.7476518750190735,TN,FP
7898,0,0,1,0.5618259310722351,0.7623452544212341,TN,FP
7899,0,0,1,0.5398319959640503,0.7490604519844055,TN,FP
7900,0,0,1,0.5280622243881226,0.7399585843086243,TN,FP
7901,0,0,1,0.5292453169822693,0.6881605386734009,TN,FP
7902,0,0,1,0.5617581605911255,0.6709927916526794,TN,FP
7903,0,0,1,0.5395857095718384,0.6683287024497986,TN,FP
7904,0,0,1,0.5531352162361145,0.6648409366607666,TN,FP
7905,0,0,1,0.5443122982978821,0.6559717059135437,TN,FP
7906,0,0,1,0.5239918231964111,0.6604359149932861,TN,FP
7907,0,0,1,0.5290286540985107,0.6674243211746216,TN,FP
7908,0,0,1,0.531291127204895,0.6378014087677002,TN,FP
7909,0,0,1,0.5554803013801575,0.6576967835426331,TN,FP
7910,0,0,1,0.5384393930435181,0.6488854289054871,TN,FP
7911,0,0,1,0.5355211496353149,0.6474208235740662,TN,FP
7912,0,0,1,0.530295193195343,0.6322411298751831,TN,FP
7913,0,0,1,0.5252383947372437,0.6410847306251526,TN,FP
7914,0,0,1,0.5461165904998779,0.6481897830963135,TN,FP
7915,0,0,1,0.5328444242477417,0.6317420601844788,TN,FP
7916,0,0,1,0.5485363006591797,0.6268634796142578,TN,FP
7917,0,0,1,0.5138958096504211,0.645424485206604,TN,FP
7918,0,0,1,0.554239809513092,0.6377061605453491,TN,FP
7919,0,0,1,0.5463685989379883,0.6138007044792175,TN,FP
7920,0,0,1,0.5206794738769531,0.6119895577430725,TN,FP
7921,0,0,1,0.5372416973114014,0.6224949359893799,TN,FP
7922,0,0,1,0.5152843594551086,0.6104371547698975,TN,FP
7923,0,0,1,0.5122780203819275,0.6018632650375366,TN,FP
7924,0,0,1,0.5271871089935303,0.673868715763092,TN,FP
7925,0,0,1,0.5423762798309326,0.6183830499649048,TN,FP
7926,0,0,1,0.5491777062416077,0.6235339641571045,TN,FP
7927,0,0,1,0.5372694134712219,0.6333597302436829,TN,FP
7928,0,0,1,0.5581769347190857,0.6020844578742981,TN,FP
7929,0,0,1,0.5319916605949402,0.6042243242263794,TN,FP
7930,0,0,1,0.530162513256073,0.6178104877471924,TN,FP
7931,0,0,1,0.5855307579040527,0.6136435866355896,TN,FP
7932,0,0,1,0.5362670421600342,0.5963366627693176,TN,FP
7933,0,0,1,0.5384331941604614,0.6015388369560242,TN,FP
7934,0,0,1,0.5252633094787598,0.5949870944023132,TN,FP
7935,0,0,1,0.5569949746131897,0.59271240234375,TN,FP
7936,0,0,1,0.5379630327224731,0.5842585563659668,TN,FP
7937,0,0,1,0.5603970289230347,0.5977025032043457,TN,FP
7938,0,0,1,0.5394760370254517,0.5874698758125305,TN,FP
7939,0,0,1,0.5312479138374329,0.5852463245391846,TN,FP
7940,0,0,1,0.556942343711853,0.5766487121582031,TN,FP
7941,0,0,1,0.5400139093399048,0.5824326872825623,TN,FP
7942,0,0,1,0.529109001159668,0.5778811573982239,TN,FP
7943,0,0,1,0.5556958913803101,0.5742307901382446,TN,FP
7944,0,0,1,0.549126148223877,0.5918471813201904,TN,FP
7945,0,0,1,0.5427754521369934,0.6534308791160583,TN,FP
7946,0,0,1,0.5521946549415588,0.5701389908790588,TN,FP
7947,0,0,1,0.5399519205093384,0.5718259215354919,TN,FP
7948,0,0,1,0.5395642518997192,0.5780303478240967,TN,FP
7949,0,0,1,0.5557624697685242,0.5666056275367737,TN,FP
7950,0,0,1,0.571005642414093,0.5682106614112854,TN,FP
7951,0,0,1,0.5624838471412659,0.5637140870094299,TN,FP
7952,0,0,1,0.5385341644287109,0.5707958340644836,TN,FP
7953,0,0,1,0.5497968196868896,0.5704694390296936,TN,FP
7954,0,0,1,0.5474233031272888,0.5659310221672058,TN,FP
7955,0,0,1,0.5516086220741272,0.5514867901802063,TN,FP
7956,0,0,1,0.5294391512870789,0.5770965814590454,TN,FP
7957,0,0,1,0.5217450857162476,0.5369253754615784,TN,FP
7958,0,0,1,0.5462056994438171,0.5250805020332336,TN,FP
7959,0,0,1,0.5214359760284424,0.54420006275177,TN,FP
7960,0,0,1,0.5207837224006653,0.5392163991928101,TN,FP
7961,0,0,1,0.5076960325241089,0.5189758539199829,TN,FP
7962,0,0,1,0.5650162696838379,0.5261375904083252,TN,FP
7963,0,0,1,0.5203367471694946,0.5329890847206116,TN,FP
7964,0,0,1,0.4968511164188385,0.5022200345993042,TN,FP
7965,0,0,1,0.5185850262641907,0.5033136606216431,TN,FP
7967,0,0,1,0.5232430100440979,0.525463342666626,TN,FP
7968,0,0,1,0.5492663979530334,0.5051599144935608,TN,FP
7969,0,0,1,0.5848438739776611,0.5107678174972534,TN,FP
7970,0,0,1,0.5397746562957764,0.49830421805381775,TN,FP
7971,0,0,1,0.5380246639251709,0.5011823177337646,TN,FP
7975,0,0,1,0.5736925601959229,0.5031415820121765,TN,FP
7976,0,0,1,0.5301326513290405,0.5031846165657043,TN,FP
7980,0,0,1,0.5246138572692871,0.5159753561019897,TN,FP
7981,0,0,1,0.535784125328064,0.520446240901947,TN,FP
7982,0,0,1,0.5135085582733154,0.5149803161621094,TN,FP
7983,0,0,1,0.5530581474304199,0.5089185237884521,TN,FP
7984,0,0,1,0.5520985126495361,0.5069421529769897,TN,FP
7985,0,0,1,0.5183010101318359,0.5546613335609436,TN,FP
7986,0,0,1,0.5198208093643188,0.5310197472572327,TN,FP
7987,0,0,1,0.521030843257904,0.5411094427108765,TN,FP
7989,0,0,1,0.5244126319885254,0.5034795999526978,TN,FP
7990,0,0,1,0.516675591468811,0.5074329376220703,TN,FP
7991,0,0,1,0.540157675743103,0.526594877243042,TN,FP
7992,0,0,1,0.5082784295082092,0.5277507901191711,TN,FP
7993,0,0,1,0.5136080384254456,0.5184202194213867,TN,FP
7994,0,0,1,0.554947555065155,0.5112798810005188,TN,FP
7995,0,0,1,0.5303564667701721,0.5261780023574829,TN,FP
7996,0,0,1,0.5147932171821594,0.50849449634552,TN,FP
7997,0,0,1,0.5440906882286072,0.5114989280700684,TN,FP
7998,0,0,1,0.5277897715568542,0.4997592270374298,TN,FP
7999,0,0,1,0.5123866200447083,0.5179507732391357,TN,FP
8000,0,0,1,0.5314074158668518,0.5319035649299622,TN,FP
8001,0,0,1,0.5411329865455627,0.5295292139053345,TN,FP
8002,0,0,1,0.5314031839370728,0.49887192249298096,TN,FP
8003,0,0,1,0.5192767381668091,0.5077841877937317,TN,FP
8004,0,0,1,0.5221483707427979,0.5289595127105713,TN,FP
8005,0,0,1,0.5535674095153809,0.5421059727668762,TN,FP
8006,0,0,1,0.5535701513290405,0.5494747161865234,TN,FP
8007,0,0,1,0.5441830158233643,0.5411601662635803,TN,FP
8008,0,0,1,0.5444212555885315,0.5453272461891174,TN,FP
8009,0,0,1,0.5677911639213562,0.5675534605979919,TN,FP
8010,0,0,1,0.5412294268608093,0.5707072615623474,TN,FP
8011,0,0,1,0.5641910433769226,0.5703080296516418,TN,FP
8012,0,0,1,0.5669521689414978,0.556012749671936,TN,FP
8013,0,0,1,0.5538011193275452,0.5598734021186829,TN,FP
8014,0,0,1,0.5556671023368835,0.554726243019104,TN,FP
8015,0,0,1,0.5470328330993652,0.5578454732894897,TN,FP
8016,0,0,1,0.5579013824462891,0.5616129040718079,TN,FP
8017,0,0,1,0.5557800531387329,0.5654222369194031,TN,FP
8018,0,0,1,0.5560692548751831,0.5518316626548767,TN,FP
8019,0,0,1,0.5440899729728699,0.5304276943206787,TN,FP
8020,0,0,1,0.5434015989303589,0.5369036197662354,TN,FP
8021,0,0,1,0.5338125824928284,0.5371410250663757,TN,FP
8022,0,0,1,0.5565574765205383,0.5383963584899902,TN,FP
8023,0,0,1,0.535254716873169,0.5457620024681091,TN,FP
8024,0,0,1,0.5368316173553467,0.5503510236740112,TN,FP
8025,0,0,1,0.5449787974357605,0.5535813570022583,TN,FP
8026,0,0,1,0.5529698133468628,0.5548912286758423,TN,FP
8027,0,0,1,0.5568543076515198,0.5576299428939819,TN,FP
8028,0,0,1,0.5380253791809082,0.5588569641113281,TN,FP
8029,0,0,1,0.5280777812004089,0.5560705661773682,TN,FP
8030,0,0,1,0.5328779220581055,0.5504286289215088,TN,FP
8031,0,0,1,0.5317326188087463,0.556599497795105,TN,FP
8032,0,0,1,0.5506961941719055,0.5619359016418457,TN,FP
8033,0,0,1,0.5495944023132324,0.5627392530441284,TN,FP
8034,0,0,1,0.5359580516815186,0.5425438284873962,TN,FP
8035,0,0,1,0.5422728061676025,0.5482621192932129,TN,FP
8036,0,0,1,0.5494831204414368,0.555385947227478,TN,FP
8037,0,0,1,0.5624326467514038,0.5525255799293518,TN,FP
8038,0,0,1,0.5386233329772949,0.5529075860977173,TN,FP
8039,0,0,1,0.5251483917236328,0.5518275499343872,TN,FP
8040,0,0,1,0.5296810269355774,0.5596487522125244,TN,FP
8041,0,0,1,0.5181934237480164,0.5463391542434692,TN,FP
8042,0,0,1,0.5309526324272156,0.5461573004722595,TN,FP
8043,0,0,1,0.5258810520172119,0.5542912483215332,TN,FP
8044,0,0,1,0.5153076648712158,0.5344734191894531,TN,FP
8045,0,0,1,0.5194808840751648,0.5367172360420227,TN,FP
8046,0,0,1,0.5266566276550293,0.5504503846168518,TN,FP
8047,0,0,1,0.5214165449142456,0.5450769662857056,TN,FP
8048,0,0,1,0.5437057018280029,0.5647380352020264,TN,FP
8049,0,0,1,0.5299034714698792,0.550343930721283,TN,FP
8050,0,0,1,0.5343650579452515,0.5486821532249451,TN,FP
8051,0,0,1,0.5264552235603333,0.5692195296287537,TN,FP
8052,0,0,1,0.526212751865387,0.5527263879776001,TN,FP
8053,0,0,1,0.5197444558143616,0.571728527545929,TN,FP
8054,0,0,1,0.5224430561065674,0.5600129961967468,TN,FP
8055,0,0,1,0.5106170177459717,0.5210220813751221,TN,FP
8056,0,0,1,0.4940810799598694,0.533821165561676,TN,FP
8057,0,0,1,0.4917314648628235,0.5300238132476807,TN,FP
8063,0,0,1,0.611634373664856,1.2082622051239014,TN,FP
8069,0,0,1,0.5942406058311462,1.2105811834335327,TN,FP
8071,0,0,1,0.6091863512992859,1.277327060699463,TN,FP
8077,0,0,1,0.5938560366630554,1.2117420434951782,TN,FP
8078,0,0,1,0.6080418825149536,1.230418086051941,TN,FP
8080,0,0,1,0.5977466106414795,1.2140460014343262,TN,FP
8081,0,0,1,0.6112284660339355,1.170626163482666,TN,FP
8086,0,0,1,0.6120766997337341,1.1790117025375366,TN,FP
8088,0,0,1,0.5976489186286926,1.187975287437439,TN,FP
8090,0,0,1,0.6078363656997681,1.1316442489624023,TN,FP
8091,0,0,1,0.5840585827827454,1.1226775646209717,TN,FP
8093,0,0,1,0.5845450758934021,1.1000797748565674,TN,FP
8094,0,0,1,0.5697996616363525,1.1286808252334595,TN,FP
8095,0,0,1,0.5679231286048889,1.0777842998504639,TN,FP
8096,0,0,1,0.5849870443344116,1.0962693691253662,TN,FP
8097,0,0,1,0.5599783658981323,1.1184076070785522,TN,FP
8098,0,0,1,0.5611618161201477,1.0615565776824951,TN,FP
8099,0,0,1,0.5775163173675537,1.0646204948425293,TN,FP
8100,0,0,1,0.5542080402374268,1.05362868309021,TN,FP
8101,0,0,1,0.5702755451202393,0.9989294409751892,TN,FP
8102,0,0,1,0.5435726046562195,0.9967793822288513,TN,FP
8103,0,0,1,0.526484489440918,0.9774395823478699,TN,FP
8104,0,0,1,0.5266317129135132,1.0251600742340088,TN,FP
8105,0,0,1,0.5568808317184448,1.0223963260650635,TN,FP
8106,0,0,1,0.5522304773330688,0.7630522847175598,TN,FP
8107,0,0,1,0.5125038027763367,0.752723217010498,TN,FP
8108,0,0,1,0.5239282846450806,0.7843023538589478,TN,FP
8109,0,0,1,0.5303153395652771,0.7516561150550842,TN,FP
8110,0,0,1,0.5624148845672607,0.7709342837333679,TN,FP
8111,0,0,1,0.5618549585342407,0.7708366513252258,TN,FP
8112,0,0,1,0.554705023765564,0.7858967781066895,TN,FP
8113,0,0,1,0.5629392862319946,0.7752729654312134,TN,FP
8114,0,0,1,0.5749348998069763,0.8054191470146179,TN,FP
8115,0,0,1,0.5337347984313965,0.761851966381073,TN,FP
8116,0,0,1,0.5639609694480896,0.7725355625152588,TN,FP
8117,0,0,1,0.554094672203064,0.763134777545929,TN,FP
8118,0,0,1,0.5647280812263489,0.7678219079971313,TN,FP
8119,0,0,1,0.528186023235321,0.7601040601730347,TN,FP
8120,0,0,1,0.5204359889030457,0.7638922333717346,TN,FP
8121,0,0,1,0.5565011501312256,0.7496665716171265,TN,FP
8122,0,0,1,0.5468971133232117,0.7983068823814392,TN,FP
8123,0,0,1,0.5364116430282593,0.7623459696769714,TN,FP
8124,0,0,1,0.513506293296814,0.7734758853912354,TN,FP
8125,0,0,1,0.5326829552650452,0.7858363389968872,TN,FP
8126,0,0,1,0.5579943656921387,0.7835257053375244,TN,FP
8127,0,0,1,0.5405306220054626,0.7712385654449463,TN,FP
8128,0,0,1,0.5574613213539124,0.7985497117042542,TN,FP
8129,0,0,1,0.5494857430458069,0.7499557733535767,TN,FP
8130,0,0,1,0.5282793641090393,0.7550203204154968,TN,FP
8131,0,0,1,0.5375215411186218,0.7367348670959473,TN,FP
8132,0,0,1,0.5173035264015198,0.7425427436828613,TN,FP
8133,0,0,1,0.5648178458213806,0.7690397500991821,TN,FP
8134,0,0,1,0.5275247693061829,0.747734785079956,TN,FP
8135,0,0,1,0.5426461696624756,0.7326614260673523,TN,FP
8136,0,0,1,0.5480856895446777,0.7699493169784546,TN,FP
8137,0,0,1,0.5421483516693115,0.7336620092391968,TN,FP
8138,0,0,1,0.5544301867485046,0.7532173991203308,TN,FP
8139,0,0,1,0.5364463329315186,0.721665620803833,TN,FP
8140,0,0,1,0.5369489789009094,0.7095333337783813,TN,FP
8141,0,0,1,0.5538196563720703,0.7145081162452698,TN,FP
8142,0,0,1,0.5311029553413391,0.7113636136054993,TN,FP
8143,0,0,1,0.5377480983734131,0.7118104696273804,TN,FP
8144,0,0,1,0.5563915371894836,0.7190837860107422,TN,FP
8145,0,0,1,0.5516660213470459,0.7027421593666077,TN,FP
8146,0,0,1,0.540507972240448,0.6960034966468811,TN,FP
8147,0,0,1,0.5482012033462524,0.703000545501709,TN,FP
8148,0,0,1,0.5659410357475281,0.7038016319274902,TN,FP
8149,0,0,1,0.5560703873634338,0.7181965112686157,TN,FP
8150,0,0,1,0.5463866591453552,0.6872872710227966,TN,FP
8151,0,0,1,0.5471744537353516,0.6759214997291565,TN,FP
8152,0,0,1,0.5582801103591919,0.6624199151992798,TN,FP
8153,0,0,1,0.5505874156951904,0.6604933738708496,TN,FP
8154,0,0,1,0.567475438117981,0.6736840605735779,TN,FP
8155,0,0,1,0.5800946950912476,0.6738386750221252,TN,FP
8156,0,0,1,0.560025155544281,0.6634188294410706,TN,FP
8157,0,0,1,0.584174633026123,0.6740936040878296,TN,FP
8158,0,0,1,0.5456844568252563,0.660369336605072,TN,FP
8159,0,0,1,0.5604480504989624,0.6595478057861328,TN,FP
8160,0,0,1,0.5547911524772644,0.6590107083320618,TN,FP
8161,0,0,1,0.5885632038116455,0.6498250365257263,TN,FP
8162,0,0,1,0.5655429363250732,0.6602293252944946,TN,FP
8163,0,0,1,0.560853123664856,0.632978618144989,TN,FP
8164,0,0,1,0.5372799634933472,0.659247875213623,TN,FP
8165,0,0,1,0.5633292198181152,0.6203275918960571,TN,FP
8166,0,0,1,0.5898216962814331,0.6181322336196899,TN,FP
8167,0,0,1,0.540123462677002,0.616837739944458,TN,FP
8168,0,0,1,0.5384950041770935,0.6133992671966553,TN,FP
8169,0,0,1,0.5535683631896973,0.8683924674987793,TN,FP
8170,0,0,1,0.570457935333252,0.6034673452377319,TN,FP
8171,0,0,1,0.5368901491165161,0.5834148526191711,TN,FP
8172,0,0,1,0.5263849496841431,0.5753846168518066,TN,FP
8173,0,0,1,0.5886228084564209,0.5851242542266846,TN,FP
8174,0,0,1,0.5705610513687134,0.5882594585418701,TN,FP
8175,0,0,1,0.5411211252212524,0.5735059976577759,TN,FP
8176,0,0,1,0.5155314803123474,0.5698414444923401,TN,FP
8177,0,0,1,0.5865563750267029,0.5752969980239868,TN,FP
8178,0,0,1,0.5449384450912476,0.5794065594673157,TN,FP
8179,0,0,1,0.5256175994873047,0.5763655304908752,TN,FP
8180,0,0,1,0.5215436220169067,0.573311448097229,TN,FP
8181,0,0,1,0.5792009234428406,0.5639588236808777,TN,FP
8182,0,0,1,0.5799515247344971,0.5693578124046326,TN,FP
8183,0,0,1,0.5818725824356079,0.5697410106658936,TN,FP
8184,0,0,1,0.5831299424171448,0.568935215473175,TN,FP
8185,0,0,1,0.5955707430839539,0.5579926371574402,TN,FP
8186,0,0,1,0.5454648733139038,0.5604557991027832,TN,FP
8187,0,0,1,0.5977728366851807,0.5503835678100586,TN,FP
8188,0,0,1,0.5758887529373169,0.5536034107208252,TN,FP
8189,0,0,1,0.5693263411521912,0.550620973110199,TN,FP
8190,0,0,1,0.6018030047416687,0.555906355381012,TN,FP
8191,0,0,1,0.5923965573310852,0.5595968961715698,TN,FP
8192,0,0,1,0.6047142148017883,0.55618816614151,TN,FP
8193,0,0,1,0.5921301245689392,0.5682193636894226,TN,FP
8194,0,0,1,0.5898589491844177,0.5642461180686951,TN,FP
8195,0,0,1,0.5976282358169556,0.5605132579803467,TN,FP
8196,0,0,1,0.5809224843978882,0.558763861656189,TN,FP
8198,0,0,1,0.5804693102836609,0.5809042453765869,TN,FP
8199,0,0,1,0.5940071940422058,0.5718433260917664,TN,FP
8200,0,0,1,0.5775703191757202,0.545330286026001,TN,FP
8201,0,0,1,0.568681538105011,0.554678201675415,TN,FP
8202,0,0,1,0.5536234974861145,0.5471060872077942,TN,FP
8203,0,0,1,0.5495913028717041,0.5589578151702881,TN,FP
8204,0,0,1,0.5481275916099548,0.5334312319755554,TN,FP
8205,0,0,1,0.554799497127533,0.5399583578109741,TN,FP
8206,0,0,1,0.5494289994239807,0.5210513472557068,TN,FP
8207,0,0,1,0.5600109696388245,0.5239080786705017,TN,FP
8208,0,0,1,0.5776453614234924,0.5344324111938477,TN,FP
8209,0,0,1,0.5394800901412964,0.5453875660896301,TN,FP
8210,0,0,1,0.5398065447807312,0.5379798412322998,TN,FP
8211,0,0,1,0.560062050819397,0.5366489887237549,TN,FP
8212,0,0,1,0.570311963558197,0.5368819832801819,TN,FP
8213,0,0,1,0.5409197211265564,0.5312990546226501,TN,FP
8214,0,0,1,0.5406583547592163,0.5342252850532532,TN,FP
8215,0,0,1,0.6063945293426514,0.5353206992149353,TN,FP
8216,0,0,1,0.5479635000228882,0.5415909290313721,TN,FP
8217,0,0,1,0.5394577383995056,0.5436854958534241,TN,FP
8218,0,0,1,0.5560303330421448,0.5446842312812805,TN,FP
8219,0,0,1,0.5496596097946167,0.5466012358665466,TN,FP
8220,0,0,1,0.5597785711288452,0.6036498546600342,TN,FP
8221,0,0,1,0.5615317821502686,0.5666832327842712,TN,FP
8222,0,0,1,0.5559136271476746,0.5773178339004517,TN,FP
8223,0,0,1,0.5870642066001892,0.5878586769104004,TN,FP
8224,0,0,1,0.5660250186920166,0.5918800234794617,TN,FP
8225,0,0,1,0.560859203338623,0.598314106464386,TN,FP
8226,0,0,1,0.5647791624069214,0.6094133853912354,TN,FP
8227,0,0,1,0.5589577555656433,0.6158263087272644,TN,FP
8228,0,0,1,0.5752448439598083,0.6354795098304749,TN,FP
8229,0,0,1,0.56919926404953,0.6483572125434875,TN,FP
8231,0,0,1,0.5759524703025818,0.8484902381896973,TN,FP
8232,0,0,1,0.6108040809631348,0.7412591576576233,TN,FP
8233,0,0,1,0.6069459319114685,0.943074643611908,TN,FP
